ticker,date,price,quarter,bv_quarter,book_value,pbv
ADAM,2022-10-03,8.88,Q4'22,Q3'22,16.68,0.532374
ADAM,2022-10-04,10.04,Q4'22,Q3'22,16.68,0.601918
ADAM,2022-10-05,9.6,Q4'22,Q3'22,16.68,0.57554
ADAM,2022-10-06,9.32,Q4'22,Q3'22,16.68,0.558753
ADAM,2022-10-07,9.12,Q4'22,Q3'22,16.68,0.546763
ADAM,2022-10-10,8.92,Q4'22,Q3'22,16.68,0.534772
ADAM,2022-10-11,9.76,Q4'22,Q3'22,16.68,0.585132
ADAM,2022-10-12,9.68,Q4'22,Q3'22,16.68,0.580336
ADAM,2022-10-13,10.0,Q4'22,Q3'22,16.68,0.59952
ADAM,2022-10-14,9.64,Q4'22,Q3'22,16.68,0.577938
ADAM,2022-10-17,9.84,Q4'22,Q3'22,16.68,0.589928
ADAM,2022-10-18,10.0,Q4'22,Q3'22,16.68,0.59952
ADAM,2022-10-19,9.84,Q4'22,Q3'22,16.68,0.589928
ADAM,2022-10-20,9.68,Q4'22,Q3'22,16.68,0.580336
ADAM,2022-10-21,9.72,Q4'22,Q3'22,16.68,0.582734
ADAM,2022-10-24,9.8,Q4'22,Q3'22,16.68,0.58753
ADAM,2022-10-25,10.48,Q4'22,Q3'22,16.68,0.628297
ADAM,2022-10-26,10.48,Q4'22,Q3'22,16.68,0.628297
ADAM,2022-10-27,10.64,Q4'22,Q3'22,16.68,0.63789
ADAM,2022-10-28,10.92,Q4'22,Q3'22,16.68,0.654676
ADAM,2022-10-31,10.76,Q4'22,Q3'22,16.68,0.645084
ADAM,2022-11-01,10.6,Q4'22,Q3'22,16.68,0.635492
ADAM,2022-11-02,10.4,Q4'22,Q3'22,16.68,0.623501
ADAM,2022-11-03,10.24,Q4'22,Q3'22,16.68,0.613909
ADAM,2022-11-04,10.6,Q4'22,Q3'22,16.68,0.635492
ADAM,2022-11-07,10.64,Q4'22,Q3'22,16.68,0.63789
ADAM,2022-11-08,10.48,Q4'22,Q3'22,16.68,0.628297
ADAM,2022-11-09,10.36,Q4'22,Q3'22,16.68,0.621103
ADAM,2022-11-10,11.08,Q4'22,Q3'22,16.68,0.664269
ADAM,2022-11-11,11.12,Q4'22,Q3'22,16.68,0.666667
ADAM,2022-11-14,10.96,Q4'22,Q3'22,16.68,0.657074
ADAM,2022-11-15,11.2,Q4'22,Q3'22,16.68,0.671463
ADAM,2022-11-16,11.0,Q4'22,Q3'22,16.68,0.659472
ADAM,2022-11-17,10.84,Q4'22,Q3'22,16.68,0.64988
ADAM,2022-11-18,11.0,Q4'22,Q3'22,16.68,0.659472
ADAM,2022-11-21,10.96,Q4'22,Q3'22,16.68,0.657074
ADAM,2022-11-22,11.08,Q4'22,Q3'22,16.68,0.664269
ADAM,2022-11-23,11.04,Q4'22,Q3'22,16.68,0.661871
ADAM,2022-11-25,11.08,Q4'22,Q3'22,16.68,0.664269
ADAM,2022-11-28,10.88,Q4'22,Q3'22,16.68,0.652278
ADAM,2022-11-29,11.0,Q4'22,Q3'22,16.68,0.659472
ADAM,2022-11-30,11.24,Q4'22,Q3'22,16.68,0.673861
ADAM,2022-12-01,11.52,Q4'22,Q3'22,16.68,0.690648
ADAM,2022-12-02,11.6,Q4'22,Q3'22,16.68,0.695444
ADAM,2022-12-05,11.36,Q4'22,Q3'22,16.68,0.681055
ADAM,2022-12-06,11.28,Q4'22,Q3'22,16.68,0.676259
ADAM,2022-12-07,11.52,Q4'22,Q3'22,16.68,0.690648
ADAM,2022-12-08,11.56,Q4'22,Q3'22,16.68,0.693046
ADAM,2022-12-09,11.44,Q4'22,Q3'22,16.68,0.685851
ADAM,2022-12-12,11.48,Q4'22,Q3'22,16.68,0.688249
ADAM,2022-12-13,11.76,Q4'22,Q3'22,16.68,0.705036
ADAM,2022-12-14,11.76,Q4'22,Q3'22,16.68,0.705036
ADAM,2022-12-15,11.6,Q4'22,Q3'22,16.68,0.695444
ADAM,2022-12-16,11.32,Q4'22,Q3'22,16.68,0.678657
ADAM,2022-12-19,11.36,Q4'22,Q3'22,16.68,0.681055
ADAM,2022-12-20,11.24,Q4'22,Q3'22,16.68,0.673861
ADAM,2022-12-21,11.44,Q4'22,Q3'22,16.68,0.685851
ADAM,2022-12-22,11.28,Q4'22,Q3'22,16.68,0.676259
ADAM,2022-12-23,10.88,Q4'22,Q3'22,16.68,0.652278
ADAM,2022-12-27,10.84,Q4'22,Q3'22,16.68,0.64988
ADAM,2022-12-28,10.28,Q4'22,Q3'22,16.68,0.616307
ADAM,2022-12-29,10.4,Q4'22,Q3'22,16.68,0.623501
ADAM,2022-12-30,10.24,Q4'22,Q3'22,16.68,0.613909
ADAM,2023-01-03,10.52,Q1'23,Q4'22,15.88,0.662469
ADAM,2023-01-04,10.72,Q1'23,Q4'22,15.88,0.675063
ADAM,2023-01-05,10.64,Q1'23,Q4'22,15.88,0.670025
ADAM,2023-01-06,10.72,Q1'23,Q4'22,15.88,0.675063
ADAM,2023-01-09,10.76,Q1'23,Q4'22,15.88,0.677582
ADAM,2023-01-10,10.88,Q1'23,Q4'22,15.88,0.685139
ADAM,2023-01-11,11.4,Q1'23,Q4'22,15.88,0.717884
ADAM,2023-01-12,11.52,Q1'23,Q4'22,15.88,0.725441
ADAM,2023-01-13,11.72,Q1'23,Q4'22,15.88,0.738035
ADAM,2023-01-17,11.76,Q1'23,Q4'22,15.88,0.740554
ADAM,2023-01-18,11.72,Q1'23,Q4'22,15.88,0.738035
ADAM,2023-01-19,11.68,Q1'23,Q4'22,15.88,0.735516
ADAM,2023-01-20,11.88,Q1'23,Q4'22,15.88,0.748111
ADAM,2023-01-23,11.96,Q1'23,Q4'22,15.88,0.753149
ADAM,2023-01-24,12.0,Q1'23,Q4'22,15.88,0.755668
ADAM,2023-01-25,12.08,Q1'23,Q4'22,15.88,0.760705
ADAM,2023-01-26,12.2,Q1'23,Q4'22,15.88,0.768262
ADAM,2023-01-27,12.36,Q1'23,Q4'22,15.88,0.778338
ADAM,2023-01-30,12.16,Q1'23,Q4'22,15.88,0.765743
ADAM,2023-01-31,12.48,Q1'23,Q4'22,15.88,0.785894
ADAM,2023-02-01,12.68,Q1'23,Q4'22,15.88,0.798489
ADAM,2023-02-02,12.76,Q1'23,Q4'22,15.88,0.803526
ADAM,2023-02-03,12.64,Q1'23,Q4'22,15.88,0.79597
ADAM,2023-02-06,12.2,Q1'23,Q4'22,15.88,0.768262
ADAM,2023-02-07,12.24,Q1'23,Q4'22,15.88,0.770781
ADAM,2023-02-08,12.04,Q1'23,Q4'22,15.88,0.758186
ADAM,2023-02-09,11.76,Q1'23,Q4'22,15.88,0.740554
ADAM,2023-02-10,11.84,Q1'23,Q4'22,15.88,0.745592
ADAM,2023-02-13,12.04,Q1'23,Q4'22,15.88,0.758186
ADAM,2023-02-14,11.8,Q1'23,Q4'22,15.88,0.743073
ADAM,2023-02-15,11.96,Q1'23,Q4'22,15.88,0.753149
ADAM,2023-02-16,11.88,Q1'23,Q4'22,15.88,0.748111
ADAM,2023-02-17,12.0,Q1'23,Q4'22,15.88,0.755668
ADAM,2023-02-21,11.48,Q1'23,Q4'22,15.88,0.722922
ADAM,2023-02-22,11.4,Q1'23,Q4'22,15.88,0.717884
ADAM,2023-02-23,10.92,Q1'23,Q4'22,15.88,0.687657
ADAM,2023-02-24,10.52,Q1'23,Q4'22,15.88,0.662469
ADAM,2023-02-27,10.64,Q1'23,Q4'22,15.88,0.670025
ADAM,2023-02-28,10.68,Q1'23,Q4'22,15.88,0.672544
ADAM,2023-03-01,10.32,Q1'23,Q4'22,15.88,0.649874
ADAM,2023-03-02,10.08,Q1'23,Q4'22,15.88,0.634761
ADAM,2023-03-03,10.16,Q1'23,Q4'22,15.88,0.639798
ADAM,2023-03-06,10.0,Q1'23,Q4'22,15.88,0.629723
ADAM,2023-03-07,9.8,Q1'23,Q4'22,15.88,0.617128
ADAM,2023-03-08,9.6,Q1'23,Q4'22,15.88,0.604534
ADAM,2023-03-09,9.17,Q1'23,Q4'22,15.88,0.577456
ADAM,2023-03-10,8.83,Q1'23,Q4'22,15.88,0.556045
ADAM,2023-03-13,8.95,Q1'23,Q4'22,15.88,0.563602
ADAM,2023-03-14,9.29,Q1'23,Q4'22,15.88,0.585013
ADAM,2023-03-15,9.15,Q1'23,Q4'22,15.88,0.576196
ADAM,2023-03-16,9.74,Q1'23,Q4'22,15.88,0.61335
ADAM,2023-03-17,8.94,Q1'23,Q4'22,15.88,0.562972
ADAM,2023-03-20,9.08,Q1'23,Q4'22,15.88,0.571788
ADAM,2023-03-21,9.11,Q1'23,Q4'22,15.88,0.573678
ADAM,2023-03-22,8.88,Q1'23,Q4'22,15.88,0.559194
ADAM,2023-03-23,8.69,Q1'23,Q4'22,15.88,0.547229
ADAM,2023-03-24,9.18,Q1'23,Q4'22,15.88,0.578086
ADAM,2023-03-27,9.38,Q1'23,Q4'22,15.88,0.59068
ADAM,2023-03-28,9.45,Q1'23,Q4'22,15.88,0.595088
ADAM,2023-03-29,9.65,Q1'23,Q4'22,15.88,0.607683
ADAM,2023-03-30,9.72,Q1'23,Q4'22,15.88,0.612091
ADAM,2023-03-31,9.96,Q1'23,Q4'22,15.88,0.627204
ADAM,2023-04-03,9.95,Q2'23,Q1'23,15.41,0.645685
ADAM,2023-04-04,10.04,Q2'23,Q1'23,15.41,0.651525
ADAM,2023-04-05,10.15,Q2'23,Q1'23,15.41,0.658663
ADAM,2023-04-06,10.17,Q2'23,Q1'23,15.41,0.659961
ADAM,2023-04-10,10.17,Q2'23,Q1'23,15.41,0.659961
ADAM,2023-04-11,10.22,Q2'23,Q1'23,15.41,0.663206
ADAM,2023-04-12,10.14,Q2'23,Q1'23,15.41,0.658014
ADAM,2023-04-13,10.13,Q2'23,Q1'23,15.41,0.657365
ADAM,2023-04-14,9.98,Q2'23,Q1'23,15.41,0.647631
ADAM,2023-04-17,10.17,Q2'23,Q1'23,15.41,0.659961
ADAM,2023-04-18,9.89,Q2'23,Q1'23,15.41,0.641791
ADAM,2023-04-19,10.14,Q2'23,Q1'23,15.41,0.658014
ADAM,2023-04-20,10.15,Q2'23,Q1'23,15.41,0.658663
ADAM,2023-04-21,10.21,Q2'23,Q1'23,15.41,0.662557
ADAM,2023-04-24,10.2,Q2'23,Q1'23,15.41,0.661908
ADAM,2023-04-25,10.04,Q2'23,Q1'23,15.41,0.651525
ADAM,2023-04-26,9.97,Q2'23,Q1'23,15.41,0.646982
ADAM,2023-04-27,10.16,Q2'23,Q1'23,15.41,0.659312
ADAM,2023-04-28,10.28,Q2'23,Q1'23,15.41,0.667099
ADAM,2023-05-01,10.01,Q2'23,Q1'23,15.41,0.649578
ADAM,2023-05-02,9.56,Q2'23,Q1'23,15.41,0.620376
ADAM,2023-05-03,9.6,Q2'23,Q1'23,15.41,0.622972
ADAM,2023-05-04,9.54,Q2'23,Q1'23,15.41,0.619079
ADAM,2023-05-05,9.76,Q2'23,Q1'23,15.41,0.633355
ADAM,2023-05-08,9.87,Q2'23,Q1'23,15.41,0.640493
ADAM,2023-05-09,9.7,Q2'23,Q1'23,15.41,0.629461
ADAM,2023-05-10,9.75,Q2'23,Q1'23,15.41,0.632706
ADAM,2023-05-11,9.74,Q2'23,Q1'23,15.41,0.632057
ADAM,2023-05-12,9.72,Q2'23,Q1'23,15.41,0.630759
ADAM,2023-05-15,9.73,Q2'23,Q1'23,15.41,0.631408
ADAM,2023-05-16,9.57,Q2'23,Q1'23,15.41,0.621025
ADAM,2023-05-17,9.78,Q2'23,Q1'23,15.41,0.634653
ADAM,2023-05-18,9.94,Q2'23,Q1'23,15.41,0.645036
ADAM,2023-05-19,9.81,Q2'23,Q1'23,15.41,0.6366
ADAM,2023-05-22,9.96,Q2'23,Q1'23,15.41,0.646334
ADAM,2023-05-23,9.94,Q2'23,Q1'23,15.41,0.645036
ADAM,2023-05-24,9.67,Q2'23,Q1'23,15.41,0.627515
ADAM,2023-05-25,9.3,Q2'23,Q1'23,15.41,0.603504
ADAM,2023-05-26,9.61,Q2'23,Q1'23,15.41,0.623621
ADAM,2023-05-30,9.76,Q2'23,Q1'23,15.41,0.633355
ADAM,2023-05-31,9.77,Q2'23,Q1'23,15.41,0.634004
ADAM,2023-06-01,9.95,Q2'23,Q1'23,15.41,0.645685
ADAM,2023-06-02,10.27,Q2'23,Q1'23,15.41,0.66645
ADAM,2023-06-05,10.11,Q2'23,Q1'23,15.41,0.656067
ADAM,2023-06-06,10.21,Q2'23,Q1'23,15.41,0.662557
ADAM,2023-06-07,9.94,Q2'23,Q1'23,15.41,0.645036
ADAM,2023-06-08,10.05,Q2'23,Q1'23,15.41,0.652174
ADAM,2023-06-09,9.96,Q2'23,Q1'23,15.41,0.646334
ADAM,2023-06-12,10.04,Q2'23,Q1'23,15.41,0.651525
ADAM,2023-06-13,10.1,Q2'23,Q1'23,15.41,0.655419
ADAM,2023-06-14,10.12,Q2'23,Q1'23,15.41,0.656716
ADAM,2023-06-15,9.98,Q2'23,Q1'23,15.41,0.647631
ADAM,2023-06-16,9.94,Q2'23,Q1'23,15.41,0.645036
ADAM,2023-06-20,9.83,Q2'23,Q1'23,15.41,0.637897
ADAM,2023-06-21,9.91,Q2'23,Q1'23,15.41,0.643089
ADAM,2023-06-22,9.85,Q2'23,Q1'23,15.41,0.639195
ADAM,2023-06-23,9.65,Q2'23,Q1'23,15.41,0.626217
ADAM,2023-06-26,9.77,Q2'23,Q1'23,15.41,0.634004
ADAM,2023-06-27,9.91,Q2'23,Q1'23,15.41,0.643089
ADAM,2023-06-28,9.95,Q2'23,Q1'23,15.41,0.645685
ADAM,2023-06-29,9.93,Q2'23,Q1'23,15.41,0.644387
ADAM,2023-06-30,9.92,Q2'23,Q1'23,15.41,0.643738
ADAM,2023-07-03,9.93,Q3'23,Q2'23,14.32,0.693436
ADAM,2023-07-05,9.76,Q3'23,Q2'23,14.32,0.681564
ADAM,2023-07-06,9.53,Q3'23,Q2'23,14.32,0.665503
ADAM,2023-07-07,9.68,Q3'23,Q2'23,14.32,0.675978
ADAM,2023-07-10,9.95,Q3'23,Q2'23,14.32,0.694832
ADAM,2023-07-11,10.0,Q3'23,Q2'23,14.32,0.698324
ADAM,2023-07-12,10.15,Q3'23,Q2'23,14.32,0.708799
ADAM,2023-07-13,10.18,Q3'23,Q2'23,14.32,0.710894
ADAM,2023-07-14,10.19,Q3'23,Q2'23,14.32,0.711592
ADAM,2023-07-17,10.21,Q3'23,Q2'23,14.32,0.712989
ADAM,2023-07-18,10.31,Q3'23,Q2'23,14.32,0.719972
ADAM,2023-07-19,10.43,Q3'23,Q2'23,14.32,0.728352
ADAM,2023-07-20,10.33,Q3'23,Q2'23,14.32,0.721369
ADAM,2023-07-21,10.34,Q3'23,Q2'23,14.32,0.722067
ADAM,2023-07-24,10.39,Q3'23,Q2'23,14.32,0.725559
ADAM,2023-07-25,10.44,Q3'23,Q2'23,14.32,0.72905
ADAM,2023-07-26,10.49,Q3'23,Q2'23,14.32,0.732542
ADAM,2023-07-27,10.3,Q3'23,Q2'23,14.32,0.719274
ADAM,2023-07-28,10.34,Q3'23,Q2'23,14.32,0.722067
ADAM,2023-07-31,10.15,Q3'23,Q2'23,14.32,0.708799
ADAM,2023-08-01,10.07,Q3'23,Q2'23,14.32,0.703212
ADAM,2023-08-02,10.04,Q3'23,Q2'23,14.32,0.701117
ADAM,2023-08-03,9.07,Q3'23,Q2'23,14.32,0.63338
ADAM,2023-08-04,9.17,Q3'23,Q2'23,14.32,0.640363
ADAM,2023-08-07,9.08,Q3'23,Q2'23,14.32,0.634078
ADAM,2023-08-08,9.05,Q3'23,Q2'23,14.32,0.631983
ADAM,2023-08-09,9.02,Q3'23,Q2'23,14.32,0.629888
ADAM,2023-08-10,9.05,Q3'23,Q2'23,14.32,0.631983
ADAM,2023-08-11,9.05,Q3'23,Q2'23,14.32,0.631983
ADAM,2023-08-14,8.95,Q3'23,Q2'23,14.32,0.625
ADAM,2023-08-15,8.95,Q3'23,Q2'23,14.32,0.625
ADAM,2023-08-16,8.89,Q3'23,Q2'23,14.32,0.62081
ADAM,2023-08-17,8.85,Q3'23,Q2'23,14.32,0.618017
ADAM,2023-08-18,8.85,Q3'23,Q2'23,14.32,0.618017
ADAM,2023-08-21,8.9,Q3'23,Q2'23,14.32,0.621508
ADAM,2023-08-22,8.9,Q3'23,Q2'23,14.32,0.621508
ADAM,2023-08-23,9.09,Q3'23,Q2'23,14.32,0.634777
ADAM,2023-08-24,9.08,Q3'23,Q2'23,14.32,0.634078
ADAM,2023-08-25,9.15,Q3'23,Q2'23,14.32,0.638966
ADAM,2023-08-28,9.46,Q3'23,Q2'23,14.32,0.660615
ADAM,2023-08-29,9.57,Q3'23,Q2'23,14.32,0.668296
ADAM,2023-08-30,9.56,Q3'23,Q2'23,14.32,0.667598
ADAM,2023-08-31,9.52,Q3'23,Q2'23,14.32,0.664805
ADAM,2023-09-01,9.57,Q3'23,Q2'23,14.32,0.668296
ADAM,2023-09-05,9.3,Q3'23,Q2'23,14.32,0.649441
ADAM,2023-09-06,9.22,Q3'23,Q2'23,14.32,0.643855
ADAM,2023-09-07,9.2,Q3'23,Q2'23,14.32,0.642458
ADAM,2023-09-08,9.21,Q3'23,Q2'23,14.32,0.643156
ADAM,2023-09-11,9.25,Q3'23,Q2'23,14.32,0.64595
ADAM,2023-09-12,9.32,Q3'23,Q2'23,14.32,0.650838
ADAM,2023-09-13,9.39,Q3'23,Q2'23,14.32,0.655726
ADAM,2023-09-14,9.55,Q3'23,Q2'23,14.32,0.666899
ADAM,2023-09-15,9.61,Q3'23,Q2'23,14.32,0.671089
ADAM,2023-09-18,9.59,Q3'23,Q2'23,14.32,0.669693
ADAM,2023-09-19,9.59,Q3'23,Q2'23,14.32,0.669693
ADAM,2023-09-20,9.05,Q3'23,Q2'23,14.32,0.631983
ADAM,2023-09-21,8.46,Q3'23,Q2'23,14.32,0.590782
ADAM,2023-09-22,8.72,Q3'23,Q2'23,14.32,0.608939
ADAM,2023-09-25,8.63,Q3'23,Q2'23,14.32,0.602654
ADAM,2023-09-26,8.4,Q3'23,Q2'23,14.32,0.586592
ADAM,2023-09-27,8.34,Q3'23,Q2'23,14.32,0.582402
ADAM,2023-09-28,8.44,Q3'23,Q2'23,14.32,0.589385
ADAM,2023-09-29,8.49,Q3'23,Q2'23,14.32,0.592877
ADAM,2023-10-02,8.33,Q4'23,Q3'23,12.93,0.644238
ADAM,2023-10-03,8.15,Q4'23,Q3'23,12.93,0.630317
ADAM,2023-10-04,8.14,Q4'23,Q3'23,12.93,0.629544
ADAM,2023-10-05,8.23,Q4'23,Q3'23,12.93,0.636504
ADAM,2023-10-06,8.32,Q4'23,Q3'23,12.93,0.643465
ADAM,2023-10-09,8.57,Q4'23,Q3'23,12.93,0.6628
ADAM,2023-10-10,8.61,Q4'23,Q3'23,12.93,0.665893
ADAM,2023-10-11,8.76,Q4'23,Q3'23,12.93,0.677494
ADAM,2023-10-12,8.6,Q4'23,Q3'23,12.93,0.66512
ADAM,2023-10-13,8.43,Q4'23,Q3'23,12.93,0.651972
ADAM,2023-10-16,8.6,Q4'23,Q3'23,12.93,0.66512
ADAM,2023-10-17,8.51,Q4'23,Q3'23,12.93,0.658159
ADAM,2023-10-18,8.24,Q4'23,Q3'23,12.93,0.637278
ADAM,2023-10-19,7.89,Q4'23,Q3'23,12.93,0.610209
ADAM,2023-10-20,7.81,Q4'23,Q3'23,12.93,0.604022
ADAM,2023-10-23,7.7,Q4'23,Q3'23,12.93,0.595514
ADAM,2023-10-24,7.7,Q4'23,Q3'23,12.93,0.595514
ADAM,2023-10-25,7.4,Q4'23,Q3'23,12.93,0.572312
ADAM,2023-10-26,7.58,Q4'23,Q3'23,12.93,0.586234
ADAM,2023-10-27,7.58,Q4'23,Q3'23,12.93,0.586234
ADAM,2023-10-30,7.7,Q4'23,Q3'23,12.93,0.595514
ADAM,2023-10-31,7.79,Q4'23,Q3'23,12.93,0.602475
ADAM,2023-11-01,7.93,Q4'23,Q3'23,12.93,0.613302
ADAM,2023-11-02,7.83,Q4'23,Q3'23,12.93,0.605568
ADAM,2023-11-03,8.0,Q4'23,Q3'23,12.93,0.618716
ADAM,2023-11-06,7.9,Q4'23,Q3'23,12.93,0.610982
ADAM,2023-11-07,7.99,Q4'23,Q3'23,12.93,0.617943
ADAM,2023-11-08,7.98,Q4'23,Q3'23,12.93,0.617169
ADAM,2023-11-09,7.83,Q4'23,Q3'23,12.93,0.605568
ADAM,2023-11-10,7.93,Q4'23,Q3'23,12.93,0.613302
ADAM,2023-11-13,7.8,Q4'23,Q3'23,12.93,0.603248
ADAM,2023-11-14,8.32,Q4'23,Q3'23,12.93,0.643465
ADAM,2023-11-15,8.45,Q4'23,Q3'23,12.93,0.653519
ADAM,2023-11-16,8.38,Q4'23,Q3'23,12.93,0.648105
ADAM,2023-11-17,8.57,Q4'23,Q3'23,12.93,0.6628
ADAM,2023-11-20,8.63,Q4'23,Q3'23,12.93,0.66744
ADAM,2023-11-21,8.59,Q4'23,Q3'23,12.93,0.664346
ADAM,2023-11-22,8.63,Q4'23,Q3'23,12.93,0.66744
ADAM,2023-11-24,8.6,Q4'23,Q3'23,12.93,0.66512
ADAM,2023-11-27,8.64,Q4'23,Q3'23,12.93,0.668213
ADAM,2023-11-28,8.65,Q4'23,Q3'23,12.93,0.668987
ADAM,2023-11-29,8.86,Q4'23,Q3'23,12.93,0.685228
ADAM,2023-11-30,8.79,Q4'23,Q3'23,12.93,0.679814
ADAM,2023-12-01,9.16,Q4'23,Q3'23,12.93,0.70843
ADAM,2023-12-04,9.2,Q4'23,Q3'23,12.93,0.711524
ADAM,2023-12-05,9.11,Q4'23,Q3'23,12.93,0.704563
ADAM,2023-12-06,8.95,Q4'23,Q3'23,12.93,0.692189
ADAM,2023-12-07,8.94,Q4'23,Q3'23,12.93,0.691415
ADAM,2023-12-08,8.94,Q4'23,Q3'23,12.93,0.691415
ADAM,2023-12-11,8.8,Q4'23,Q3'23,12.93,0.680588
ADAM,2023-12-12,8.93,Q4'23,Q3'23,12.93,0.690642
ADAM,2023-12-13,9.37,Q4'23,Q3'23,12.93,0.724671
ADAM,2023-12-14,9.58,Q4'23,Q3'23,12.93,0.740913
ADAM,2023-12-15,8.53,Q4'23,Q3'23,12.93,0.659706
ADAM,2023-12-18,8.66,Q4'23,Q3'23,12.93,0.66976
ADAM,2023-12-19,8.93,Q4'23,Q3'23,12.93,0.690642
ADAM,2023-12-20,8.71,Q4'23,Q3'23,12.93,0.673627
ADAM,2023-12-21,8.86,Q4'23,Q3'23,12.93,0.685228
ADAM,2023-12-22,8.63,Q4'23,Q3'23,12.93,0.66744
ADAM,2023-12-26,8.7,Q4'23,Q3'23,12.93,0.672854
ADAM,2023-12-27,8.73,Q4'23,Q3'23,12.93,0.675174
ADAM,2023-12-28,8.69,Q4'23,Q3'23,12.93,0.67208
ADAM,2023-12-29,8.53,Q4'23,Q3'23,12.93,0.659706
ADAM,2024-01-02,8.34,Q1'24,Q4'23,12.66,0.658768
ADAM,2024-01-03,8.16,Q1'24,Q4'23,12.66,0.64455
ADAM,2024-01-04,8.19,Q1'24,Q4'23,12.66,0.646919
ADAM,2024-01-05,8.25,Q1'24,Q4'23,12.66,0.651659
ADAM,2024-01-08,8.47,Q1'24,Q4'23,12.66,0.669036
ADAM,2024-01-09,8.43,Q1'24,Q4'23,12.66,0.665877
ADAM,2024-01-10,8.46,Q1'24,Q4'23,12.66,0.668246
ADAM,2024-01-11,8.35,Q1'24,Q4'23,12.66,0.659558
ADAM,2024-01-12,8.45,Q1'24,Q4'23,12.66,0.667457
ADAM,2024-01-16,8.27,Q1'24,Q4'23,12.66,0.653239
ADAM,2024-01-17,8.07,Q1'24,Q4'23,12.66,0.637441
ADAM,2024-01-18,8.15,Q1'24,Q4'23,12.66,0.64376
ADAM,2024-01-19,8.31,Q1'24,Q4'23,12.66,0.656398
ADAM,2024-01-22,8.3,Q1'24,Q4'23,12.66,0.655608
ADAM,2024-01-23,8.34,Q1'24,Q4'23,12.66,0.658768
ADAM,2024-01-24,8.23,Q1'24,Q4'23,12.66,0.650079
ADAM,2024-01-25,8.4,Q1'24,Q4'23,12.66,0.663507
ADAM,2024-01-26,8.38,Q1'24,Q4'23,12.66,0.661927
ADAM,2024-01-29,8.47,Q1'24,Q4'23,12.66,0.669036
ADAM,2024-01-30,8.18,Q1'24,Q4'23,12.66,0.64613
ADAM,2024-01-31,7.84,Q1'24,Q4'23,12.66,0.619273
ADAM,2024-02-01,7.97,Q1'24,Q4'23,12.66,0.629542
ADAM,2024-02-02,7.71,Q1'24,Q4'23,12.66,0.609005
ADAM,2024-02-05,7.54,Q1'24,Q4'23,12.66,0.595577
ADAM,2024-02-06,7.56,Q1'24,Q4'23,12.66,0.597156
ADAM,2024-02-07,7.35,Q1'24,Q4'23,12.66,0.580569
ADAM,2024-02-08,7.38,Q1'24,Q4'23,12.66,0.582938
ADAM,2024-02-09,7.54,Q1'24,Q4'23,12.66,0.595577
ADAM,2024-02-12,7.66,Q1'24,Q4'23,12.66,0.605055
ADAM,2024-02-13,7.18,Q1'24,Q4'23,12.66,0.567141
ADAM,2024-02-14,7.14,Q1'24,Q4'23,12.66,0.563981
ADAM,2024-02-15,7.53,Q1'24,Q4'23,12.66,0.594787
ADAM,2024-02-16,7.59,Q1'24,Q4'23,12.66,0.599526
ADAM,2024-02-20,7.51,Q1'24,Q4'23,12.66,0.593207
ADAM,2024-02-21,7.39,Q1'24,Q4'23,12.66,0.583728
ADAM,2024-02-22,7.23,Q1'24,Q4'23,12.66,0.57109
ADAM,2024-02-23,7.34,Q1'24,Q4'23,12.66,0.579779
ADAM,2024-02-26,7.1,Q1'24,Q4'23,12.66,0.560821
ADAM,2024-02-27,7.11,Q1'24,Q4'23,12.66,0.561611
ADAM,2024-02-28,6.99,Q1'24,Q4'23,12.66,0.552133
ADAM,2024-02-29,7.21,Q1'24,Q4'23,12.66,0.56951
ADAM,2024-03-01,7.13,Q1'24,Q4'23,12.66,0.563191
ADAM,2024-03-04,7.03,Q1'24,Q4'23,12.66,0.555292
ADAM,2024-03-05,6.98,Q1'24,Q4'23,12.66,0.551343
ADAM,2024-03-06,7.05,Q1'24,Q4'23,12.66,0.556872
ADAM,2024-03-07,7.17,Q1'24,Q4'23,12.66,0.566351
ADAM,2024-03-08,7.21,Q1'24,Q4'23,12.66,0.56951
ADAM,2024-03-11,7.27,Q1'24,Q4'23,12.66,0.57425
ADAM,2024-03-12,7.27,Q1'24,Q4'23,12.66,0.57425
ADAM,2024-03-13,7.32,Q1'24,Q4'23,12.66,0.578199
ADAM,2024-03-14,7.1,Q1'24,Q4'23,12.66,0.560821
ADAM,2024-03-15,7.21,Q1'24,Q4'23,12.66,0.56951
ADAM,2024-03-18,7.16,Q1'24,Q4'23,12.66,0.565561
ADAM,2024-03-19,7.18,Q1'24,Q4'23,12.66,0.567141
ADAM,2024-03-20,7.31,Q1'24,Q4'23,12.66,0.577409
ADAM,2024-03-21,7.33,Q1'24,Q4'23,12.66,0.578989
ADAM,2024-03-22,6.95,Q1'24,Q4'23,12.66,0.548973
ADAM,2024-03-25,6.99,Q1'24,Q4'23,12.66,0.552133
ADAM,2024-03-26,6.88,Q1'24,Q4'23,12.66,0.543444
ADAM,2024-03-27,7.13,Q1'24,Q4'23,12.66,0.563191
ADAM,2024-03-28,7.2,Q1'24,Q4'23,12.66,0.56872
ADAM,2024-04-01,7.26,Q2'24,Q1'24,11.51,0.630756
ADAM,2024-04-02,7.16,Q2'24,Q1'24,11.51,0.622068
ADAM,2024-04-03,7.24,Q2'24,Q1'24,11.51,0.629018
ADAM,2024-04-04,7.2,Q2'24,Q1'24,11.51,0.625543
ADAM,2024-04-05,7.13,Q2'24,Q1'24,11.51,0.619461
ADAM,2024-04-08,7.24,Q2'24,Q1'24,11.51,0.629018
ADAM,2024-04-09,7.33,Q2'24,Q1'24,11.51,0.636838
ADAM,2024-04-10,6.95,Q2'24,Q1'24,11.51,0.603823
ADAM,2024-04-11,7.07,Q2'24,Q1'24,11.51,0.614248
ADAM,2024-04-12,6.98,Q2'24,Q1'24,11.51,0.606429
ADAM,2024-04-15,6.87,Q2'24,Q1'24,11.51,0.596872
ADAM,2024-04-16,6.73,Q2'24,Q1'24,11.51,0.584709
ADAM,2024-04-17,6.82,Q2'24,Q1'24,11.51,0.592528
ADAM,2024-04-18,6.82,Q2'24,Q1'24,11.51,0.592528
ADAM,2024-04-19,6.96,Q2'24,Q1'24,11.51,0.604692
ADAM,2024-04-22,7.06,Q2'24,Q1'24,11.51,0.61338
ADAM,2024-04-23,7.2,Q2'24,Q1'24,11.51,0.625543
ADAM,2024-04-24,7.1,Q2'24,Q1'24,11.51,0.616855
ADAM,2024-04-25,6.97,Q2'24,Q1'24,11.51,0.60556
ADAM,2024-04-26,7.04,Q2'24,Q1'24,11.51,0.611642
ADAM,2024-04-29,6.98,Q2'24,Q1'24,11.51,0.606429
ADAM,2024-04-30,6.85,Q2'24,Q1'24,11.51,0.595135
ADAM,2024-05-01,7.02,Q2'24,Q1'24,11.51,0.609904
ADAM,2024-05-02,6.27,Q2'24,Q1'24,11.51,0.544744
ADAM,2024-05-03,6.21,Q2'24,Q1'24,11.51,0.539531
ADAM,2024-05-06,6.15,Q2'24,Q1'24,11.51,0.534318
ADAM,2024-05-07,6.15,Q2'24,Q1'24,11.51,0.534318
ADAM,2024-05-08,6.02,Q2'24,Q1'24,11.51,0.523023
ADAM,2024-05-09,6.18,Q2'24,Q1'24,11.51,0.536924
ADAM,2024-05-10,6.15,Q2'24,Q1'24,11.51,0.534318
ADAM,2024-05-13,6.14,Q2'24,Q1'24,11.51,0.533449
ADAM,2024-05-14,6.23,Q2'24,Q1'24,11.51,0.541268
ADAM,2024-05-15,6.27,Q2'24,Q1'24,11.51,0.544744
ADAM,2024-05-16,6.33,Q2'24,Q1'24,11.51,0.549957
ADAM,2024-05-17,6.27,Q2'24,Q1'24,11.51,0.544744
ADAM,2024-05-20,6.17,Q2'24,Q1'24,11.51,0.536056
ADAM,2024-05-21,6.1,Q2'24,Q1'24,11.51,0.529974
ADAM,2024-05-22,6.1,Q2'24,Q1'24,11.51,0.529974
ADAM,2024-05-23,5.77,Q2'24,Q1'24,11.51,0.501303
ADAM,2024-05-24,5.9,Q2'24,Q1'24,11.51,0.512598
ADAM,2024-05-28,5.9,Q2'24,Q1'24,11.51,0.512598
ADAM,2024-05-29,5.69,Q2'24,Q1'24,11.51,0.494353
ADAM,2024-05-30,5.87,Q2'24,Q1'24,11.51,0.509991
ADAM,2024-05-31,5.95,Q2'24,Q1'24,11.51,0.516942
ADAM,2024-06-03,6.0,Q2'24,Q1'24,11.51,0.521286
ADAM,2024-06-04,5.96,Q2'24,Q1'24,11.51,0.517811
ADAM,2024-06-05,6.01,Q2'24,Q1'24,11.51,0.522155
ADAM,2024-06-06,5.91,Q2'24,Q1'24,11.51,0.513467
ADAM,2024-06-07,5.82,Q2'24,Q1'24,11.51,0.505647
ADAM,2024-06-10,5.85,Q2'24,Q1'24,11.51,0.508254
ADAM,2024-06-11,5.84,Q2'24,Q1'24,11.51,0.507385
ADAM,2024-06-12,5.96,Q2'24,Q1'24,11.51,0.517811
ADAM,2024-06-13,6.04,Q2'24,Q1'24,11.51,0.524761
ADAM,2024-06-14,6.04,Q2'24,Q1'24,11.51,0.524761
ADAM,2024-06-17,6.05,Q2'24,Q1'24,11.51,0.52563
ADAM,2024-06-18,6.03,Q2'24,Q1'24,11.51,0.523892
ADAM,2024-06-20,6.11,Q2'24,Q1'24,11.51,0.530843
ADAM,2024-06-21,6.24,Q2'24,Q1'24,11.51,0.542137
ADAM,2024-06-24,6.23,Q2'24,Q1'24,11.51,0.541268
ADAM,2024-06-25,6.18,Q2'24,Q1'24,11.51,0.536924
ADAM,2024-06-26,6.11,Q2'24,Q1'24,11.51,0.530843
ADAM,2024-06-27,5.91,Q2'24,Q1'24,11.51,0.513467
ADAM,2024-06-28,5.84,Q2'24,Q1'24,11.51,0.507385
ADAM,2024-07-01,5.73,Q3'24,Q2'24,11.02,0.519964
ADAM,2024-07-02,5.91,Q3'24,Q2'24,11.02,0.536298
ADAM,2024-07-03,5.95,Q3'24,Q2'24,11.02,0.539927
ADAM,2024-07-05,5.89,Q3'24,Q2'24,11.02,0.534483
ADAM,2024-07-08,5.95,Q3'24,Q2'24,11.02,0.539927
ADAM,2024-07-09,5.99,Q3'24,Q2'24,11.02,0.543557
ADAM,2024-07-10,6.13,Q3'24,Q2'24,11.02,0.556261
ADAM,2024-07-11,6.43,Q3'24,Q2'24,11.02,0.583485
ADAM,2024-07-12,6.49,Q3'24,Q2'24,11.02,0.588929
ADAM,2024-07-15,6.55,Q3'24,Q2'24,11.02,0.594374
ADAM,2024-07-16,6.8,Q3'24,Q2'24,11.02,0.61706
ADAM,2024-07-17,6.85,Q3'24,Q2'24,11.02,0.621597
ADAM,2024-07-18,6.7,Q3'24,Q2'24,11.02,0.607985
ADAM,2024-07-19,6.64,Q3'24,Q2'24,11.02,0.602541
ADAM,2024-07-22,6.7,Q3'24,Q2'24,11.02,0.607985
ADAM,2024-07-23,6.76,Q3'24,Q2'24,11.02,0.61343
ADAM,2024-07-24,6.46,Q3'24,Q2'24,11.02,0.586207
ADAM,2024-07-25,6.52,Q3'24,Q2'24,11.02,0.591652
ADAM,2024-07-26,6.68,Q3'24,Q2'24,11.02,0.606171
ADAM,2024-07-29,6.54,Q3'24,Q2'24,11.02,0.593466
ADAM,2024-07-30,6.6,Q3'24,Q2'24,11.02,0.598911
ADAM,2024-07-31,6.48,Q3'24,Q2'24,11.02,0.588022
ADAM,2024-08-01,6.35,Q3'24,Q2'24,11.02,0.576225
ADAM,2024-08-02,6.17,Q3'24,Q2'24,11.02,0.559891
ADAM,2024-08-05,5.85,Q3'24,Q2'24,11.02,0.530853
ADAM,2024-08-06,6.11,Q3'24,Q2'24,11.02,0.554446
ADAM,2024-08-07,6.24,Q3'24,Q2'24,11.02,0.566243
ADAM,2024-08-08,6.33,Q3'24,Q2'24,11.02,0.57441
ADAM,2024-08-09,6.28,Q3'24,Q2'24,11.02,0.569873
ADAM,2024-08-12,6.12,Q3'24,Q2'24,11.02,0.555354
ADAM,2024-08-13,6.17,Q3'24,Q2'24,11.02,0.559891
ADAM,2024-08-14,6.23,Q3'24,Q2'24,11.02,0.565336
ADAM,2024-08-15,6.36,Q3'24,Q2'24,11.02,0.577132
ADAM,2024-08-16,6.4,Q3'24,Q2'24,11.02,0.580762
ADAM,2024-08-19,6.46,Q3'24,Q2'24,11.02,0.586207
ADAM,2024-08-20,6.39,Q3'24,Q2'24,11.02,0.579855
ADAM,2024-08-21,6.44,Q3'24,Q2'24,11.02,0.584392
ADAM,2024-08-22,6.5,Q3'24,Q2'24,11.02,0.589837
ADAM,2024-08-23,6.65,Q3'24,Q2'24,11.02,0.603448
ADAM,2024-08-26,6.7,Q3'24,Q2'24,11.02,0.607985
ADAM,2024-08-27,6.63,Q3'24,Q2'24,11.02,0.601633
ADAM,2024-08-28,6.62,Q3'24,Q2'24,11.02,0.600726
ADAM,2024-08-29,6.66,Q3'24,Q2'24,11.02,0.604356
ADAM,2024-08-30,6.67,Q3'24,Q2'24,11.02,0.605263
ADAM,2024-09-03,6.45,Q3'24,Q2'24,11.02,0.585299
ADAM,2024-09-04,6.3,Q3'24,Q2'24,11.02,0.571688
ADAM,2024-09-05,6.41,Q3'24,Q2'24,11.02,0.58167
ADAM,2024-09-06,6.38,Q3'24,Q2'24,11.02,0.578947
ADAM,2024-09-09,6.33,Q3'24,Q2'24,11.02,0.57441
ADAM,2024-09-10,6.32,Q3'24,Q2'24,11.02,0.573503
ADAM,2024-09-11,6.34,Q3'24,Q2'24,11.02,0.575318
ADAM,2024-09-12,6.48,Q3'24,Q2'24,11.02,0.588022
ADAM,2024-09-13,6.61,Q3'24,Q2'24,11.02,0.599819
ADAM,2024-09-16,6.75,Q3'24,Q2'24,11.02,0.612523
ADAM,2024-09-17,6.76,Q3'24,Q2'24,11.02,0.61343
ADAM,2024-09-18,6.84,Q3'24,Q2'24,11.02,0.62069
ADAM,2024-09-19,6.85,Q3'24,Q2'24,11.02,0.621597
ADAM,2024-09-20,6.74,Q3'24,Q2'24,11.02,0.611615
ADAM,2024-09-23,6.64,Q3'24,Q2'24,11.02,0.602541
ADAM,2024-09-24,6.69,Q3'24,Q2'24,11.02,0.607078
ADAM,2024-09-25,6.52,Q3'24,Q2'24,11.02,0.591652
ADAM,2024-09-26,6.57,Q3'24,Q2'24,11.02,0.596189
ADAM,2024-09-27,6.53,Q3'24,Q2'24,11.02,0.592559
ADAM,2024-09-30,6.33,Q3'24,Q2'24,11.02,0.57441
ADAM,2024-10-01,6.12,Q4'24,Q3'24,10.87,0.563017
ADAM,2024-10-02,5.99,Q4'24,Q3'24,10.87,0.551058
ADAM,2024-10-03,5.89,Q4'24,Q3'24,10.87,0.541858
ADAM,2024-10-04,5.83,Q4'24,Q3'24,10.87,0.536339
ADAM,2024-10-07,5.66,Q4'24,Q3'24,10.87,0.520699
ADAM,2024-10-08,5.64,Q4'24,Q3'24,10.87,0.518859
ADAM,2024-10-09,5.63,Q4'24,Q3'24,10.87,0.517939
ADAM,2024-10-10,5.55,Q4'24,Q3'24,10.87,0.51058
ADAM,2024-10-11,5.47,Q4'24,Q3'24,10.87,0.50322
ADAM,2024-10-14,5.53,Q4'24,Q3'24,10.87,0.50874
ADAM,2024-10-15,5.65,Q4'24,Q3'24,10.87,0.519779
ADAM,2024-10-16,5.79,Q4'24,Q3'24,10.87,0.532659
ADAM,2024-10-17,5.61,Q4'24,Q3'24,10.87,0.516099
ADAM,2024-10-18,5.58,Q4'24,Q3'24,10.87,0.513339
ADAM,2024-10-21,5.39,Q4'24,Q3'24,10.87,0.49586
ADAM,2024-10-22,5.31,Q4'24,Q3'24,10.87,0.4885
ADAM,2024-10-23,5.23,Q4'24,Q3'24,10.87,0.481141
ADAM,2024-10-24,5.26,Q4'24,Q3'24,10.87,0.483901
ADAM,2024-10-25,5.24,Q4'24,Q3'24,10.87,0.482061
ADAM,2024-10-28,5.28,Q4'24,Q3'24,10.87,0.485741
ADAM,2024-10-29,5.44,Q4'24,Q3'24,10.87,0.50046
ADAM,2024-10-30,5.6,Q4'24,Q3'24,10.87,0.515179
ADAM,2024-10-31,5.77,Q4'24,Q3'24,10.87,0.530819
ADAM,2024-11-01,5.72,Q4'24,Q3'24,10.87,0.526219
ADAM,2024-11-04,5.68,Q4'24,Q3'24,10.87,0.522539
ADAM,2024-11-05,5.71,Q4'24,Q3'24,10.87,0.525299
ADAM,2024-11-06,5.8,Q4'24,Q3'24,10.87,0.533579
ADAM,2024-11-07,5.89,Q4'24,Q3'24,10.87,0.541858
ADAM,2024-11-08,5.96,Q4'24,Q3'24,10.87,0.548298
ADAM,2024-11-11,6.03,Q4'24,Q3'24,10.87,0.554738
ADAM,2024-11-12,5.78,Q4'24,Q3'24,10.87,0.531739
ADAM,2024-11-13,5.8,Q4'24,Q3'24,10.87,0.533579
ADAM,2024-11-14,5.92,Q4'24,Q3'24,10.87,0.544618
ADAM,2024-11-15,5.96,Q4'24,Q3'24,10.87,0.548298
ADAM,2024-11-18,5.96,Q4'24,Q3'24,10.87,0.548298
ADAM,2024-11-19,5.94,Q4'24,Q3'24,10.87,0.546458
ADAM,2024-11-20,5.8,Q4'24,Q3'24,10.87,0.533579
ADAM,2024-11-21,5.89,Q4'24,Q3'24,10.87,0.541858
ADAM,2024-11-22,5.98,Q4'24,Q3'24,10.87,0.550138
ADAM,2024-11-25,6.14,Q4'24,Q3'24,10.87,0.564857
ADAM,2024-11-26,6.01,Q4'24,Q3'24,10.87,0.552898
ADAM,2024-11-27,6.22,Q4'24,Q3'24,10.87,0.572217
ADAM,2024-11-29,6.14,Q4'24,Q3'24,10.87,0.564857
ADAM,2024-12-02,6.17,Q4'24,Q3'24,10.87,0.567617
ADAM,2024-12-03,6.04,Q4'24,Q3'24,10.87,0.555658
ADAM,2024-12-04,6.09,Q4'24,Q3'24,10.87,0.560258
ADAM,2024-12-05,6.18,Q4'24,Q3'24,10.87,0.568537
ADAM,2024-12-06,6.31,Q4'24,Q3'24,10.87,0.580497
ADAM,2024-12-09,6.57,Q4'24,Q3'24,10.87,0.604416
ADAM,2024-12-10,6.55,Q4'24,Q3'24,10.87,0.602576
ADAM,2024-12-11,6.48,Q4'24,Q3'24,10.87,0.596136
ADAM,2024-12-12,6.44,Q4'24,Q3'24,10.87,0.592456
ADAM,2024-12-13,6.51,Q4'24,Q3'24,10.87,0.598896
ADAM,2024-12-16,6.52,Q4'24,Q3'24,10.87,0.599816
ADAM,2024-12-17,6.37,Q4'24,Q3'24,10.87,0.586017
ADAM,2024-12-18,6.04,Q4'24,Q3'24,10.87,0.555658
ADAM,2024-12-19,5.88,Q4'24,Q3'24,10.87,0.540938
ADAM,2024-12-20,5.94,Q4'24,Q3'24,10.87,0.546458
ADAM,2024-12-23,5.84,Q4'24,Q3'24,10.87,0.537259
ADAM,2024-12-24,5.9,Q4'24,Q3'24,10.87,0.542778
ADAM,2024-12-26,5.85,Q4'24,Q3'24,10.87,0.538178
ADAM,2024-12-27,5.79,Q4'24,Q3'24,10.87,0.532659
ADAM,2024-12-30,5.77,Q4'24,Q3'24,10.87,0.530819
ADAM,2024-12-31,6.06,Q4'24,Q3'24,10.87,0.557498
ADAM,2025-01-02,6.14,Q1'25,Q4'24,10.35,0.593237
ADAM,2025-01-03,6.31,Q1'25,Q4'24,10.35,0.609662
ADAM,2025-01-06,6.26,Q1'25,Q4'24,10.35,0.604831
ADAM,2025-01-07,6.08,Q1'25,Q4'24,10.35,0.58744
ADAM,2025-01-08,5.99,Q1'25,Q4'24,10.35,0.578744
ADAM,2025-01-10,5.73,Q1'25,Q4'24,10.35,0.553623
ADAM,2025-01-13,5.71,Q1'25,Q4'24,10.35,0.551691
ADAM,2025-01-14,5.82,Q1'25,Q4'24,10.35,0.562319
ADAM,2025-01-15,5.88,Q1'25,Q4'24,10.35,0.568116
ADAM,2025-01-16,5.93,Q1'25,Q4'24,10.35,0.572947
ADAM,2025-01-17,5.97,Q1'25,Q4'24,10.35,0.576812
ADAM,2025-01-21,6.0,Q1'25,Q4'24,10.35,0.57971
ADAM,2025-01-22,5.95,Q1'25,Q4'24,10.35,0.574879
ADAM,2025-01-23,5.91,Q1'25,Q4'24,10.35,0.571014
ADAM,2025-01-24,5.92,Q1'25,Q4'24,10.35,0.571981
ADAM,2025-01-27,6.05,Q1'25,Q4'24,10.35,0.584541
ADAM,2025-01-28,5.99,Q1'25,Q4'24,10.35,0.578744
ADAM,2025-01-29,5.92,Q1'25,Q4'24,10.35,0.571981
ADAM,2025-01-30,6.04,Q1'25,Q4'24,10.35,0.583575
ADAM,2025-01-31,6.03,Q1'25,Q4'24,10.35,0.582609
ADAM,2025-02-03,5.99,Q1'25,Q4'24,10.35,0.578744
ADAM,2025-02-04,6.04,Q1'25,Q4'24,10.35,0.583575
ADAM,2025-02-05,6.05,Q1'25,Q4'24,10.35,0.584541
ADAM,2025-02-06,6.17,Q1'25,Q4'24,10.35,0.596135
ADAM,2025-02-07,6.12,Q1'25,Q4'24,10.35,0.591304
ADAM,2025-02-10,6.17,Q1'25,Q4'24,10.35,0.596135
ADAM,2025-02-11,6.18,Q1'25,Q4'24,10.35,0.597101
ADAM,2025-02-12,6.04,Q1'25,Q4'24,10.35,0.583575
ADAM,2025-02-13,6.09,Q1'25,Q4'24,10.35,0.588406
ADAM,2025-02-14,6.15,Q1'25,Q4'24,10.35,0.594203
ADAM,2025-02-18,6.06,Q1'25,Q4'24,10.35,0.585507
ADAM,2025-02-19,5.99,Q1'25,Q4'24,10.35,0.578744
ADAM,2025-02-20,6.43,Q1'25,Q4'24,10.35,0.621256
ADAM,2025-02-21,6.46,Q1'25,Q4'24,10.35,0.624155
ADAM,2025-02-24,6.71,Q1'25,Q4'24,10.35,0.648309
ADAM,2025-02-25,6.85,Q1'25,Q4'24,10.35,0.661836
ADAM,2025-02-26,7.03,Q1'25,Q4'24,10.35,0.679227
ADAM,2025-02-27,6.95,Q1'25,Q4'24,10.35,0.671498
ADAM,2025-02-28,7.01,Q1'25,Q4'24,10.35,0.677295
ADAM,2025-03-03,6.86,Q1'25,Q4'24,10.35,0.662802
ADAM,2025-03-04,6.76,Q1'25,Q4'24,10.35,0.65314
ADAM,2025-03-05,6.89,Q1'25,Q4'24,10.35,0.6657
ADAM,2025-03-06,6.83,Q1'25,Q4'24,10.35,0.659903
ADAM,2025-03-07,7.01,Q1'25,Q4'24,10.35,0.677295
ADAM,2025-03-10,6.82,Q1'25,Q4'24,10.35,0.658937
ADAM,2025-03-11,6.66,Q1'25,Q4'24,10.35,0.643478
ADAM,2025-03-12,6.71,Q1'25,Q4'24,10.35,0.648309
ADAM,2025-03-13,6.58,Q1'25,Q4'24,10.35,0.635749
ADAM,2025-03-14,6.83,Q1'25,Q4'24,10.35,0.659903
ADAM,2025-03-17,6.81,Q1'25,Q4'24,10.35,0.657971
ADAM,2025-03-18,6.82,Q1'25,Q4'24,10.35,0.658937
ADAM,2025-03-19,6.88,Q1'25,Q4'24,10.35,0.664734
ADAM,2025-03-20,6.88,Q1'25,Q4'24,10.35,0.664734
ADAM,2025-03-21,6.79,Q1'25,Q4'24,10.35,0.656039
ADAM,2025-03-24,6.8,Q1'25,Q4'24,10.35,0.657005
ADAM,2025-03-25,6.75,Q1'25,Q4'24,10.35,0.652174
ADAM,2025-03-26,6.66,Q1'25,Q4'24,10.35,0.643478
ADAM,2025-03-27,6.65,Q1'25,Q4'24,10.35,0.642512
ADAM,2025-03-28,6.5,Q1'25,Q4'24,10.35,0.628019
ADAM,2025-03-31,6.49,Q1'25,Q4'24,10.35,0.627053
ADAM,2025-04-01,6.49,Q2'25,Q1'25,10.43,0.622244
ADAM,2025-04-02,6.48,Q2'25,Q1'25,10.43,0.621285
ADAM,2025-04-03,6.35,Q2'25,Q1'25,10.43,0.608821
ADAM,2025-04-04,5.88,Q2'25,Q1'25,10.43,0.563758
ADAM,2025-04-07,5.49,Q2'25,Q1'25,10.43,0.526366
ADAM,2025-04-08,5.38,Q2'25,Q1'25,10.43,0.51582
ADAM,2025-04-09,5.66,Q2'25,Q1'25,10.43,0.542665
ADAM,2025-04-10,5.32,Q2'25,Q1'25,10.43,0.510067
ADAM,2025-04-11,5.33,Q2'25,Q1'25,10.43,0.511026
ADAM,2025-04-14,5.45,Q2'25,Q1'25,10.43,0.522531
ADAM,2025-04-15,5.44,Q2'25,Q1'25,10.43,0.521572
ADAM,2025-04-16,5.33,Q2'25,Q1'25,10.43,0.511026
ADAM,2025-04-17,5.43,Q2'25,Q1'25,10.43,0.520614
ADAM,2025-04-21,5.34,Q2'25,Q1'25,10.43,0.511985
ADAM,2025-04-22,5.56,Q2'25,Q1'25,10.43,0.533078
ADAM,2025-04-23,5.55,Q2'25,Q1'25,10.43,0.532119
ADAM,2025-04-24,5.59,Q2'25,Q1'25,10.43,0.535954
ADAM,2025-04-25,5.64,Q2'25,Q1'25,10.43,0.540748
ADAM,2025-04-28,5.75,Q2'25,Q1'25,10.43,0.551294
ADAM,2025-04-29,5.87,Q2'25,Q1'25,10.43,0.5628
ADAM,2025-04-30,5.87,Q2'25,Q1'25,10.43,0.5628
ADAM,2025-05-01,6.35,Q2'25,Q1'25,10.43,0.608821
ADAM,2025-05-02,6.65,Q2'25,Q1'25,10.43,0.637584
ADAM,2025-05-05,6.6,Q2'25,Q1'25,10.43,0.63279
ADAM,2025-05-06,6.44,Q2'25,Q1'25,10.43,0.61745
ADAM,2025-05-07,6.55,Q2'25,Q1'25,10.43,0.627996
ADAM,2025-05-08,6.58,Q2'25,Q1'25,10.43,0.630872
ADAM,2025-05-09,6.51,Q2'25,Q1'25,10.43,0.624161
ADAM,2025-05-12,6.74,Q2'25,Q1'25,10.43,0.646213
ADAM,2025-05-13,6.84,Q2'25,Q1'25,10.43,0.655801
ADAM,2025-05-14,6.99,Q2'25,Q1'25,10.43,0.670182
ADAM,2025-05-15,7.19,Q2'25,Q1'25,10.43,0.689358
ADAM,2025-05-16,7.12,Q2'25,Q1'25,10.43,0.682646
ADAM,2025-05-19,7.02,Q2'25,Q1'25,10.43,0.673058
ADAM,2025-05-20,7.06,Q2'25,Q1'25,10.43,0.676894
ADAM,2025-05-21,6.51,Q2'25,Q1'25,10.43,0.624161
ADAM,2025-05-22,6.46,Q2'25,Q1'25,10.43,0.619367
ADAM,2025-05-23,6.42,Q2'25,Q1'25,10.43,0.615532
ADAM,2025-05-27,6.53,Q2'25,Q1'25,10.43,0.626079
ADAM,2025-05-28,6.59,Q2'25,Q1'25,10.43,0.631831
ADAM,2025-05-29,6.69,Q2'25,Q1'25,10.43,0.641419
ADAM,2025-05-30,6.53,Q2'25,Q1'25,10.43,0.626079
ADAM,2025-06-02,6.42,Q2'25,Q1'25,10.43,0.615532
ADAM,2025-06-03,6.55,Q2'25,Q1'25,10.43,0.627996
ADAM,2025-06-04,6.59,Q2'25,Q1'25,10.43,0.631831
ADAM,2025-06-05,6.66,Q2'25,Q1'25,10.43,0.638543
ADAM,2025-06-06,6.77,Q2'25,Q1'25,10.43,0.649089
ADAM,2025-06-09,6.81,Q2'25,Q1'25,10.43,0.652924
ADAM,2025-06-10,6.96,Q2'25,Q1'25,10.43,0.667306
ADAM,2025-06-11,6.91,Q2'25,Q1'25,10.43,0.662512
ADAM,2025-06-12,6.96,Q2'25,Q1'25,10.43,0.667306
ADAM,2025-06-13,6.85,Q2'25,Q1'25,10.43,0.656759
ADAM,2025-06-16,6.78,Q2'25,Q1'25,10.43,0.650048
ADAM,2025-06-17,6.65,Q2'25,Q1'25,10.43,0.637584
ADAM,2025-06-18,6.72,Q2'25,Q1'25,10.43,0.644295
ADAM,2025-06-20,6.68,Q2'25,Q1'25,10.43,0.64046
ADAM,2025-06-23,6.46,Q2'25,Q1'25,10.43,0.619367
ADAM,2025-06-24,6.53,Q2'25,Q1'25,10.43,0.626079
ADAM,2025-06-25,6.46,Q2'25,Q1'25,10.43,0.619367
ADAM,2025-06-26,6.63,Q2'25,Q1'25,10.43,0.635666
ADAM,2025-06-27,6.65,Q2'25,Q1'25,10.43,0.637584
ADAM,2025-06-30,6.7,Q2'25,Q1'25,10.43,0.642378
ADAM,2025-07-01,6.76,Q3'25,Q2'25,10.26,0.658869
ADAM,2025-07-02,6.82,Q3'25,Q2'25,10.26,0.664717
ADAM,2025-07-03,6.82,Q3'25,Q2'25,10.26,0.664717
ADAM,2025-07-07,6.63,Q3'25,Q2'25,10.26,0.646199
ADAM,2025-07-08,6.69,Q3'25,Q2'25,10.26,0.652047
ADAM,2025-07-09,6.75,Q3'25,Q2'25,10.26,0.657895
ADAM,2025-07-10,6.72,Q3'25,Q2'25,10.26,0.654971
ADAM,2025-07-11,6.65,Q3'25,Q2'25,10.26,0.648148
ADAM,2025-07-14,6.73,Q3'25,Q2'25,10.26,0.655945
ADAM,2025-07-15,6.64,Q3'25,Q2'25,10.26,0.647173
ADAM,2025-07-16,6.78,Q3'25,Q2'25,10.26,0.660819
ADAM,2025-07-17,6.69,Q3'25,Q2'25,10.26,0.652047
ADAM,2025-07-18,6.68,Q3'25,Q2'25,10.26,0.651072
ADAM,2025-07-21,6.73,Q3'25,Q2'25,10.26,0.655945
ADAM,2025-07-22,6.92,Q3'25,Q2'25,10.26,0.674464
ADAM,2025-07-23,6.98,Q3'25,Q2'25,10.26,0.680312
ADAM,2025-07-24,6.98,Q3'25,Q2'25,10.26,0.680312
ADAM,2025-07-25,7.01,Q3'25,Q2'25,10.26,0.683236
ADAM,2025-07-28,6.8,Q3'25,Q2'25,10.26,0.662768
ADAM,2025-07-29,6.82,Q3'25,Q2'25,10.26,0.664717
ADAM,2025-07-30,6.74,Q3'25,Q2'25,10.26,0.65692
ADAM,2025-07-31,6.33,Q3'25,Q2'25,10.26,0.616959
ADAM,2025-08-01,6.58,Q3'25,Q2'25,10.26,0.641326
ADAM,2025-08-04,6.72,Q3'25,Q2'25,10.26,0.654971
ADAM,2025-08-05,6.68,Q3'25,Q2'25,10.26,0.651072
ADAM,2025-08-06,6.57,Q3'25,Q2'25,10.26,0.640351
ADAM,2025-08-07,6.64,Q3'25,Q2'25,10.26,0.647173
ADAM,2025-08-08,6.64,Q3'25,Q2'25,10.26,0.647173
ADAM,2025-08-11,6.6,Q3'25,Q2'25,10.26,0.643275
ADAM,2025-08-12,6.79,Q3'25,Q2'25,10.26,0.661793
ADAM,2025-08-13,6.92,Q3'25,Q2'25,10.26,0.674464
ADAM,2025-08-14,6.83,Q3'25,Q2'25,10.26,0.665692
ADAM,2025-08-15,6.84,Q3'25,Q2'25,10.26,0.666667
ADAM,2025-08-18,6.82,Q3'25,Q2'25,10.26,0.664717
ADAM,2025-08-19,6.92,Q3'25,Q2'25,10.26,0.674464
ADAM,2025-08-20,7.04,Q3'25,Q2'25,10.26,0.68616
ADAM,2025-08-21,6.9,Q3'25,Q2'25,10.26,0.672515
ADAM,2025-08-22,7.14,Q3'25,Q2'25,10.26,0.695906
ADAM,2025-08-25,7.1,Q3'25,Q2'25,10.26,0.692008
ADAM,2025-08-26,7.16,Q3'25,Q2'25,10.26,0.697856
ADAM,2025-08-27,7.1,Q3'25,Q2'25,10.26,0.692008
ADAM,2025-08-28,7.06,Q3'25,Q2'25,10.26,0.688109
ADAM,2025-08-29,7.22,Q3'25,Q2'25,10.26,0.703704
ADAM,2025-09-02,7.11,Q3'25,Q2'25,10.26,0.692982
ADAM,2025-09-03,7.36,Q3'25,Q2'25,10.26,0.717349
ADAM,2025-09-04,7.37,Q3'25,Q2'25,10.26,0.718324
ADAM,2025-09-05,7.41,Q3'25,Q2'25,10.26,0.722222
ADAM,2025-09-08,7.3,Q3'25,Q2'25,10.26,0.711501
ADAM,2025-09-09,7.29,Q3'25,Q2'25,10.26,0.710526
ADAM,2025-09-10,7.23,Q3'25,Q2'25,10.26,0.704678
ADAM,2025-09-11,7.24,Q3'25,Q2'25,10.26,0.705653
ADAM,2025-09-12,7.13,Q3'25,Q2'25,10.26,0.694932
ADAM,2025-09-15,7.38,Q3'25,Q2'25,10.26,0.719298
ADAM,2025-09-16,7.24,Q3'25,Q2'25,10.26,0.705653
ADAM,2025-09-17,7.32,Q3'25,Q2'25,10.26,0.71345
ADAM,2025-09-18,7.4,Q3'25,Q2'25,10.26,0.721248
ADAM,2025-09-19,7.39,Q3'25,Q2'25,10.26,0.720273
ADAM,2025-09-22,7.24,Q3'25,Q2'25,10.26,0.705653
ADAM,2025-09-23,7.31,Q3'25,Q2'25,10.26,0.712476
ADAM,2025-09-24,7.3,Q3'25,Q2'25,10.26,0.711501
ADAM,2025-09-25,7.07,Q3'25,Q2'25,10.26,0.689084
ADAM,2025-09-26,7.02,Q3'25,Q2'25,10.26,0.684211
ADAM,2025-09-29,6.85,Q3'25,Q2'25,10.26,0.667641
ADAM,2025-09-30,6.97,Q3'25,Q2'25,10.26,0.679337
ADAM,2025-10-01,6.97,Q4'25,Q3'25,10.38,0.671484
ADAM,2025-10-02,6.92,Q4'25,Q3'25,10.38,0.666667
ADAM,2025-10-03,6.98,Q4'25,Q3'25,10.38,0.672447
ADAM,2025-10-06,6.8,Q4'25,Q3'25,10.38,0.655106
ADAM,2025-10-07,6.79,Q4'25,Q3'25,10.38,0.654143
ADAM,2025-10-08,6.9,Q4'25,Q3'25,10.38,0.66474
ADAM,2025-10-09,6.83,Q4'25,Q3'25,10.38,0.657996
ADAM,2025-10-10,6.8,Q4'25,Q3'25,10.38,0.655106
ADAM,2025-10-13,6.94,Q4'25,Q3'25,10.38,0.668593
ADAM,2025-10-14,7.0,Q4'25,Q3'25,10.38,0.674374
ADAM,2025-10-15,7.02,Q4'25,Q3'25,10.38,0.676301
ADAM,2025-10-16,6.78,Q4'25,Q3'25,10.38,0.653179
ADAM,2025-10-17,6.88,Q4'25,Q3'25,10.38,0.662813
ADAM,2025-10-20,6.93,Q4'25,Q3'25,10.38,0.66763
ADAM,2025-10-21,6.88,Q4'25,Q3'25,10.38,0.662813
ADAM,2025-10-22,6.99,Q4'25,Q3'25,10.38,0.67341
ADAM,2025-10-23,6.91,Q4'25,Q3'25,10.38,0.665703
ADAM,2025-10-24,6.94,Q4'25,Q3'25,10.38,0.668593
ADAM,2025-10-27,6.93,Q4'25,Q3'25,10.38,0.66763
ADAM,2025-10-28,6.85,Q4'25,Q3'25,10.38,0.659923
ADAM,2025-10-29,6.9,Q4'25,Q3'25,10.38,0.66474
ADAM,2025-10-30,6.58,Q4'25,Q3'25,10.38,0.633911
ADAM,2025-10-31,6.67,Q4'25,Q3'25,10.38,0.642582
ADAM,2025-11-03,6.7,Q4'25,Q3'25,10.38,0.645472
ADAM,2025-11-04,6.8,Q4'25,Q3'25,10.38,0.655106
ADAM,2025-11-05,6.9,Q4'25,Q3'25,10.38,0.66474
ADAM,2025-11-06,6.89,Q4'25,Q3'25,10.38,0.663776
ADAM,2025-11-07,7.0,Q4'25,Q3'25,10.38,0.674374
ADAM,2025-11-10,7.03,Q4'25,Q3'25,10.38,0.677264
ADAM,2025-11-11,7.19,Q4'25,Q3'25,10.38,0.692678
ADAM,2025-11-12,7.09,Q4'25,Q3'25,10.38,0.683044
ADAM,2025-11-13,7.07,Q4'25,Q3'25,10.38,0.681118
ADAM,2025-11-14,7.15,Q4'25,Q3'25,10.38,0.688825
ADAM,2025-11-17,7.03,Q4'25,Q3'25,10.38,0.677264
ADAM,2025-11-18,6.97,Q4'25,Q3'25,10.38,0.671484
ADAM,2025-11-19,6.91,Q4'25,Q3'25,10.38,0.665703
ADAM,2025-11-20,6.95,Q4'25,Q3'25,10.38,0.669557
ADAM,2025-11-21,7.16,Q4'25,Q3'25,10.38,0.689788
ADAM,2025-11-24,7.21,Q4'25,Q3'25,10.38,0.694605
ADAM,2025-11-25,7.55,Q4'25,Q3'25,10.38,0.72736
ADAM,2025-11-26,7.66,Q4'25,Q3'25,10.38,0.737958
ADAM,2025-11-28,7.62,Q4'25,Q3'25,10.38,0.734104
ADAM,2025-12-01,7.6,Q4'25,Q3'25,10.38,0.732177
ADAM,2025-12-02,7.53,Q4'25,Q3'25,10.38,0.725434
ADAM,2025-12-03,7.61,Q4'25,Q3'25,10.38,0.733141
ADAM,2025-12-04,7.47,Q4'25,Q3'25,10.38,0.719653
ADAM,2025-12-05,7.46,Q4'25,Q3'25,10.38,0.71869
ADAM,2025-12-08,7.11,Q4'25,Q3'25,10.38,0.684971
ADAM,2025-12-09,7.06,Q4'25,Q3'25,10.38,0.680154
ADAM,2025-12-10,7.2,Q4'25,Q3'25,10.38,0.693642
ADAM,2025-12-11,7.12,Q4'25,Q3'25,10.38,0.685934
ADAM,2025-12-12,7.19,Q4'25,Q3'25,10.38,0.692678
ADAM,2025-12-15,7.37,Q4'25,Q3'25,10.38,0.710019
ADAM,2025-12-16,7.3,Q4'25,Q3'25,10.38,0.703276
ADAM,2025-12-17,7.46,Q4'25,Q3'25,10.38,0.71869
ADAM,2025-12-18,7.49,Q4'25,Q3'25,10.38,0.72158
ADAM,2025-12-19,7.47,Q4'25,Q3'25,10.38,0.719653
ADAM,2025-12-22,7.19,Q4'25,Q3'25,10.38,0.692678
ADAM,2025-12-23,7.17,Q4'25,Q3'25,10.38,0.690751
ADAM,2025-12-24,7.29,Q4'25,Q3'25,10.38,0.702312
ADAM,2025-12-26,7.29,Q4'25,Q3'25,10.38,0.702312
ADAM,2025-12-29,7.3,Q4'25,Q3'25,10.38,0.703276
ADAM,2025-12-30,7.27,Q4'25,Q3'25,10.38,0.700385
ADAM,2025-12-31,7.3,Q4'25,Q3'25,10.38,0.703276
ADAM,2026-01-02,7.44,Q1'26,Q4'25,10.63,0.699906
ADAM,2026-01-05,7.36,Q1'26,Q4'25,10.63,0.69238
ADAM,2026-01-06,7.38,Q1'26,Q4'25,10.63,0.694262
ADAM,2026-01-07,7.47,Q1'26,Q4'25,10.63,0.702728
ADAM,2026-01-08,7.62,Q1'26,Q4'25,10.63,0.716839
ADAM,2026-01-09,7.76,Q1'26,Q4'25,10.63,0.730009
ADAM,2026-01-12,7.84,Q1'26,Q4'25,10.63,0.737535
ADAM,2026-01-13,7.86,Q1'26,Q4'25,10.63,0.739417
ADAM,2026-01-14,8.14,Q1'26,Q4'25,10.63,0.765757
ADAM,2026-01-15,8.45,Q1'26,Q4'25,10.63,0.79492
ADAM,2026-01-16,8.73,Q1'26,Q4'25,10.63,0.821261
ADAM,2026-01-20,8.32,Q1'26,Q4'25,10.63,0.78269
ADAM,2026-01-21,8.45,Q1'26,Q4'25,10.63,0.79492
ADAM,2026-01-22,8.33,Q1'26,Q4'25,10.63,0.783631
ADAM,2026-01-23,8.29,Q1'26,Q4'25,10.63,0.779868
ADAM,2026-01-26,8.22,Q1'26,Q4'25,10.63,0.773283
ADAM,2026-01-27,8.41,Q1'26,Q4'25,10.63,0.791157
ADAM,2026-01-28,8.44,Q1'26,Q4'25,10.63,0.793979
ADAM,2026-01-29,8.42,Q1'26,Q4'25,10.63,0.792098
ADAM,2026-01-30,8.0,Q1'26,Q4'25,10.63,0.752587
ADAM,2026-02-02,7.96,Q1'26,Q4'25,10.63,0.748824
ADAM,2026-02-03,8.0,Q1'26,Q4'25,10.63,0.752587
ADAM,2026-02-04,8.05,Q1'26,Q4'25,10.63,0.757291
ADAM,2026-02-05,7.94,Q1'26,Q4'25,10.63,0.746943
ADAM,2026-02-06,8.05,Q1'26,Q4'25,10.63,0.757291
ADAM,2026-02-09,7.87,Q1'26,Q4'25,10.63,0.740357
ADAM,2026-02-10,7.95,Q1'26,Q4'25,10.63,0.747883
ADAM,2026-02-11,7.98,Q1'26,Q4'25,10.63,0.750706
ADAM,2026-02-12,8.06,Q1'26,Q4'25,10.63,0.758231
ADAM,2026-02-13,8.16,Q1'26,Q4'25,10.63,0.767639
ADAM,2026-02-17,8.11,Q1'26,Q4'25,10.63,0.762935
ADAM,2026-02-18,8.04,Q1'26,Q4'25,10.63,0.75635
ADAM,2026-02-19,8.29,Q1'26,Q4'25,10.63,0.779868
ADAM,2026-02-20,8.14,Q1'26,Q4'25,10.63,0.765757
ADAM,2026-02-23,7.92,Q1'26,Q4'25,10.63,0.745061
ADAM,2026-02-24,8.02,Q1'26,Q4'25,10.63,0.754469
ADAM,2026-02-25,8.15,Q1'26,Q4'25,10.63,0.766698
ADAM,2026-02-26,8.29,Q1'26,Q4'25,10.63,0.779868
ADAM,2026-02-27,8.24,Q1'26,Q4'25,10.63,0.775165
ADAM,2026-03-02,8.33,Q1'26,Q4'25,10.63,0.783631
ADAM,2026-03-03,8.26,Q1'26,Q4'25,10.63,0.777046
ADAM,2026-03-04,8.27,Q1'26,Q4'25,10.63,0.777987
ADAM,2026-03-05,8.19,Q1'26,Q4'25,10.63,0.770461
ADAM,2026-03-06,7.99,Q1'26,Q4'25,10.63,0.751646
ADAM,2026-03-09,8.06,Q1'26,Q4'25,10.63,0.758231
ADAM,2026-03-10,8.16,Q1'26,Q4'25,10.63,0.767639
ADAM,2026-03-11,8.03,Q1'26,Q4'25,10.63,0.755409
ADAM,2026-03-12,7.91,Q1'26,Q4'25,10.63,0.74412
ADAM,2026-03-13,7.87,Q1'26,Q4'25,10.63,0.740357
ADAM,2026-03-16,7.86,Q1'26,Q4'25,10.63,0.739417
ADAM,2026-03-17,7.98,Q1'26,Q4'25,10.63,0.750706
ADAM,2026-03-18,7.89,Q1'26,Q4'25,10.63,0.742239
ADAM,2026-03-19,7.9,Q1'26,Q4'25,10.63,0.74318
ADAM,2026-03-20,7.35,Q1'26,Q4'25,10.63,0.691439
ADAM,2026-03-23,7.48,Q1'26,Q4'25,10.63,0.703669
ADAM,2026-03-24,7.39,Q1'26,Q4'25,10.63,0.695202
ADAM,2026-03-25,7.53,Q1'26,Q4'25,10.63,0.708373
ADAM,2026-03-26,7.4,Q1'26,Q4'25,10.63,0.696143
ADAM,2026-03-27,7.24,Q1'26,Q4'25,10.63,0.681091
ADAM,2026-03-30,7.17,Q1'26,Q4'25,10.63,0.674506
ADAM,2026-03-31,7.36,Q1'26,Q4'25,10.63,0.69238
ADAM,2026-04-01,7.35,Q2'26,Q1'26,10.8,0.680556
ADAM,2026-04-02,7.39,Q2'26,Q1'26,10.8,0.684259
ADAM,2026-04-06,7.44,Q2'26,Q1'26,10.8,0.688889
ADAM,2026-04-07,7.43,Q2'26,Q1'26,10.8,0.687963
ADAM,2026-04-08,7.62,Q2'26,Q1'26,10.8,0.705556
ADAM,2026-04-09,7.69,Q2'26,Q1'26,10.8,0.712037
ADAM,2026-04-10,7.59,Q2'26,Q1'26,10.8,0.702778
ADAM,2026-04-13,7.65,Q2'26,Q1'26,10.8,0.708333
ADAM,2026-04-14,7.72,Q2'26,Q1'26,10.8,0.714815
ADAM,2026-04-15,7.76,Q2'26,Q1'26,10.8,0.718519
ADAM,2026-04-16,7.62,Q2'26,Q1'26,10.8,0.705556
ADAM,2026-04-17,7.88,Q2'26,Q1'26,10.8,0.72963
ADAM,2026-04-20,7.95,Q2'26,Q1'26,10.8,0.736111
ADAM,2026-04-21,7.83,Q2'26,Q1'26,10.8,0.725
ADAM,2026-04-22,7.92,Q2'26,Q1'26,10.8,0.733333
ADAM,2026-04-23,7.83,Q2'26,Q1'26,10.8,0.725
ADAM,2026-04-24,7.95,Q2'26,Q1'26,10.8,0.736111
ADAM,2026-04-27,8.06,Q2'26,Q1'26,10.8,0.746296
ADAM,2026-04-28,8.13,Q2'26,Q1'26,10.8,0.752778
ADAM,2026-04-29,7.75,Q2'26,Q1'26,10.8,0.717593
ADAM,2026-04-30,8.98,Q2'26,Q1'26,10.8,0.831481
ADAM,2026-05-01,8.89,Q2'26,Q1'26,10.8,0.823148
ADAM,2026-05-04,8.7,Q2'26,Q1'26,10.8,0.805556
ADAM,2026-05-05,8.61,Q2'26,Q1'26,10.8,0.797222
ADAM,2026-05-06,8.83,Q2'26,Q1'26,10.8,0.817593
ADAM,2026-05-07,8.72,Q2'26,Q1'26,10.8,0.807407
ADAM,2026-05-08,8.83,Q2'26,Q1'26,10.8,0.817593
ADAM,2026-05-11,8.66,Q2'26,Q1'26,10.8,0.801852
ADAM,2026-05-12,8.87,Q2'26,Q1'26,10.8,0.821296
ADAM,2026-05-13,8.94,Q2'26,Q1'26,10.8,0.827778
ADAM,2026-05-14,8.92,Q2'26,Q1'26,10.8,0.825926
ADAM,2026-05-15,8.72,Q2'26,Q1'26,10.8,0.807407
ADAM,2026-05-18,8.79,Q2'26,Q1'26,10.8,0.813889
ADAM,2026-05-19,8.72,Q2'26,Q1'26,10.8,0.807407
ADAM,2026-05-20,8.89,Q2'26,Q1'26,10.8,0.823148
ADAM,2026-05-21,8.88,Q2'26,Q1'26,10.8,0.822222
ADAM,2026-05-22,8.9,Q2'26,Q1'26,10.8,0.824074
ADAM,2026-05-26,9.13,Q2'26,Q1'26,10.8,0.84537
ADAM,2026-05-27,9.17,Q2'26,Q1'26,10.8,0.849074
ADAM,2026-05-28,9.19,Q2'26,Q1'26,10.8,0.850926
ADAM,2026-05-29,9.2,Q2'26,Q1'26,10.8,0.851852
ADAM,2026-06-01,9.01,Q2'26,Q1'26,10.8,0.834259
ADAM,2026-06-02,9.05,Q2'26,Q1'26,10.8,0.837963
ADAM,2026-06-03,8.79,Q2'26,Q1'26,10.8,0.813889
ADAM,2026-06-04,9.1,Q2'26,Q1'26,10.8,0.842593
ADAM,2026-06-05,8.98,Q2'26,Q1'26,10.8,0.831481
ADAM,2026-06-08,8.91,Q2'26,Q1'26,10.8,0.825
ADAM,2026-06-09,9.05,Q2'26,Q1'26,10.8,0.837963
ADAM,2026-06-10,8.99,Q2'26,Q1'26,10.8,0.832407
ADAM,2026-06-11,9.11,Q2'26,Q1'26,10.8,0.843518
ADAM,2026-06-12,9.31,Q2'26,Q1'26,10.8,0.862037
ADAM,2026-06-15,9.28,Q2'26,Q1'26,10.8,0.859259
ADAM,2026-06-16,9.36,Q2'26,Q1'26,10.8,0.866667
ADAM,2026-06-17,9.03,Q2'26,Q1'26,10.8,0.836111
ADAM,2026-06-18,9.13,Q2'26,Q1'26,10.8,0.84537
ADAM,2026-06-22,8.94,Q2'26,Q1'26,10.8,0.827778
ADAM,2026-06-23,9.07,Q2'26,Q1'26,10.8,0.839815
ADAM,2026-06-24,9.32,Q2'26,Q1'26,10.8,0.862963
ADAM,2026-06-25,9.33,Q2'26,Q1'26,10.8,0.863889
ADAM,2026-06-26,9.51,Q2'26,Q1'26,10.8,0.880556
ADAM,2026-06-29,9.44,Q2'26,Q1'26,10.8,0.874074
ADAM,2026-06-30,9.38,Q2'26,Q1'26,10.8,0.868519
ADAM,2026-07-01,9.28,Q3'26,Q2'26,11.05,0.839819
ADAM,2026-07-02,9.14,Q3'26,Q2'26,11.05,0.827149
ADAM,2026-07-06,9.17,Q3'26,Q2'26,11.05,0.829864
ADAM,2026-07-07,9.12,Q3'26,Q2'26,11.05,0.825339
ADAM,2026-07-08,8.98,Q3'26,Q2'26,11.05,0.81267
ADAM,2026-07-09,9.18,Q3'26,Q2'26,11.05,0.830769
ADAM,2026-07-10,9.19,Q3'26,Q2'26,11.05,0.831674
ADAM,2026-07-13,9.06,Q3'26,Q2'26,11.05,0.81991
ADAM,2026-07-14,9.15,Q3'26,Q2'26,11.05,0.828054
ADAM,2026-07-15,9.25,Q3'26,Q2'26,11.05,0.837104
ADAM,2026-07-16,9.22,Q3'26,Q2'26,11.05,0.834389
ADAM,2026-07-17,8.98,Q3'26,Q2'26,11.05,0.81267
ADAM,2026-07-20,8.83,Q3'26,Q2'26,11.05,0.799095
ADAM,2026-07-23,8.59,Q3'26,Q2'26,11.05,0.777376
ADAM,2026-07-24,8.65,Q3'26,Q2'26,11.05,0.782805
ADAM,2026-07-27,8.71,Q3'26,Q2'26,11.05,0.788235
ADAM,2026-07-28,8.71,Q3'26,Q2'26,11.05,0.788235
ADAM,2026-07-29,8.65,Q3'26,Q2'26,11.05,0.782805
ADAM,2026-07-30,8.94,Q3'26,Q2'26,11.05,0.80905
ADAM,2026-08-03,9.44,Q3'26,Q2'26,11.05,0.854299
ADAM,2026-08-04,9.51,Q3'26,Q2'26,11.05,0.860634
ADAM,2026-08-05,9.44,Q3'26,Q2'26,11.05,0.854299
ADAM,2026-08-06,9.52,Q3'26,Q2'26,11.05,0.861539
ADAM,2026-08-07,9.82,Q3'26,Q2'26,11.05,0.888688
ADAM,2026-08-10,9.79,Q3'26,Q2'26,11.05,0.885973
ADAM,2026-08-11,10.23,Q3'26,Q2'26,11.05,0.925792
ADAM,2026-08-12,10.16,Q3'26,Q2'26,11.05,0.919457
ADAM,2026-08-13,10.09,Q3'26,Q2'26,11.05,0.913122
ADAM,2026-08-14,10.12,Q3'26,Q2'26,11.05,0.915837
ADAM,2026-08-17,10.12,Q3'26,Q2'26,11.05,0.915837
ADAM,2026-08-18,10.08,Q3'26,Q2'26,11.05,0.912217
ADAM,2026-08-19,10.18,Q3'26,Q2'26,11.05,0.921267
AGNC,2021-07-01,17.01,Q3'21,Q2'21,16.39,1.037828
AGNC,2021-07-02,16.94,Q3'21,Q2'21,16.39,1.033557
AGNC,2021-07-06,16.86,Q3'21,Q2'21,16.39,1.028676
AGNC,2021-07-07,16.66,Q3'21,Q2'21,16.39,1.016473
AGNC,2021-07-08,16.53,Q3'21,Q2'21,16.39,1.008542
AGNC,2021-07-09,16.89,Q3'21,Q2'21,16.39,1.030506
AGNC,2021-07-12,16.87,Q3'21,Q2'21,16.39,1.029286
AGNC,2021-07-13,16.36,Q3'21,Q2'21,16.39,0.99817
AGNC,2021-07-14,16.12,Q3'21,Q2'21,16.39,0.983527
AGNC,2021-07-15,16.16,Q3'21,Q2'21,16.39,0.985967
AGNC,2021-07-16,16.13,Q3'21,Q2'21,16.39,0.984137
AGNC,2021-07-19,15.84,Q3'21,Q2'21,16.39,0.966443
AGNC,2021-07-20,16.25,Q3'21,Q2'21,16.39,0.991458
AGNC,2021-07-21,16.43,Q3'21,Q2'21,16.39,1.002441
AGNC,2021-07-22,16.2,Q3'21,Q2'21,16.39,0.988408
AGNC,2021-07-23,16.12,Q3'21,Q2'21,16.39,0.983527
AGNC,2021-07-26,16.18,Q3'21,Q2'21,16.39,0.987187
AGNC,2021-07-27,16.18,Q3'21,Q2'21,16.39,0.987187
AGNC,2021-07-28,16.13,Q3'21,Q2'21,16.39,0.984137
AGNC,2021-07-29,16.18,Q3'21,Q2'21,16.39,0.987187
AGNC,2021-07-30,15.87,Q3'21,Q2'21,16.39,0.968273
AGNC,2021-08-02,15.9,Q3'21,Q2'21,16.39,0.970104
AGNC,2021-08-03,15.82,Q3'21,Q2'21,16.39,0.965223
AGNC,2021-08-04,15.74,Q3'21,Q2'21,16.39,0.960342
AGNC,2021-08-05,15.89,Q3'21,Q2'21,16.39,0.969494
AGNC,2021-08-06,16.01,Q3'21,Q2'21,16.39,0.976815
AGNC,2021-08-09,16.03,Q3'21,Q2'21,16.39,0.978035
AGNC,2021-08-10,16.12,Q3'21,Q2'21,16.39,0.983527
AGNC,2021-08-11,16.27,Q3'21,Q2'21,16.39,0.992678
AGNC,2021-08-12,16.35,Q3'21,Q2'21,16.39,0.99756
AGNC,2021-08-13,16.34,Q3'21,Q2'21,16.39,0.996949
AGNC,2021-08-16,16.27,Q3'21,Q2'21,16.39,0.992678
AGNC,2021-08-17,16.29,Q3'21,Q2'21,16.39,0.993899
AGNC,2021-08-18,16.21,Q3'21,Q2'21,16.39,0.989018
AGNC,2021-08-19,15.9,Q3'21,Q2'21,16.39,0.970104
AGNC,2021-08-20,16.09,Q3'21,Q2'21,16.39,0.981696
AGNC,2021-08-23,16.28,Q3'21,Q2'21,16.39,0.993289
AGNC,2021-08-24,16.42,Q3'21,Q2'21,16.39,1.00183
AGNC,2021-08-25,16.44,Q3'21,Q2'21,16.39,1.003051
AGNC,2021-08-26,16.29,Q3'21,Q2'21,16.39,0.993899
AGNC,2021-08-27,16.53,Q3'21,Q2'21,16.39,1.008542
AGNC,2021-08-30,16.23,Q3'21,Q2'21,16.39,0.990238
AGNC,2021-08-31,16.31,Q3'21,Q2'21,16.39,0.995119
AGNC,2021-09-01,16.32,Q3'21,Q2'21,16.39,0.995729
AGNC,2021-09-02,16.22,Q3'21,Q2'21,16.39,0.989628
AGNC,2021-09-03,16.18,Q3'21,Q2'21,16.39,0.987187
AGNC,2021-09-07,15.98,Q3'21,Q2'21,16.39,0.974985
AGNC,2021-09-08,15.87,Q3'21,Q2'21,16.39,0.968273
AGNC,2021-09-09,16.02,Q3'21,Q2'21,16.39,0.977425
AGNC,2021-09-10,16.01,Q3'21,Q2'21,16.39,0.976815
AGNC,2021-09-13,16.08,Q3'21,Q2'21,16.39,0.981086
AGNC,2021-09-14,15.93,Q3'21,Q2'21,16.39,0.971934
AGNC,2021-09-15,15.96,Q3'21,Q2'21,16.39,0.973764
AGNC,2021-09-16,15.96,Q3'21,Q2'21,16.39,0.973764
AGNC,2021-09-17,15.98,Q3'21,Q2'21,16.39,0.974985
AGNC,2021-09-20,15.91,Q3'21,Q2'21,16.39,0.970714
AGNC,2021-09-21,16.02,Q3'21,Q2'21,16.39,0.977425
AGNC,2021-09-22,16.21,Q3'21,Q2'21,16.39,0.989018
AGNC,2021-09-23,16.22,Q3'21,Q2'21,16.39,0.989628
AGNC,2021-09-24,16.16,Q3'21,Q2'21,16.39,0.985967
AGNC,2021-09-27,16.24,Q3'21,Q2'21,16.39,0.990848
AGNC,2021-09-28,16.13,Q3'21,Q2'21,16.39,0.984137
AGNC,2021-09-29,15.97,Q3'21,Q2'21,16.39,0.974375
AGNC,2021-09-30,15.77,Q3'21,Q2'21,16.39,0.962172
AGNC,2021-10-01,15.9,Q4'21,Q3'21,16.41,0.968921
AGNC,2021-10-04,16.07,Q4'21,Q3'21,16.41,0.979281
AGNC,2021-10-05,16.05,Q4'21,Q3'21,16.41,0.978062
AGNC,2021-10-06,15.95,Q4'21,Q3'21,16.41,0.971968
AGNC,2021-10-07,16.02,Q4'21,Q3'21,16.41,0.976234
AGNC,2021-10-08,16.12,Q4'21,Q3'21,16.41,0.982328
AGNC,2021-10-11,16.17,Q4'21,Q3'21,16.41,0.985375
AGNC,2021-10-12,16.2,Q4'21,Q3'21,16.41,0.987203
AGNC,2021-10-13,16.14,Q4'21,Q3'21,16.41,0.983547
AGNC,2021-10-14,16.19,Q4'21,Q3'21,16.41,0.986594
AGNC,2021-10-15,16.22,Q4'21,Q3'21,16.41,0.988422
AGNC,2021-10-18,16.34,Q4'21,Q3'21,16.41,0.995734
AGNC,2021-10-19,16.5,Q4'21,Q3'21,16.41,1.005484
AGNC,2021-10-20,16.59,Q4'21,Q3'21,16.41,1.010969
AGNC,2021-10-21,16.6,Q4'21,Q3'21,16.41,1.011578
AGNC,2021-10-22,16.55,Q4'21,Q3'21,16.41,1.008531
AGNC,2021-10-25,16.54,Q4'21,Q3'21,16.41,1.007922
AGNC,2021-10-26,16.51,Q4'21,Q3'21,16.41,1.006094
AGNC,2021-10-27,16.37,Q4'21,Q3'21,16.41,0.997563
AGNC,2021-10-28,15.8,Q4'21,Q3'21,16.41,0.962828
AGNC,2021-10-29,15.92,Q4'21,Q3'21,16.41,0.97014
AGNC,2021-11-01,16.18,Q4'21,Q3'21,16.41,0.985984
AGNC,2021-11-02,15.93,Q4'21,Q3'21,16.41,0.97075
AGNC,2021-11-03,15.99,Q4'21,Q3'21,16.41,0.974406
AGNC,2021-11-04,16.01,Q4'21,Q3'21,16.41,0.975625
AGNC,2021-11-05,16.22,Q4'21,Q3'21,16.41,0.988422
AGNC,2021-11-08,16.12,Q4'21,Q3'21,16.41,0.982328
AGNC,2021-11-09,16.07,Q4'21,Q3'21,16.41,0.979281
AGNC,2021-11-10,16.02,Q4'21,Q3'21,16.41,0.976234
AGNC,2021-11-11,16.0,Q4'21,Q3'21,16.41,0.975015
AGNC,2021-11-12,16.04,Q4'21,Q3'21,16.41,0.977453
AGNC,2021-11-15,16.02,Q4'21,Q3'21,16.41,0.976234
AGNC,2021-11-16,16.04,Q4'21,Q3'21,16.41,0.977453
AGNC,2021-11-17,15.94,Q4'21,Q3'21,16.41,0.971359
AGNC,2021-11-18,15.95,Q4'21,Q3'21,16.41,0.971968
AGNC,2021-11-19,15.98,Q4'21,Q3'21,16.41,0.973796
AGNC,2021-11-22,16.04,Q4'21,Q3'21,16.41,0.977453
AGNC,2021-11-23,16.02,Q4'21,Q3'21,16.41,0.976234
AGNC,2021-11-24,16.03,Q4'21,Q3'21,16.41,0.976843
AGNC,2021-11-26,15.91,Q4'21,Q3'21,16.41,0.969531
AGNC,2021-11-29,15.83,Q4'21,Q3'21,16.41,0.964656
AGNC,2021-11-30,15.29,Q4'21,Q3'21,16.41,0.931749
AGNC,2021-12-01,15.1,Q4'21,Q3'21,16.41,0.920171
AGNC,2021-12-02,15.46,Q4'21,Q3'21,16.41,0.942108
AGNC,2021-12-03,15.33,Q4'21,Q3'21,16.41,0.934186
AGNC,2021-12-06,15.65,Q4'21,Q3'21,16.41,0.953687
AGNC,2021-12-07,15.85,Q4'21,Q3'21,16.41,0.965874
AGNC,2021-12-08,15.89,Q4'21,Q3'21,16.41,0.968312
AGNC,2021-12-09,15.85,Q4'21,Q3'21,16.41,0.965874
AGNC,2021-12-10,15.61,Q4'21,Q3'21,16.41,0.951249
AGNC,2021-12-13,15.34,Q4'21,Q3'21,16.41,0.934796
AGNC,2021-12-14,15.19,Q4'21,Q3'21,16.41,0.925655
AGNC,2021-12-15,15.17,Q4'21,Q3'21,16.41,0.924436
AGNC,2021-12-16,15.12,Q4'21,Q3'21,16.41,0.921389
AGNC,2021-12-17,14.99,Q4'21,Q3'21,16.41,0.913467
AGNC,2021-12-20,14.76,Q4'21,Q3'21,16.41,0.899452
AGNC,2021-12-21,15.16,Q4'21,Q3'21,16.41,0.923827
AGNC,2021-12-22,15.24,Q4'21,Q3'21,16.41,0.928702
AGNC,2021-12-23,15.39,Q4'21,Q3'21,16.41,0.937843
AGNC,2021-12-27,15.47,Q4'21,Q3'21,16.41,0.942718
AGNC,2021-12-28,15.49,Q4'21,Q3'21,16.41,0.943937
AGNC,2021-12-29,15.39,Q4'21,Q3'21,16.41,0.937843
AGNC,2021-12-30,15.21,Q4'21,Q3'21,16.41,0.926874
AGNC,2021-12-31,15.04,Q4'21,Q3'21,16.41,0.916514
AGNC,2022-01-03,15.45,Q1'22,Q4'21,15.75,0.980952
AGNC,2022-01-04,15.56,Q1'22,Q4'21,15.75,0.987937
AGNC,2022-01-05,15.16,Q1'22,Q4'21,15.75,0.96254
AGNC,2022-01-06,15.2,Q1'22,Q4'21,15.75,0.965079
AGNC,2022-01-07,15.3,Q1'22,Q4'21,15.75,0.971429
AGNC,2022-01-10,15.34,Q1'22,Q4'21,15.75,0.973968
AGNC,2022-01-11,15.56,Q1'22,Q4'21,15.75,0.987937
AGNC,2022-01-12,15.56,Q1'22,Q4'21,15.75,0.987937
AGNC,2022-01-13,15.41,Q1'22,Q4'21,15.75,0.978413
AGNC,2022-01-14,15.31,Q1'22,Q4'21,15.75,0.972064
AGNC,2022-01-18,15.17,Q1'22,Q4'21,15.75,0.963175
AGNC,2022-01-19,15.06,Q1'22,Q4'21,15.75,0.956191
AGNC,2022-01-20,14.95,Q1'22,Q4'21,15.75,0.949206
AGNC,2022-01-21,14.73,Q1'22,Q4'21,15.75,0.935238
AGNC,2022-01-24,14.73,Q1'22,Q4'21,15.75,0.935238
AGNC,2022-01-25,15.0,Q1'22,Q4'21,15.75,0.952381
AGNC,2022-01-26,14.88,Q1'22,Q4'21,15.75,0.944762
AGNC,2022-01-27,14.81,Q1'22,Q4'21,15.75,0.940317
AGNC,2022-01-28,14.76,Q1'22,Q4'21,15.75,0.937143
AGNC,2022-01-31,14.89,Q1'22,Q4'21,15.75,0.945397
AGNC,2022-02-01,14.68,Q1'22,Q4'21,15.75,0.932064
AGNC,2022-02-02,14.47,Q1'22,Q4'21,15.75,0.91873
AGNC,2022-02-03,14.21,Q1'22,Q4'21,15.75,0.902222
AGNC,2022-02-04,14.24,Q1'22,Q4'21,15.75,0.904127
AGNC,2022-02-07,14.32,Q1'22,Q4'21,15.75,0.909206
AGNC,2022-02-08,14.42,Q1'22,Q4'21,15.75,0.915556
AGNC,2022-02-09,14.43,Q1'22,Q4'21,15.75,0.91619
AGNC,2022-02-10,14.26,Q1'22,Q4'21,15.75,0.905397
AGNC,2022-02-11,14.05,Q1'22,Q4'21,15.75,0.892064
AGNC,2022-02-14,13.71,Q1'22,Q4'21,15.75,0.870476
AGNC,2022-02-15,13.85,Q1'22,Q4'21,15.75,0.879365
AGNC,2022-02-16,13.84,Q1'22,Q4'21,15.75,0.87873
AGNC,2022-02-17,13.51,Q1'22,Q4'21,15.75,0.857778
AGNC,2022-02-18,13.44,Q1'22,Q4'21,15.75,0.853333
AGNC,2022-02-22,13.1,Q1'22,Q4'21,15.75,0.831746
AGNC,2022-02-23,12.75,Q1'22,Q4'21,15.75,0.809524
AGNC,2022-02-24,12.93,Q1'22,Q4'21,15.75,0.820952
AGNC,2022-02-25,13.02,Q1'22,Q4'21,15.75,0.826667
AGNC,2022-02-28,12.91,Q1'22,Q4'21,15.75,0.819683
AGNC,2022-03-01,12.99,Q1'22,Q4'21,15.75,0.824762
AGNC,2022-03-02,13.19,Q1'22,Q4'21,15.75,0.83746
AGNC,2022-03-03,13.13,Q1'22,Q4'21,15.75,0.833651
AGNC,2022-03-04,13.06,Q1'22,Q4'21,15.75,0.829206
AGNC,2022-03-07,12.99,Q1'22,Q4'21,15.75,0.824762
AGNC,2022-03-08,13.26,Q1'22,Q4'21,15.75,0.841905
AGNC,2022-03-09,13.33,Q1'22,Q4'21,15.75,0.846349
AGNC,2022-03-10,13.25,Q1'22,Q4'21,15.75,0.84127
AGNC,2022-03-11,12.98,Q1'22,Q4'21,15.75,0.824127
AGNC,2022-03-14,12.77,Q1'22,Q4'21,15.75,0.810794
AGNC,2022-03-15,12.9,Q1'22,Q4'21,15.75,0.819048
AGNC,2022-03-16,12.96,Q1'22,Q4'21,15.75,0.822857
AGNC,2022-03-17,13.04,Q1'22,Q4'21,15.75,0.827937
AGNC,2022-03-18,13.21,Q1'22,Q4'21,15.75,0.83873
AGNC,2022-03-21,13.01,Q1'22,Q4'21,15.75,0.826032
AGNC,2022-03-22,13.19,Q1'22,Q4'21,15.75,0.83746
AGNC,2022-03-23,13.07,Q1'22,Q4'21,15.75,0.829841
AGNC,2022-03-24,13.05,Q1'22,Q4'21,15.75,0.828571
AGNC,2022-03-25,13.27,Q1'22,Q4'21,15.75,0.84254
AGNC,2022-03-28,13.38,Q1'22,Q4'21,15.75,0.849524
AGNC,2022-03-29,13.56,Q1'22,Q4'21,15.75,0.860952
AGNC,2022-03-30,13.24,Q1'22,Q4'21,15.75,0.840635
AGNC,2022-03-31,13.1,Q1'22,Q4'21,15.75,0.831746
AGNC,2022-04-01,13.17,Q2'22,Q1'22,13.12,1.003811
AGNC,2022-04-04,13.09,Q2'22,Q1'22,13.12,0.997713
AGNC,2022-04-05,12.84,Q2'22,Q1'22,13.12,0.978659
AGNC,2022-04-06,12.58,Q2'22,Q1'22,13.12,0.958841
AGNC,2022-04-07,12.54,Q2'22,Q1'22,13.12,0.955793
AGNC,2022-04-08,12.6,Q2'22,Q1'22,13.12,0.960366
AGNC,2022-04-11,12.49,Q2'22,Q1'22,13.12,0.951982
AGNC,2022-04-12,12.53,Q2'22,Q1'22,13.12,0.95503
AGNC,2022-04-13,12.54,Q2'22,Q1'22,13.12,0.955793
AGNC,2022-04-14,12.48,Q2'22,Q1'22,13.12,0.951219
AGNC,2022-04-18,12.28,Q2'22,Q1'22,13.12,0.935976
AGNC,2022-04-19,11.86,Q2'22,Q1'22,13.12,0.903963
AGNC,2022-04-20,11.99,Q2'22,Q1'22,13.12,0.913872
AGNC,2022-04-21,11.87,Q2'22,Q1'22,13.12,0.904726
AGNC,2022-04-22,11.59,Q2'22,Q1'22,13.12,0.883384
AGNC,2022-04-25,11.67,Q2'22,Q1'22,13.12,0.889482
AGNC,2022-04-26,11.07,Q2'22,Q1'22,13.12,0.84375
AGNC,2022-04-27,11.09,Q2'22,Q1'22,13.12,0.845274
AGNC,2022-04-28,11.47,Q2'22,Q1'22,13.12,0.874238
AGNC,2022-04-29,10.98,Q2'22,Q1'22,13.12,0.83689
AGNC,2022-05-02,11.2,Q2'22,Q1'22,13.12,0.853659
AGNC,2022-05-03,11.99,Q2'22,Q1'22,13.12,0.913872
AGNC,2022-05-04,12.12,Q2'22,Q1'22,13.12,0.92378
AGNC,2022-05-05,12.14,Q2'22,Q1'22,13.12,0.925305
AGNC,2022-05-06,12.41,Q2'22,Q1'22,13.12,0.945884
AGNC,2022-05-09,12.26,Q2'22,Q1'22,13.12,0.934451
AGNC,2022-05-10,12.23,Q2'22,Q1'22,13.12,0.932165
AGNC,2022-05-11,12.14,Q2'22,Q1'22,13.12,0.925305
AGNC,2022-05-12,12.11,Q2'22,Q1'22,13.12,0.923018
AGNC,2022-05-13,12.39,Q2'22,Q1'22,13.12,0.94436
AGNC,2022-05-16,12.29,Q2'22,Q1'22,13.12,0.936738
AGNC,2022-05-17,12.11,Q2'22,Q1'22,13.12,0.923018
AGNC,2022-05-18,11.89,Q2'22,Q1'22,13.12,0.90625
AGNC,2022-05-19,11.72,Q2'22,Q1'22,13.12,0.893293
AGNC,2022-05-20,11.76,Q2'22,Q1'22,13.12,0.896341
AGNC,2022-05-23,12.0,Q2'22,Q1'22,13.12,0.914634
AGNC,2022-05-24,11.92,Q2'22,Q1'22,13.12,0.908537
AGNC,2022-05-25,11.88,Q2'22,Q1'22,13.12,0.905488
AGNC,2022-05-26,12.11,Q2'22,Q1'22,13.12,0.923018
AGNC,2022-05-27,12.21,Q2'22,Q1'22,13.12,0.93064
AGNC,2022-05-31,12.23,Q2'22,Q1'22,13.12,0.932165
AGNC,2022-06-01,12.17,Q2'22,Q1'22,13.12,0.927591
AGNC,2022-06-02,12.19,Q2'22,Q1'22,13.12,0.929116
AGNC,2022-06-03,12.06,Q2'22,Q1'22,13.12,0.919207
AGNC,2022-06-06,12.04,Q2'22,Q1'22,13.12,0.917683
AGNC,2022-06-07,12.16,Q2'22,Q1'22,13.12,0.926829
AGNC,2022-06-08,11.99,Q2'22,Q1'22,13.12,0.913872
AGNC,2022-06-09,12.19,Q2'22,Q1'22,13.12,0.929116
AGNC,2022-06-10,11.95,Q2'22,Q1'22,13.12,0.910823
AGNC,2022-06-13,11.02,Q2'22,Q1'22,13.12,0.839939
AGNC,2022-06-14,10.75,Q2'22,Q1'22,13.12,0.81936
AGNC,2022-06-15,10.67,Q2'22,Q1'22,13.12,0.813262
AGNC,2022-06-16,10.03,Q2'22,Q1'22,13.12,0.764482
AGNC,2022-06-17,10.41,Q2'22,Q1'22,13.12,0.793445
AGNC,2022-06-21,10.72,Q2'22,Q1'22,13.12,0.817073
AGNC,2022-06-22,10.84,Q2'22,Q1'22,13.12,0.82622
AGNC,2022-06-23,11.17,Q2'22,Q1'22,13.12,0.851372
AGNC,2022-06-24,11.6,Q2'22,Q1'22,13.12,0.884146
AGNC,2022-06-27,11.57,Q2'22,Q1'22,13.12,0.88186
AGNC,2022-06-28,11.4,Q2'22,Q1'22,13.12,0.868902
AGNC,2022-06-29,11.15,Q2'22,Q1'22,13.12,0.849848
AGNC,2022-06-30,11.07,Q2'22,Q1'22,13.12,0.84375
AGNC,2022-07-01,11.48,Q3'22,Q2'22,11.43,1.004374
AGNC,2022-07-05,11.61,Q3'22,Q2'22,11.43,1.015748
AGNC,2022-07-06,11.36,Q3'22,Q2'22,11.43,0.993876
AGNC,2022-07-07,11.49,Q3'22,Q2'22,11.43,1.005249
AGNC,2022-07-08,11.42,Q3'22,Q2'22,11.43,0.999125
AGNC,2022-07-11,11.34,Q3'22,Q2'22,11.43,0.992126
AGNC,2022-07-12,11.42,Q3'22,Q2'22,11.43,0.999125
AGNC,2022-07-13,11.6,Q3'22,Q2'22,11.43,1.014873
AGNC,2022-07-14,11.43,Q3'22,Q2'22,11.43,1.0
AGNC,2022-07-15,11.69,Q3'22,Q2'22,11.43,1.022747
AGNC,2022-07-18,11.61,Q3'22,Q2'22,11.43,1.015748
AGNC,2022-07-19,12.0,Q3'22,Q2'22,11.43,1.049869
AGNC,2022-07-20,12.12,Q3'22,Q2'22,11.43,1.060367
AGNC,2022-07-21,12.22,Q3'22,Q2'22,11.43,1.069116
AGNC,2022-07-22,12.15,Q3'22,Q2'22,11.43,1.062992
AGNC,2022-07-25,12.27,Q3'22,Q2'22,11.43,1.073491
AGNC,2022-07-26,12.12,Q3'22,Q2'22,11.43,1.060367
AGNC,2022-07-27,12.4,Q3'22,Q2'22,11.43,1.084864
AGNC,2022-07-28,12.57,Q3'22,Q2'22,11.43,1.099738
AGNC,2022-07-29,12.61,Q3'22,Q2'22,11.43,1.103237
AGNC,2022-08-01,12.67,Q3'22,Q2'22,11.43,1.108486
AGNC,2022-08-02,12.3,Q3'22,Q2'22,11.43,1.076116
AGNC,2022-08-03,12.38,Q3'22,Q2'22,11.43,1.083115
AGNC,2022-08-04,12.31,Q3'22,Q2'22,11.43,1.07699
AGNC,2022-08-05,12.25,Q3'22,Q2'22,11.43,1.071741
AGNC,2022-08-08,12.41,Q3'22,Q2'22,11.43,1.085739
AGNC,2022-08-09,12.44,Q3'22,Q2'22,11.43,1.088364
AGNC,2022-08-10,12.54,Q3'22,Q2'22,11.43,1.097113
AGNC,2022-08-11,12.68,Q3'22,Q2'22,11.43,1.109361
AGNC,2022-08-12,12.78,Q3'22,Q2'22,11.43,1.11811
AGNC,2022-08-15,12.79,Q3'22,Q2'22,11.43,1.118985
AGNC,2022-08-16,12.8,Q3'22,Q2'22,11.43,1.11986
AGNC,2022-08-17,12.72,Q3'22,Q2'22,11.43,1.112861
AGNC,2022-08-18,12.68,Q3'22,Q2'22,11.43,1.109361
AGNC,2022-08-19,12.51,Q3'22,Q2'22,11.43,1.094488
AGNC,2022-08-22,12.22,Q3'22,Q2'22,11.43,1.069116
AGNC,2022-08-23,12.32,Q3'22,Q2'22,11.43,1.077865
AGNC,2022-08-24,12.4,Q3'22,Q2'22,11.43,1.084864
AGNC,2022-08-25,12.53,Q3'22,Q2'22,11.43,1.096238
AGNC,2022-08-26,12.37,Q3'22,Q2'22,11.43,1.08224
AGNC,2022-08-29,12.31,Q3'22,Q2'22,11.43,1.07699
AGNC,2022-08-30,11.94,Q3'22,Q2'22,11.43,1.044619
AGNC,2022-08-31,11.95,Q3'22,Q2'22,11.43,1.045494
AGNC,2022-09-01,11.83,Q3'22,Q2'22,11.43,1.034996
AGNC,2022-09-02,11.77,Q3'22,Q2'22,11.43,1.029746
AGNC,2022-09-06,11.75,Q3'22,Q2'22,11.43,1.027997
AGNC,2022-09-07,11.92,Q3'22,Q2'22,11.43,1.04287
AGNC,2022-09-08,12.02,Q3'22,Q2'22,11.43,1.051619
AGNC,2022-09-09,11.91,Q3'22,Q2'22,11.43,1.041995
AGNC,2022-09-12,11.85,Q3'22,Q2'22,11.43,1.036745
AGNC,2022-09-13,11.55,Q3'22,Q2'22,11.43,1.010499
AGNC,2022-09-14,11.55,Q3'22,Q2'22,11.43,1.010499
AGNC,2022-09-15,11.19,Q3'22,Q2'22,11.43,0.979003
AGNC,2022-09-16,11.24,Q3'22,Q2'22,11.43,0.983377
AGNC,2022-09-19,11.27,Q3'22,Q2'22,11.43,0.986002
AGNC,2022-09-20,11.19,Q3'22,Q2'22,11.43,0.979003
AGNC,2022-09-21,11.03,Q3'22,Q2'22,11.43,0.965004
AGNC,2022-09-22,10.77,Q3'22,Q2'22,11.43,0.942257
AGNC,2022-09-23,10.42,Q3'22,Q2'22,11.43,0.911636
AGNC,2022-09-26,9.62,Q3'22,Q2'22,11.43,0.841645
AGNC,2022-09-27,9.08,Q3'22,Q2'22,11.43,0.794401
AGNC,2022-09-28,9.22,Q3'22,Q2'22,11.43,0.806649
AGNC,2022-09-29,8.68,Q3'22,Q2'22,11.43,0.759405
AGNC,2022-09-30,8.42,Q3'22,Q2'22,11.43,0.736658
AGNC,2022-10-03,8.52,Q4'22,Q3'22,9.08,0.938326
AGNC,2022-10-04,9.11,Q4'22,Q3'22,9.08,1.003304
AGNC,2022-10-05,8.5,Q4'22,Q3'22,9.08,0.936123
AGNC,2022-10-06,8.2,Q4'22,Q3'22,9.08,0.903084
AGNC,2022-10-07,7.87,Q4'22,Q3'22,9.08,0.86674
AGNC,2022-10-10,7.37,Q4'22,Q3'22,9.08,0.811674
AGNC,2022-10-11,8.17,Q4'22,Q3'22,9.08,0.89978
AGNC,2022-10-12,8.0,Q4'22,Q3'22,9.08,0.881057
AGNC,2022-10-13,8.04,Q4'22,Q3'22,9.08,0.885463
AGNC,2022-10-14,7.89,Q4'22,Q3'22,9.08,0.868943
AGNC,2022-10-17,7.96,Q4'22,Q3'22,9.08,0.876652
AGNC,2022-10-18,8.09,Q4'22,Q3'22,9.08,0.890969
AGNC,2022-10-19,7.91,Q4'22,Q3'22,9.08,0.871145
AGNC,2022-10-20,7.83,Q4'22,Q3'22,9.08,0.862335
AGNC,2022-10-21,7.74,Q4'22,Q3'22,9.08,0.852423
AGNC,2022-10-24,7.62,Q4'22,Q3'22,9.08,0.839207
AGNC,2022-10-25,7.91,Q4'22,Q3'22,9.08,0.871145
AGNC,2022-10-26,7.92,Q4'22,Q3'22,9.08,0.872247
AGNC,2022-10-27,7.89,Q4'22,Q3'22,9.08,0.868943
AGNC,2022-10-28,8.18,Q4'22,Q3'22,9.08,0.900881
AGNC,2022-10-31,8.22,Q4'22,Q3'22,9.08,0.905286
AGNC,2022-11-01,8.22,Q4'22,Q3'22,9.08,0.905286
AGNC,2022-11-02,8.16,Q4'22,Q3'22,9.08,0.898678
AGNC,2022-11-03,8.05,Q4'22,Q3'22,9.08,0.886564
AGNC,2022-11-04,8.35,Q4'22,Q3'22,9.08,0.919604
AGNC,2022-11-07,8.44,Q4'22,Q3'22,9.08,0.929515
AGNC,2022-11-08,8.56,Q4'22,Q3'22,9.08,0.942731
AGNC,2022-11-09,8.62,Q4'22,Q3'22,9.08,0.949339
AGNC,2022-11-10,9.45,Q4'22,Q3'22,9.08,1.040749
AGNC,2022-11-11,9.63,Q4'22,Q3'22,9.08,1.060573
AGNC,2022-11-14,9.36,Q4'22,Q3'22,9.08,1.030837
AGNC,2022-11-15,9.59,Q4'22,Q3'22,9.08,1.056167
AGNC,2022-11-16,9.46,Q4'22,Q3'22,9.08,1.04185
AGNC,2022-11-17,9.22,Q4'22,Q3'22,9.08,1.015419
AGNC,2022-11-18,9.13,Q4'22,Q3'22,9.08,1.005507
AGNC,2022-11-21,9.4,Q4'22,Q3'22,9.08,1.035242
AGNC,2022-11-22,9.5,Q4'22,Q3'22,9.08,1.046256
AGNC,2022-11-23,9.85,Q4'22,Q3'22,9.08,1.084802
AGNC,2022-11-25,10.02,Q4'22,Q3'22,9.08,1.103524
AGNC,2022-11-28,9.76,Q4'22,Q3'22,9.08,1.07489
AGNC,2022-11-29,9.71,Q4'22,Q3'22,9.08,1.069383
AGNC,2022-11-30,9.99,Q4'22,Q3'22,9.08,1.10022
AGNC,2022-12-01,10.07,Q4'22,Q3'22,9.08,1.109031
AGNC,2022-12-02,10.01,Q4'22,Q3'22,9.08,1.102423
AGNC,2022-12-05,9.82,Q4'22,Q3'22,9.08,1.081498
AGNC,2022-12-06,9.69,Q4'22,Q3'22,9.08,1.067181
AGNC,2022-12-07,9.83,Q4'22,Q3'22,9.08,1.082599
AGNC,2022-12-08,9.92,Q4'22,Q3'22,9.08,1.092511
AGNC,2022-12-09,9.9,Q4'22,Q3'22,9.08,1.090308
AGNC,2022-12-12,9.91,Q4'22,Q3'22,9.08,1.09141
AGNC,2022-12-13,10.17,Q4'22,Q3'22,9.08,1.120044
AGNC,2022-12-14,10.14,Q4'22,Q3'22,9.08,1.11674
AGNC,2022-12-15,10.24,Q4'22,Q3'22,9.08,1.127753
AGNC,2022-12-16,10.14,Q4'22,Q3'22,9.08,1.11674
AGNC,2022-12-19,10.18,Q4'22,Q3'22,9.08,1.121145
AGNC,2022-12-20,10.33,Q4'22,Q3'22,9.08,1.137665
AGNC,2022-12-21,10.58,Q4'22,Q3'22,9.08,1.165198
AGNC,2022-12-22,10.65,Q4'22,Q3'22,9.08,1.172907
AGNC,2022-12-23,10.71,Q4'22,Q3'22,9.08,1.179515
AGNC,2022-12-27,10.69,Q4'22,Q3'22,9.08,1.177313
AGNC,2022-12-28,10.41,Q4'22,Q3'22,9.08,1.146476
AGNC,2022-12-29,10.48,Q4'22,Q3'22,9.08,1.154185
AGNC,2022-12-30,10.35,Q4'22,Q3'22,9.08,1.139868
AGNC,2023-01-03,10.46,Q1'23,Q4'22,9.84,1.063008
AGNC,2023-01-04,10.63,Q1'23,Q4'22,9.84,1.080285
AGNC,2023-01-05,10.62,Q1'23,Q4'22,9.84,1.079268
AGNC,2023-01-06,10.85,Q1'23,Q4'22,9.84,1.102642
AGNC,2023-01-09,10.87,Q1'23,Q4'22,9.84,1.104675
AGNC,2023-01-10,10.98,Q1'23,Q4'22,9.84,1.115854
AGNC,2023-01-11,11.14,Q1'23,Q4'22,9.84,1.132114
AGNC,2023-01-12,11.28,Q1'23,Q4'22,9.84,1.146341
AGNC,2023-01-13,11.3,Q1'23,Q4'22,9.84,1.148374
AGNC,2023-01-17,11.21,Q1'23,Q4'22,9.84,1.139228
AGNC,2023-01-18,11.36,Q1'23,Q4'22,9.84,1.154472
AGNC,2023-01-19,11.37,Q1'23,Q4'22,9.84,1.155488
AGNC,2023-01-20,11.53,Q1'23,Q4'22,9.84,1.171748
AGNC,2023-01-23,11.58,Q1'23,Q4'22,9.84,1.176829
AGNC,2023-01-24,11.5,Q1'23,Q4'22,9.84,1.168699
AGNC,2023-01-25,11.38,Q1'23,Q4'22,9.84,1.156504
AGNC,2023-01-26,11.5,Q1'23,Q4'22,9.84,1.168699
AGNC,2023-01-27,11.68,Q1'23,Q4'22,9.84,1.186992
AGNC,2023-01-30,11.28,Q1'23,Q4'22,9.84,1.146341
AGNC,2023-01-31,11.6,Q1'23,Q4'22,9.84,1.178862
AGNC,2023-02-01,11.95,Q1'23,Q4'22,9.84,1.214431
AGNC,2023-02-02,12.14,Q1'23,Q4'22,9.84,1.23374
AGNC,2023-02-03,11.96,Q1'23,Q4'22,9.84,1.215447
AGNC,2023-02-06,11.51,Q1'23,Q4'22,9.84,1.169715
AGNC,2023-02-07,11.74,Q1'23,Q4'22,9.84,1.193089
AGNC,2023-02-08,11.73,Q1'23,Q4'22,9.84,1.192073
AGNC,2023-02-09,11.46,Q1'23,Q4'22,9.84,1.164634
AGNC,2023-02-10,11.35,Q1'23,Q4'22,9.84,1.153455
AGNC,2023-02-13,11.44,Q1'23,Q4'22,9.84,1.162602
AGNC,2023-02-14,11.41,Q1'23,Q4'22,9.84,1.159553
AGNC,2023-02-15,11.48,Q1'23,Q4'22,9.84,1.166667
AGNC,2023-02-16,11.47,Q1'23,Q4'22,9.84,1.16565
AGNC,2023-02-17,11.39,Q1'23,Q4'22,9.84,1.15752
AGNC,2023-02-21,11.12,Q1'23,Q4'22,9.84,1.130081
AGNC,2023-02-22,11.25,Q1'23,Q4'22,9.84,1.143293
AGNC,2023-02-23,11.32,Q1'23,Q4'22,9.84,1.150406
AGNC,2023-02-24,11.1,Q1'23,Q4'22,9.84,1.128049
AGNC,2023-02-27,10.89,Q1'23,Q4'22,9.84,1.106707
AGNC,2023-02-28,10.87,Q1'23,Q4'22,9.84,1.104675
AGNC,2023-03-01,10.59,Q1'23,Q4'22,9.84,1.07622
AGNC,2023-03-02,10.55,Q1'23,Q4'22,9.84,1.072154
AGNC,2023-03-03,10.71,Q1'23,Q4'22,9.84,1.088415
AGNC,2023-03-06,10.72,Q1'23,Q4'22,9.84,1.089431
AGNC,2023-03-07,10.59,Q1'23,Q4'22,9.84,1.07622
AGNC,2023-03-08,10.81,Q1'23,Q4'22,9.84,1.098577
AGNC,2023-03-09,10.45,Q1'23,Q4'22,9.84,1.061992
AGNC,2023-03-10,9.97,Q1'23,Q4'22,9.84,1.013211
AGNC,2023-03-13,9.96,Q1'23,Q4'22,9.84,1.012195
AGNC,2023-03-14,10.26,Q1'23,Q4'22,9.84,1.042683
AGNC,2023-03-15,9.89,Q1'23,Q4'22,9.84,1.005081
AGNC,2023-03-16,9.96,Q1'23,Q4'22,9.84,1.012195
AGNC,2023-03-17,9.74,Q1'23,Q4'22,9.84,0.989837
AGNC,2023-03-20,9.68,Q1'23,Q4'22,9.84,0.98374
AGNC,2023-03-21,9.85,Q1'23,Q4'22,9.84,1.001016
AGNC,2023-03-22,9.76,Q1'23,Q4'22,9.84,0.99187
AGNC,2023-03-23,9.63,Q1'23,Q4'22,9.84,0.978659
AGNC,2023-03-24,9.79,Q1'23,Q4'22,9.84,0.994919
AGNC,2023-03-27,9.89,Q1'23,Q4'22,9.84,1.005081
AGNC,2023-03-28,9.86,Q1'23,Q4'22,9.84,1.002032
AGNC,2023-03-29,9.93,Q1'23,Q4'22,9.84,1.009146
AGNC,2023-03-30,9.91,Q1'23,Q4'22,9.84,1.007114
AGNC,2023-03-31,10.08,Q1'23,Q4'22,9.84,1.02439
AGNC,2023-04-03,9.98,Q2'23,Q1'23,9.41,1.060574
AGNC,2023-04-04,10.15,Q2'23,Q1'23,9.41,1.07864
AGNC,2023-04-05,10.31,Q2'23,Q1'23,9.41,1.095643
AGNC,2023-04-06,10.29,Q2'23,Q1'23,9.41,1.093518
AGNC,2023-04-10,10.02,Q2'23,Q1'23,9.41,1.064825
AGNC,2023-04-11,10.04,Q2'23,Q1'23,9.41,1.06695
AGNC,2023-04-12,10.01,Q2'23,Q1'23,9.41,1.063762
AGNC,2023-04-13,10.06,Q2'23,Q1'23,9.41,1.069075
AGNC,2023-04-14,9.96,Q2'23,Q1'23,9.41,1.058448
AGNC,2023-04-17,10.07,Q2'23,Q1'23,9.41,1.070138
AGNC,2023-04-18,10.0,Q2'23,Q1'23,9.41,1.062699
AGNC,2023-04-19,10.0,Q2'23,Q1'23,9.41,1.062699
AGNC,2023-04-20,9.98,Q2'23,Q1'23,9.41,1.060574
AGNC,2023-04-21,10.05,Q2'23,Q1'23,9.41,1.068013
AGNC,2023-04-24,10.05,Q2'23,Q1'23,9.41,1.068013
AGNC,2023-04-25,9.75,Q2'23,Q1'23,9.41,1.036132
AGNC,2023-04-26,9.78,Q2'23,Q1'23,9.41,1.03932
AGNC,2023-04-27,9.78,Q2'23,Q1'23,9.41,1.03932
AGNC,2023-04-28,9.91,Q2'23,Q1'23,9.41,1.053135
AGNC,2023-05-01,9.57,Q2'23,Q1'23,9.41,1.017003
AGNC,2023-05-02,9.24,Q2'23,Q1'23,9.41,0.981934
AGNC,2023-05-03,9.41,Q2'23,Q1'23,9.41,1.0
AGNC,2023-05-04,9.25,Q2'23,Q1'23,9.41,0.982997
AGNC,2023-05-05,9.47,Q2'23,Q1'23,9.41,1.006376
AGNC,2023-05-08,9.5,Q2'23,Q1'23,9.41,1.009564
AGNC,2023-05-09,9.36,Q2'23,Q1'23,9.41,0.994686
AGNC,2023-05-10,9.34,Q2'23,Q1'23,9.41,0.992561
AGNC,2023-05-11,9.34,Q2'23,Q1'23,9.41,0.992561
AGNC,2023-05-12,9.17,Q2'23,Q1'23,9.41,0.974495
AGNC,2023-05-15,9.12,Q2'23,Q1'23,9.41,0.969182
AGNC,2023-05-16,9.02,Q2'23,Q1'23,9.41,0.958555
AGNC,2023-05-17,9.19,Q2'23,Q1'23,9.41,0.976621
AGNC,2023-05-18,9.28,Q2'23,Q1'23,9.41,0.986185
AGNC,2023-05-19,9.21,Q2'23,Q1'23,9.41,0.978746
AGNC,2023-05-22,9.17,Q2'23,Q1'23,9.41,0.974495
AGNC,2023-05-23,9.01,Q2'23,Q1'23,9.41,0.957492
AGNC,2023-05-24,8.87,Q2'23,Q1'23,9.41,0.942614
AGNC,2023-05-25,8.75,Q2'23,Q1'23,9.41,0.929862
AGNC,2023-05-26,9.11,Q2'23,Q1'23,9.41,0.968119
AGNC,2023-05-30,9.27,Q2'23,Q1'23,9.41,0.985122
AGNC,2023-05-31,9.19,Q2'23,Q1'23,9.41,0.976621
AGNC,2023-06-01,9.45,Q2'23,Q1'23,9.41,1.004251
AGNC,2023-06-02,9.47,Q2'23,Q1'23,9.41,1.006376
AGNC,2023-06-05,9.49,Q2'23,Q1'23,9.41,1.008502
AGNC,2023-06-06,9.66,Q2'23,Q1'23,9.41,1.026567
AGNC,2023-06-07,9.68,Q2'23,Q1'23,9.41,1.028693
AGNC,2023-06-08,9.73,Q2'23,Q1'23,9.41,1.034006
AGNC,2023-06-09,9.79,Q2'23,Q1'23,9.41,1.040383
AGNC,2023-06-12,10.03,Q2'23,Q1'23,9.41,1.065887
AGNC,2023-06-13,10.14,Q2'23,Q1'23,9.41,1.077577
AGNC,2023-06-14,10.12,Q2'23,Q1'23,9.41,1.075452
AGNC,2023-06-15,10.25,Q2'23,Q1'23,9.41,1.089267
AGNC,2023-06-16,10.21,Q2'23,Q1'23,9.41,1.085016
AGNC,2023-06-20,10.13,Q2'23,Q1'23,9.41,1.076514
AGNC,2023-06-21,10.18,Q2'23,Q1'23,9.41,1.081828
AGNC,2023-06-22,10.13,Q2'23,Q1'23,9.41,1.076514
AGNC,2023-06-23,9.94,Q2'23,Q1'23,9.41,1.056323
AGNC,2023-06-26,10.16,Q2'23,Q1'23,9.41,1.079702
AGNC,2023-06-27,10.29,Q2'23,Q1'23,9.41,1.093518
AGNC,2023-06-28,10.32,Q2'23,Q1'23,9.41,1.096706
AGNC,2023-06-29,10.15,Q2'23,Q1'23,9.41,1.07864
AGNC,2023-06-30,10.13,Q2'23,Q1'23,9.41,1.076514
AGNC,2023-07-03,9.97,Q3'23,Q2'23,9.39,1.061768
AGNC,2023-07-05,9.79,Q3'23,Q2'23,9.39,1.042599
AGNC,2023-07-06,9.47,Q3'23,Q2'23,9.39,1.00852
AGNC,2023-07-07,9.76,Q3'23,Q2'23,9.39,1.039404
AGNC,2023-07-10,9.97,Q3'23,Q2'23,9.39,1.061768
AGNC,2023-07-11,9.95,Q3'23,Q2'23,9.39,1.059638
AGNC,2023-07-12,10.15,Q3'23,Q2'23,9.39,1.080937
AGNC,2023-07-13,10.25,Q3'23,Q2'23,9.39,1.091587
AGNC,2023-07-14,10.13,Q3'23,Q2'23,9.39,1.078807
AGNC,2023-07-17,10.21,Q3'23,Q2'23,9.39,1.087327
AGNC,2023-07-18,10.26,Q3'23,Q2'23,9.39,1.092652
AGNC,2023-07-19,10.31,Q3'23,Q2'23,9.39,1.097977
AGNC,2023-07-20,10.14,Q3'23,Q2'23,9.39,1.079872
AGNC,2023-07-21,10.1,Q3'23,Q2'23,9.39,1.075612
AGNC,2023-07-24,10.26,Q3'23,Q2'23,9.39,1.092652
AGNC,2023-07-25,10.4,Q3'23,Q2'23,9.39,1.107561
AGNC,2023-07-26,10.5,Q3'23,Q2'23,9.39,1.118211
AGNC,2023-07-27,10.22,Q3'23,Q2'23,9.39,1.088392
AGNC,2023-07-28,10.33,Q3'23,Q2'23,9.39,1.100106
AGNC,2023-07-31,10.19,Q3'23,Q2'23,9.39,1.085197
AGNC,2023-08-01,10.11,Q3'23,Q2'23,9.39,1.076677
AGNC,2023-08-02,10.04,Q3'23,Q2'23,9.39,1.069223
AGNC,2023-08-03,9.71,Q3'23,Q2'23,9.39,1.034079
AGNC,2023-08-04,9.91,Q3'23,Q2'23,9.39,1.055378
AGNC,2023-08-07,9.97,Q3'23,Q2'23,9.39,1.061768
AGNC,2023-08-08,10.03,Q3'23,Q2'23,9.39,1.068158
AGNC,2023-08-09,9.99,Q3'23,Q2'23,9.39,1.063898
AGNC,2023-08-10,9.98,Q3'23,Q2'23,9.39,1.062833
AGNC,2023-08-11,9.85,Q3'23,Q2'23,9.39,1.048988
AGNC,2023-08-14,9.68,Q3'23,Q2'23,9.39,1.030884
AGNC,2023-08-15,9.61,Q3'23,Q2'23,9.39,1.023429
AGNC,2023-08-16,9.55,Q3'23,Q2'23,9.39,1.017039
AGNC,2023-08-17,9.45,Q3'23,Q2'23,9.39,1.00639
AGNC,2023-08-18,9.48,Q3'23,Q2'23,9.39,1.009585
AGNC,2023-08-21,9.51,Q3'23,Q2'23,9.39,1.01278
AGNC,2023-08-22,9.46,Q3'23,Q2'23,9.39,1.007455
AGNC,2023-08-23,9.68,Q3'23,Q2'23,9.39,1.030884
AGNC,2023-08-24,9.71,Q3'23,Q2'23,9.39,1.034079
AGNC,2023-08-25,9.76,Q3'23,Q2'23,9.39,1.039404
AGNC,2023-08-28,9.99,Q3'23,Q2'23,9.39,1.063898
AGNC,2023-08-29,10.12,Q3'23,Q2'23,9.39,1.077742
AGNC,2023-08-30,9.85,Q3'23,Q2'23,9.39,1.048988
AGNC,2023-08-31,9.91,Q3'23,Q2'23,9.39,1.055378
AGNC,2023-09-01,9.96,Q3'23,Q2'23,9.39,1.060703
AGNC,2023-09-05,9.76,Q3'23,Q2'23,9.39,1.039404
AGNC,2023-09-06,9.68,Q3'23,Q2'23,9.39,1.030884
AGNC,2023-09-07,9.63,Q3'23,Q2'23,9.39,1.025559
AGNC,2023-09-08,9.69,Q3'23,Q2'23,9.39,1.031949
AGNC,2023-09-11,9.83,Q3'23,Q2'23,9.39,1.046858
AGNC,2023-09-12,9.77,Q3'23,Q2'23,9.39,1.040469
AGNC,2023-09-13,9.93,Q3'23,Q2'23,9.39,1.057508
AGNC,2023-09-14,10.09,Q3'23,Q2'23,9.39,1.074547
AGNC,2023-09-15,10.07,Q3'23,Q2'23,9.39,1.072417
AGNC,2023-09-18,10.17,Q3'23,Q2'23,9.39,1.083067
AGNC,2023-09-19,10.12,Q3'23,Q2'23,9.39,1.077742
AGNC,2023-09-20,10.11,Q3'23,Q2'23,9.39,1.076677
AGNC,2023-09-21,9.78,Q3'23,Q2'23,9.39,1.041534
AGNC,2023-09-22,9.81,Q3'23,Q2'23,9.39,1.044728
AGNC,2023-09-25,9.67,Q3'23,Q2'23,9.39,1.029819
AGNC,2023-09-26,9.45,Q3'23,Q2'23,9.39,1.00639
AGNC,2023-09-27,9.38,Q3'23,Q2'23,9.39,0.998935
AGNC,2023-09-28,9.4,Q3'23,Q2'23,9.39,1.001065
AGNC,2023-09-29,9.44,Q3'23,Q2'23,9.39,1.005325
AGNC,2023-10-02,9.11,Q4'23,Q3'23,8.08,1.127475
AGNC,2023-10-03,8.92,Q4'23,Q3'23,8.08,1.10396
AGNC,2023-10-04,8.79,Q4'23,Q3'23,8.08,1.087871
AGNC,2023-10-05,9.0,Q4'23,Q3'23,8.08,1.113861
AGNC,2023-10-06,8.93,Q4'23,Q3'23,8.08,1.105198
AGNC,2023-10-09,9.09,Q4'23,Q3'23,8.08,1.125
AGNC,2023-10-10,9.12,Q4'23,Q3'23,8.08,1.128713
AGNC,2023-10-11,9.18,Q4'23,Q3'23,8.08,1.136139
AGNC,2023-10-12,8.93,Q4'23,Q3'23,8.08,1.105198
AGNC,2023-10-13,8.78,Q4'23,Q3'23,8.08,1.086634
AGNC,2023-10-16,8.91,Q4'23,Q3'23,8.08,1.102723
AGNC,2023-10-17,8.85,Q4'23,Q3'23,8.08,1.095297
AGNC,2023-10-18,8.58,Q4'23,Q3'23,8.08,1.061881
AGNC,2023-10-19,8.26,Q4'23,Q3'23,8.08,1.022277
AGNC,2023-10-20,8.2,Q4'23,Q3'23,8.08,1.014851
AGNC,2023-10-23,8.11,Q4'23,Q3'23,8.08,1.003713
AGNC,2023-10-24,7.54,Q4'23,Q3'23,8.08,0.933168
AGNC,2023-10-25,6.98,Q4'23,Q3'23,8.08,0.863861
AGNC,2023-10-26,7.13,Q4'23,Q3'23,8.08,0.882426
AGNC,2023-10-27,7.0,Q4'23,Q3'23,8.08,0.866337
AGNC,2023-10-30,6.94,Q4'23,Q3'23,8.08,0.858911
AGNC,2023-10-31,7.38,Q4'23,Q3'23,8.08,0.913366
AGNC,2023-11-01,7.76,Q4'23,Q3'23,8.08,0.960396
AGNC,2023-11-02,8.16,Q4'23,Q3'23,8.08,1.009901
AGNC,2023-11-03,8.35,Q4'23,Q3'23,8.08,1.033416
AGNC,2023-11-06,8.34,Q4'23,Q3'23,8.08,1.032178
AGNC,2023-11-07,8.46,Q4'23,Q3'23,8.08,1.04703
AGNC,2023-11-08,8.51,Q4'23,Q3'23,8.08,1.053218
AGNC,2023-11-09,8.27,Q4'23,Q3'23,8.08,1.023515
AGNC,2023-11-10,8.4,Q4'23,Q3'23,8.08,1.039604
AGNC,2023-11-13,8.44,Q4'23,Q3'23,8.08,1.044554
AGNC,2023-11-14,8.67,Q4'23,Q3'23,8.08,1.07302
AGNC,2023-11-15,8.67,Q4'23,Q3'23,8.08,1.07302
AGNC,2023-11-16,8.68,Q4'23,Q3'23,8.08,1.074257
AGNC,2023-11-17,8.7,Q4'23,Q3'23,8.08,1.076733
AGNC,2023-11-20,8.77,Q4'23,Q3'23,8.08,1.085396
AGNC,2023-11-21,8.82,Q4'23,Q3'23,8.08,1.091584
AGNC,2023-11-22,8.79,Q4'23,Q3'23,8.08,1.087871
AGNC,2023-11-24,8.71,Q4'23,Q3'23,8.08,1.07797
AGNC,2023-11-27,8.72,Q4'23,Q3'23,8.08,1.079208
AGNC,2023-11-28,8.84,Q4'23,Q3'23,8.08,1.094059
AGNC,2023-11-29,8.95,Q4'23,Q3'23,8.08,1.107673
AGNC,2023-11-30,8.82,Q4'23,Q3'23,8.08,1.091584
AGNC,2023-12-01,9.05,Q4'23,Q3'23,8.08,1.12005
AGNC,2023-12-04,9.08,Q4'23,Q3'23,8.08,1.123762
AGNC,2023-12-05,9.0,Q4'23,Q3'23,8.08,1.113861
AGNC,2023-12-06,8.91,Q4'23,Q3'23,8.08,1.102723
AGNC,2023-12-07,8.96,Q4'23,Q3'23,8.08,1.108911
AGNC,2023-12-08,9.01,Q4'23,Q3'23,8.08,1.115099
AGNC,2023-12-11,8.92,Q4'23,Q3'23,8.08,1.10396
AGNC,2023-12-12,8.95,Q4'23,Q3'23,8.08,1.107673
AGNC,2023-12-13,9.37,Q4'23,Q3'23,8.08,1.159653
AGNC,2023-12-14,9.88,Q4'23,Q3'23,8.08,1.222772
AGNC,2023-12-15,9.73,Q4'23,Q3'23,8.08,1.204208
AGNC,2023-12-18,9.73,Q4'23,Q3'23,8.08,1.204208
AGNC,2023-12-19,9.85,Q4'23,Q3'23,8.08,1.219059
AGNC,2023-12-20,9.77,Q4'23,Q3'23,8.08,1.209158
AGNC,2023-12-21,9.92,Q4'23,Q3'23,8.08,1.227723
AGNC,2023-12-22,9.95,Q4'23,Q3'23,8.08,1.231436
AGNC,2023-12-26,10.07,Q4'23,Q3'23,8.08,1.246287
AGNC,2023-12-27,10.13,Q4'23,Q3'23,8.08,1.253713
AGNC,2023-12-28,10.06,Q4'23,Q3'23,8.08,1.24505
AGNC,2023-12-29,9.81,Q4'23,Q3'23,8.08,1.214109
AGNC,2024-01-02,9.66,Q1'24,Q4'23,8.7,1.110345
AGNC,2024-01-03,9.5,Q1'24,Q4'23,8.7,1.091954
AGNC,2024-01-04,9.39,Q1'24,Q4'23,8.7,1.07931
AGNC,2024-01-05,9.6,Q1'24,Q4'23,8.7,1.103448
AGNC,2024-01-08,9.96,Q1'24,Q4'23,8.7,1.144828
AGNC,2024-01-09,9.95,Q1'24,Q4'23,8.7,1.143678
AGNC,2024-01-10,9.93,Q1'24,Q4'23,8.7,1.141379
AGNC,2024-01-11,9.97,Q1'24,Q4'23,8.7,1.145977
AGNC,2024-01-12,10.07,Q1'24,Q4'23,8.7,1.157471
AGNC,2024-01-16,9.94,Q1'24,Q4'23,8.7,1.142529
AGNC,2024-01-17,9.7,Q1'24,Q4'23,8.7,1.114943
AGNC,2024-01-18,9.76,Q1'24,Q4'23,8.7,1.121839
AGNC,2024-01-19,9.79,Q1'24,Q4'23,8.7,1.125287
AGNC,2024-01-22,9.7,Q1'24,Q4'23,8.7,1.114943
AGNC,2024-01-23,9.75,Q1'24,Q4'23,8.7,1.12069
AGNC,2024-01-24,9.72,Q1'24,Q4'23,8.7,1.117241
AGNC,2024-01-25,9.82,Q1'24,Q4'23,8.7,1.128736
AGNC,2024-01-26,9.81,Q1'24,Q4'23,8.7,1.127586
AGNC,2024-01-29,9.92,Q1'24,Q4'23,8.7,1.14023
AGNC,2024-01-30,9.59,Q1'24,Q4'23,8.7,1.102299
AGNC,2024-01-31,9.48,Q1'24,Q4'23,8.7,1.089655
AGNC,2024-02-01,9.67,Q1'24,Q4'23,8.7,1.111494
AGNC,2024-02-02,9.55,Q1'24,Q4'23,8.7,1.097701
AGNC,2024-02-05,9.39,Q1'24,Q4'23,8.7,1.07931
AGNC,2024-02-06,9.48,Q1'24,Q4'23,8.7,1.089655
AGNC,2024-02-07,9.32,Q1'24,Q4'23,8.7,1.071264
AGNC,2024-02-08,9.35,Q1'24,Q4'23,8.7,1.074713
AGNC,2024-02-09,9.44,Q1'24,Q4'23,8.7,1.085057
AGNC,2024-02-12,9.54,Q1'24,Q4'23,8.7,1.096552
AGNC,2024-02-13,9.21,Q1'24,Q4'23,8.7,1.058621
AGNC,2024-02-14,9.25,Q1'24,Q4'23,8.7,1.063218
AGNC,2024-02-15,9.56,Q1'24,Q4'23,8.7,1.098851
AGNC,2024-02-16,9.48,Q1'24,Q4'23,8.7,1.089655
AGNC,2024-02-20,9.5,Q1'24,Q4'23,8.7,1.091954
AGNC,2024-02-21,9.48,Q1'24,Q4'23,8.7,1.089655
AGNC,2024-02-22,9.45,Q1'24,Q4'23,8.7,1.086207
AGNC,2024-02-23,9.51,Q1'24,Q4'23,8.7,1.093103
AGNC,2024-02-26,9.54,Q1'24,Q4'23,8.7,1.096552
AGNC,2024-02-27,9.57,Q1'24,Q4'23,8.7,1.1
AGNC,2024-02-28,9.39,Q1'24,Q4'23,8.7,1.07931
AGNC,2024-02-29,9.56,Q1'24,Q4'23,8.7,1.098851
AGNC,2024-03-01,9.58,Q1'24,Q4'23,8.7,1.101149
AGNC,2024-03-04,9.5,Q1'24,Q4'23,8.7,1.091954
AGNC,2024-03-05,9.51,Q1'24,Q4'23,8.7,1.093103
AGNC,2024-03-06,9.58,Q1'24,Q4'23,8.7,1.101149
AGNC,2024-03-07,9.63,Q1'24,Q4'23,8.7,1.106897
AGNC,2024-03-08,9.73,Q1'24,Q4'23,8.7,1.118391
AGNC,2024-03-11,9.82,Q1'24,Q4'23,8.7,1.128736
AGNC,2024-03-12,9.84,Q1'24,Q4'23,8.7,1.131035
AGNC,2024-03-13,9.86,Q1'24,Q4'23,8.7,1.133333
AGNC,2024-03-14,9.62,Q1'24,Q4'23,8.7,1.105747
AGNC,2024-03-15,9.63,Q1'24,Q4'23,8.7,1.106897
AGNC,2024-03-18,9.6,Q1'24,Q4'23,8.7,1.103448
AGNC,2024-03-19,9.59,Q1'24,Q4'23,8.7,1.102299
AGNC,2024-03-20,9.74,Q1'24,Q4'23,8.7,1.11954
AGNC,2024-03-21,9.83,Q1'24,Q4'23,8.7,1.129885
AGNC,2024-03-22,9.78,Q1'24,Q4'23,8.7,1.124138
AGNC,2024-03-25,9.86,Q1'24,Q4'23,8.7,1.133333
AGNC,2024-03-26,9.74,Q1'24,Q4'23,8.7,1.11954
AGNC,2024-03-27,9.79,Q1'24,Q4'23,8.7,1.125287
AGNC,2024-03-28,9.9,Q1'24,Q4'23,8.7,1.137931
AGNC,2024-04-01,9.8,Q2'24,Q1'24,8.84,1.108597
AGNC,2024-04-02,9.7,Q2'24,Q1'24,8.84,1.097285
AGNC,2024-04-03,9.69,Q2'24,Q1'24,8.84,1.096154
AGNC,2024-04-04,9.65,Q2'24,Q1'24,8.84,1.091629
AGNC,2024-04-05,9.66,Q2'24,Q1'24,8.84,1.09276
AGNC,2024-04-08,9.7,Q2'24,Q1'24,8.84,1.097285
AGNC,2024-04-09,9.78,Q2'24,Q1'24,8.84,1.106335
AGNC,2024-04-10,9.32,Q2'24,Q1'24,8.84,1.054299
AGNC,2024-04-11,9.39,Q2'24,Q1'24,8.84,1.062217
AGNC,2024-04-12,9.31,Q2'24,Q1'24,8.84,1.053167
AGNC,2024-04-15,9.13,Q2'24,Q1'24,8.84,1.032805
AGNC,2024-04-16,8.96,Q2'24,Q1'24,8.84,1.013575
AGNC,2024-04-17,9.04,Q2'24,Q1'24,8.84,1.022624
AGNC,2024-04-18,9.06,Q2'24,Q1'24,8.84,1.024887
AGNC,2024-04-19,9.15,Q2'24,Q1'24,8.84,1.035068
AGNC,2024-04-22,9.2,Q2'24,Q1'24,8.84,1.040724
AGNC,2024-04-23,9.37,Q2'24,Q1'24,8.84,1.059955
AGNC,2024-04-24,9.36,Q2'24,Q1'24,8.84,1.058823
AGNC,2024-04-25,9.24,Q2'24,Q1'24,8.84,1.045249
AGNC,2024-04-26,9.33,Q2'24,Q1'24,8.84,1.05543
AGNC,2024-04-29,9.24,Q2'24,Q1'24,8.84,1.045249
AGNC,2024-04-30,9.15,Q2'24,Q1'24,8.84,1.035068
AGNC,2024-05-01,9.25,Q2'24,Q1'24,8.84,1.04638
AGNC,2024-05-02,9.3,Q2'24,Q1'24,8.84,1.052036
AGNC,2024-05-03,9.4,Q2'24,Q1'24,8.84,1.063348
AGNC,2024-05-06,9.54,Q2'24,Q1'24,8.84,1.079186
AGNC,2024-05-07,9.52,Q2'24,Q1'24,8.84,1.076923
AGNC,2024-05-08,9.53,Q2'24,Q1'24,8.84,1.078054
AGNC,2024-05-09,9.64,Q2'24,Q1'24,8.84,1.090498
AGNC,2024-05-10,9.66,Q2'24,Q1'24,8.84,1.09276
AGNC,2024-05-13,9.7,Q2'24,Q1'24,8.84,1.097285
AGNC,2024-05-14,9.76,Q2'24,Q1'24,8.84,1.104072
AGNC,2024-05-15,9.87,Q2'24,Q1'24,8.84,1.116516
AGNC,2024-05-16,9.89,Q2'24,Q1'24,8.84,1.118778
AGNC,2024-05-17,9.9,Q2'24,Q1'24,8.84,1.119909
AGNC,2024-05-20,9.81,Q2'24,Q1'24,8.84,1.109729
AGNC,2024-05-21,9.88,Q2'24,Q1'24,8.84,1.117647
AGNC,2024-05-22,9.77,Q2'24,Q1'24,8.84,1.105204
AGNC,2024-05-23,9.56,Q2'24,Q1'24,8.84,1.081448
AGNC,2024-05-24,9.64,Q2'24,Q1'24,8.84,1.090498
AGNC,2024-05-28,9.59,Q2'24,Q1'24,8.84,1.084842
AGNC,2024-05-29,9.47,Q2'24,Q1'24,8.84,1.071267
AGNC,2024-05-30,9.59,Q2'24,Q1'24,8.84,1.084842
AGNC,2024-05-31,9.59,Q2'24,Q1'24,8.84,1.084842
AGNC,2024-06-03,9.72,Q2'24,Q1'24,8.84,1.099548
AGNC,2024-06-04,9.72,Q2'24,Q1'24,8.84,1.099548
AGNC,2024-06-05,9.81,Q2'24,Q1'24,8.84,1.109729
AGNC,2024-06-06,9.73,Q2'24,Q1'24,8.84,1.100679
AGNC,2024-06-07,9.66,Q2'24,Q1'24,8.84,1.09276
AGNC,2024-06-10,9.66,Q2'24,Q1'24,8.84,1.09276
AGNC,2024-06-11,9.56,Q2'24,Q1'24,8.84,1.081448
AGNC,2024-06-12,9.73,Q2'24,Q1'24,8.84,1.100679
AGNC,2024-06-13,9.87,Q2'24,Q1'24,8.84,1.116516
AGNC,2024-06-14,9.79,Q2'24,Q1'24,8.84,1.107466
AGNC,2024-06-17,9.73,Q2'24,Q1'24,8.84,1.100679
AGNC,2024-06-18,9.73,Q2'24,Q1'24,8.84,1.100679
AGNC,2024-06-20,9.79,Q2'24,Q1'24,8.84,1.107466
AGNC,2024-06-21,9.76,Q2'24,Q1'24,8.84,1.104072
AGNC,2024-06-24,9.85,Q2'24,Q1'24,8.84,1.114253
AGNC,2024-06-25,9.76,Q2'24,Q1'24,8.84,1.104072
AGNC,2024-06-26,9.67,Q2'24,Q1'24,8.84,1.093891
AGNC,2024-06-27,9.64,Q2'24,Q1'24,8.84,1.090498
AGNC,2024-06-28,9.54,Q2'24,Q1'24,8.84,1.079186
AGNC,2024-07-01,9.48,Q3'24,Q2'24,8.4,1.128571
AGNC,2024-07-02,9.66,Q3'24,Q2'24,8.4,1.15
AGNC,2024-07-03,9.69,Q3'24,Q2'24,8.4,1.153571
AGNC,2024-07-05,9.75,Q3'24,Q2'24,8.4,1.160714
AGNC,2024-07-08,9.68,Q3'24,Q2'24,8.4,1.152381
AGNC,2024-07-09,9.74,Q3'24,Q2'24,8.4,1.159524
AGNC,2024-07-10,9.9,Q3'24,Q2'24,8.4,1.178571
AGNC,2024-07-11,10.15,Q3'24,Q2'24,8.4,1.208333
AGNC,2024-07-12,10.45,Q3'24,Q2'24,8.4,1.244048
AGNC,2024-07-15,10.37,Q3'24,Q2'24,8.4,1.234524
AGNC,2024-07-16,10.51,Q3'24,Q2'24,8.4,1.251191
AGNC,2024-07-17,10.38,Q3'24,Q2'24,8.4,1.235714
AGNC,2024-07-18,10.29,Q3'24,Q2'24,8.4,1.225
AGNC,2024-07-19,10.22,Q3'24,Q2'24,8.4,1.216667
AGNC,2024-07-22,10.25,Q3'24,Q2'24,8.4,1.220238
AGNC,2024-07-23,10.32,Q3'24,Q2'24,8.4,1.228571
AGNC,2024-07-24,9.94,Q3'24,Q2'24,8.4,1.183333
AGNC,2024-07-25,9.87,Q3'24,Q2'24,8.4,1.175
AGNC,2024-07-26,10.05,Q3'24,Q2'24,8.4,1.196429
AGNC,2024-07-29,10.1,Q3'24,Q2'24,8.4,1.202381
AGNC,2024-07-30,10.15,Q3'24,Q2'24,8.4,1.208333
AGNC,2024-07-31,10.01,Q3'24,Q2'24,8.4,1.191667
AGNC,2024-08-01,10.08,Q3'24,Q2'24,8.4,1.2
AGNC,2024-08-02,10.06,Q3'24,Q2'24,8.4,1.197619
AGNC,2024-08-05,9.78,Q3'24,Q2'24,8.4,1.164286
AGNC,2024-08-06,9.99,Q3'24,Q2'24,8.4,1.189286
AGNC,2024-08-07,9.95,Q3'24,Q2'24,8.4,1.184524
AGNC,2024-08-08,10.07,Q3'24,Q2'24,8.4,1.198809
AGNC,2024-08-09,10.09,Q3'24,Q2'24,8.4,1.20119
AGNC,2024-08-12,9.95,Q3'24,Q2'24,8.4,1.184524
AGNC,2024-08-13,10.0,Q3'24,Q2'24,8.4,1.190476
AGNC,2024-08-14,10.0,Q3'24,Q2'24,8.4,1.190476
AGNC,2024-08-15,10.04,Q3'24,Q2'24,8.4,1.195238
AGNC,2024-08-16,10.1,Q3'24,Q2'24,8.4,1.202381
AGNC,2024-08-19,10.16,Q3'24,Q2'24,8.4,1.209524
AGNC,2024-08-20,10.12,Q3'24,Q2'24,8.4,1.204762
AGNC,2024-08-21,10.15,Q3'24,Q2'24,8.4,1.208333
AGNC,2024-08-22,10.1,Q3'24,Q2'24,8.4,1.202381
AGNC,2024-08-23,10.19,Q3'24,Q2'24,8.4,1.213095
AGNC,2024-08-26,10.31,Q3'24,Q2'24,8.4,1.227381
AGNC,2024-08-27,10.26,Q3'24,Q2'24,8.4,1.221429
AGNC,2024-08-28,10.28,Q3'24,Q2'24,8.4,1.223809
AGNC,2024-08-29,10.28,Q3'24,Q2'24,8.4,1.223809
AGNC,2024-08-30,10.21,Q3'24,Q2'24,8.4,1.215476
AGNC,2024-09-03,10.21,Q3'24,Q2'24,8.4,1.215476
AGNC,2024-09-04,10.17,Q3'24,Q2'24,8.4,1.210714
AGNC,2024-09-05,10.25,Q3'24,Q2'24,8.4,1.220238
AGNC,2024-09-06,10.21,Q3'24,Q2'24,8.4,1.215476
AGNC,2024-09-09,10.21,Q3'24,Q2'24,8.4,1.215476
AGNC,2024-09-10,10.26,Q3'24,Q2'24,8.4,1.221429
AGNC,2024-09-11,10.18,Q3'24,Q2'24,8.4,1.211905
AGNC,2024-09-12,10.23,Q3'24,Q2'24,8.4,1.217857
AGNC,2024-09-13,10.35,Q3'24,Q2'24,8.4,1.232143
AGNC,2024-09-16,10.55,Q3'24,Q2'24,8.4,1.255952
AGNC,2024-09-17,10.56,Q3'24,Q2'24,8.4,1.257143
AGNC,2024-09-18,10.66,Q3'24,Q2'24,8.4,1.269048
AGNC,2024-09-19,10.56,Q3'24,Q2'24,8.4,1.257143
AGNC,2024-09-20,10.49,Q3'24,Q2'24,8.4,1.248809
AGNC,2024-09-23,10.35,Q3'24,Q2'24,8.4,1.232143
AGNC,2024-09-24,10.47,Q3'24,Q2'24,8.4,1.246429
AGNC,2024-09-25,10.37,Q3'24,Q2'24,8.4,1.234524
AGNC,2024-09-26,10.4,Q3'24,Q2'24,8.4,1.238095
AGNC,2024-09-27,10.53,Q3'24,Q2'24,8.4,1.253571
AGNC,2024-09-30,10.46,Q3'24,Q2'24,8.4,1.245238
AGNC,2024-10-01,10.27,Q4'24,Q3'24,8.82,1.164399
AGNC,2024-10-02,10.3,Q4'24,Q3'24,8.82,1.1678
AGNC,2024-10-03,10.31,Q4'24,Q3'24,8.82,1.168934
AGNC,2024-10-04,10.32,Q4'24,Q3'24,8.82,1.170068
AGNC,2024-10-07,10.15,Q4'24,Q3'24,8.82,1.150794
AGNC,2024-10-08,10.31,Q4'24,Q3'24,8.82,1.168934
AGNC,2024-10-09,10.3,Q4'24,Q3'24,8.82,1.1678
AGNC,2024-10-10,10.37,Q4'24,Q3'24,8.82,1.175737
AGNC,2024-10-11,10.31,Q4'24,Q3'24,8.82,1.168934
AGNC,2024-10-14,10.37,Q4'24,Q3'24,8.82,1.175737
AGNC,2024-10-15,10.45,Q4'24,Q3'24,8.82,1.184807
AGNC,2024-10-16,10.49,Q4'24,Q3'24,8.82,1.189342
AGNC,2024-10-17,10.46,Q4'24,Q3'24,8.82,1.185941
AGNC,2024-10-18,10.6,Q4'24,Q3'24,8.82,1.201814
AGNC,2024-10-21,10.38,Q4'24,Q3'24,8.82,1.176871
AGNC,2024-10-22,10.01,Q4'24,Q3'24,8.82,1.134921
AGNC,2024-10-23,9.94,Q4'24,Q3'24,8.82,1.126984
AGNC,2024-10-24,9.94,Q4'24,Q3'24,8.82,1.126984
AGNC,2024-10-25,9.93,Q4'24,Q3'24,8.82,1.12585
AGNC,2024-10-28,9.64,Q4'24,Q3'24,8.82,1.092971
AGNC,2024-10-29,9.54,Q4'24,Q3'24,8.82,1.081633
AGNC,2024-10-30,9.61,Q4'24,Q3'24,8.82,1.089569
AGNC,2024-10-31,9.31,Q4'24,Q3'24,8.82,1.055556
AGNC,2024-11-01,9.31,Q4'24,Q3'24,8.82,1.055556
AGNC,2024-11-04,9.35,Q4'24,Q3'24,8.82,1.060091
AGNC,2024-11-05,9.52,Q4'24,Q3'24,8.82,1.079365
AGNC,2024-11-06,9.38,Q4'24,Q3'24,8.82,1.063492
AGNC,2024-11-07,9.52,Q4'24,Q3'24,8.82,1.079365
AGNC,2024-11-08,9.66,Q4'24,Q3'24,8.82,1.095238
AGNC,2024-11-11,9.68,Q4'24,Q3'24,8.82,1.097506
AGNC,2024-11-12,9.47,Q4'24,Q3'24,8.82,1.073696
AGNC,2024-11-13,9.52,Q4'24,Q3'24,8.82,1.079365
AGNC,2024-11-14,9.51,Q4'24,Q3'24,8.82,1.078231
AGNC,2024-11-15,9.58,Q4'24,Q3'24,8.82,1.086168
AGNC,2024-11-18,9.67,Q4'24,Q3'24,8.82,1.096372
AGNC,2024-11-19,9.67,Q4'24,Q3'24,8.82,1.096372
AGNC,2024-11-20,9.65,Q4'24,Q3'24,8.82,1.094104
AGNC,2024-11-21,9.7,Q4'24,Q3'24,8.82,1.099773
AGNC,2024-11-22,9.74,Q4'24,Q3'24,8.82,1.104308
AGNC,2024-11-25,9.75,Q4'24,Q3'24,8.82,1.105442
AGNC,2024-11-26,9.64,Q4'24,Q3'24,8.82,1.092971
AGNC,2024-11-27,9.76,Q4'24,Q3'24,8.82,1.106576
AGNC,2024-11-29,9.66,Q4'24,Q3'24,8.82,1.095238
AGNC,2024-12-02,9.6,Q4'24,Q3'24,8.82,1.088435
AGNC,2024-12-03,9.48,Q4'24,Q3'24,8.82,1.07483
AGNC,2024-12-04,9.51,Q4'24,Q3'24,8.82,1.078231
AGNC,2024-12-05,9.55,Q4'24,Q3'24,8.82,1.082766
AGNC,2024-12-06,9.71,Q4'24,Q3'24,8.82,1.100907
AGNC,2024-12-09,9.68,Q4'24,Q3'24,8.82,1.097506
AGNC,2024-12-10,9.61,Q4'24,Q3'24,8.82,1.089569
AGNC,2024-12-11,9.61,Q4'24,Q3'24,8.82,1.089569
AGNC,2024-12-12,9.54,Q4'24,Q3'24,8.82,1.081633
AGNC,2024-12-13,9.58,Q4'24,Q3'24,8.82,1.086168
AGNC,2024-12-16,9.65,Q4'24,Q3'24,8.82,1.094104
AGNC,2024-12-17,9.57,Q4'24,Q3'24,8.82,1.085034
AGNC,2024-12-18,9.31,Q4'24,Q3'24,8.82,1.055556
AGNC,2024-12-19,9.27,Q4'24,Q3'24,8.82,1.05102
AGNC,2024-12-20,9.45,Q4'24,Q3'24,8.82,1.071429
AGNC,2024-12-23,9.45,Q4'24,Q3'24,8.82,1.071429
AGNC,2024-12-24,9.47,Q4'24,Q3'24,8.82,1.073696
AGNC,2024-12-26,9.38,Q4'24,Q3'24,8.82,1.063492
AGNC,2024-12-27,9.33,Q4'24,Q3'24,8.82,1.057823
AGNC,2024-12-30,9.25,Q4'24,Q3'24,8.82,1.048753
AGNC,2024-12-31,9.21,Q4'24,Q3'24,8.82,1.044218
AGNC,2025-01-02,9.28,Q1'25,Q4'24,8.41,1.103448
AGNC,2025-01-03,9.44,Q1'25,Q4'24,8.41,1.122473
AGNC,2025-01-06,9.32,Q1'25,Q4'24,8.41,1.108204
AGNC,2025-01-07,9.32,Q1'25,Q4'24,8.41,1.108204
AGNC,2025-01-08,9.29,Q1'25,Q4'24,8.41,1.104637
AGNC,2025-01-10,9.14,Q1'25,Q4'24,8.41,1.086801
AGNC,2025-01-13,9.12,Q1'25,Q4'24,8.41,1.084423
AGNC,2025-01-14,9.24,Q1'25,Q4'24,8.41,1.098692
AGNC,2025-01-15,9.39,Q1'25,Q4'24,8.41,1.116528
AGNC,2025-01-16,9.55,Q1'25,Q4'24,8.41,1.135553
AGNC,2025-01-17,9.61,Q1'25,Q4'24,8.41,1.142687
AGNC,2025-01-21,9.73,Q1'25,Q4'24,8.41,1.156956
AGNC,2025-01-22,9.71,Q1'25,Q4'24,8.41,1.154578
AGNC,2025-01-23,9.64,Q1'25,Q4'24,8.41,1.146254
AGNC,2025-01-24,9.68,Q1'25,Q4'24,8.41,1.151011
AGNC,2025-01-27,9.79,Q1'25,Q4'24,8.41,1.16409
AGNC,2025-01-28,9.87,Q1'25,Q4'24,8.41,1.173603
AGNC,2025-01-29,9.83,Q1'25,Q4'24,8.41,1.168847
AGNC,2025-01-30,10.08,Q1'25,Q4'24,8.41,1.198573
AGNC,2025-01-31,9.97,Q1'25,Q4'24,8.41,1.185493
AGNC,2025-02-03,9.95,Q1'25,Q4'24,8.41,1.183115
AGNC,2025-02-04,10.07,Q1'25,Q4'24,8.41,1.197384
AGNC,2025-02-05,10.11,Q1'25,Q4'24,8.41,1.20214
AGNC,2025-02-06,10.14,Q1'25,Q4'24,8.41,1.205708
AGNC,2025-02-07,10.07,Q1'25,Q4'24,8.41,1.197384
AGNC,2025-02-10,10.14,Q1'25,Q4'24,8.41,1.205708
AGNC,2025-02-11,10.18,Q1'25,Q4'24,8.41,1.210464
AGNC,2025-02-12,10.18,Q1'25,Q4'24,8.41,1.210464
AGNC,2025-02-13,10.32,Q1'25,Q4'24,8.41,1.227111
AGNC,2025-02-14,10.43,Q1'25,Q4'24,8.41,1.24019
AGNC,2025-02-18,10.49,Q1'25,Q4'24,8.41,1.247325
AGNC,2025-02-19,10.47,Q1'25,Q4'24,8.41,1.244947
AGNC,2025-02-20,10.53,Q1'25,Q4'24,8.41,1.252081
AGNC,2025-02-21,10.54,Q1'25,Q4'24,8.41,1.25327
AGNC,2025-02-24,10.49,Q1'25,Q4'24,8.41,1.247325
AGNC,2025-02-25,10.52,Q1'25,Q4'24,8.41,1.250892
AGNC,2025-02-26,10.51,Q1'25,Q4'24,8.41,1.249703
AGNC,2025-02-27,10.42,Q1'25,Q4'24,8.41,1.239001
AGNC,2025-02-28,10.43,Q1'25,Q4'24,8.41,1.24019
AGNC,2025-03-03,10.29,Q1'25,Q4'24,8.41,1.223543
AGNC,2025-03-04,10.22,Q1'25,Q4'24,8.41,1.21522
AGNC,2025-03-05,10.29,Q1'25,Q4'24,8.41,1.223543
AGNC,2025-03-06,10.14,Q1'25,Q4'24,8.41,1.205708
AGNC,2025-03-07,10.38,Q1'25,Q4'24,8.41,1.234245
AGNC,2025-03-10,10.23,Q1'25,Q4'24,8.41,1.216409
AGNC,2025-03-11,10.02,Q1'25,Q4'24,8.41,1.191439
AGNC,2025-03-12,10.09,Q1'25,Q4'24,8.41,1.199762
AGNC,2025-03-13,10.04,Q1'25,Q4'24,8.41,1.193817
AGNC,2025-03-14,10.24,Q1'25,Q4'24,8.41,1.217598
AGNC,2025-03-17,10.35,Q1'25,Q4'24,8.41,1.230678
AGNC,2025-03-18,10.39,Q1'25,Q4'24,8.41,1.235434
AGNC,2025-03-19,10.36,Q1'25,Q4'24,8.41,1.231867
AGNC,2025-03-20,10.29,Q1'25,Q4'24,8.41,1.223543
AGNC,2025-03-21,10.17,Q1'25,Q4'24,8.41,1.209275
AGNC,2025-03-24,10.13,Q1'25,Q4'24,8.41,1.204518
AGNC,2025-03-25,9.93,Q1'25,Q4'24,8.41,1.180737
AGNC,2025-03-26,9.76,Q1'25,Q4'24,8.41,1.160523
AGNC,2025-03-27,9.76,Q1'25,Q4'24,8.41,1.160523
AGNC,2025-03-28,9.52,Q1'25,Q4'24,8.41,1.131986
AGNC,2025-03-31,9.58,Q1'25,Q4'24,8.41,1.13912
AGNC,2025-04-01,9.49,Q2'25,Q1'25,8.25,1.150303
AGNC,2025-04-02,9.48,Q2'25,Q1'25,8.25,1.149091
AGNC,2025-04-03,9.34,Q2'25,Q1'25,8.25,1.132121
AGNC,2025-04-04,8.98,Q2'25,Q1'25,8.25,1.088485
AGNC,2025-04-07,8.66,Q2'25,Q1'25,8.25,1.049697
AGNC,2025-04-08,8.54,Q2'25,Q1'25,8.25,1.035152
AGNC,2025-04-09,8.91,Q2'25,Q1'25,8.25,1.08
AGNC,2025-04-10,8.12,Q2'25,Q1'25,8.25,0.984242
AGNC,2025-04-11,8.35,Q2'25,Q1'25,8.25,1.012121
AGNC,2025-04-14,8.44,Q2'25,Q1'25,8.25,1.02303
AGNC,2025-04-15,8.41,Q2'25,Q1'25,8.25,1.019394
AGNC,2025-04-16,8.3,Q2'25,Q1'25,8.25,1.006061
AGNC,2025-04-17,8.34,Q2'25,Q1'25,8.25,1.010909
AGNC,2025-04-21,8.16,Q2'25,Q1'25,8.25,0.989091
AGNC,2025-04-22,8.45,Q2'25,Q1'25,8.25,1.024242
AGNC,2025-04-23,8.61,Q2'25,Q1'25,8.25,1.043636
AGNC,2025-04-24,8.72,Q2'25,Q1'25,8.25,1.05697
AGNC,2025-04-25,8.85,Q2'25,Q1'25,8.25,1.072727
AGNC,2025-04-28,9.02,Q2'25,Q1'25,8.25,1.093333
AGNC,2025-04-29,9.07,Q2'25,Q1'25,8.25,1.099394
AGNC,2025-04-30,8.83,Q2'25,Q1'25,8.25,1.070303
AGNC,2025-05-01,8.81,Q2'25,Q1'25,8.25,1.067879
AGNC,2025-05-02,8.79,Q2'25,Q1'25,8.25,1.065455
AGNC,2025-05-05,8.76,Q2'25,Q1'25,8.25,1.061818
AGNC,2025-05-06,8.68,Q2'25,Q1'25,8.25,1.052121
AGNC,2025-05-07,8.72,Q2'25,Q1'25,8.25,1.05697
AGNC,2025-05-08,8.88,Q2'25,Q1'25,8.25,1.076364
AGNC,2025-05-09,8.79,Q2'25,Q1'25,8.25,1.065455
AGNC,2025-05-12,9.0,Q2'25,Q1'25,8.25,1.090909
AGNC,2025-05-13,9.07,Q2'25,Q1'25,8.25,1.099394
AGNC,2025-05-14,8.96,Q2'25,Q1'25,8.25,1.086061
AGNC,2025-05-15,9.08,Q2'25,Q1'25,8.25,1.100606
AGNC,2025-05-16,9.18,Q2'25,Q1'25,8.25,1.112727
AGNC,2025-05-19,9.15,Q2'25,Q1'25,8.25,1.109091
AGNC,2025-05-20,9.19,Q2'25,Q1'25,8.25,1.113939
AGNC,2025-05-21,8.8,Q2'25,Q1'25,8.25,1.066667
AGNC,2025-05-22,8.81,Q2'25,Q1'25,8.25,1.067879
AGNC,2025-05-23,8.84,Q2'25,Q1'25,8.25,1.071515
AGNC,2025-05-27,8.98,Q2'25,Q1'25,8.25,1.088485
AGNC,2025-05-28,9.08,Q2'25,Q1'25,8.25,1.100606
AGNC,2025-05-29,9.11,Q2'25,Q1'25,8.25,1.104242
AGNC,2025-05-30,8.94,Q2'25,Q1'25,8.25,1.083636
AGNC,2025-06-02,8.83,Q2'25,Q1'25,8.25,1.070303
AGNC,2025-06-03,8.99,Q2'25,Q1'25,8.25,1.089697
AGNC,2025-06-04,9.04,Q2'25,Q1'25,8.25,1.095758
AGNC,2025-06-05,9.04,Q2'25,Q1'25,8.25,1.095758
AGNC,2025-06-06,9.12,Q2'25,Q1'25,8.25,1.105455
AGNC,2025-06-09,9.21,Q2'25,Q1'25,8.25,1.116364
AGNC,2025-06-10,9.33,Q2'25,Q1'25,8.25,1.130909
AGNC,2025-06-11,9.32,Q2'25,Q1'25,8.25,1.129697
AGNC,2025-06-12,9.4,Q2'25,Q1'25,8.25,1.139394
AGNC,2025-06-13,9.3,Q2'25,Q1'25,8.25,1.127273
AGNC,2025-06-16,9.33,Q2'25,Q1'25,8.25,1.130909
AGNC,2025-06-17,9.19,Q2'25,Q1'25,8.25,1.113939
AGNC,2025-06-18,9.26,Q2'25,Q1'25,8.25,1.122424
AGNC,2025-06-20,9.24,Q2'25,Q1'25,8.25,1.12
AGNC,2025-06-23,9.2,Q2'25,Q1'25,8.25,1.115151
AGNC,2025-06-24,9.31,Q2'25,Q1'25,8.25,1.128485
AGNC,2025-06-25,9.23,Q2'25,Q1'25,8.25,1.118788
AGNC,2025-06-26,9.32,Q2'25,Q1'25,8.25,1.129697
AGNC,2025-06-27,9.28,Q2'25,Q1'25,8.25,1.124848
AGNC,2025-06-30,9.19,Q2'25,Q1'25,8.25,1.113939
AGNC,2025-07-01,9.34,Q3'25,Q2'25,7.81,1.195903
AGNC,2025-07-02,9.42,Q3'25,Q2'25,7.81,1.206146
AGNC,2025-07-03,9.39,Q3'25,Q2'25,7.81,1.202305
AGNC,2025-07-07,9.36,Q3'25,Q2'25,7.81,1.198463
AGNC,2025-07-08,9.42,Q3'25,Q2'25,7.81,1.206146
AGNC,2025-07-09,9.5,Q3'25,Q2'25,7.81,1.216389
AGNC,2025-07-10,9.45,Q3'25,Q2'25,7.81,1.209987
AGNC,2025-07-11,9.4,Q3'25,Q2'25,7.81,1.203585
AGNC,2025-07-14,9.31,Q3'25,Q2'25,7.81,1.192062
AGNC,2025-07-15,9.2,Q3'25,Q2'25,7.81,1.177977
AGNC,2025-07-16,9.27,Q3'25,Q2'25,7.81,1.18694
AGNC,2025-07-17,9.28,Q3'25,Q2'25,7.81,1.18822
AGNC,2025-07-18,9.25,Q3'25,Q2'25,7.81,1.184379
AGNC,2025-07-21,9.23,Q3'25,Q2'25,7.81,1.181818
AGNC,2025-07-22,9.37,Q3'25,Q2'25,7.81,1.199744
AGNC,2025-07-23,9.59,Q3'25,Q2'25,7.81,1.227913
AGNC,2025-07-24,9.62,Q3'25,Q2'25,7.81,1.231754
AGNC,2025-07-25,9.71,Q3'25,Q2'25,7.81,1.243278
AGNC,2025-07-28,9.68,Q3'25,Q2'25,7.81,1.239437
AGNC,2025-07-29,9.74,Q3'25,Q2'25,7.81,1.247119
AGNC,2025-07-30,9.6,Q3'25,Q2'25,7.81,1.229193
AGNC,2025-07-31,9.43,Q3'25,Q2'25,7.81,1.207426
AGNC,2025-08-01,9.48,Q3'25,Q2'25,7.81,1.213828
AGNC,2025-08-04,9.63,Q3'25,Q2'25,7.81,1.233035
AGNC,2025-08-05,9.6,Q3'25,Q2'25,7.81,1.229193
AGNC,2025-08-06,9.42,Q3'25,Q2'25,7.81,1.206146
AGNC,2025-08-07,9.41,Q3'25,Q2'25,7.81,1.204866
AGNC,2025-08-08,9.45,Q3'25,Q2'25,7.81,1.209987
AGNC,2025-08-11,9.33,Q3'25,Q2'25,7.81,1.194622
AGNC,2025-08-12,9.46,Q3'25,Q2'25,7.81,1.211268
AGNC,2025-08-13,9.66,Q3'25,Q2'25,7.81,1.236876
AGNC,2025-08-14,9.61,Q3'25,Q2'25,7.81,1.230474
AGNC,2025-08-15,9.63,Q3'25,Q2'25,7.81,1.233035
AGNC,2025-08-18,9.58,Q3'25,Q2'25,7.81,1.226633
AGNC,2025-08-19,9.61,Q3'25,Q2'25,7.81,1.230474
AGNC,2025-08-20,9.71,Q3'25,Q2'25,7.81,1.243278
AGNC,2025-08-21,9.64,Q3'25,Q2'25,7.81,1.234315
AGNC,2025-08-22,9.88,Q3'25,Q2'25,7.81,1.265045
AGNC,2025-08-25,9.82,Q3'25,Q2'25,7.81,1.257362
AGNC,2025-08-26,9.8,Q3'25,Q2'25,7.81,1.254802
AGNC,2025-08-27,9.8,Q3'25,Q2'25,7.81,1.254802
AGNC,2025-08-28,9.79,Q3'25,Q2'25,7.81,1.253521
AGNC,2025-08-29,9.76,Q3'25,Q2'25,7.81,1.24968
AGNC,2025-09-02,9.76,Q3'25,Q2'25,7.81,1.24968
AGNC,2025-09-03,9.95,Q3'25,Q2'25,7.81,1.274008
AGNC,2025-09-04,10.2,Q3'25,Q2'25,7.81,1.306018
AGNC,2025-09-05,10.37,Q3'25,Q2'25,7.81,1.327785
AGNC,2025-09-08,10.34,Q3'25,Q2'25,7.81,1.323944
AGNC,2025-09-09,10.35,Q3'25,Q2'25,7.81,1.325224
AGNC,2025-09-10,10.25,Q3'25,Q2'25,7.81,1.31242
AGNC,2025-09-11,10.23,Q3'25,Q2'25,7.81,1.309859
AGNC,2025-09-12,10.18,Q3'25,Q2'25,7.81,1.303457
AGNC,2025-09-15,10.19,Q3'25,Q2'25,7.81,1.304737
AGNC,2025-09-16,10.13,Q3'25,Q2'25,7.81,1.297055
AGNC,2025-09-17,10.21,Q3'25,Q2'25,7.81,1.307298
AGNC,2025-09-18,10.1,Q3'25,Q2'25,7.81,1.293214
AGNC,2025-09-19,9.97,Q3'25,Q2'25,7.81,1.276569
AGNC,2025-09-22,9.72,Q3'25,Q2'25,7.81,1.244558
AGNC,2025-09-23,9.81,Q3'25,Q2'25,7.81,1.256082
AGNC,2025-09-24,9.76,Q3'25,Q2'25,7.81,1.24968
AGNC,2025-09-25,9.76,Q3'25,Q2'25,7.81,1.24968
AGNC,2025-09-26,9.84,Q3'25,Q2'25,7.81,1.259923
AGNC,2025-09-29,9.84,Q3'25,Q2'25,7.81,1.259923
AGNC,2025-09-30,9.79,Q3'25,Q2'25,7.81,1.253521
AGNC,2025-10-01,9.93,Q4'25,Q3'25,8.28,1.199275
AGNC,2025-10-02,10.01,Q4'25,Q3'25,8.28,1.208937
AGNC,2025-10-03,10.06,Q4'25,Q3'25,8.28,1.214976
AGNC,2025-10-06,9.88,Q4'25,Q3'25,8.28,1.193237
AGNC,2025-10-07,9.99,Q4'25,Q3'25,8.28,1.206522
AGNC,2025-10-08,10.16,Q4'25,Q3'25,8.28,1.227053
AGNC,2025-10-09,10.0,Q4'25,Q3'25,8.28,1.207729
AGNC,2025-10-10,9.93,Q4'25,Q3'25,8.28,1.199275
AGNC,2025-10-13,9.99,Q4'25,Q3'25,8.28,1.206522
AGNC,2025-10-14,10.01,Q4'25,Q3'25,8.28,1.208937
AGNC,2025-10-15,10.02,Q4'25,Q3'25,8.28,1.210145
AGNC,2025-10-16,9.92,Q4'25,Q3'25,8.28,1.198068
AGNC,2025-10-17,9.99,Q4'25,Q3'25,8.28,1.206522
AGNC,2025-10-20,10.1,Q4'25,Q3'25,8.28,1.219807
AGNC,2025-10-21,10.05,Q4'25,Q3'25,8.28,1.213768
AGNC,2025-10-22,10.2,Q4'25,Q3'25,8.28,1.231884
AGNC,2025-10-23,10.09,Q4'25,Q3'25,8.28,1.218599
AGNC,2025-10-24,10.2,Q4'25,Q3'25,8.28,1.231884
AGNC,2025-10-27,10.3,Q4'25,Q3'25,8.28,1.243961
AGNC,2025-10-28,10.19,Q4'25,Q3'25,8.28,1.230676
AGNC,2025-10-29,10.06,Q4'25,Q3'25,8.28,1.214976
AGNC,2025-10-30,10.0,Q4'25,Q3'25,8.28,1.207729
AGNC,2025-10-31,10.0,Q4'25,Q3'25,8.28,1.207729
AGNC,2025-11-03,10.05,Q4'25,Q3'25,8.28,1.213768
AGNC,2025-11-04,10.18,Q4'25,Q3'25,8.28,1.229469
AGNC,2025-11-05,10.24,Q4'25,Q3'25,8.28,1.236715
AGNC,2025-11-06,10.21,Q4'25,Q3'25,8.28,1.233092
AGNC,2025-11-07,10.34,Q4'25,Q3'25,8.28,1.248792
AGNC,2025-11-10,10.25,Q4'25,Q3'25,8.28,1.237923
AGNC,2025-11-11,10.31,Q4'25,Q3'25,8.28,1.245169
AGNC,2025-11-12,10.2,Q4'25,Q3'25,8.28,1.231884
AGNC,2025-11-13,10.14,Q4'25,Q3'25,8.28,1.224638
AGNC,2025-11-14,10.15,Q4'25,Q3'25,8.28,1.225845
AGNC,2025-11-17,10.1,Q4'25,Q3'25,8.28,1.219807
AGNC,2025-11-18,10.11,Q4'25,Q3'25,8.28,1.221014
AGNC,2025-11-19,10.08,Q4'25,Q3'25,8.28,1.217391
AGNC,2025-11-20,10.07,Q4'25,Q3'25,8.28,1.216184
AGNC,2025-11-21,10.28,Q4'25,Q3'25,8.28,1.241546
AGNC,2025-11-24,10.3,Q4'25,Q3'25,8.28,1.243961
AGNC,2025-11-25,10.4,Q4'25,Q3'25,8.28,1.256039
AGNC,2025-11-26,10.56,Q4'25,Q3'25,8.28,1.275362
AGNC,2025-11-28,10.49,Q4'25,Q3'25,8.28,1.266908
AGNC,2025-12-01,10.46,Q4'25,Q3'25,8.28,1.263285
AGNC,2025-12-02,10.46,Q4'25,Q3'25,8.28,1.263285
AGNC,2025-12-03,10.46,Q4'25,Q3'25,8.28,1.263285
AGNC,2025-12-04,10.49,Q4'25,Q3'25,8.28,1.266908
AGNC,2025-12-05,10.62,Q4'25,Q3'25,8.28,1.282609
AGNC,2025-12-08,10.49,Q4'25,Q3'25,8.28,1.266908
AGNC,2025-12-09,10.34,Q4'25,Q3'25,8.28,1.248792
AGNC,2025-12-10,10.38,Q4'25,Q3'25,8.28,1.253623
AGNC,2025-12-11,10.3,Q4'25,Q3'25,8.28,1.243961
AGNC,2025-12-12,10.32,Q4'25,Q3'25,8.28,1.246377
AGNC,2025-12-15,10.36,Q4'25,Q3'25,8.28,1.251208
AGNC,2025-12-16,10.33,Q4'25,Q3'25,8.28,1.247585
AGNC,2025-12-17,10.44,Q4'25,Q3'25,8.28,1.26087
AGNC,2025-12-18,10.57,Q4'25,Q3'25,8.28,1.27657
AGNC,2025-12-19,10.66,Q4'25,Q3'25,8.28,1.28744
AGNC,2025-12-22,10.86,Q4'25,Q3'25,8.28,1.311594
AGNC,2025-12-23,10.76,Q4'25,Q3'25,8.28,1.299517
AGNC,2025-12-24,10.84,Q4'25,Q3'25,8.28,1.309179
AGNC,2025-12-26,10.85,Q4'25,Q3'25,8.28,1.310387
AGNC,2025-12-29,10.82,Q4'25,Q3'25,8.28,1.306763
AGNC,2025-12-30,10.82,Q4'25,Q3'25,8.28,1.306763
AGNC,2025-12-31,10.72,Q4'25,Q3'25,8.28,1.294686
AGNC,2026-01-02,10.93,Q1'26,Q4'25,8.88,1.230856
AGNC,2026-01-05,11.07,Q1'26,Q4'25,8.88,1.246622
AGNC,2026-01-06,11.16,Q1'26,Q4'25,8.88,1.256757
AGNC,2026-01-07,11.06,Q1'26,Q4'25,8.88,1.245496
AGNC,2026-01-08,11.19,Q1'26,Q4'25,8.88,1.260135
AGNC,2026-01-09,11.41,Q1'26,Q4'25,8.88,1.28491
AGNC,2026-01-12,11.38,Q1'26,Q4'25,8.88,1.281532
AGNC,2026-01-13,11.35,Q1'26,Q4'25,8.88,1.278153
AGNC,2026-01-14,11.57,Q1'26,Q4'25,8.88,1.302928
AGNC,2026-01-15,11.68,Q1'26,Q4'25,8.88,1.315315
AGNC,2026-01-16,11.93,Q1'26,Q4'25,8.88,1.343469
AGNC,2026-01-20,11.66,Q1'26,Q4'25,8.88,1.313063
AGNC,2026-01-21,11.7,Q1'26,Q4'25,8.88,1.317568
AGNC,2026-01-22,11.79,Q1'26,Q4'25,8.88,1.327703
AGNC,2026-01-23,11.85,Q1'26,Q4'25,8.88,1.33446
AGNC,2026-01-26,11.8,Q1'26,Q4'25,8.88,1.328829
AGNC,2026-01-27,12.17,Q1'26,Q4'25,8.88,1.370496
AGNC,2026-01-28,12.02,Q1'26,Q4'25,8.88,1.353604
AGNC,2026-01-29,11.97,Q1'26,Q4'25,8.88,1.347973
AGNC,2026-01-30,11.4,Q1'26,Q4'25,8.88,1.283784
AGNC,2026-02-02,11.17,Q1'26,Q4'25,8.88,1.257883
AGNC,2026-02-03,11.49,Q1'26,Q4'25,8.88,1.293919
AGNC,2026-02-04,11.51,Q1'26,Q4'25,8.88,1.296171
AGNC,2026-02-05,11.4,Q1'26,Q4'25,8.88,1.283784
AGNC,2026-02-06,11.44,Q1'26,Q4'25,8.88,1.288288
AGNC,2026-02-09,11.34,Q1'26,Q4'25,8.88,1.277027
AGNC,2026-02-10,11.22,Q1'26,Q4'25,8.88,1.263514
AGNC,2026-02-11,11.43,Q1'26,Q4'25,8.88,1.287162
AGNC,2026-02-12,11.38,Q1'26,Q4'25,8.88,1.281532
AGNC,2026-02-13,11.36,Q1'26,Q4'25,8.88,1.279279
AGNC,2026-02-17,11.3,Q1'26,Q4'25,8.88,1.272523
AGNC,2026-02-18,11.31,Q1'26,Q4'25,8.88,1.273649
AGNC,2026-02-19,11.32,Q1'26,Q4'25,8.88,1.274775
AGNC,2026-02-20,11.45,Q1'26,Q4'25,8.88,1.289414
AGNC,2026-02-23,11.27,Q1'26,Q4'25,8.88,1.269144
AGNC,2026-02-24,11.31,Q1'26,Q4'25,8.88,1.273649
AGNC,2026-02-25,11.29,Q1'26,Q4'25,8.88,1.271396
AGNC,2026-02-26,11.35,Q1'26,Q4'25,8.88,1.278153
AGNC,2026-02-27,11.21,Q1'26,Q4'25,8.88,1.262387
AGNC,2026-03-02,11.15,Q1'26,Q4'25,8.88,1.255631
AGNC,2026-03-03,11.0,Q1'26,Q4'25,8.88,1.238739
AGNC,2026-03-04,10.97,Q1'26,Q4'25,8.88,1.23536
AGNC,2026-03-05,10.9,Q1'26,Q4'25,8.88,1.227477
AGNC,2026-03-06,10.64,Q1'26,Q4'25,8.88,1.198198
AGNC,2026-03-09,10.54,Q1'26,Q4'25,8.88,1.186937
AGNC,2026-03-10,10.72,Q1'26,Q4'25,8.88,1.207207
AGNC,2026-03-11,10.67,Q1'26,Q4'25,8.88,1.201577
AGNC,2026-03-12,10.39,Q1'26,Q4'25,8.88,1.170045
AGNC,2026-03-13,10.23,Q1'26,Q4'25,8.88,1.152027
AGNC,2026-03-16,10.33,Q1'26,Q4'25,8.88,1.163288
AGNC,2026-03-17,10.49,Q1'26,Q4'25,8.88,1.181306
AGNC,2026-03-18,10.3,Q1'26,Q4'25,8.88,1.15991
AGNC,2026-03-19,10.29,Q1'26,Q4'25,8.88,1.158784
AGNC,2026-03-20,9.75,Q1'26,Q4'25,8.88,1.097973
AGNC,2026-03-23,10.01,Q1'26,Q4'25,8.88,1.127252
AGNC,2026-03-24,9.94,Q1'26,Q4'25,8.88,1.119369
AGNC,2026-03-25,10.14,Q1'26,Q4'25,8.88,1.141892
AGNC,2026-03-26,9.84,Q1'26,Q4'25,8.88,1.108108
AGNC,2026-03-27,9.69,Q1'26,Q4'25,8.88,1.091216
AGNC,2026-03-30,9.84,Q1'26,Q4'25,8.88,1.108108
AGNC,2026-03-31,10.03,Q1'26,Q4'25,8.88,1.129504
AGNC,2026-04-01,10.02,Q2'26,Q1'26,8.38,1.195704
AGNC,2026-04-02,10.15,Q2'26,Q1'26,8.38,1.211217
AGNC,2026-04-06,10.2,Q2'26,Q1'26,8.38,1.217184
AGNC,2026-04-07,10.09,Q2'26,Q1'26,8.38,1.204057
AGNC,2026-04-08,10.32,Q2'26,Q1'26,8.38,1.231504
AGNC,2026-04-09,10.48,Q2'26,Q1'26,8.38,1.250597
AGNC,2026-04-10,10.47,Q2'26,Q1'26,8.38,1.249403
AGNC,2026-04-13,10.52,Q2'26,Q1'26,8.38,1.25537
AGNC,2026-04-14,10.64,Q2'26,Q1'26,8.38,1.26969
AGNC,2026-04-15,10.74,Q2'26,Q1'26,8.38,1.281623
AGNC,2026-04-16,10.56,Q2'26,Q1'26,8.38,1.260143
AGNC,2026-04-17,10.9,Q2'26,Q1'26,8.38,1.300716
AGNC,2026-04-20,10.77,Q2'26,Q1'26,8.38,1.285203
AGNC,2026-04-21,10.91,Q2'26,Q1'26,8.38,1.301909
AGNC,2026-04-22,10.91,Q2'26,Q1'26,8.38,1.301909
AGNC,2026-04-23,10.86,Q2'26,Q1'26,8.38,1.295943
AGNC,2026-04-24,11.02,Q2'26,Q1'26,8.38,1.315036
AGNC,2026-04-27,11.1,Q2'26,Q1'26,8.38,1.324582
AGNC,2026-04-28,11.08,Q2'26,Q1'26,8.38,1.322196
AGNC,2026-04-29,10.97,Q2'26,Q1'26,8.38,1.309069
AGNC,2026-04-30,11.02,Q2'26,Q1'26,8.38,1.315036
AGNC,2026-05-01,10.94,Q2'26,Q1'26,8.38,1.305489
AGNC,2026-05-04,10.65,Q2'26,Q1'26,8.38,1.270883
AGNC,2026-05-05,10.72,Q2'26,Q1'26,8.38,1.279236
AGNC,2026-05-06,10.79,Q2'26,Q1'26,8.38,1.287589
AGNC,2026-05-07,10.72,Q2'26,Q1'26,8.38,1.279236
AGNC,2026-05-08,10.86,Q2'26,Q1'26,8.38,1.295943
AGNC,2026-05-11,10.8,Q2'26,Q1'26,8.38,1.288783
AGNC,2026-05-12,10.74,Q2'26,Q1'26,8.38,1.281623
AGNC,2026-05-13,10.63,Q2'26,Q1'26,8.38,1.268496
AGNC,2026-05-14,10.55,Q2'26,Q1'26,8.38,1.25895
AGNC,2026-05-15,10.34,Q2'26,Q1'26,8.38,1.23389
AGNC,2026-05-18,10.3,Q2'26,Q1'26,8.38,1.229117
AGNC,2026-05-19,10.13,Q2'26,Q1'26,8.38,1.208831
AGNC,2026-05-20,10.25,Q2'26,Q1'26,8.38,1.22315
AGNC,2026-05-21,10.26,Q2'26,Q1'26,8.38,1.224344
AGNC,2026-05-22,10.21,Q2'26,Q1'26,8.38,1.218377
AGNC,2026-05-26,10.43,Q2'26,Q1'26,8.38,1.24463
AGNC,2026-05-27,10.51,Q2'26,Q1'26,8.38,1.254177
AGNC,2026-05-28,10.55,Q2'26,Q1'26,8.38,1.25895
AGNC,2026-05-29,10.41,Q2'26,Q1'26,8.38,1.242243
AGNC,2026-06-01,10.23,Q2'26,Q1'26,8.38,1.220764
AGNC,2026-06-02,10.2,Q2'26,Q1'26,8.38,1.217184
AGNC,2026-06-03,10.17,Q2'26,Q1'26,8.38,1.213604
AGNC,2026-06-04,10.29,Q2'26,Q1'26,8.38,1.227924
AGNC,2026-06-05,10.17,Q2'26,Q1'26,8.38,1.213604
AGNC,2026-06-08,10.11,Q2'26,Q1'26,8.38,1.206444
AGNC,2026-06-09,10.31,Q2'26,Q1'26,8.38,1.23031
AGNC,2026-06-10,10.18,Q2'26,Q1'26,8.38,1.214797
AGNC,2026-06-11,10.3,Q2'26,Q1'26,8.38,1.229117
AGNC,2026-06-12,10.31,Q2'26,Q1'26,8.38,1.23031
AGNC,2026-06-15,10.46,Q2'26,Q1'26,8.38,1.24821
AGNC,2026-06-16,10.56,Q2'26,Q1'26,8.38,1.260143
AGNC,2026-06-17,10.3,Q2'26,Q1'26,8.38,1.229117
AGNC,2026-06-18,10.38,Q2'26,Q1'26,8.38,1.238663
AGNC,2026-06-22,10.38,Q2'26,Q1'26,8.38,1.238663
AGNC,2026-06-23,10.44,Q2'26,Q1'26,8.38,1.245823
AGNC,2026-06-24,10.49,Q2'26,Q1'26,8.38,1.25179
AGNC,2026-06-25,10.62,Q2'26,Q1'26,8.38,1.267303
AGNC,2026-06-26,10.9,Q2'26,Q1'26,8.38,1.300716
AGNC,2026-06-29,11.0,Q2'26,Q1'26,8.38,1.312649
AGNC,2026-06-30,10.9,Q2'26,Q1'26,8.38,1.300716
AGNC,2026-07-01,10.79,Q3'26,Q2'26,8.58,1.257576
AGNC,2026-07-02,11.0,Q3'26,Q2'26,8.58,1.282051
AGNC,2026-07-06,11.17,Q3'26,Q2'26,8.58,1.301865
AGNC,2026-07-07,11.12,Q3'26,Q2'26,8.58,1.296037
AGNC,2026-07-08,10.94,Q3'26,Q2'26,8.58,1.275058
AGNC,2026-07-09,11.07,Q3'26,Q2'26,8.58,1.29021
AGNC,2026-07-10,11.13,Q3'26,Q2'26,8.58,1.297203
AGNC,2026-07-13,10.99,Q3'26,Q2'26,8.58,1.280886
AGNC,2026-07-14,11.18,Q3'26,Q2'26,8.58,1.30303
AGNC,2026-07-15,11.32,Q3'26,Q2'26,8.58,1.319347
AGNC,2026-07-16,11.43,Q3'26,Q2'26,8.58,1.332168
AGNC,2026-07-17,11.22,Q3'26,Q2'26,8.58,1.307692
AGNC,2026-07-20,10.92,Q3'26,Q2'26,8.58,1.272727
AGNC,2026-07-21,10.78,Q3'26,Q2'26,8.58,1.25641
AGNC,2026-07-22,10.72,Q3'26,Q2'26,8.58,1.249417
AGNC,2026-07-23,10.56,Q3'26,Q2'26,8.58,1.230769
AGNC,2026-07-24,10.59,Q3'26,Q2'26,8.58,1.234266
AGNC,2026-07-27,10.64,Q3'26,Q2'26,8.58,1.240093
AGNC,2026-07-28,11.07,Q3'26,Q2'26,8.58,1.29021
AGNC,2026-07-29,10.9,Q3'26,Q2'26,8.58,1.270396
AGNC,2026-07-30,10.92,Q3'26,Q2'26,8.58,1.272727
AGNC,2026-07-31,10.66,Q3'26,Q2'26,8.58,1.242424
AGNC,2026-08-03,10.64,Q3'26,Q2'26,8.58,1.240093
AGNC,2026-08-04,10.64,Q3'26,Q2'26,8.58,1.240093
AGNC,2026-08-05,10.67,Q3'26,Q2'26,8.58,1.24359
AGNC,2026-08-06,10.61,Q3'26,Q2'26,8.58,1.236597
AGNC,2026-08-07,10.84,Q3'26,Q2'26,8.58,1.263403
AGNC,2026-08-10,10.76,Q3'26,Q2'26,8.58,1.254079
AGNC,2026-08-11,10.89,Q3'26,Q2'26,8.58,1.269231
AGNC,2026-08-12,10.88,Q3'26,Q2'26,8.58,1.268065
AGNC,2026-08-13,10.96,Q3'26,Q2'26,8.58,1.277389
AGNC,2026-08-14,10.96,Q3'26,Q2'26,8.58,1.277389
AGNC,2026-08-17,10.95,Q3'26,Q2'26,8.58,1.276224
AGNC,2026-08-18,10.92,Q3'26,Q2'26,8.58,1.272727
AGNC,2026-08-19,11.08,Q3'26,Q2'26,8.58,1.291375
ARR,2021-07-01,57.45,Q3'21,Q2'21,56.4,1.018617
ARR,2021-07-02,57.2,Q3'21,Q2'21,56.4,1.014184
ARR,2021-07-06,56.9,Q3'21,Q2'21,56.4,1.008865
ARR,2021-07-07,56.2,Q3'21,Q2'21,56.4,0.996454
ARR,2021-07-08,56.35,Q3'21,Q2'21,56.4,0.999113
ARR,2021-07-09,57.7,Q3'21,Q2'21,56.4,1.02305
ARR,2021-07-12,58.1,Q3'21,Q2'21,56.4,1.030142
ARR,2021-07-13,56.45,Q3'21,Q2'21,56.4,1.000887
ARR,2021-07-14,54.5,Q3'21,Q2'21,56.4,0.966312
ARR,2021-07-15,54.6,Q3'21,Q2'21,56.4,0.968085
ARR,2021-07-16,54.85,Q3'21,Q2'21,56.4,0.972518
ARR,2021-07-19,53.55,Q3'21,Q2'21,56.4,0.949468
ARR,2021-07-20,54.65,Q3'21,Q2'21,56.4,0.968972
ARR,2021-07-21,54.9,Q3'21,Q2'21,56.4,0.973404
ARR,2021-07-22,53.7,Q3'21,Q2'21,56.4,0.952128
ARR,2021-07-23,51.3,Q3'21,Q2'21,56.4,0.909574
ARR,2021-07-26,52.9,Q3'21,Q2'21,56.4,0.937943
ARR,2021-07-27,52.15,Q3'21,Q2'21,56.4,0.924645
ARR,2021-07-28,51.4,Q3'21,Q2'21,56.4,0.911348
ARR,2021-07-29,52.7,Q3'21,Q2'21,56.4,0.934397
ARR,2021-07-30,52.0,Q3'21,Q2'21,56.4,0.921986
ARR,2021-08-02,51.8,Q3'21,Q2'21,56.4,0.91844
ARR,2021-08-03,51.95,Q3'21,Q2'21,56.4,0.921099
ARR,2021-08-04,51.4,Q3'21,Q2'21,56.4,0.911348
ARR,2021-08-05,51.95,Q3'21,Q2'21,56.4,0.921099
ARR,2021-08-06,52.5,Q3'21,Q2'21,56.4,0.930851
ARR,2021-08-09,52.3,Q3'21,Q2'21,56.4,0.927305
ARR,2021-08-10,53.0,Q3'21,Q2'21,56.4,0.939716
ARR,2021-08-11,53.4,Q3'21,Q2'21,56.4,0.946809
ARR,2021-08-12,53.75,Q3'21,Q2'21,56.4,0.953014
ARR,2021-08-13,52.9,Q3'21,Q2'21,56.4,0.937943
ARR,2021-08-16,52.65,Q3'21,Q2'21,56.4,0.933511
ARR,2021-08-17,52.75,Q3'21,Q2'21,56.4,0.935284
ARR,2021-08-18,52.45,Q3'21,Q2'21,56.4,0.929965
ARR,2021-08-19,51.55,Q3'21,Q2'21,56.4,0.914007
ARR,2021-08-20,52.5,Q3'21,Q2'21,56.4,0.930851
ARR,2021-08-23,53.2,Q3'21,Q2'21,56.4,0.943262
ARR,2021-08-24,53.85,Q3'21,Q2'21,56.4,0.954787
ARR,2021-08-25,54.15,Q3'21,Q2'21,56.4,0.960106
ARR,2021-08-26,54.1,Q3'21,Q2'21,56.4,0.95922
ARR,2021-08-27,54.65,Q3'21,Q2'21,56.4,0.968972
ARR,2021-08-30,54.0,Q3'21,Q2'21,56.4,0.957447
ARR,2021-08-31,54.3,Q3'21,Q2'21,56.4,0.962766
ARR,2021-09-01,54.6,Q3'21,Q2'21,56.4,0.968085
ARR,2021-09-02,54.65,Q3'21,Q2'21,56.4,0.968972
ARR,2021-09-03,54.5,Q3'21,Q2'21,56.4,0.966312
ARR,2021-09-07,54.25,Q3'21,Q2'21,56.4,0.961879
ARR,2021-09-08,54.0,Q3'21,Q2'21,56.4,0.957447
ARR,2021-09-09,54.45,Q3'21,Q2'21,56.4,0.965426
ARR,2021-09-10,54.45,Q3'21,Q2'21,56.4,0.965426
ARR,2021-09-13,55.0,Q3'21,Q2'21,56.4,0.975177
ARR,2021-09-14,53.85,Q3'21,Q2'21,56.4,0.954787
ARR,2021-09-15,53.65,Q3'21,Q2'21,56.4,0.951241
ARR,2021-09-16,53.7,Q3'21,Q2'21,56.4,0.952128
ARR,2021-09-17,54.0,Q3'21,Q2'21,56.4,0.957447
ARR,2021-09-20,53.6,Q3'21,Q2'21,56.4,0.950355
ARR,2021-09-21,54.1,Q3'21,Q2'21,56.4,0.95922
ARR,2021-09-22,54.55,Q3'21,Q2'21,56.4,0.967199
ARR,2021-09-23,54.6,Q3'21,Q2'21,56.4,0.968085
ARR,2021-09-24,54.1,Q3'21,Q2'21,56.4,0.95922
ARR,2021-09-27,54.3,Q3'21,Q2'21,56.4,0.962766
ARR,2021-09-28,54.35,Q3'21,Q2'21,56.4,0.963652
ARR,2021-09-29,54.2,Q3'21,Q2'21,56.4,0.960993
ARR,2021-09-30,53.9,Q3'21,Q2'21,56.4,0.955674
ARR,2021-10-01,54.65,Q4'21,Q3'21,55.45,0.985573
ARR,2021-10-04,54.1,Q4'21,Q3'21,55.45,0.975654
ARR,2021-10-05,54.9,Q4'21,Q3'21,55.45,0.990081
ARR,2021-10-06,54.75,Q4'21,Q3'21,55.45,0.987376
ARR,2021-10-07,54.6,Q4'21,Q3'21,55.45,0.984671
ARR,2021-10-08,54.75,Q4'21,Q3'21,55.45,0.987376
ARR,2021-10-11,55.45,Q4'21,Q3'21,55.45,1.0
ARR,2021-10-12,55.25,Q4'21,Q3'21,55.45,0.996393
ARR,2021-10-13,55.45,Q4'21,Q3'21,55.45,1.0
ARR,2021-10-14,54.45,Q4'21,Q3'21,55.45,0.981966
ARR,2021-10-15,53.75,Q4'21,Q3'21,55.45,0.969342
ARR,2021-10-18,53.3,Q4'21,Q3'21,55.45,0.961226
ARR,2021-10-19,53.6,Q4'21,Q3'21,55.45,0.966637
ARR,2021-10-20,53.75,Q4'21,Q3'21,55.45,0.969342
ARR,2021-10-21,53.7,Q4'21,Q3'21,55.45,0.96844
ARR,2021-10-22,53.45,Q4'21,Q3'21,55.45,0.963931
ARR,2021-10-25,53.7,Q4'21,Q3'21,55.45,0.96844
ARR,2021-10-26,53.25,Q4'21,Q3'21,55.45,0.960325
ARR,2021-10-27,53.5,Q4'21,Q3'21,55.45,0.964833
ARR,2021-10-28,52.75,Q4'21,Q3'21,55.45,0.951307
ARR,2021-10-29,52.6,Q4'21,Q3'21,55.45,0.948602
ARR,2021-11-01,53.75,Q4'21,Q3'21,55.45,0.969342
ARR,2021-11-02,53.2,Q4'21,Q3'21,55.45,0.959423
ARR,2021-11-03,53.85,Q4'21,Q3'21,55.45,0.971145
ARR,2021-11-04,53.6,Q4'21,Q3'21,55.45,0.966637
ARR,2021-11-05,54.35,Q4'21,Q3'21,55.45,0.980162
ARR,2021-11-08,54.0,Q4'21,Q3'21,55.45,0.97385
ARR,2021-11-09,53.65,Q4'21,Q3'21,55.45,0.967538
ARR,2021-11-10,53.1,Q4'21,Q3'21,55.45,0.957619
ARR,2021-11-11,53.0,Q4'21,Q3'21,55.45,0.955816
ARR,2021-11-12,52.4,Q4'21,Q3'21,55.45,0.944996
ARR,2021-11-15,51.9,Q4'21,Q3'21,55.45,0.935978
ARR,2021-11-16,51.5,Q4'21,Q3'21,55.45,0.928765
ARR,2021-11-17,51.75,Q4'21,Q3'21,55.45,0.933273
ARR,2021-11-18,51.9,Q4'21,Q3'21,55.45,0.935978
ARR,2021-11-19,51.45,Q4'21,Q3'21,55.45,0.927863
ARR,2021-11-22,50.65,Q4'21,Q3'21,55.45,0.913436
ARR,2021-11-23,50.4,Q4'21,Q3'21,55.45,0.908927
ARR,2021-11-24,50.5,Q4'21,Q3'21,55.45,0.91073
ARR,2021-11-26,49.8,Q4'21,Q3'21,55.45,0.898106
ARR,2021-11-29,50.0,Q4'21,Q3'21,55.45,0.901713
ARR,2021-11-30,48.95,Q4'21,Q3'21,55.45,0.882777
ARR,2021-12-01,48.0,Q4'21,Q3'21,55.45,0.865645
ARR,2021-12-02,49.2,Q4'21,Q3'21,55.45,0.887286
ARR,2021-12-03,49.0,Q4'21,Q3'21,55.45,0.883679
ARR,2021-12-06,50.75,Q4'21,Q3'21,55.45,0.915239
ARR,2021-12-07,51.0,Q4'21,Q3'21,55.45,0.919748
ARR,2021-12-08,51.2,Q4'21,Q3'21,55.45,0.923354
ARR,2021-12-09,51.1,Q4'21,Q3'21,55.45,0.921551
ARR,2021-12-10,50.3,Q4'21,Q3'21,55.45,0.907124
ARR,2021-12-13,49.95,Q4'21,Q3'21,55.45,0.900812
ARR,2021-12-14,48.4,Q4'21,Q3'21,55.45,0.872858
ARR,2021-12-15,48.35,Q4'21,Q3'21,55.45,0.871957
ARR,2021-12-16,48.2,Q4'21,Q3'21,55.45,0.869252
ARR,2021-12-17,47.55,Q4'21,Q3'21,55.45,0.857529
ARR,2021-12-20,46.35,Q4'21,Q3'21,55.45,0.835888
ARR,2021-12-21,48.3,Q4'21,Q3'21,55.45,0.871055
ARR,2021-12-22,48.55,Q4'21,Q3'21,55.45,0.875564
ARR,2021-12-23,49.2,Q4'21,Q3'21,55.45,0.887286
ARR,2021-12-27,49.25,Q4'21,Q3'21,55.45,0.888188
ARR,2021-12-28,49.6,Q4'21,Q3'21,55.45,0.8945
ARR,2021-12-29,49.65,Q4'21,Q3'21,55.45,0.895401
ARR,2021-12-30,49.3,Q4'21,Q3'21,55.45,0.889089
ARR,2021-12-31,49.05,Q4'21,Q3'21,55.45,0.884581
ARR,2022-01-03,50.2,Q1'22,Q4'21,51.65,0.971926
ARR,2022-01-04,50.15,Q1'22,Q4'21,51.65,0.970958
ARR,2022-01-05,49.5,Q1'22,Q4'21,51.65,0.958374
ARR,2022-01-06,50.15,Q1'22,Q4'21,51.65,0.970958
ARR,2022-01-07,50.35,Q1'22,Q4'21,51.65,0.974831
ARR,2022-01-10,50.35,Q1'22,Q4'21,51.65,0.974831
ARR,2022-01-11,50.4,Q1'22,Q4'21,51.65,0.975799
ARR,2022-01-12,50.15,Q1'22,Q4'21,51.65,0.970958
ARR,2022-01-13,49.6,Q1'22,Q4'21,51.65,0.96031
ARR,2022-01-14,48.6,Q1'22,Q4'21,51.65,0.940949
ARR,2022-01-18,48.3,Q1'22,Q4'21,51.65,0.93514
ARR,2022-01-19,47.75,Q1'22,Q4'21,51.65,0.924492
ARR,2022-01-20,47.2,Q1'22,Q4'21,51.65,0.913843
ARR,2022-01-21,46.2,Q1'22,Q4'21,51.65,0.894482
ARR,2022-01-24,45.3,Q1'22,Q4'21,51.65,0.877057
ARR,2022-01-25,47.0,Q1'22,Q4'21,51.65,0.909971
ARR,2022-01-26,46.5,Q1'22,Q4'21,51.65,0.90029
ARR,2022-01-27,45.5,Q1'22,Q4'21,51.65,0.880929
ARR,2022-01-28,45.95,Q1'22,Q4'21,51.65,0.889642
ARR,2022-01-31,46.9,Q1'22,Q4'21,51.65,0.908035
ARR,2022-02-01,46.6,Q1'22,Q4'21,51.65,0.902226
ARR,2022-02-02,46.1,Q1'22,Q4'21,51.65,0.892546
ARR,2022-02-03,45.65,Q1'22,Q4'21,51.65,0.883834
ARR,2022-02-04,45.55,Q1'22,Q4'21,51.65,0.881897
ARR,2022-02-07,45.5,Q1'22,Q4'21,51.65,0.880929
ARR,2022-02-08,46.2,Q1'22,Q4'21,51.65,0.894482
ARR,2022-02-09,46.05,Q1'22,Q4'21,51.65,0.891578
ARR,2022-02-10,45.15,Q1'22,Q4'21,51.65,0.874153
ARR,2022-02-11,44.7,Q1'22,Q4'21,51.65,0.86544
ARR,2022-02-14,43.3,Q1'22,Q4'21,51.65,0.838335
ARR,2022-02-15,43.65,Q1'22,Q4'21,51.65,0.845111
ARR,2022-02-16,43.85,Q1'22,Q4'21,51.65,0.848984
ARR,2022-02-17,42.75,Q1'22,Q4'21,51.65,0.827686
ARR,2022-02-18,43.6,Q1'22,Q4'21,51.65,0.844143
ARR,2022-02-22,41.35,Q1'22,Q4'21,51.65,0.800581
ARR,2022-02-23,40.0,Q1'22,Q4'21,51.65,0.774443
ARR,2022-02-24,40.9,Q1'22,Q4'21,51.65,0.791868
ARR,2022-02-25,40.85,Q1'22,Q4'21,51.65,0.7909
ARR,2022-02-28,40.65,Q1'22,Q4'21,51.65,0.787028
ARR,2022-03-01,40.65,Q1'22,Q4'21,51.65,0.787028
ARR,2022-03-02,41.35,Q1'22,Q4'21,51.65,0.800581
ARR,2022-03-03,41.5,Q1'22,Q4'21,51.65,0.803485
ARR,2022-03-04,41.35,Q1'22,Q4'21,51.65,0.800581
ARR,2022-03-07,41.75,Q1'22,Q4'21,51.65,0.808325
ARR,2022-03-08,43.45,Q1'22,Q4'21,51.65,0.841239
ARR,2022-03-09,43.15,Q1'22,Q4'21,51.65,0.835431
ARR,2022-03-10,43.25,Q1'22,Q4'21,51.65,0.837367
ARR,2022-03-11,42.85,Q1'22,Q4'21,51.65,0.829622
ARR,2022-03-14,42.1,Q1'22,Q4'21,51.65,0.815102
ARR,2022-03-15,42.15,Q1'22,Q4'21,51.65,0.81607
ARR,2022-03-16,41.95,Q1'22,Q4'21,51.65,0.812197
ARR,2022-03-17,41.8,Q1'22,Q4'21,51.65,0.809293
ARR,2022-03-18,41.95,Q1'22,Q4'21,51.65,0.812197
ARR,2022-03-21,41.0,Q1'22,Q4'21,51.65,0.793804
ARR,2022-03-22,42.2,Q1'22,Q4'21,51.65,0.817038
ARR,2022-03-23,41.5,Q1'22,Q4'21,51.65,0.803485
ARR,2022-03-24,41.65,Q1'22,Q4'21,51.65,0.806389
ARR,2022-03-25,42.15,Q1'22,Q4'21,51.65,0.81607
ARR,2022-03-28,42.0,Q1'22,Q4'21,51.65,0.813166
ARR,2022-03-29,43.0,Q1'22,Q4'21,51.65,0.832527
ARR,2022-03-30,42.25,Q1'22,Q4'21,51.65,0.818006
ARR,2022-03-31,42.0,Q1'22,Q4'21,51.65,0.813166
ARR,2022-04-01,42.1,Q2'22,Q1'22,42.4,0.992924
ARR,2022-04-04,41.95,Q2'22,Q1'22,42.4,0.989387
ARR,2022-04-05,41.7,Q2'22,Q1'22,42.4,0.983491
ARR,2022-04-06,41.0,Q2'22,Q1'22,42.4,0.966981
ARR,2022-04-07,40.7,Q2'22,Q1'22,42.4,0.959906
ARR,2022-04-08,40.9,Q2'22,Q1'22,42.4,0.964623
ARR,2022-04-11,40.65,Q2'22,Q1'22,42.4,0.958726
ARR,2022-04-12,40.4,Q2'22,Q1'22,42.4,0.95283
ARR,2022-04-13,41.1,Q2'22,Q1'22,42.4,0.96934
ARR,2022-04-14,39.8,Q2'22,Q1'22,42.4,0.938679
ARR,2022-04-18,39.55,Q2'22,Q1'22,42.4,0.932783
ARR,2022-04-19,37.85,Q2'22,Q1'22,42.4,0.892689
ARR,2022-04-20,37.85,Q2'22,Q1'22,42.4,0.892689
ARR,2022-04-21,38.05,Q2'22,Q1'22,42.4,0.897406
ARR,2022-04-22,37.15,Q2'22,Q1'22,42.4,0.876179
ARR,2022-04-25,37.3,Q2'22,Q1'22,42.4,0.879717
ARR,2022-04-26,36.05,Q2'22,Q1'22,42.4,0.850236
ARR,2022-04-27,36.75,Q2'22,Q1'22,42.4,0.866745
ARR,2022-04-28,37.45,Q2'22,Q1'22,42.4,0.883255
ARR,2022-04-29,36.7,Q2'22,Q1'22,42.4,0.865566
ARR,2022-05-02,37.05,Q2'22,Q1'22,42.4,0.873821
ARR,2022-05-03,37.6,Q2'22,Q1'22,42.4,0.886792
ARR,2022-05-04,38.25,Q2'22,Q1'22,42.4,0.902123
ARR,2022-05-05,37.85,Q2'22,Q1'22,42.4,0.892689
ARR,2022-05-06,38.05,Q2'22,Q1'22,42.4,0.897406
ARR,2022-05-09,37.3,Q2'22,Q1'22,42.4,0.879717
ARR,2022-05-10,37.25,Q2'22,Q1'22,42.4,0.878538
ARR,2022-05-11,37.5,Q2'22,Q1'22,42.4,0.884434
ARR,2022-05-12,37.2,Q2'22,Q1'22,42.4,0.877359
ARR,2022-05-13,37.8,Q2'22,Q1'22,42.4,0.891509
ARR,2022-05-16,37.9,Q2'22,Q1'22,42.4,0.893868
ARR,2022-05-17,37.65,Q2'22,Q1'22,42.4,0.887972
ARR,2022-05-18,37.05,Q2'22,Q1'22,42.4,0.873821
ARR,2022-05-19,36.6,Q2'22,Q1'22,42.4,0.863208
ARR,2022-05-20,36.65,Q2'22,Q1'22,42.4,0.864387
ARR,2022-05-23,37.25,Q2'22,Q1'22,42.4,0.878538
ARR,2022-05-24,37.4,Q2'22,Q1'22,42.4,0.882076
ARR,2022-05-25,37.35,Q2'22,Q1'22,42.4,0.880896
ARR,2022-05-26,37.6,Q2'22,Q1'22,42.4,0.886792
ARR,2022-05-27,37.85,Q2'22,Q1'22,42.4,0.892689
ARR,2022-05-31,37.8,Q2'22,Q1'22,42.4,0.891509
ARR,2022-06-01,38.05,Q2'22,Q1'22,42.4,0.897406
ARR,2022-06-02,38.05,Q2'22,Q1'22,42.4,0.897406
ARR,2022-06-03,38.1,Q2'22,Q1'22,42.4,0.898585
ARR,2022-06-06,37.95,Q2'22,Q1'22,42.4,0.895047
ARR,2022-06-07,38.2,Q2'22,Q1'22,42.4,0.900943
ARR,2022-06-08,38.0,Q2'22,Q1'22,42.4,0.896226
ARR,2022-06-09,38.05,Q2'22,Q1'22,42.4,0.897406
ARR,2022-06-10,37.45,Q2'22,Q1'22,42.4,0.883255
ARR,2022-06-13,34.3,Q2'22,Q1'22,42.4,0.808962
ARR,2022-06-14,31.8,Q2'22,Q1'22,42.4,0.75
ARR,2022-06-15,31.6,Q2'22,Q1'22,42.4,0.745283
ARR,2022-06-16,28.7,Q2'22,Q1'22,42.4,0.676887
ARR,2022-06-17,29.75,Q2'22,Q1'22,42.4,0.701651
ARR,2022-06-21,30.8,Q2'22,Q1'22,42.4,0.726415
ARR,2022-06-22,31.2,Q2'22,Q1'22,42.4,0.735849
ARR,2022-06-23,32.5,Q2'22,Q1'22,42.4,0.766509
ARR,2022-06-24,34.0,Q2'22,Q1'22,42.4,0.801887
ARR,2022-06-27,34.2,Q2'22,Q1'22,42.4,0.806604
ARR,2022-06-28,34.45,Q2'22,Q1'22,42.4,0.8125
ARR,2022-06-29,34.5,Q2'22,Q1'22,42.4,0.813679
ARR,2022-06-30,35.2,Q2'22,Q1'22,42.4,0.830189
ARR,2022-07-01,36.15,Q3'22,Q2'22,36.25,0.997241
ARR,2022-07-05,36.2,Q3'22,Q2'22,36.25,0.998621
ARR,2022-07-06,35.3,Q3'22,Q2'22,36.25,0.973793
ARR,2022-07-07,35.9,Q3'22,Q2'22,36.25,0.990345
ARR,2022-07-08,35.6,Q3'22,Q2'22,36.25,0.982069
ARR,2022-07-11,35.15,Q3'22,Q2'22,36.25,0.969655
ARR,2022-07-12,35.15,Q3'22,Q2'22,36.25,0.969655
ARR,2022-07-13,35.7,Q3'22,Q2'22,36.25,0.984828
ARR,2022-07-14,33.8,Q3'22,Q2'22,36.25,0.932414
ARR,2022-07-15,34.7,Q3'22,Q2'22,36.25,0.957241
ARR,2022-07-18,33.7,Q3'22,Q2'22,36.25,0.929655
ARR,2022-07-19,34.7,Q3'22,Q2'22,36.25,0.957241
ARR,2022-07-20,35.35,Q3'22,Q2'22,36.25,0.975172
ARR,2022-07-21,35.9,Q3'22,Q2'22,36.25,0.990345
ARR,2022-07-22,35.6,Q3'22,Q2'22,36.25,0.982069
ARR,2022-07-25,35.5,Q3'22,Q2'22,36.25,0.97931
ARR,2022-07-26,35.75,Q3'22,Q2'22,36.25,0.986207
ARR,2022-07-27,36.9,Q3'22,Q2'22,36.25,1.017931
ARR,2022-07-28,39.0,Q3'22,Q2'22,36.25,1.075862
ARR,2022-07-29,39.35,Q3'22,Q2'22,36.25,1.085517
ARR,2022-08-01,39.6,Q3'22,Q2'22,36.25,1.092414
ARR,2022-08-02,38.35,Q3'22,Q2'22,36.25,1.057931
ARR,2022-08-03,38.5,Q3'22,Q2'22,36.25,1.062069
ARR,2022-08-04,38.0,Q3'22,Q2'22,36.25,1.048276
ARR,2022-08-05,37.75,Q3'22,Q2'22,36.25,1.041379
ARR,2022-08-08,38.65,Q3'22,Q2'22,36.25,1.066207
ARR,2022-08-09,38.25,Q3'22,Q2'22,36.25,1.055172
ARR,2022-08-10,38.7,Q3'22,Q2'22,36.25,1.067586
ARR,2022-08-11,38.65,Q3'22,Q2'22,36.25,1.066207
ARR,2022-08-12,37.95,Q3'22,Q2'22,36.25,1.046897
ARR,2022-08-15,37.5,Q3'22,Q2'22,36.25,1.034483
ARR,2022-08-16,37.6,Q3'22,Q2'22,36.25,1.037241
ARR,2022-08-17,37.25,Q3'22,Q2'22,36.25,1.027586
ARR,2022-08-18,37.1,Q3'22,Q2'22,36.25,1.023448
ARR,2022-08-19,36.65,Q3'22,Q2'22,36.25,1.011035
ARR,2022-08-22,35.3,Q3'22,Q2'22,36.25,0.973793
ARR,2022-08-23,36.3,Q3'22,Q2'22,36.25,1.001379
ARR,2022-08-24,36.15,Q3'22,Q2'22,36.25,0.997241
ARR,2022-08-25,36.8,Q3'22,Q2'22,36.25,1.015172
ARR,2022-08-26,36.6,Q3'22,Q2'22,36.25,1.009655
ARR,2022-08-29,36.05,Q3'22,Q2'22,36.25,0.994483
ARR,2022-08-30,35.25,Q3'22,Q2'22,36.25,0.972414
ARR,2022-08-31,35.5,Q3'22,Q2'22,36.25,0.97931
ARR,2022-09-01,35.0,Q3'22,Q2'22,36.25,0.965517
ARR,2022-09-02,35.25,Q3'22,Q2'22,36.25,0.972414
ARR,2022-09-06,35.2,Q3'22,Q2'22,36.25,0.971035
ARR,2022-09-07,35.7,Q3'22,Q2'22,36.25,0.984828
ARR,2022-09-08,35.75,Q3'22,Q2'22,36.25,0.986207
ARR,2022-09-09,36.0,Q3'22,Q2'22,36.25,0.993103
ARR,2022-09-12,35.4,Q3'22,Q2'22,36.25,0.976552
ARR,2022-09-13,34.6,Q3'22,Q2'22,36.25,0.954483
ARR,2022-09-14,34.2,Q3'22,Q2'22,36.25,0.943448
ARR,2022-09-15,33.0,Q3'22,Q2'22,36.25,0.910345
ARR,2022-09-16,32.75,Q3'22,Q2'22,36.25,0.903448
ARR,2022-09-19,32.8,Q3'22,Q2'22,36.25,0.904828
ARR,2022-09-20,32.35,Q3'22,Q2'22,36.25,0.892414
ARR,2022-09-21,32.1,Q3'22,Q2'22,36.25,0.885517
ARR,2022-09-22,31.4,Q3'22,Q2'22,36.25,0.866207
ARR,2022-09-23,30.05,Q3'22,Q2'22,36.25,0.828965
ARR,2022-09-26,26.95,Q3'22,Q2'22,36.25,0.743448
ARR,2022-09-27,26.45,Q3'22,Q2'22,36.25,0.729655
ARR,2022-09-28,26.7,Q3'22,Q2'22,36.25,0.736552
ARR,2022-09-29,24.05,Q3'22,Q2'22,36.25,0.663448
ARR,2022-09-30,24.35,Q3'22,Q2'22,36.25,0.671724
ARR,2022-10-03,24.45,Q4'22,Q3'22,29.15,0.838765
ARR,2022-10-04,27.05,Q4'22,Q3'22,29.15,0.927959
ARR,2022-10-05,25.75,Q4'22,Q3'22,29.15,0.883362
ARR,2022-10-06,24.65,Q4'22,Q3'22,29.15,0.845626
ARR,2022-10-07,24.2,Q4'22,Q3'22,29.15,0.830189
ARR,2022-10-10,22.55,Q4'22,Q3'22,29.15,0.773585
ARR,2022-10-11,25.2,Q4'22,Q3'22,29.15,0.864494
ARR,2022-10-12,24.4,Q4'22,Q3'22,29.15,0.83705
ARR,2022-10-13,24.7,Q4'22,Q3'22,29.15,0.847341
ARR,2022-10-14,23.4,Q4'22,Q3'22,29.15,0.802744
ARR,2022-10-17,24.0,Q4'22,Q3'22,29.15,0.823328
ARR,2022-10-18,24.25,Q4'22,Q3'22,29.15,0.831904
ARR,2022-10-19,23.95,Q4'22,Q3'22,29.15,0.821612
ARR,2022-10-20,23.8,Q4'22,Q3'22,29.15,0.816467
ARR,2022-10-21,23.95,Q4'22,Q3'22,29.15,0.821612
ARR,2022-10-24,23.85,Q4'22,Q3'22,29.15,0.818182
ARR,2022-10-25,24.8,Q4'22,Q3'22,29.15,0.850772
ARR,2022-10-26,25.25,Q4'22,Q3'22,29.15,0.866209
ARR,2022-10-27,26.15,Q4'22,Q3'22,29.15,0.897084
ARR,2022-10-28,26.7,Q4'22,Q3'22,29.15,0.915952
ARR,2022-10-31,26.6,Q4'22,Q3'22,29.15,0.912521
ARR,2022-11-01,26.75,Q4'22,Q3'22,29.15,0.917667
ARR,2022-11-02,26.2,Q4'22,Q3'22,29.15,0.898799
ARR,2022-11-03,25.85,Q4'22,Q3'22,29.15,0.886792
ARR,2022-11-04,27.0,Q4'22,Q3'22,29.15,0.926244
ARR,2022-11-07,27.45,Q4'22,Q3'22,29.15,0.941681
ARR,2022-11-08,27.75,Q4'22,Q3'22,29.15,0.951973
ARR,2022-11-09,27.65,Q4'22,Q3'22,29.15,0.948542
ARR,2022-11-10,29.65,Q4'22,Q3'22,29.15,1.017153
ARR,2022-11-11,30.45,Q4'22,Q3'22,29.15,1.044597
ARR,2022-11-14,28.35,Q4'22,Q3'22,29.15,0.972556
ARR,2022-11-15,28.45,Q4'22,Q3'22,29.15,0.975986
ARR,2022-11-16,27.85,Q4'22,Q3'22,29.15,0.955403
ARR,2022-11-17,27.8,Q4'22,Q3'22,29.15,0.953688
ARR,2022-11-18,27.9,Q4'22,Q3'22,29.15,0.957118
ARR,2022-11-21,28.35,Q4'22,Q3'22,29.15,0.972556
ARR,2022-11-22,28.45,Q4'22,Q3'22,29.15,0.975986
ARR,2022-11-23,28.8,Q4'22,Q3'22,29.15,0.987993
ARR,2022-11-25,29.45,Q4'22,Q3'22,29.15,1.010292
ARR,2022-11-28,29.05,Q4'22,Q3'22,29.15,0.996569
ARR,2022-11-29,29.0,Q4'22,Q3'22,29.15,0.994854
ARR,2022-11-30,29.4,Q4'22,Q3'22,29.15,1.008576
ARR,2022-12-01,29.7,Q4'22,Q3'22,29.15,1.018868
ARR,2022-12-02,29.6,Q4'22,Q3'22,29.15,1.015437
ARR,2022-12-05,29.15,Q4'22,Q3'22,29.15,1.0
ARR,2022-12-06,28.85,Q4'22,Q3'22,29.15,0.989708
ARR,2022-12-07,29.3,Q4'22,Q3'22,29.15,1.005146
ARR,2022-12-08,29.5,Q4'22,Q3'22,29.15,1.012007
ARR,2022-12-09,29.5,Q4'22,Q3'22,29.15,1.012007
ARR,2022-12-12,29.5,Q4'22,Q3'22,29.15,1.012007
ARR,2022-12-13,29.25,Q4'22,Q3'22,29.15,1.003431
ARR,2022-12-14,28.95,Q4'22,Q3'22,29.15,0.993139
ARR,2022-12-15,29.1,Q4'22,Q3'22,29.15,0.998285
ARR,2022-12-16,28.35,Q4'22,Q3'22,29.15,0.972556
ARR,2022-12-19,28.7,Q4'22,Q3'22,29.15,0.984563
ARR,2022-12-20,28.4,Q4'22,Q3'22,29.15,0.974271
ARR,2022-12-21,28.85,Q4'22,Q3'22,29.15,0.989708
ARR,2022-12-22,29.25,Q4'22,Q3'22,29.15,1.003431
ARR,2022-12-23,29.45,Q4'22,Q3'22,29.15,1.010292
ARR,2022-12-27,28.85,Q4'22,Q3'22,29.15,0.989708
ARR,2022-12-28,27.95,Q4'22,Q3'22,29.15,0.958834
ARR,2022-12-29,28.45,Q4'22,Q3'22,29.15,0.975986
ARR,2022-12-30,28.15,Q4'22,Q3'22,29.15,0.965695
ARR,2023-01-03,28.95,Q1'23,Q4'22,28.9,1.00173
ARR,2023-01-04,28.85,Q1'23,Q4'22,28.9,0.99827
ARR,2023-01-05,28.5,Q1'23,Q4'22,28.9,0.986159
ARR,2023-01-06,28.9,Q1'23,Q4'22,28.9,1.0
ARR,2023-01-09,29.3,Q1'23,Q4'22,28.9,1.013841
ARR,2023-01-10,29.8,Q1'23,Q4'22,28.9,1.031142
ARR,2023-01-11,30.15,Q1'23,Q4'22,28.9,1.043253
ARR,2023-01-12,30.7,Q1'23,Q4'22,28.9,1.062284
ARR,2023-01-13,30.4,Q1'23,Q4'22,28.9,1.051903
ARR,2023-01-17,30.45,Q1'23,Q4'22,28.9,1.053633
ARR,2023-01-18,30.3,Q1'23,Q4'22,28.9,1.048443
ARR,2023-01-19,30.35,Q1'23,Q4'22,28.9,1.050173
ARR,2023-01-20,30.55,Q1'23,Q4'22,28.9,1.057093
ARR,2023-01-23,30.35,Q1'23,Q4'22,28.9,1.050173
ARR,2023-01-24,30.25,Q1'23,Q4'22,28.9,1.046713
ARR,2023-01-25,30.05,Q1'23,Q4'22,28.9,1.039792
ARR,2023-01-26,30.55,Q1'23,Q4'22,28.9,1.057093
ARR,2023-01-27,31.05,Q1'23,Q4'22,28.9,1.074394
ARR,2023-01-30,30.8,Q1'23,Q4'22,28.9,1.065744
ARR,2023-01-31,31.4,Q1'23,Q4'22,28.9,1.086505
ARR,2023-02-01,32.35,Q1'23,Q4'22,28.9,1.119377
ARR,2023-02-02,32.5,Q1'23,Q4'22,28.9,1.124567
ARR,2023-02-03,32.1,Q1'23,Q4'22,28.9,1.110727
ARR,2023-02-06,30.85,Q1'23,Q4'22,28.9,1.067474
ARR,2023-02-07,30.95,Q1'23,Q4'22,28.9,1.070934
ARR,2023-02-08,30.85,Q1'23,Q4'22,28.9,1.067474
ARR,2023-02-09,30.35,Q1'23,Q4'22,28.9,1.050173
ARR,2023-02-10,30.4,Q1'23,Q4'22,28.9,1.051903
ARR,2023-02-13,30.8,Q1'23,Q4'22,28.9,1.065744
ARR,2023-02-14,29.65,Q1'23,Q4'22,28.9,1.025952
ARR,2023-02-15,28.7,Q1'23,Q4'22,28.9,0.99308
ARR,2023-02-16,29.35,Q1'23,Q4'22,28.9,1.015571
ARR,2023-02-17,29.35,Q1'23,Q4'22,28.9,1.015571
ARR,2023-02-21,28.15,Q1'23,Q4'22,28.9,0.974048
ARR,2023-02-22,28.25,Q1'23,Q4'22,28.9,0.977509
ARR,2023-02-23,28.5,Q1'23,Q4'22,28.9,0.986159
ARR,2023-02-24,28.1,Q1'23,Q4'22,28.9,0.972318
ARR,2023-02-27,27.15,Q1'23,Q4'22,28.9,0.939446
ARR,2023-02-28,27.15,Q1'23,Q4'22,28.9,0.939446
ARR,2023-03-01,26.35,Q1'23,Q4'22,28.9,0.911765
ARR,2023-03-02,26.2,Q1'23,Q4'22,28.9,0.906574
ARR,2023-03-03,26.75,Q1'23,Q4'22,28.9,0.925606
ARR,2023-03-06,26.85,Q1'23,Q4'22,28.9,0.929066
ARR,2023-03-07,26.75,Q1'23,Q4'22,28.9,0.925606
ARR,2023-03-08,26.85,Q1'23,Q4'22,28.9,0.929066
ARR,2023-03-09,26.15,Q1'23,Q4'22,28.9,0.904844
ARR,2023-03-10,25.25,Q1'23,Q4'22,28.9,0.873702
ARR,2023-03-13,25.6,Q1'23,Q4'22,28.9,0.885813
ARR,2023-03-14,25.5,Q1'23,Q4'22,28.9,0.882353
ARR,2023-03-15,25.1,Q1'23,Q4'22,28.9,0.868512
ARR,2023-03-16,25.1,Q1'23,Q4'22,28.9,0.868512
ARR,2023-03-17,23.9,Q1'23,Q4'22,28.9,0.82699
ARR,2023-03-20,24.05,Q1'23,Q4'22,28.9,0.83218
ARR,2023-03-21,24.4,Q1'23,Q4'22,28.9,0.844291
ARR,2023-03-22,24.05,Q1'23,Q4'22,28.9,0.83218
ARR,2023-03-23,23.95,Q1'23,Q4'22,28.9,0.82872
ARR,2023-03-24,25.1,Q1'23,Q4'22,28.9,0.868512
ARR,2023-03-27,25.7,Q1'23,Q4'22,28.9,0.889273
ARR,2023-03-28,24.95,Q1'23,Q4'22,28.9,0.863322
ARR,2023-03-29,25.35,Q1'23,Q4'22,28.9,0.877163
ARR,2023-03-30,25.55,Q1'23,Q4'22,28.9,0.884083
ARR,2023-03-31,26.25,Q1'23,Q4'22,28.9,0.908304
ARR,2023-04-03,26.15,Q2'23,Q1'23,27.2,0.961397
ARR,2023-04-04,26.45,Q2'23,Q1'23,27.2,0.972426
ARR,2023-04-05,26.8,Q2'23,Q1'23,27.2,0.985294
ARR,2023-04-06,26.85,Q2'23,Q1'23,27.2,0.987132
ARR,2023-04-10,26.25,Q2'23,Q1'23,27.2,0.965074
ARR,2023-04-11,26.2,Q2'23,Q1'23,27.2,0.963235
ARR,2023-04-12,26.6,Q2'23,Q1'23,27.2,0.977941
ARR,2023-04-13,26.25,Q2'23,Q1'23,27.2,0.965074
ARR,2023-04-14,25.65,Q2'23,Q1'23,27.2,0.943015
ARR,2023-04-17,26.0,Q2'23,Q1'23,27.2,0.955882
ARR,2023-04-18,25.55,Q2'23,Q1'23,27.2,0.939338
ARR,2023-04-19,25.65,Q2'23,Q1'23,27.2,0.943015
ARR,2023-04-20,25.7,Q2'23,Q1'23,27.2,0.944853
ARR,2023-04-21,26.0,Q2'23,Q1'23,27.2,0.955882
ARR,2023-04-24,25.7,Q2'23,Q1'23,27.2,0.944853
ARR,2023-04-25,25.15,Q2'23,Q1'23,27.2,0.924632
ARR,2023-04-26,24.95,Q2'23,Q1'23,27.2,0.917279
ARR,2023-04-27,25.45,Q2'23,Q1'23,27.2,0.935662
ARR,2023-04-28,25.5,Q2'23,Q1'23,27.2,0.9375
ARR,2023-05-01,25.05,Q2'23,Q1'23,27.2,0.920956
ARR,2023-05-02,24.45,Q2'23,Q1'23,27.2,0.898897
ARR,2023-05-03,24.9,Q2'23,Q1'23,27.2,0.915441
ARR,2023-05-04,24.65,Q2'23,Q1'23,27.2,0.90625
ARR,2023-05-05,25.45,Q2'23,Q1'23,27.2,0.935662
ARR,2023-05-08,25.8,Q2'23,Q1'23,27.2,0.948529
ARR,2023-05-09,25.4,Q2'23,Q1'23,27.2,0.933824
ARR,2023-05-10,25.5,Q2'23,Q1'23,27.2,0.9375
ARR,2023-05-11,25.4,Q2'23,Q1'23,27.2,0.933824
ARR,2023-05-12,24.6,Q2'23,Q1'23,27.2,0.904412
ARR,2023-05-15,24.4,Q2'23,Q1'23,27.2,0.897059
ARR,2023-05-16,23.8,Q2'23,Q1'23,27.2,0.875
ARR,2023-05-17,24.25,Q2'23,Q1'23,27.2,0.891544
ARR,2023-05-18,24.5,Q2'23,Q1'23,27.2,0.900735
ARR,2023-05-19,24.1,Q2'23,Q1'23,27.2,0.886029
ARR,2023-05-22,24.1,Q2'23,Q1'23,27.2,0.886029
ARR,2023-05-23,24.2,Q2'23,Q1'23,27.2,0.889706
ARR,2023-05-24,23.7,Q2'23,Q1'23,27.2,0.871324
ARR,2023-05-25,22.95,Q2'23,Q1'23,27.2,0.84375
ARR,2023-05-26,23.9,Q2'23,Q1'23,27.2,0.878676
ARR,2023-05-30,25.25,Q2'23,Q1'23,27.2,0.928309
ARR,2023-05-31,25.1,Q2'23,Q1'23,27.2,0.922794
ARR,2023-06-01,25.6,Q2'23,Q1'23,27.2,0.941176
ARR,2023-06-02,25.75,Q2'23,Q1'23,27.2,0.946691
ARR,2023-06-05,25.65,Q2'23,Q1'23,27.2,0.943015
ARR,2023-06-06,25.3,Q2'23,Q1'23,27.2,0.930147
ARR,2023-06-07,25.5,Q2'23,Q1'23,27.2,0.9375
ARR,2023-06-08,25.5,Q2'23,Q1'23,27.2,0.9375
ARR,2023-06-09,25.65,Q2'23,Q1'23,27.2,0.943015
ARR,2023-06-12,26.1,Q2'23,Q1'23,27.2,0.959559
ARR,2023-06-13,26.3,Q2'23,Q1'23,27.2,0.966912
ARR,2023-06-14,25.65,Q2'23,Q1'23,27.2,0.943015
ARR,2023-06-15,26.05,Q2'23,Q1'23,27.2,0.957721
ARR,2023-06-16,26.0,Q2'23,Q1'23,27.2,0.955882
ARR,2023-06-20,26.15,Q2'23,Q1'23,27.2,0.961397
ARR,2023-06-21,26.25,Q2'23,Q1'23,27.2,0.965074
ARR,2023-06-22,26.05,Q2'23,Q1'23,27.2,0.957721
ARR,2023-06-23,25.45,Q2'23,Q1'23,27.2,0.935662
ARR,2023-06-26,26.0,Q2'23,Q1'23,27.2,0.955882
ARR,2023-06-27,26.6,Q2'23,Q1'23,27.2,0.977941
ARR,2023-06-28,26.9,Q2'23,Q1'23,27.2,0.988971
ARR,2023-06-29,26.7,Q2'23,Q1'23,27.2,0.981618
ARR,2023-06-30,26.65,Q2'23,Q1'23,27.2,0.979779
ARR,2023-07-03,26.55,Q3'23,Q2'23,26.9,0.986989
ARR,2023-07-05,25.9,Q3'23,Q2'23,26.9,0.962825
ARR,2023-07-06,25.25,Q3'23,Q2'23,26.9,0.938662
ARR,2023-07-07,25.85,Q3'23,Q2'23,26.9,0.960967
ARR,2023-07-10,25.85,Q3'23,Q2'23,26.9,0.960967
ARR,2023-07-11,25.55,Q3'23,Q2'23,26.9,0.949814
ARR,2023-07-12,25.95,Q3'23,Q2'23,26.9,0.964684
ARR,2023-07-13,26.2,Q3'23,Q2'23,26.9,0.973978
ARR,2023-07-14,25.15,Q3'23,Q2'23,26.9,0.934944
ARR,2023-07-17,24.9,Q3'23,Q2'23,26.9,0.925651
ARR,2023-07-18,25.3,Q3'23,Q2'23,26.9,0.94052
ARR,2023-07-19,25.7,Q3'23,Q2'23,26.9,0.95539
ARR,2023-07-20,25.35,Q3'23,Q2'23,26.9,0.942379
ARR,2023-07-21,25.45,Q3'23,Q2'23,26.9,0.946097
ARR,2023-07-24,25.8,Q3'23,Q2'23,26.9,0.959108
ARR,2023-07-25,25.9,Q3'23,Q2'23,26.9,0.962825
ARR,2023-07-26,25.95,Q3'23,Q2'23,26.9,0.964684
ARR,2023-07-27,25.95,Q3'23,Q2'23,26.9,0.964684
ARR,2023-07-28,25.8,Q3'23,Q2'23,26.9,0.959108
ARR,2023-07-31,25.55,Q3'23,Q2'23,26.9,0.949814
ARR,2023-08-01,25.65,Q3'23,Q2'23,26.9,0.953532
ARR,2023-08-02,25.5,Q3'23,Q2'23,26.9,0.947955
ARR,2023-08-03,25.1,Q3'23,Q2'23,26.9,0.933086
ARR,2023-08-04,25.55,Q3'23,Q2'23,26.9,0.949814
ARR,2023-08-07,25.45,Q3'23,Q2'23,26.9,0.946097
ARR,2023-08-08,25.4,Q3'23,Q2'23,26.9,0.944238
ARR,2023-08-09,25.55,Q3'23,Q2'23,26.9,0.949814
ARR,2023-08-10,25.3,Q3'23,Q2'23,26.9,0.94052
ARR,2023-08-11,25.3,Q3'23,Q2'23,26.9,0.94052
ARR,2023-08-14,24.4,Q3'23,Q2'23,26.9,0.907063
ARR,2023-08-15,24.1,Q3'23,Q2'23,26.9,0.895911
ARR,2023-08-16,23.85,Q3'23,Q2'23,26.9,0.886617
ARR,2023-08-17,23.45,Q3'23,Q2'23,26.9,0.871747
ARR,2023-08-18,23.2,Q3'23,Q2'23,26.9,0.862454
ARR,2023-08-21,23.15,Q3'23,Q2'23,26.9,0.860595
ARR,2023-08-22,23.3,Q3'23,Q2'23,26.9,0.866171
ARR,2023-08-23,24.0,Q3'23,Q2'23,26.9,0.892193
ARR,2023-08-24,24.1,Q3'23,Q2'23,26.9,0.895911
ARR,2023-08-25,24.3,Q3'23,Q2'23,26.9,0.903346
ARR,2023-08-28,25.1,Q3'23,Q2'23,26.9,0.933086
ARR,2023-08-29,25.35,Q3'23,Q2'23,26.9,0.942379
ARR,2023-08-30,24.5,Q3'23,Q2'23,26.9,0.910781
ARR,2023-08-31,24.55,Q3'23,Q2'23,26.9,0.912639
ARR,2023-09-01,24.65,Q3'23,Q2'23,26.9,0.916357
ARR,2023-09-05,24.35,Q3'23,Q2'23,26.9,0.905204
ARR,2023-09-06,24.4,Q3'23,Q2'23,26.9,0.907063
ARR,2023-09-07,24.1,Q3'23,Q2'23,26.9,0.895911
ARR,2023-09-08,24.15,Q3'23,Q2'23,26.9,0.89777
ARR,2023-09-11,24.5,Q3'23,Q2'23,26.9,0.910781
ARR,2023-09-12,24.4,Q3'23,Q2'23,26.9,0.907063
ARR,2023-09-13,24.5,Q3'23,Q2'23,26.9,0.910781
ARR,2023-09-14,24.35,Q3'23,Q2'23,26.9,0.905204
ARR,2023-09-15,24.5,Q3'23,Q2'23,26.9,0.910781
ARR,2023-09-18,24.35,Q3'23,Q2'23,26.9,0.905204
ARR,2023-09-19,24.2,Q3'23,Q2'23,26.9,0.899628
ARR,2023-09-20,24.0,Q3'23,Q2'23,26.9,0.892193
ARR,2023-09-21,23.05,Q3'23,Q2'23,26.9,0.856877
ARR,2023-09-22,23.15,Q3'23,Q2'23,26.9,0.860595
ARR,2023-09-25,22.5,Q3'23,Q2'23,26.9,0.836431
ARR,2023-09-26,21.6,Q3'23,Q2'23,26.9,0.802974
ARR,2023-09-27,21.1,Q3'23,Q2'23,26.9,0.784387
ARR,2023-09-28,21.05,Q3'23,Q2'23,26.9,0.782528
ARR,2023-09-29,21.25,Q3'23,Q2'23,26.9,0.789963
ARR,2023-10-02,20.45,Q4'23,Q3'23,21.73,0.941095
ARR,2023-10-03,19.1,Q4'23,Q3'23,21.73,0.878969
ARR,2023-10-04,18.72,Q4'23,Q3'23,21.73,0.861482
ARR,2023-10-05,18.86,Q4'23,Q3'23,21.73,0.867925
ARR,2023-10-06,18.77,Q4'23,Q3'23,21.73,0.863783
ARR,2023-10-09,19.42,Q4'23,Q3'23,21.73,0.893695
ARR,2023-10-10,19.51,Q4'23,Q3'23,21.73,0.897837
ARR,2023-10-11,19.69,Q4'23,Q3'23,21.73,0.906121
ARR,2023-10-12,19.07,Q4'23,Q3'23,21.73,0.877589
ARR,2023-10-13,18.19,Q4'23,Q3'23,21.73,0.837092
ARR,2023-10-16,17.96,Q4'23,Q3'23,21.73,0.826507
ARR,2023-10-17,17.45,Q4'23,Q3'23,21.73,0.803037
ARR,2023-10-18,16.52,Q4'23,Q3'23,21.73,0.760239
ARR,2023-10-19,15.54,Q4'23,Q3'23,21.73,0.71514
ARR,2023-10-20,15.26,Q4'23,Q3'23,21.73,0.702255
ARR,2023-10-23,15.16,Q4'23,Q3'23,21.73,0.697653
ARR,2023-10-24,14.95,Q4'23,Q3'23,21.73,0.687989
ARR,2023-10-25,14.22,Q4'23,Q3'23,21.73,0.654395
ARR,2023-10-26,13.91,Q4'23,Q3'23,21.73,0.640129
ARR,2023-10-27,13.68,Q4'23,Q3'23,21.73,0.629544
ARR,2023-10-30,13.61,Q4'23,Q3'23,21.73,0.626323
ARR,2023-10-31,14.57,Q4'23,Q3'23,21.73,0.670502
ARR,2023-11-01,15.16,Q4'23,Q3'23,21.73,0.697653
ARR,2023-11-02,15.78,Q4'23,Q3'23,21.73,0.726185
ARR,2023-11-03,16.12,Q4'23,Q3'23,21.73,0.741832
ARR,2023-11-06,16.18,Q4'23,Q3'23,21.73,0.744593
ARR,2023-11-07,16.73,Q4'23,Q3'23,21.73,0.769903
ARR,2023-11-08,16.65,Q4'23,Q3'23,21.73,0.766222
ARR,2023-11-09,16.21,Q4'23,Q3'23,21.73,0.745973
ARR,2023-11-10,16.36,Q4'23,Q3'23,21.73,0.752876
ARR,2023-11-13,16.59,Q4'23,Q3'23,21.73,0.763461
ARR,2023-11-14,16.77,Q4'23,Q3'23,21.73,0.771744
ARR,2023-11-15,16.78,Q4'23,Q3'23,21.73,0.772204
ARR,2023-11-16,16.79,Q4'23,Q3'23,21.73,0.772665
ARR,2023-11-17,17.21,Q4'23,Q3'23,21.73,0.791993
ARR,2023-11-20,17.41,Q4'23,Q3'23,21.73,0.801196
ARR,2023-11-21,17.4,Q4'23,Q3'23,21.73,0.800736
ARR,2023-11-22,17.46,Q4'23,Q3'23,21.73,0.803497
ARR,2023-11-24,17.1,Q4'23,Q3'23,21.73,0.786931
ARR,2023-11-27,17.06,Q4'23,Q3'23,21.73,0.78509
ARR,2023-11-28,17.44,Q4'23,Q3'23,21.73,0.802577
ARR,2023-11-29,17.68,Q4'23,Q3'23,21.73,0.813622
ARR,2023-11-30,17.6,Q4'23,Q3'23,21.73,0.80994
ARR,2023-12-01,18.49,Q4'23,Q3'23,21.73,0.850897
ARR,2023-12-04,18.88,Q4'23,Q3'23,21.73,0.868845
ARR,2023-12-05,18.88,Q4'23,Q3'23,21.73,0.868845
ARR,2023-12-06,18.54,Q4'23,Q3'23,21.73,0.853198
ARR,2023-12-07,18.81,Q4'23,Q3'23,21.73,0.865624
ARR,2023-12-08,19.1,Q4'23,Q3'23,21.73,0.878969
ARR,2023-12-11,18.88,Q4'23,Q3'23,21.73,0.868845
ARR,2023-12-12,19.07,Q4'23,Q3'23,21.73,0.877589
ARR,2023-12-13,19.83,Q4'23,Q3'23,21.73,0.912563
ARR,2023-12-14,19.84,Q4'23,Q3'23,21.73,0.913023
ARR,2023-12-15,19.29,Q4'23,Q3'23,21.73,0.887713
ARR,2023-12-18,18.91,Q4'23,Q3'23,21.73,0.870225
ARR,2023-12-19,19.11,Q4'23,Q3'23,21.73,0.879429
ARR,2023-12-20,18.99,Q4'23,Q3'23,21.73,0.873907
ARR,2023-12-21,19.53,Q4'23,Q3'23,21.73,0.898758
ARR,2023-12-22,19.62,Q4'23,Q3'23,21.73,0.902899
ARR,2023-12-26,19.78,Q4'23,Q3'23,21.73,0.910262
ARR,2023-12-27,19.92,Q4'23,Q3'23,21.73,0.916705
ARR,2023-12-28,19.82,Q4'23,Q3'23,21.73,0.912103
ARR,2023-12-29,19.32,Q4'23,Q3'23,21.73,0.889093
ARR,2024-01-02,18.88,Q1'24,Q4'23,22.54,0.837622
ARR,2024-01-03,18.63,Q1'24,Q4'23,22.54,0.826531
ARR,2024-01-04,18.49,Q1'24,Q4'23,22.54,0.820319
ARR,2024-01-05,18.96,Q1'24,Q4'23,22.54,0.841171
ARR,2024-01-08,19.63,Q1'24,Q4'23,22.54,0.870896
ARR,2024-01-09,19.9,Q1'24,Q4'23,22.54,0.882875
ARR,2024-01-10,19.98,Q1'24,Q4'23,22.54,0.886424
ARR,2024-01-11,19.74,Q1'24,Q4'23,22.54,0.875776
ARR,2024-01-12,19.79,Q1'24,Q4'23,22.54,0.877995
ARR,2024-01-16,19.46,Q1'24,Q4'23,22.54,0.863354
ARR,2024-01-17,19.11,Q1'24,Q4'23,22.54,0.847826
ARR,2024-01-18,19.04,Q1'24,Q4'23,22.54,0.844721
ARR,2024-01-19,19.03,Q1'24,Q4'23,22.54,0.844277
ARR,2024-01-22,19.01,Q1'24,Q4'23,22.54,0.84339
ARR,2024-01-23,19.41,Q1'24,Q4'23,22.54,0.861136
ARR,2024-01-24,19.46,Q1'24,Q4'23,22.54,0.863354
ARR,2024-01-25,19.86,Q1'24,Q4'23,22.54,0.8811
ARR,2024-01-26,19.86,Q1'24,Q4'23,22.54,0.8811
ARR,2024-01-29,20.28,Q1'24,Q4'23,22.54,0.899734
ARR,2024-01-30,19.44,Q1'24,Q4'23,22.54,0.862467
ARR,2024-01-31,19.05,Q1'24,Q4'23,22.54,0.845164
ARR,2024-02-01,19.57,Q1'24,Q4'23,22.54,0.868234
ARR,2024-02-02,19.32,Q1'24,Q4'23,22.54,0.857143
ARR,2024-02-05,18.8,Q1'24,Q4'23,22.54,0.834073
ARR,2024-02-06,18.85,Q1'24,Q4'23,22.54,0.836291
ARR,2024-02-07,18.49,Q1'24,Q4'23,22.54,0.820319
ARR,2024-02-08,18.56,Q1'24,Q4'23,22.54,0.823425
ARR,2024-02-09,18.85,Q1'24,Q4'23,22.54,0.836291
ARR,2024-02-12,19.26,Q1'24,Q4'23,22.54,0.854481
ARR,2024-02-13,18.41,Q1'24,Q4'23,22.54,0.81677
ARR,2024-02-14,18.27,Q1'24,Q4'23,22.54,0.810559
ARR,2024-02-15,19.29,Q1'24,Q4'23,22.54,0.855812
ARR,2024-02-16,19.12,Q1'24,Q4'23,22.54,0.84827
ARR,2024-02-20,18.8,Q1'24,Q4'23,22.54,0.834073
ARR,2024-02-21,18.88,Q1'24,Q4'23,22.54,0.837622
ARR,2024-02-22,18.92,Q1'24,Q4'23,22.54,0.839397
ARR,2024-02-23,19.02,Q1'24,Q4'23,22.54,0.843833
ARR,2024-02-26,18.83,Q1'24,Q4'23,22.54,0.835404
ARR,2024-02-27,19.09,Q1'24,Q4'23,22.54,0.846939
ARR,2024-02-28,19.04,Q1'24,Q4'23,22.54,0.844721
ARR,2024-02-29,19.8,Q1'24,Q4'23,22.54,0.878438
ARR,2024-03-01,19.73,Q1'24,Q4'23,22.54,0.875333
ARR,2024-03-04,19.32,Q1'24,Q4'23,22.54,0.857143
ARR,2024-03-05,19.22,Q1'24,Q4'23,22.54,0.852706
ARR,2024-03-06,19.32,Q1'24,Q4'23,22.54,0.857143
ARR,2024-03-07,19.36,Q1'24,Q4'23,22.54,0.858918
ARR,2024-03-08,19.48,Q1'24,Q4'23,22.54,0.864241
ARR,2024-03-11,19.67,Q1'24,Q4'23,22.54,0.872671
ARR,2024-03-12,19.75,Q1'24,Q4'23,22.54,0.87622
ARR,2024-03-13,19.83,Q1'24,Q4'23,22.54,0.879769
ARR,2024-03-14,18.72,Q1'24,Q4'23,22.54,0.830523
ARR,2024-03-15,18.78,Q1'24,Q4'23,22.54,0.833185
ARR,2024-03-18,18.69,Q1'24,Q4'23,22.54,0.829193
ARR,2024-03-19,18.89,Q1'24,Q4'23,22.54,0.838066
ARR,2024-03-20,19.3,Q1'24,Q4'23,22.54,0.856256
ARR,2024-03-21,19.43,Q1'24,Q4'23,22.54,0.862023
ARR,2024-03-22,19.24,Q1'24,Q4'23,22.54,0.853594
ARR,2024-03-25,19.2,Q1'24,Q4'23,22.54,0.851819
ARR,2024-03-26,19.02,Q1'24,Q4'23,22.54,0.843833
ARR,2024-03-27,19.61,Q1'24,Q4'23,22.54,0.870009
ARR,2024-03-28,19.77,Q1'24,Q4'23,22.54,0.877107
ARR,2024-04-01,19.62,Q2'24,Q1'24,22.07,0.88899
ARR,2024-04-02,19.35,Q2'24,Q1'24,22.07,0.876756
ARR,2024-04-03,19.34,Q2'24,Q1'24,22.07,0.876303
ARR,2024-04-04,19.29,Q2'24,Q1'24,22.07,0.874037
ARR,2024-04-05,19.45,Q2'24,Q1'24,22.07,0.881287
ARR,2024-04-08,19.48,Q2'24,Q1'24,22.07,0.882646
ARR,2024-04-09,19.78,Q2'24,Q1'24,22.07,0.896239
ARR,2024-04-10,18.51,Q2'24,Q1'24,22.07,0.838695
ARR,2024-04-11,18.76,Q2'24,Q1'24,22.07,0.850023
ARR,2024-04-12,18.42,Q2'24,Q1'24,22.07,0.834617
ARR,2024-04-15,17.82,Q2'24,Q1'24,22.07,0.807431
ARR,2024-04-16,17.36,Q2'24,Q1'24,22.07,0.786588
ARR,2024-04-17,17.51,Q2'24,Q1'24,22.07,0.793385
ARR,2024-04-18,17.71,Q2'24,Q1'24,22.07,0.802447
ARR,2024-04-19,18.17,Q2'24,Q1'24,22.07,0.82329
ARR,2024-04-22,18.37,Q2'24,Q1'24,22.07,0.832352
ARR,2024-04-23,18.99,Q2'24,Q1'24,22.07,0.860444
ARR,2024-04-24,18.73,Q2'24,Q1'24,22.07,0.848663
ARR,2024-04-25,18.21,Q2'24,Q1'24,22.07,0.825102
ARR,2024-04-26,18.52,Q2'24,Q1'24,22.07,0.839148
ARR,2024-04-29,18.5,Q2'24,Q1'24,22.07,0.838242
ARR,2024-04-30,18.17,Q2'24,Q1'24,22.07,0.82329
ARR,2024-05-01,18.63,Q2'24,Q1'24,22.07,0.844132
ARR,2024-05-02,18.83,Q2'24,Q1'24,22.07,0.853194
ARR,2024-05-03,19.02,Q2'24,Q1'24,22.07,0.861803
ARR,2024-05-06,19.24,Q2'24,Q1'24,22.07,0.871772
ARR,2024-05-07,19.0,Q2'24,Q1'24,22.07,0.860897
ARR,2024-05-08,19.08,Q2'24,Q1'24,22.07,0.864522
ARR,2024-05-09,19.35,Q2'24,Q1'24,22.07,0.876756
ARR,2024-05-10,19.36,Q2'24,Q1'24,22.07,0.877209
ARR,2024-05-13,19.24,Q2'24,Q1'24,22.07,0.871772
ARR,2024-05-14,19.11,Q2'24,Q1'24,22.07,0.865881
ARR,2024-05-15,19.19,Q2'24,Q1'24,22.07,0.869506
ARR,2024-05-16,19.21,Q2'24,Q1'24,22.07,0.870412
ARR,2024-05-17,19.2,Q2'24,Q1'24,22.07,0.869959
ARR,2024-05-20,19.26,Q2'24,Q1'24,22.07,0.872678
ARR,2024-05-21,19.26,Q2'24,Q1'24,22.07,0.872678
ARR,2024-05-22,19.0,Q2'24,Q1'24,22.07,0.860897
ARR,2024-05-23,18.65,Q2'24,Q1'24,22.07,0.845038
ARR,2024-05-24,18.98,Q2'24,Q1'24,22.07,0.859991
ARR,2024-05-28,19.0,Q2'24,Q1'24,22.07,0.860897
ARR,2024-05-29,18.74,Q2'24,Q1'24,22.07,0.849116
ARR,2024-05-30,19.08,Q2'24,Q1'24,22.07,0.864522
ARR,2024-05-31,19.34,Q2'24,Q1'24,22.07,0.876303
ARR,2024-06-03,19.55,Q2'24,Q1'24,22.07,0.885818
ARR,2024-06-04,19.34,Q2'24,Q1'24,22.07,0.876303
ARR,2024-06-05,19.79,Q2'24,Q1'24,22.07,0.896692
ARR,2024-06-06,19.63,Q2'24,Q1'24,22.07,0.889443
ARR,2024-06-07,19.55,Q2'24,Q1'24,22.07,0.885818
ARR,2024-06-10,19.33,Q2'24,Q1'24,22.07,0.87585
ARR,2024-06-11,19.02,Q2'24,Q1'24,22.07,0.861803
ARR,2024-06-12,19.37,Q2'24,Q1'24,22.07,0.877662
ARR,2024-06-13,19.57,Q2'24,Q1'24,22.07,0.886724
ARR,2024-06-14,19.54,Q2'24,Q1'24,22.07,0.885365
ARR,2024-06-17,19.34,Q2'24,Q1'24,22.07,0.876303
ARR,2024-06-18,19.1,Q2'24,Q1'24,22.07,0.865428
ARR,2024-06-20,19.34,Q2'24,Q1'24,22.07,0.876303
ARR,2024-06-21,19.65,Q2'24,Q1'24,22.07,0.890349
ARR,2024-06-24,19.52,Q2'24,Q1'24,22.07,0.884459
ARR,2024-06-25,19.41,Q2'24,Q1'24,22.07,0.879474
ARR,2024-06-26,19.4,Q2'24,Q1'24,22.07,0.879021
ARR,2024-06-27,19.39,Q2'24,Q1'24,22.07,0.878568
ARR,2024-06-28,19.38,Q2'24,Q1'24,22.07,0.878115
ARR,2024-07-01,19.15,Q3'24,Q2'24,20.3,0.94335
ARR,2024-07-02,19.45,Q3'24,Q2'24,20.3,0.958128
ARR,2024-07-03,19.48,Q3'24,Q2'24,20.3,0.959606
ARR,2024-07-05,19.68,Q3'24,Q2'24,20.3,0.969458
ARR,2024-07-08,19.71,Q3'24,Q2'24,20.3,0.970936
ARR,2024-07-09,19.7,Q3'24,Q2'24,20.3,0.970443
ARR,2024-07-10,20.07,Q3'24,Q2'24,20.3,0.98867
ARR,2024-07-11,20.49,Q3'24,Q2'24,20.3,1.00936
ARR,2024-07-12,21.14,Q3'24,Q2'24,20.3,1.041379
ARR,2024-07-15,20.92,Q3'24,Q2'24,20.3,1.030542
ARR,2024-07-16,21.64,Q3'24,Q2'24,20.3,1.06601
ARR,2024-07-17,21.65,Q3'24,Q2'24,20.3,1.066502
ARR,2024-07-18,21.36,Q3'24,Q2'24,20.3,1.052217
ARR,2024-07-19,21.1,Q3'24,Q2'24,20.3,1.039409
ARR,2024-07-22,21.32,Q3'24,Q2'24,20.3,1.050246
ARR,2024-07-23,21.35,Q3'24,Q2'24,20.3,1.051724
ARR,2024-07-24,20.68,Q3'24,Q2'24,20.3,1.018719
ARR,2024-07-25,20.18,Q3'24,Q2'24,20.3,0.994089
ARR,2024-07-26,20.47,Q3'24,Q2'24,20.3,1.008374
ARR,2024-07-29,20.56,Q3'24,Q2'24,20.3,1.012808
ARR,2024-07-30,20.52,Q3'24,Q2'24,20.3,1.010837
ARR,2024-07-31,20.2,Q3'24,Q2'24,20.3,0.995074
ARR,2024-08-01,20.26,Q3'24,Q2'24,20.3,0.99803
ARR,2024-08-02,20.42,Q3'24,Q2'24,20.3,1.005911
ARR,2024-08-05,19.62,Q3'24,Q2'24,20.3,0.966503
ARR,2024-08-06,20.09,Q3'24,Q2'24,20.3,0.989655
ARR,2024-08-07,20.07,Q3'24,Q2'24,20.3,0.98867
ARR,2024-08-08,20.21,Q3'24,Q2'24,20.3,0.995566
ARR,2024-08-09,20.23,Q3'24,Q2'24,20.3,0.996552
ARR,2024-08-12,20.09,Q3'24,Q2'24,20.3,0.989655
ARR,2024-08-13,19.97,Q3'24,Q2'24,20.3,0.983744
ARR,2024-08-14,20.0,Q3'24,Q2'24,20.3,0.985222
ARR,2024-08-15,19.9,Q3'24,Q2'24,20.3,0.980296
ARR,2024-08-16,20.07,Q3'24,Q2'24,20.3,0.98867
ARR,2024-08-19,20.14,Q3'24,Q2'24,20.3,0.992118
ARR,2024-08-20,20.16,Q3'24,Q2'24,20.3,0.993103
ARR,2024-08-21,20.31,Q3'24,Q2'24,20.3,1.000493
ARR,2024-08-22,20.01,Q3'24,Q2'24,20.3,0.985714
ARR,2024-08-23,20.09,Q3'24,Q2'24,20.3,0.989655
ARR,2024-08-26,20.27,Q3'24,Q2'24,20.3,0.998522
ARR,2024-08-27,20.42,Q3'24,Q2'24,20.3,1.005911
ARR,2024-08-28,20.32,Q3'24,Q2'24,20.3,1.000985
ARR,2024-08-29,20.32,Q3'24,Q2'24,20.3,1.000985
ARR,2024-08-30,20.45,Q3'24,Q2'24,20.3,1.007389
ARR,2024-09-03,20.27,Q3'24,Q2'24,20.3,0.998522
ARR,2024-09-04,20.23,Q3'24,Q2'24,20.3,0.996552
ARR,2024-09-05,20.26,Q3'24,Q2'24,20.3,0.99803
ARR,2024-09-06,20.42,Q3'24,Q2'24,20.3,1.005911
ARR,2024-09-09,20.49,Q3'24,Q2'24,20.3,1.00936
ARR,2024-09-10,20.6,Q3'24,Q2'24,20.3,1.014778
ARR,2024-09-11,20.59,Q3'24,Q2'24,20.3,1.014286
ARR,2024-09-12,20.56,Q3'24,Q2'24,20.3,1.012808
ARR,2024-09-13,20.76,Q3'24,Q2'24,20.3,1.02266
ARR,2024-09-16,20.68,Q3'24,Q2'24,20.3,1.018719
ARR,2024-09-17,20.65,Q3'24,Q2'24,20.3,1.017241
ARR,2024-09-18,20.7,Q3'24,Q2'24,20.3,1.019704
ARR,2024-09-19,20.91,Q3'24,Q2'24,20.3,1.030049
ARR,2024-09-20,20.92,Q3'24,Q2'24,20.3,1.030542
ARR,2024-09-23,20.11,Q3'24,Q2'24,20.3,0.99064
ARR,2024-09-24,20.46,Q3'24,Q2'24,20.3,1.007882
ARR,2024-09-25,20.23,Q3'24,Q2'24,20.3,0.996552
ARR,2024-09-26,20.34,Q3'24,Q2'24,20.3,1.00197
ARR,2024-09-27,20.51,Q3'24,Q2'24,20.3,1.010345
ARR,2024-09-30,20.4,Q3'24,Q2'24,20.3,1.004926
ARR,2024-10-01,19.96,Q4'24,Q3'24,20.76,0.961464
ARR,2024-10-02,19.95,Q4'24,Q3'24,20.76,0.960983
ARR,2024-10-03,19.87,Q4'24,Q3'24,20.76,0.957129
ARR,2024-10-04,19.76,Q4'24,Q3'24,20.76,0.95183
ARR,2024-10-07,19.51,Q4'24,Q3'24,20.76,0.939788
ARR,2024-10-08,19.66,Q4'24,Q3'24,20.76,0.947013
ARR,2024-10-09,19.67,Q4'24,Q3'24,20.76,0.947495
ARR,2024-10-10,19.77,Q4'24,Q3'24,20.76,0.952312
ARR,2024-10-11,19.73,Q4'24,Q3'24,20.76,0.950385
ARR,2024-10-14,19.83,Q4'24,Q3'24,20.76,0.955202
ARR,2024-10-15,19.64,Q4'24,Q3'24,20.76,0.94605
ARR,2024-10-16,20.12,Q4'24,Q3'24,20.76,0.969172
ARR,2024-10-17,20.1,Q4'24,Q3'24,20.76,0.968208
ARR,2024-10-18,20.36,Q4'24,Q3'24,20.76,0.980732
ARR,2024-10-21,19.97,Q4'24,Q3'24,20.76,0.961946
ARR,2024-10-22,19.69,Q4'24,Q3'24,20.76,0.948459
ARR,2024-10-23,19.58,Q4'24,Q3'24,20.76,0.94316
ARR,2024-10-24,19.62,Q4'24,Q3'24,20.76,0.945087
ARR,2024-10-25,19.39,Q4'24,Q3'24,20.76,0.934008
ARR,2024-10-28,19.1,Q4'24,Q3'24,20.76,0.920039
ARR,2024-10-29,19.01,Q4'24,Q3'24,20.76,0.915703
ARR,2024-10-30,19.01,Q4'24,Q3'24,20.76,0.915703
ARR,2024-10-31,18.75,Q4'24,Q3'24,20.76,0.903179
ARR,2024-11-01,18.59,Q4'24,Q3'24,20.76,0.895472
ARR,2024-11-04,18.62,Q4'24,Q3'24,20.76,0.896917
ARR,2024-11-05,18.74,Q4'24,Q3'24,20.76,0.902697
ARR,2024-11-06,18.73,Q4'24,Q3'24,20.76,0.902216
ARR,2024-11-07,18.99,Q4'24,Q3'24,20.76,0.91474
ARR,2024-11-08,19.31,Q4'24,Q3'24,20.76,0.930154
ARR,2024-11-11,19.42,Q4'24,Q3'24,20.76,0.935453
ARR,2024-11-12,19.01,Q4'24,Q3'24,20.76,0.915703
ARR,2024-11-13,19.02,Q4'24,Q3'24,20.76,0.916185
ARR,2024-11-14,18.96,Q4'24,Q3'24,20.76,0.913295
ARR,2024-11-15,18.81,Q4'24,Q3'24,20.76,0.906069
ARR,2024-11-18,18.8,Q4'24,Q3'24,20.76,0.905588
ARR,2024-11-19,18.81,Q4'24,Q3'24,20.76,0.906069
ARR,2024-11-20,18.43,Q4'24,Q3'24,20.76,0.887765
ARR,2024-11-21,18.7,Q4'24,Q3'24,20.76,0.900771
ARR,2024-11-22,18.69,Q4'24,Q3'24,20.76,0.900289
ARR,2024-11-25,18.81,Q4'24,Q3'24,20.76,0.906069
ARR,2024-11-26,18.71,Q4'24,Q3'24,20.76,0.901252
ARR,2024-11-27,18.78,Q4'24,Q3'24,20.76,0.904624
ARR,2024-11-29,18.92,Q4'24,Q3'24,20.76,0.911368
ARR,2024-12-02,19.12,Q4'24,Q3'24,20.76,0.921002
ARR,2024-12-03,19.1,Q4'24,Q3'24,20.76,0.920039
ARR,2024-12-04,19.08,Q4'24,Q3'24,20.76,0.919075
ARR,2024-12-05,18.99,Q4'24,Q3'24,20.76,0.91474
ARR,2024-12-06,19.31,Q4'24,Q3'24,20.76,0.930154
ARR,2024-12-09,19.46,Q4'24,Q3'24,20.76,0.93738
ARR,2024-12-10,19.43,Q4'24,Q3'24,20.76,0.935935
ARR,2024-12-11,19.46,Q4'24,Q3'24,20.76,0.93738
ARR,2024-12-12,19.45,Q4'24,Q3'24,20.76,0.936898
ARR,2024-12-13,19.38,Q4'24,Q3'24,20.76,0.933526
ARR,2024-12-16,19.17,Q4'24,Q3'24,20.76,0.92341
ARR,2024-12-17,19.03,Q4'24,Q3'24,20.76,0.916667
ARR,2024-12-18,18.47,Q4'24,Q3'24,20.76,0.889692
ARR,2024-12-19,18.52,Q4'24,Q3'24,20.76,0.8921
ARR,2024-12-20,18.85,Q4'24,Q3'24,20.76,0.907996
ARR,2024-12-23,18.69,Q4'24,Q3'24,20.76,0.900289
ARR,2024-12-24,18.85,Q4'24,Q3'24,20.76,0.907996
ARR,2024-12-26,18.68,Q4'24,Q3'24,20.76,0.899807
ARR,2024-12-27,18.69,Q4'24,Q3'24,20.76,0.900289
ARR,2024-12-30,18.59,Q4'24,Q3'24,20.76,0.895472
ARR,2024-12-31,18.86,Q4'24,Q3'24,20.76,0.908478
ARR,2025-01-02,18.97,Q1'25,Q4'24,19.07,0.994756
ARR,2025-01-03,19.27,Q1'25,Q4'24,19.07,1.010488
ARR,2025-01-06,19.01,Q1'25,Q4'24,19.07,0.996854
ARR,2025-01-07,18.9,Q1'25,Q4'24,19.07,0.991085
ARR,2025-01-08,18.8,Q1'25,Q4'24,19.07,0.985842
ARR,2025-01-10,18.32,Q1'25,Q4'24,19.07,0.960671
ARR,2025-01-13,18.15,Q1'25,Q4'24,19.07,0.951757
ARR,2025-01-14,18.05,Q1'25,Q4'24,19.07,0.946513
ARR,2025-01-15,18.08,Q1'25,Q4'24,19.07,0.948086
ARR,2025-01-16,18.48,Q1'25,Q4'24,19.07,0.969061
ARR,2025-01-17,18.66,Q1'25,Q4'24,19.07,0.9785
ARR,2025-01-21,18.8,Q1'25,Q4'24,19.07,0.985842
ARR,2025-01-22,18.65,Q1'25,Q4'24,19.07,0.977976
ARR,2025-01-23,18.48,Q1'25,Q4'24,19.07,0.969061
ARR,2025-01-24,18.51,Q1'25,Q4'24,19.07,0.970635
ARR,2025-01-27,18.69,Q1'25,Q4'24,19.07,0.980073
ARR,2025-01-28,18.55,Q1'25,Q4'24,19.07,0.972732
ARR,2025-01-29,18.51,Q1'25,Q4'24,19.07,0.970635
ARR,2025-01-30,18.78,Q1'25,Q4'24,19.07,0.984793
ARR,2025-01-31,18.82,Q1'25,Q4'24,19.07,0.98689
ARR,2025-02-03,18.75,Q1'25,Q4'24,19.07,0.98322
ARR,2025-02-04,18.81,Q1'25,Q4'24,19.07,0.986366
ARR,2025-02-05,18.83,Q1'25,Q4'24,19.07,0.987415
ARR,2025-02-06,18.88,Q1'25,Q4'24,19.07,0.990037
ARR,2025-02-07,18.81,Q1'25,Q4'24,19.07,0.986366
ARR,2025-02-10,18.9,Q1'25,Q4'24,19.07,0.991085
ARR,2025-02-11,19.06,Q1'25,Q4'24,19.07,0.999476
ARR,2025-02-12,18.91,Q1'25,Q4'24,19.07,0.99161
ARR,2025-02-13,19.21,Q1'25,Q4'24,19.07,1.007341
ARR,2025-02-14,19.18,Q1'25,Q4'24,19.07,1.005768
ARR,2025-02-18,18.95,Q1'25,Q4'24,19.07,0.993707
ARR,2025-02-19,18.96,Q1'25,Q4'24,19.07,0.994232
ARR,2025-02-20,18.94,Q1'25,Q4'24,19.07,0.993183
ARR,2025-02-21,18.89,Q1'25,Q4'24,19.07,0.990561
ARR,2025-02-24,18.74,Q1'25,Q4'24,19.07,0.982695
ARR,2025-02-25,18.84,Q1'25,Q4'24,19.07,0.987939
ARR,2025-02-26,19.05,Q1'25,Q4'24,19.07,0.998951
ARR,2025-02-27,18.98,Q1'25,Q4'24,19.07,0.995281
ARR,2025-02-28,19.05,Q1'25,Q4'24,19.07,0.998951
ARR,2025-03-03,18.65,Q1'25,Q4'24,19.07,0.977976
ARR,2025-03-04,18.55,Q1'25,Q4'24,19.07,0.972732
ARR,2025-03-05,18.69,Q1'25,Q4'24,19.07,0.980073
ARR,2025-03-06,18.65,Q1'25,Q4'24,19.07,0.977976
ARR,2025-03-07,19.01,Q1'25,Q4'24,19.07,0.996854
ARR,2025-03-10,18.99,Q1'25,Q4'24,19.07,0.995805
ARR,2025-03-11,18.48,Q1'25,Q4'24,19.07,0.969061
ARR,2025-03-12,18.57,Q1'25,Q4'24,19.07,0.973781
ARR,2025-03-13,18.58,Q1'25,Q4'24,19.07,0.974305
ARR,2025-03-14,18.8,Q1'25,Q4'24,19.07,0.985842
ARR,2025-03-17,18.72,Q1'25,Q4'24,19.07,0.981647
ARR,2025-03-18,18.8,Q1'25,Q4'24,19.07,0.985842
ARR,2025-03-19,18.68,Q1'25,Q4'24,19.07,0.979549
ARR,2025-03-20,18.62,Q1'25,Q4'24,19.07,0.976403
ARR,2025-03-21,18.53,Q1'25,Q4'24,19.07,0.971683
ARR,2025-03-24,18.54,Q1'25,Q4'24,19.07,0.972208
ARR,2025-03-25,18.16,Q1'25,Q4'24,19.07,0.952281
ARR,2025-03-26,17.62,Q1'25,Q4'24,19.07,0.923964
ARR,2025-03-27,17.58,Q1'25,Q4'24,19.07,0.921867
ARR,2025-03-28,17.05,Q1'25,Q4'24,19.07,0.894074
ARR,2025-03-31,17.1,Q1'25,Q4'24,19.07,0.896696
ARR,2025-04-01,17.03,Q2'25,Q1'25,18.59,0.916084
ARR,2025-04-02,16.74,Q2'25,Q1'25,18.59,0.900484
ARR,2025-04-03,16.4,Q2'25,Q1'25,18.59,0.882195
ARR,2025-04-04,15.07,Q2'25,Q1'25,18.59,0.810651
ARR,2025-04-07,14.62,Q2'25,Q1'25,18.59,0.786444
ARR,2025-04-08,14.36,Q2'25,Q1'25,18.59,0.772458
ARR,2025-04-09,15.05,Q2'25,Q1'25,18.59,0.809575
ARR,2025-04-10,14.15,Q2'25,Q1'25,18.59,0.761162
ARR,2025-04-11,14.09,Q2'25,Q1'25,18.59,0.757934
ARR,2025-04-14,14.43,Q2'25,Q1'25,18.59,0.776224
ARR,2025-04-15,14.23,Q2'25,Q1'25,18.59,0.765465
ARR,2025-04-16,13.97,Q2'25,Q1'25,18.59,0.751479
ARR,2025-04-17,14.3,Q2'25,Q1'25,18.59,0.769231
ARR,2025-04-21,14.08,Q2'25,Q1'25,18.59,0.757396
ARR,2025-04-22,14.7,Q2'25,Q1'25,18.59,0.790748
ARR,2025-04-23,14.88,Q2'25,Q1'25,18.59,0.80043
ARR,2025-04-24,15.3,Q2'25,Q1'25,18.59,0.823023
ARR,2025-04-25,15.99,Q2'25,Q1'25,18.59,0.86014
ARR,2025-04-28,16.42,Q2'25,Q1'25,18.59,0.883271
ARR,2025-04-29,16.65,Q2'25,Q1'25,18.59,0.895643
ARR,2025-04-30,16.47,Q2'25,Q1'25,18.59,0.88596
ARR,2025-05-01,16.4,Q2'25,Q1'25,18.59,0.882195
ARR,2025-05-02,16.22,Q2'25,Q1'25,18.59,0.872512
ARR,2025-05-05,16.16,Q2'25,Q1'25,18.59,0.869285
ARR,2025-05-06,16.1,Q2'25,Q1'25,18.59,0.866057
ARR,2025-05-07,16.47,Q2'25,Q1'25,18.59,0.88596
ARR,2025-05-08,16.84,Q2'25,Q1'25,18.59,0.905863
ARR,2025-05-09,16.85,Q2'25,Q1'25,18.59,0.906401
ARR,2025-05-12,16.96,Q2'25,Q1'25,18.59,0.912318
ARR,2025-05-13,17.02,Q2'25,Q1'25,18.59,0.915546
ARR,2025-05-14,16.82,Q2'25,Q1'25,18.59,0.904788
ARR,2025-05-15,16.76,Q2'25,Q1'25,18.59,0.90156
ARR,2025-05-16,16.81,Q2'25,Q1'25,18.59,0.90425
ARR,2025-05-19,16.78,Q2'25,Q1'25,18.59,0.902636
ARR,2025-05-20,16.72,Q2'25,Q1'25,18.59,0.899408
ARR,2025-05-21,15.95,Q2'25,Q1'25,18.59,0.857988
ARR,2025-05-22,15.95,Q2'25,Q1'25,18.59,0.857988
ARR,2025-05-23,15.98,Q2'25,Q1'25,18.59,0.859602
ARR,2025-05-27,16.07,Q2'25,Q1'25,18.59,0.864443
ARR,2025-05-28,16.14,Q2'25,Q1'25,18.59,0.868209
ARR,2025-05-29,16.32,Q2'25,Q1'25,18.59,0.877891
ARR,2025-05-30,16.21,Q2'25,Q1'25,18.59,0.871974
ARR,2025-06-02,16.05,Q2'25,Q1'25,18.59,0.863367
ARR,2025-06-03,16.41,Q2'25,Q1'25,18.59,0.882733
ARR,2025-06-04,16.48,Q2'25,Q1'25,18.59,0.886498
ARR,2025-06-05,16.53,Q2'25,Q1'25,18.59,0.889188
ARR,2025-06-06,16.54,Q2'25,Q1'25,18.59,0.889726
ARR,2025-06-09,16.58,Q2'25,Q1'25,18.59,0.891877
ARR,2025-06-10,16.75,Q2'25,Q1'25,18.59,0.901022
ARR,2025-06-11,16.81,Q2'25,Q1'25,18.59,0.90425
ARR,2025-06-12,16.9,Q2'25,Q1'25,18.59,0.909091
ARR,2025-06-13,16.75,Q2'25,Q1'25,18.59,0.901022
ARR,2025-06-16,16.48,Q2'25,Q1'25,18.59,0.886498
ARR,2025-06-17,16.2,Q2'25,Q1'25,18.59,0.871436
ARR,2025-06-18,16.57,Q2'25,Q1'25,18.59,0.891339
ARR,2025-06-20,16.46,Q2'25,Q1'25,18.59,0.885422
ARR,2025-06-23,16.42,Q2'25,Q1'25,18.59,0.883271
ARR,2025-06-24,16.47,Q2'25,Q1'25,18.59,0.88596
ARR,2025-06-25,16.48,Q2'25,Q1'25,18.59,0.886498
ARR,2025-06-26,16.69,Q2'25,Q1'25,18.59,0.897795
ARR,2025-06-27,16.58,Q2'25,Q1'25,18.59,0.891877
ARR,2025-06-30,16.81,Q2'25,Q1'25,18.59,0.90425
ARR,2025-07-01,16.75,Q3'25,Q2'25,16.9,0.991124
ARR,2025-07-02,16.85,Q3'25,Q2'25,16.9,0.997041
ARR,2025-07-03,16.86,Q3'25,Q2'25,16.9,0.997633
ARR,2025-07-07,16.69,Q3'25,Q2'25,16.9,0.987574
ARR,2025-07-08,16.66,Q3'25,Q2'25,16.9,0.985799
ARR,2025-07-09,16.88,Q3'25,Q2'25,16.9,0.998817
ARR,2025-07-10,16.93,Q3'25,Q2'25,16.9,1.001775
ARR,2025-07-11,16.85,Q3'25,Q2'25,16.9,0.997041
ARR,2025-07-14,16.74,Q3'25,Q2'25,16.9,0.990533
ARR,2025-07-15,16.54,Q3'25,Q2'25,16.9,0.978698
ARR,2025-07-16,16.5,Q3'25,Q2'25,16.9,0.976331
ARR,2025-07-17,16.59,Q3'25,Q2'25,16.9,0.981657
ARR,2025-07-18,16.48,Q3'25,Q2'25,16.9,0.975148
ARR,2025-07-21,16.31,Q3'25,Q2'25,16.9,0.965089
ARR,2025-07-22,16.68,Q3'25,Q2'25,16.9,0.986982
ARR,2025-07-23,16.89,Q3'25,Q2'25,16.9,0.999408
ARR,2025-07-24,16.69,Q3'25,Q2'25,16.9,0.987574
ARR,2025-07-25,16.86,Q3'25,Q2'25,16.9,0.997633
ARR,2025-07-28,16.63,Q3'25,Q2'25,16.9,0.984024
ARR,2025-07-29,16.69,Q3'25,Q2'25,16.9,0.987574
ARR,2025-07-30,16.43,Q3'25,Q2'25,16.9,0.972189
ARR,2025-07-31,16.31,Q3'25,Q2'25,16.9,0.965089
ARR,2025-08-01,16.38,Q3'25,Q2'25,16.9,0.969231
ARR,2025-08-04,16.8,Q3'25,Q2'25,16.9,0.994083
ARR,2025-08-05,16.8,Q3'25,Q2'25,16.9,0.994083
ARR,2025-08-06,15.9,Q3'25,Q2'25,16.9,0.940828
ARR,2025-08-07,15.82,Q3'25,Q2'25,16.9,0.936095
ARR,2025-08-08,15.62,Q3'25,Q2'25,16.9,0.92426
ARR,2025-08-11,14.88,Q3'25,Q2'25,16.9,0.880473
ARR,2025-08-12,15.08,Q3'25,Q2'25,16.9,0.892308
ARR,2025-08-13,15.42,Q3'25,Q2'25,16.9,0.912426
ARR,2025-08-14,15.29,Q3'25,Q2'25,16.9,0.904734
ARR,2025-08-15,15.06,Q3'25,Q2'25,16.9,0.891124
ARR,2025-08-18,14.88,Q3'25,Q2'25,16.9,0.880473
ARR,2025-08-19,14.71,Q3'25,Q2'25,16.9,0.870414
ARR,2025-08-20,14.81,Q3'25,Q2'25,16.9,0.876331
ARR,2025-08-21,14.74,Q3'25,Q2'25,16.9,0.872189
ARR,2025-08-22,15.19,Q3'25,Q2'25,16.9,0.898817
ARR,2025-08-25,15.03,Q3'25,Q2'25,16.9,0.889349
ARR,2025-08-26,15.14,Q3'25,Q2'25,16.9,0.895858
ARR,2025-08-27,15.08,Q3'25,Q2'25,16.9,0.892308
ARR,2025-08-28,15.14,Q3'25,Q2'25,16.9,0.895858
ARR,2025-08-29,15.31,Q3'25,Q2'25,16.9,0.905917
ARR,2025-09-02,15.15,Q3'25,Q2'25,16.9,0.89645
ARR,2025-09-03,15.39,Q3'25,Q2'25,16.9,0.910651
ARR,2025-09-04,15.63,Q3'25,Q2'25,16.9,0.924852
ARR,2025-09-05,15.82,Q3'25,Q2'25,16.9,0.936095
ARR,2025-09-08,15.71,Q3'25,Q2'25,16.9,0.929586
ARR,2025-09-09,15.63,Q3'25,Q2'25,16.9,0.924852
ARR,2025-09-10,15.46,Q3'25,Q2'25,16.9,0.914793
ARR,2025-09-11,15.24,Q3'25,Q2'25,16.9,0.901775
ARR,2025-09-12,15.32,Q3'25,Q2'25,16.9,0.906509
ARR,2025-09-15,15.07,Q3'25,Q2'25,16.9,0.891716
ARR,2025-09-16,14.87,Q3'25,Q2'25,16.9,0.879882
ARR,2025-09-17,14.94,Q3'25,Q2'25,16.9,0.884024
ARR,2025-09-18,14.75,Q3'25,Q2'25,16.9,0.872781
ARR,2025-09-19,14.59,Q3'25,Q2'25,16.9,0.863314
ARR,2025-09-22,14.05,Q3'25,Q2'25,16.9,0.831361
ARR,2025-09-23,14.23,Q3'25,Q2'25,16.9,0.842012
ARR,2025-09-24,14.13,Q3'25,Q2'25,16.9,0.836095
ARR,2025-09-25,14.34,Q3'25,Q2'25,16.9,0.848521
ARR,2025-09-26,14.57,Q3'25,Q2'25,16.9,0.86213
ARR,2025-09-29,14.67,Q3'25,Q2'25,16.9,0.868047
ARR,2025-09-30,14.94,Q3'25,Q2'25,16.9,0.884024
ARR,2025-10-01,15.42,Q4'25,Q3'25,17.49,0.881647
ARR,2025-10-02,15.52,Q4'25,Q3'25,17.49,0.887364
ARR,2025-10-03,15.49,Q4'25,Q3'25,17.49,0.885649
ARR,2025-10-06,15.46,Q4'25,Q3'25,17.49,0.883934
ARR,2025-10-07,15.59,Q4'25,Q3'25,17.49,0.891367
ARR,2025-10-08,15.89,Q4'25,Q3'25,17.49,0.908519
ARR,2025-10-09,15.76,Q4'25,Q3'25,17.49,0.901086
ARR,2025-10-10,15.64,Q4'25,Q3'25,17.49,0.894225
ARR,2025-10-13,15.66,Q4'25,Q3'25,17.49,0.895369
ARR,2025-10-14,15.68,Q4'25,Q3'25,17.49,0.896512
ARR,2025-10-15,15.58,Q4'25,Q3'25,17.49,0.890795
ARR,2025-10-16,15.44,Q4'25,Q3'25,17.49,0.88279
ARR,2025-10-17,15.66,Q4'25,Q3'25,17.49,0.895369
ARR,2025-10-20,15.75,Q4'25,Q3'25,17.49,0.900515
ARR,2025-10-21,15.69,Q4'25,Q3'25,17.49,0.897084
ARR,2025-10-22,15.77,Q4'25,Q3'25,17.49,0.901658
ARR,2025-10-23,15.94,Q4'25,Q3'25,17.49,0.911378
ARR,2025-10-24,16.41,Q4'25,Q3'25,17.49,0.93825
ARR,2025-10-27,16.39,Q4'25,Q3'25,17.49,0.937107
ARR,2025-10-28,16.29,Q4'25,Q3'25,17.49,0.931389
ARR,2025-10-29,16.21,Q4'25,Q3'25,17.49,0.926815
ARR,2025-10-30,15.95,Q4'25,Q3'25,17.49,0.91195
ARR,2025-10-31,16.22,Q4'25,Q3'25,17.49,0.927387
ARR,2025-11-03,16.34,Q4'25,Q3'25,17.49,0.934248
ARR,2025-11-04,16.46,Q4'25,Q3'25,17.49,0.941109
ARR,2025-11-05,16.67,Q4'25,Q3'25,17.49,0.953116
ARR,2025-11-06,16.58,Q4'25,Q3'25,17.49,0.94797
ARR,2025-11-07,16.83,Q4'25,Q3'25,17.49,0.962264
ARR,2025-11-10,16.76,Q4'25,Q3'25,17.49,0.958262
ARR,2025-11-11,17.01,Q4'25,Q3'25,17.49,0.972556
ARR,2025-11-12,16.82,Q4'25,Q3'25,17.49,0.961692
ARR,2025-11-13,16.55,Q4'25,Q3'25,17.49,0.946255
ARR,2025-11-14,16.69,Q4'25,Q3'25,17.49,0.95426
ARR,2025-11-17,16.44,Q4'25,Q3'25,17.49,0.939966
ARR,2025-11-18,16.64,Q4'25,Q3'25,17.49,0.951401
ARR,2025-11-19,16.45,Q4'25,Q3'25,17.49,0.940537
ARR,2025-11-20,16.31,Q4'25,Q3'25,17.49,0.932533
ARR,2025-11-21,16.61,Q4'25,Q3'25,17.49,0.949686
ARR,2025-11-24,16.75,Q4'25,Q3'25,17.49,0.95769
ARR,2025-11-25,17.05,Q4'25,Q3'25,17.49,0.974843
ARR,2025-11-26,17.42,Q4'25,Q3'25,17.49,0.995998
ARR,2025-11-28,17.52,Q4'25,Q3'25,17.49,1.001715
ARR,2025-12-01,17.26,Q4'25,Q3'25,17.49,0.98685
ARR,2025-12-02,17.3,Q4'25,Q3'25,17.49,0.989137
ARR,2025-12-03,17.52,Q4'25,Q3'25,17.49,1.001715
ARR,2025-12-04,17.44,Q4'25,Q3'25,17.49,0.997141
ARR,2025-12-05,17.58,Q4'25,Q3'25,17.49,1.005146
ARR,2025-12-08,17.32,Q4'25,Q3'25,17.49,0.99028
ARR,2025-12-09,16.75,Q4'25,Q3'25,17.49,0.95769
ARR,2025-12-10,16.79,Q4'25,Q3'25,17.49,0.959977
ARR,2025-12-11,16.95,Q4'25,Q3'25,17.49,0.969125
ARR,2025-12-12,16.91,Q4'25,Q3'25,17.49,0.966838
ARR,2025-12-15,17.03,Q4'25,Q3'25,17.49,0.973699
ARR,2025-12-16,16.87,Q4'25,Q3'25,17.49,0.964551
ARR,2025-12-17,16.94,Q4'25,Q3'25,17.49,0.968553
ARR,2025-12-18,17.2,Q4'25,Q3'25,17.49,0.983419
ARR,2025-12-19,17.4,Q4'25,Q3'25,17.49,0.994854
ARR,2025-12-22,17.72,Q4'25,Q3'25,17.49,1.01315
ARR,2025-12-23,17.51,Q4'25,Q3'25,17.49,1.001144
ARR,2025-12-24,17.56,Q4'25,Q3'25,17.49,1.004002
ARR,2025-12-26,17.53,Q4'25,Q3'25,17.49,1.002287
ARR,2025-12-29,17.56,Q4'25,Q3'25,17.49,1.004002
ARR,2025-12-30,17.54,Q4'25,Q3'25,17.49,1.002859
ARR,2025-12-31,17.69,Q4'25,Q3'25,17.49,1.011435
ARR,2026-01-02,18.09,Q1'26,Q4'25,18.63,0.971015
ARR,2026-01-05,18.17,Q1'26,Q4'25,18.63,0.975309
ARR,2026-01-06,18.22,Q1'26,Q4'25,18.63,0.977992
ARR,2026-01-07,18.13,Q1'26,Q4'25,18.63,0.973162
ARR,2026-01-08,18.07,Q1'26,Q4'25,18.63,0.969941
ARR,2026-01-09,18.1,Q1'26,Q4'25,18.63,0.971551
ARR,2026-01-12,18.65,Q1'26,Q4'25,18.63,1.001074
ARR,2026-01-13,18.68,Q1'26,Q4'25,18.63,1.002684
ARR,2026-01-14,18.87,Q1'26,Q4'25,18.63,1.012882
ARR,2026-01-15,18.82,Q1'26,Q4'25,18.63,1.010199
ARR,2026-01-16,19.12,Q1'26,Q4'25,18.63,1.026302
ARR,2026-01-20,18.56,Q1'26,Q4'25,18.63,0.996243
ARR,2026-01-21,18.45,Q1'26,Q4'25,18.63,0.990338
ARR,2026-01-22,18.44,Q1'26,Q4'25,18.63,0.989801
ARR,2026-01-23,18.36,Q1'26,Q4'25,18.63,0.985507
ARR,2026-01-26,18.29,Q1'26,Q4'25,18.63,0.98175
ARR,2026-01-27,18.57,Q1'26,Q4'25,18.63,0.996779
ARR,2026-01-28,18.47,Q1'26,Q4'25,18.63,0.991412
ARR,2026-01-29,18.37,Q1'26,Q4'25,18.63,0.986044
ARR,2026-01-30,17.4,Q1'26,Q4'25,18.63,0.933977
ARR,2026-02-02,17.06,Q1'26,Q4'25,18.63,0.915727
ARR,2026-02-03,17.34,Q1'26,Q4'25,18.63,0.930757
ARR,2026-02-04,17.6,Q1'26,Q4'25,18.63,0.944713
ARR,2026-02-05,17.66,Q1'26,Q4'25,18.63,0.947933
ARR,2026-02-06,17.69,Q1'26,Q4'25,18.63,0.949544
ARR,2026-02-09,17.49,Q1'26,Q4'25,18.63,0.938808
ARR,2026-02-10,17.6,Q1'26,Q4'25,18.63,0.944713
ARR,2026-02-11,17.66,Q1'26,Q4'25,18.63,0.947933
ARR,2026-02-12,18.14,Q1'26,Q4'25,18.63,0.973698
ARR,2026-02-13,18.3,Q1'26,Q4'25,18.63,0.982287
ARR,2026-02-17,17.78,Q1'26,Q4'25,18.63,0.954375
ARR,2026-02-18,17.68,Q1'26,Q4'25,18.63,0.949007
ARR,2026-02-19,17.66,Q1'26,Q4'25,18.63,0.947933
ARR,2026-02-20,17.89,Q1'26,Q4'25,18.63,0.960279
ARR,2026-02-23,18.03,Q1'26,Q4'25,18.63,0.967794
ARR,2026-02-24,18.18,Q1'26,Q4'25,18.63,0.975845
ARR,2026-02-25,18.0,Q1'26,Q4'25,18.63,0.966184
ARR,2026-02-26,18.11,Q1'26,Q4'25,18.63,0.972088
ARR,2026-02-27,17.95,Q1'26,Q4'25,18.63,0.9635
ARR,2026-03-02,17.86,Q1'26,Q4'25,18.63,0.958669
ARR,2026-03-03,17.84,Q1'26,Q4'25,18.63,0.957595
ARR,2026-03-04,17.82,Q1'26,Q4'25,18.63,0.956522
ARR,2026-03-05,17.89,Q1'26,Q4'25,18.63,0.960279
ARR,2026-03-06,17.71,Q1'26,Q4'25,18.63,0.950617
ARR,2026-03-09,17.27,Q1'26,Q4'25,18.63,0.926999
ARR,2026-03-10,17.8,Q1'26,Q4'25,18.63,0.955448
ARR,2026-03-11,17.84,Q1'26,Q4'25,18.63,0.957595
ARR,2026-03-12,17.41,Q1'26,Q4'25,18.63,0.934514
ARR,2026-03-13,17.08,Q1'26,Q4'25,18.63,0.916801
ARR,2026-03-16,17.03,Q1'26,Q4'25,18.63,0.914117
ARR,2026-03-17,17.17,Q1'26,Q4'25,18.63,0.921632
ARR,2026-03-18,16.62,Q1'26,Q4'25,18.63,0.89211
ARR,2026-03-19,16.57,Q1'26,Q4'25,18.63,0.889426
ARR,2026-03-20,15.48,Q1'26,Q4'25,18.63,0.830918
ARR,2026-03-23,15.85,Q1'26,Q4'25,18.63,0.850778
ARR,2026-03-24,15.99,Q1'26,Q4'25,18.63,0.858293
ARR,2026-03-25,16.39,Q1'26,Q4'25,18.63,0.879764
ARR,2026-03-26,16.01,Q1'26,Q4'25,18.63,0.859367
ARR,2026-03-27,15.73,Q1'26,Q4'25,18.63,0.844337
ARR,2026-03-30,16.15,Q1'26,Q4'25,18.63,0.866881
ARR,2026-03-31,16.68,Q1'26,Q4'25,18.63,0.89533
ARR,2026-04-01,16.88,Q2'26,Q1'26,17.42,0.969001
ARR,2026-04-02,17.14,Q2'26,Q1'26,17.42,0.983926
ARR,2026-04-06,17.34,Q2'26,Q1'26,17.42,0.995408
ARR,2026-04-07,17.19,Q2'26,Q1'26,17.42,0.986797
ARR,2026-04-08,17.33,Q2'26,Q1'26,17.42,0.994834
ARR,2026-04-09,17.56,Q2'26,Q1'26,17.42,1.008037
ARR,2026-04-10,17.67,Q2'26,Q1'26,17.42,1.014351
ARR,2026-04-13,17.57,Q2'26,Q1'26,17.42,1.008611
ARR,2026-04-14,17.78,Q2'26,Q1'26,17.42,1.020666
ARR,2026-04-15,17.56,Q2'26,Q1'26,17.42,1.008037
ARR,2026-04-16,16.97,Q2'26,Q1'26,17.42,0.974168
ARR,2026-04-17,17.64,Q2'26,Q1'26,17.42,1.012629
ARR,2026-04-20,17.44,Q2'26,Q1'26,17.42,1.001148
ARR,2026-04-21,17.45,Q2'26,Q1'26,17.42,1.001722
ARR,2026-04-22,17.56,Q2'26,Q1'26,17.42,1.008037
ARR,2026-04-23,17.5,Q2'26,Q1'26,17.42,1.004592
ARR,2026-04-24,17.62,Q2'26,Q1'26,17.42,1.011481
ARR,2026-04-27,17.61,Q2'26,Q1'26,17.42,1.010907
ARR,2026-04-28,17.61,Q2'26,Q1'26,17.42,1.010907
ARR,2026-04-29,17.26,Q2'26,Q1'26,17.42,0.990815
ARR,2026-04-30,17.54,Q2'26,Q1'26,17.42,1.006889
ARR,2026-05-01,17.73,Q2'26,Q1'26,17.42,1.017796
ARR,2026-05-04,17.29,Q2'26,Q1'26,17.42,0.992537
ARR,2026-05-05,17.31,Q2'26,Q1'26,17.42,0.993685
ARR,2026-05-06,17.43,Q2'26,Q1'26,17.42,1.000574
ARR,2026-05-07,17.55,Q2'26,Q1'26,17.42,1.007463
ARR,2026-05-08,17.63,Q2'26,Q1'26,17.42,1.012055
ARR,2026-05-11,17.72,Q2'26,Q1'26,17.42,1.017222
ARR,2026-05-12,17.56,Q2'26,Q1'26,17.42,1.008037
ARR,2026-05-13,17.39,Q2'26,Q1'26,17.42,0.998278
ARR,2026-05-14,17.37,Q2'26,Q1'26,17.42,0.99713
ARR,2026-05-15,16.98,Q2'26,Q1'26,17.42,0.974742
ARR,2026-05-18,16.43,Q2'26,Q1'26,17.42,0.943169
ARR,2026-05-19,16.41,Q2'26,Q1'26,17.42,0.942021
ARR,2026-05-20,16.47,Q2'26,Q1'26,17.42,0.945465
ARR,2026-05-21,16.72,Q2'26,Q1'26,17.42,0.959816
ARR,2026-05-22,16.57,Q2'26,Q1'26,17.42,0.951205
ARR,2026-05-26,16.92,Q2'26,Q1'26,17.42,0.971297
ARR,2026-05-27,17.02,Q2'26,Q1'26,17.42,0.977038
ARR,2026-05-28,17.11,Q2'26,Q1'26,17.42,0.982204
ARR,2026-05-29,17.15,Q2'26,Q1'26,17.42,0.984501
ARR,2026-06-01,17.13,Q2'26,Q1'26,17.42,0.983352
ARR,2026-06-02,17.26,Q2'26,Q1'26,17.42,0.990815
ARR,2026-06-03,17.07,Q2'26,Q1'26,17.42,0.979908
ARR,2026-06-04,17.22,Q2'26,Q1'26,17.42,0.988519
ARR,2026-06-05,17.11,Q2'26,Q1'26,17.42,0.982204
ARR,2026-06-08,16.7,Q2'26,Q1'26,17.42,0.958668
ARR,2026-06-09,17.16,Q2'26,Q1'26,17.42,0.985075
ARR,2026-06-10,16.83,Q2'26,Q1'26,17.42,0.966131
ARR,2026-06-11,17.13,Q2'26,Q1'26,17.42,0.983352
ARR,2026-06-12,17.1,Q2'26,Q1'26,17.42,0.98163
ARR,2026-06-15,17.04,Q2'26,Q1'26,17.42,0.978186
ARR,2026-06-16,17.04,Q2'26,Q1'26,17.42,0.978186
ARR,2026-06-17,16.68,Q2'26,Q1'26,17.42,0.95752
ARR,2026-06-18,16.76,Q2'26,Q1'26,17.42,0.962113
ARR,2026-06-22,16.55,Q2'26,Q1'26,17.42,0.950057
ARR,2026-06-23,16.8,Q2'26,Q1'26,17.42,0.964409
ARR,2026-06-24,16.95,Q2'26,Q1'26,17.42,0.97302
ARR,2026-06-25,17.14,Q2'26,Q1'26,17.42,0.983926
ARR,2026-06-26,17.26,Q2'26,Q1'26,17.42,0.990815
ARR,2026-06-29,17.34,Q2'26,Q1'26,17.42,0.995408
ARR,2026-06-30,17.45,Q2'26,Q1'26,17.42,1.001722
ARR,2026-07-01,17.25,Q3'26,Q2'26,17.53,0.984027
ARR,2026-07-02,17.13,Q3'26,Q2'26,17.53,0.977182
ARR,2026-07-06,17.18,Q3'26,Q2'26,17.53,0.980034
ARR,2026-07-07,16.98,Q3'26,Q2'26,17.53,0.968625
ARR,2026-07-08,16.89,Q3'26,Q2'26,17.53,0.963491
ARR,2026-07-09,17.09,Q3'26,Q2'26,17.53,0.9749
ARR,2026-07-10,17.05,Q3'26,Q2'26,17.53,0.972618
ARR,2026-07-13,16.87,Q3'26,Q2'26,17.53,0.96235
ARR,2026-07-14,17.11,Q3'26,Q2'26,17.53,0.976041
ARR,2026-07-15,17.3,Q3'26,Q2'26,17.53,0.98688
ARR,2026-07-16,17.12,Q3'26,Q2'26,17.53,0.976612
ARR,2026-07-17,16.61,Q3'26,Q2'26,17.53,0.947519
ARR,2026-07-20,16.4,Q3'26,Q2'26,17.53,0.935539
ARR,2026-07-21,16.43,Q3'26,Q2'26,17.53,0.93725
ARR,2026-07-22,16.38,Q3'26,Q2'26,17.53,0.934398
ARR,2026-07-23,16.13,Q3'26,Q2'26,17.53,0.920137
ARR,2026-07-24,16.27,Q3'26,Q2'26,17.53,0.928123
ARR,2026-07-27,16.21,Q3'26,Q2'26,17.53,0.9247
ARR,2026-07-28,16.41,Q3'26,Q2'26,17.53,0.93611
ARR,2026-07-29,16.36,Q3'26,Q2'26,17.53,0.933257
ARR,2026-07-30,16.45,Q3'26,Q2'26,17.53,0.938391
ARR,2026-07-31,16.47,Q3'26,Q2'26,17.53,0.939532
ARR,2026-08-03,16.33,Q3'26,Q2'26,17.53,0.931546
ARR,2026-08-04,16.43,Q3'26,Q2'26,17.53,0.93725
ARR,2026-08-05,16.63,Q3'26,Q2'26,17.53,0.948659
ARR,2026-08-06,16.55,Q3'26,Q2'26,17.53,0.944096
ARR,2026-08-07,16.68,Q3'26,Q2'26,17.53,0.951512
ARR,2026-08-10,16.54,Q3'26,Q2'26,17.53,0.943525
ARR,2026-08-11,16.67,Q3'26,Q2'26,17.53,0.950941
ARR,2026-08-12,16.64,Q3'26,Q2'26,17.53,0.94923
ARR,2026-08-13,16.72,Q3'26,Q2'26,17.53,0.953793
ARR,2026-08-14,16.74,Q3'26,Q2'26,17.53,0.954934
ARR,2026-08-17,16.46,Q3'26,Q2'26,17.53,0.938962
ARR,2026-08-18,16.38,Q3'26,Q2'26,17.53,0.934398
ARR,2026-08-19,16.48,Q3'26,Q2'26,17.53,0.940103
CIM,2021-07-01,45.3,Q3'21,Q2'21,34.35,1.318777
CIM,2021-07-02,45.12,Q3'21,Q2'21,34.35,1.313537
CIM,2021-07-06,44.79,Q3'21,Q2'21,34.35,1.30393
CIM,2021-07-07,44.19,Q3'21,Q2'21,34.35,1.286463
CIM,2021-07-08,43.38,Q3'21,Q2'21,34.35,1.262882
CIM,2021-07-09,44.82,Q3'21,Q2'21,34.35,1.304803
CIM,2021-07-12,45.24,Q3'21,Q2'21,34.35,1.317031
CIM,2021-07-13,43.86,Q3'21,Q2'21,34.35,1.276856
CIM,2021-07-14,42.96,Q3'21,Q2'21,34.35,1.250655
CIM,2021-07-15,43.26,Q3'21,Q2'21,34.35,1.259389
CIM,2021-07-16,43.23,Q3'21,Q2'21,34.35,1.258515
CIM,2021-07-19,42.09,Q3'21,Q2'21,34.35,1.225328
CIM,2021-07-20,43.59,Q3'21,Q2'21,34.35,1.268996
CIM,2021-07-21,44.28,Q3'21,Q2'21,34.35,1.289083
CIM,2021-07-22,43.62,Q3'21,Q2'21,34.35,1.269869
CIM,2021-07-23,43.38,Q3'21,Q2'21,34.35,1.262882
CIM,2021-07-26,43.86,Q3'21,Q2'21,34.35,1.276856
CIM,2021-07-27,43.59,Q3'21,Q2'21,34.35,1.268996
CIM,2021-07-28,43.98,Q3'21,Q2'21,34.35,1.280349
CIM,2021-07-29,44.82,Q3'21,Q2'21,34.35,1.304803
CIM,2021-07-30,44.16,Q3'21,Q2'21,34.35,1.28559
CIM,2021-08-02,43.59,Q3'21,Q2'21,34.35,1.268996
CIM,2021-08-03,43.77,Q3'21,Q2'21,34.35,1.274236
CIM,2021-08-04,43.83,Q3'21,Q2'21,34.35,1.275983
CIM,2021-08-05,45.0,Q3'21,Q2'21,34.35,1.310044
CIM,2021-08-06,45.33,Q3'21,Q2'21,34.35,1.319651
CIM,2021-08-09,44.76,Q3'21,Q2'21,34.35,1.303057
CIM,2021-08-10,45.06,Q3'21,Q2'21,34.35,1.31179
CIM,2021-08-11,45.39,Q3'21,Q2'21,34.35,1.321397
CIM,2021-08-12,45.39,Q3'21,Q2'21,34.35,1.321397
CIM,2021-08-13,45.48,Q3'21,Q2'21,34.35,1.324017
CIM,2021-08-16,45.18,Q3'21,Q2'21,34.35,1.315284
CIM,2021-08-17,45.45,Q3'21,Q2'21,34.35,1.323144
CIM,2021-08-18,45.0,Q3'21,Q2'21,34.35,1.310044
CIM,2021-08-19,44.55,Q3'21,Q2'21,34.35,1.296943
CIM,2021-08-20,45.18,Q3'21,Q2'21,34.35,1.315284
CIM,2021-08-23,45.36,Q3'21,Q2'21,34.35,1.320524
CIM,2021-08-24,45.69,Q3'21,Q2'21,34.35,1.330131
CIM,2021-08-25,45.63,Q3'21,Q2'21,34.35,1.328384
CIM,2021-08-26,45.12,Q3'21,Q2'21,34.35,1.313537
CIM,2021-08-27,45.81,Q3'21,Q2'21,34.35,1.333624
CIM,2021-08-30,45.54,Q3'21,Q2'21,34.35,1.325764
CIM,2021-08-31,45.96,Q3'21,Q2'21,34.35,1.337991
CIM,2021-09-01,45.96,Q3'21,Q2'21,34.35,1.337991
CIM,2021-09-02,45.99,Q3'21,Q2'21,34.35,1.338865
CIM,2021-09-03,45.84,Q3'21,Q2'21,34.35,1.334498
CIM,2021-09-07,45.33,Q3'21,Q2'21,34.35,1.319651
CIM,2021-09-08,44.97,Q3'21,Q2'21,34.35,1.30917
CIM,2021-09-09,45.03,Q3'21,Q2'21,34.35,1.310917
CIM,2021-09-10,44.64,Q3'21,Q2'21,34.35,1.299563
CIM,2021-09-13,45.18,Q3'21,Q2'21,34.35,1.315284
CIM,2021-09-14,45.15,Q3'21,Q2'21,34.35,1.314411
CIM,2021-09-15,45.48,Q3'21,Q2'21,34.35,1.324017
CIM,2021-09-16,45.66,Q3'21,Q2'21,34.35,1.329258
CIM,2021-09-17,45.45,Q3'21,Q2'21,34.35,1.323144
CIM,2021-09-20,45.3,Q3'21,Q2'21,34.35,1.318777
CIM,2021-09-21,45.54,Q3'21,Q2'21,34.35,1.325764
CIM,2021-09-22,45.9,Q3'21,Q2'21,34.35,1.336245
CIM,2021-09-23,46.23,Q3'21,Q2'21,34.35,1.345852
CIM,2021-09-24,46.32,Q3'21,Q2'21,34.35,1.348472
CIM,2021-09-27,46.59,Q3'21,Q2'21,34.35,1.356332
CIM,2021-09-28,45.9,Q3'21,Q2'21,34.35,1.336245
CIM,2021-09-29,45.06,Q3'21,Q2'21,34.35,1.31179
CIM,2021-09-30,44.55,Q3'21,Q2'21,34.35,1.296943
CIM,2021-10-01,45.06,Q4'21,Q3'21,36.96,1.219156
CIM,2021-10-04,45.03,Q4'21,Q3'21,36.96,1.218344
CIM,2021-10-05,45.12,Q4'21,Q3'21,36.96,1.220779
CIM,2021-10-06,45.27,Q4'21,Q3'21,36.96,1.224838
CIM,2021-10-07,45.36,Q4'21,Q3'21,36.96,1.227273
CIM,2021-10-08,45.69,Q4'21,Q3'21,36.96,1.236201
CIM,2021-10-11,45.78,Q4'21,Q3'21,36.96,1.238636
CIM,2021-10-12,46.11,Q4'21,Q3'21,36.96,1.247565
CIM,2021-10-13,46.29,Q4'21,Q3'21,36.96,1.252435
CIM,2021-10-14,46.5,Q4'21,Q3'21,36.96,1.258117
CIM,2021-10-15,45.96,Q4'21,Q3'21,36.96,1.243506
CIM,2021-10-18,46.17,Q4'21,Q3'21,36.96,1.249188
CIM,2021-10-19,46.74,Q4'21,Q3'21,36.96,1.26461
CIM,2021-10-20,46.95,Q4'21,Q3'21,36.96,1.270292
CIM,2021-10-21,46.68,Q4'21,Q3'21,36.96,1.262987
CIM,2021-10-22,46.5,Q4'21,Q3'21,36.96,1.258117
CIM,2021-10-25,46.92,Q4'21,Q3'21,36.96,1.26948
CIM,2021-10-26,46.89,Q4'21,Q3'21,36.96,1.268669
CIM,2021-10-27,46.53,Q4'21,Q3'21,36.96,1.258929
CIM,2021-10-28,46.47,Q4'21,Q3'21,36.96,1.257305
CIM,2021-10-29,46.83,Q4'21,Q3'21,36.96,1.267046
CIM,2021-11-01,47.4,Q4'21,Q3'21,36.96,1.282468
CIM,2021-11-02,46.29,Q4'21,Q3'21,36.96,1.252435
CIM,2021-11-03,49.14,Q4'21,Q3'21,36.96,1.329545
CIM,2021-11-04,49.05,Q4'21,Q3'21,36.96,1.32711
CIM,2021-11-05,50.4,Q4'21,Q3'21,36.96,1.363636
CIM,2021-11-08,49.41,Q4'21,Q3'21,36.96,1.336851
CIM,2021-11-09,49.86,Q4'21,Q3'21,36.96,1.349026
CIM,2021-11-10,49.56,Q4'21,Q3'21,36.96,1.340909
CIM,2021-11-11,49.89,Q4'21,Q3'21,36.96,1.349838
CIM,2021-11-12,49.68,Q4'21,Q3'21,36.96,1.344156
CIM,2021-11-15,49.77,Q4'21,Q3'21,36.96,1.346591
CIM,2021-11-16,49.47,Q4'21,Q3'21,36.96,1.338474
CIM,2021-11-17,49.35,Q4'21,Q3'21,36.96,1.335227
CIM,2021-11-18,49.5,Q4'21,Q3'21,36.96,1.339286
CIM,2021-11-19,49.29,Q4'21,Q3'21,36.96,1.333604
CIM,2021-11-22,49.32,Q4'21,Q3'21,36.96,1.334416
CIM,2021-11-23,49.92,Q4'21,Q3'21,36.96,1.350649
CIM,2021-11-24,50.25,Q4'21,Q3'21,36.96,1.359578
CIM,2021-11-26,49.29,Q4'21,Q3'21,36.96,1.333604
CIM,2021-11-29,48.72,Q4'21,Q3'21,36.96,1.318182
CIM,2021-11-30,47.7,Q4'21,Q3'21,36.96,1.290584
CIM,2021-12-01,46.86,Q4'21,Q3'21,36.96,1.267857
CIM,2021-12-02,48.09,Q4'21,Q3'21,36.96,1.301136
CIM,2021-12-03,47.19,Q4'21,Q3'21,36.96,1.276786
CIM,2021-12-06,48.78,Q4'21,Q3'21,36.96,1.319805
CIM,2021-12-07,49.17,Q4'21,Q3'21,36.96,1.330357
CIM,2021-12-08,48.84,Q4'21,Q3'21,36.96,1.321429
CIM,2021-12-09,48.69,Q4'21,Q3'21,36.96,1.31737
CIM,2021-12-10,47.82,Q4'21,Q3'21,36.96,1.293831
CIM,2021-12-13,46.41,Q4'21,Q3'21,36.96,1.255682
CIM,2021-12-14,45.69,Q4'21,Q3'21,36.96,1.236201
CIM,2021-12-15,45.63,Q4'21,Q3'21,36.96,1.234578
CIM,2021-12-16,45.24,Q4'21,Q3'21,36.96,1.224026
CIM,2021-12-17,44.4,Q4'21,Q3'21,36.96,1.201299
CIM,2021-12-20,43.47,Q4'21,Q3'21,36.96,1.176136
CIM,2021-12-21,45.75,Q4'21,Q3'21,36.96,1.237825
CIM,2021-12-22,46.23,Q4'21,Q3'21,36.96,1.250812
CIM,2021-12-23,46.38,Q4'21,Q3'21,36.96,1.25487
CIM,2021-12-27,46.65,Q4'21,Q3'21,36.96,1.262175
CIM,2021-12-28,46.98,Q4'21,Q3'21,36.96,1.271104
CIM,2021-12-29,45.45,Q4'21,Q3'21,36.96,1.229708
CIM,2021-12-30,45.3,Q4'21,Q3'21,36.96,1.225649
CIM,2021-12-31,45.24,Q4'21,Q3'21,36.96,1.224026
CIM,2022-01-03,45.96,Q1'22,Q4'21,35.52,1.293919
CIM,2022-01-04,45.66,Q1'22,Q4'21,35.52,1.285473
CIM,2022-01-05,45.12,Q1'22,Q4'21,35.52,1.27027
CIM,2022-01-06,45.33,Q1'22,Q4'21,35.52,1.276182
CIM,2022-01-07,45.18,Q1'22,Q4'21,35.52,1.271959
CIM,2022-01-10,44.61,Q1'22,Q4'21,35.52,1.255912
CIM,2022-01-11,45.06,Q1'22,Q4'21,35.52,1.268581
CIM,2022-01-12,44.37,Q1'22,Q4'21,35.52,1.249155
CIM,2022-01-13,44.19,Q1'22,Q4'21,35.52,1.244088
CIM,2022-01-14,44.25,Q1'22,Q4'21,35.52,1.245777
CIM,2022-01-18,43.35,Q1'22,Q4'21,35.52,1.220439
CIM,2022-01-19,43.05,Q1'22,Q4'21,35.52,1.211993
CIM,2022-01-20,42.54,Q1'22,Q4'21,35.52,1.197635
CIM,2022-01-21,41.73,Q1'22,Q4'21,35.52,1.174831
CIM,2022-01-24,41.52,Q1'22,Q4'21,35.52,1.168919
CIM,2022-01-25,42.45,Q1'22,Q4'21,35.52,1.195101
CIM,2022-01-26,42.48,Q1'22,Q4'21,35.52,1.195946
CIM,2022-01-27,41.91,Q1'22,Q4'21,35.52,1.179899
CIM,2022-01-28,42.15,Q1'22,Q4'21,35.52,1.186655
CIM,2022-01-31,43.5,Q1'22,Q4'21,35.52,1.224662
CIM,2022-02-01,42.87,Q1'22,Q4'21,35.52,1.206926
CIM,2022-02-02,42.21,Q1'22,Q4'21,35.52,1.188345
CIM,2022-02-03,40.77,Q1'22,Q4'21,35.52,1.147804
CIM,2022-02-04,40.89,Q1'22,Q4'21,35.52,1.151182
CIM,2022-02-07,40.47,Q1'22,Q4'21,35.52,1.139358
CIM,2022-02-08,41.37,Q1'22,Q4'21,35.52,1.164696
CIM,2022-02-09,40.8,Q1'22,Q4'21,35.52,1.148649
CIM,2022-02-10,39.93,Q1'22,Q4'21,35.52,1.124155
CIM,2022-02-11,39.9,Q1'22,Q4'21,35.52,1.123311
CIM,2022-02-14,39.45,Q1'22,Q4'21,35.52,1.110642
CIM,2022-02-15,40.11,Q1'22,Q4'21,35.52,1.129223
CIM,2022-02-16,40.38,Q1'22,Q4'21,35.52,1.136824
CIM,2022-02-17,38.46,Q1'22,Q4'21,35.52,1.08277
CIM,2022-02-18,38.94,Q1'22,Q4'21,35.52,1.096284
CIM,2022-02-22,37.02,Q1'22,Q4'21,35.52,1.04223
CIM,2022-02-23,35.7,Q1'22,Q4'21,35.52,1.005068
CIM,2022-02-24,36.39,Q1'22,Q4'21,35.52,1.024493
CIM,2022-02-25,36.69,Q1'22,Q4'21,35.52,1.032939
CIM,2022-02-28,36.51,Q1'22,Q4'21,35.52,1.027872
CIM,2022-03-01,35.76,Q1'22,Q4'21,35.52,1.006757
CIM,2022-03-02,36.66,Q1'22,Q4'21,35.52,1.032095
CIM,2022-03-03,36.81,Q1'22,Q4'21,35.52,1.036318
CIM,2022-03-04,36.51,Q1'22,Q4'21,35.52,1.027872
CIM,2022-03-07,35.55,Q1'22,Q4'21,35.52,1.000845
CIM,2022-03-08,36.48,Q1'22,Q4'21,35.52,1.027027
CIM,2022-03-09,36.75,Q1'22,Q4'21,35.52,1.034628
CIM,2022-03-10,36.69,Q1'22,Q4'21,35.52,1.032939
CIM,2022-03-11,36.57,Q1'22,Q4'21,35.52,1.029561
CIM,2022-03-14,36.42,Q1'22,Q4'21,35.52,1.025338
CIM,2022-03-15,36.84,Q1'22,Q4'21,35.52,1.037162
CIM,2022-03-16,36.84,Q1'22,Q4'21,35.52,1.037162
CIM,2022-03-17,36.9,Q1'22,Q4'21,35.52,1.038851
CIM,2022-03-18,37.5,Q1'22,Q4'21,35.52,1.055743
CIM,2022-03-21,36.93,Q1'22,Q4'21,35.52,1.039696
CIM,2022-03-22,37.26,Q1'22,Q4'21,35.52,1.048986
CIM,2022-03-23,36.87,Q1'22,Q4'21,35.52,1.038007
CIM,2022-03-24,37.02,Q1'22,Q4'21,35.52,1.04223
CIM,2022-03-25,37.5,Q1'22,Q4'21,35.52,1.055743
CIM,2022-03-28,37.41,Q1'22,Q4'21,35.52,1.053209
CIM,2022-03-29,37.92,Q1'22,Q4'21,35.52,1.067568
CIM,2022-03-30,36.33,Q1'22,Q4'21,35.52,1.022804
CIM,2022-03-31,36.12,Q1'22,Q4'21,35.52,1.016892
CIM,2022-04-01,36.33,Q2'22,Q1'22,30.45,1.193104
CIM,2022-04-04,35.67,Q2'22,Q1'22,30.45,1.171429
CIM,2022-04-05,34.86,Q2'22,Q1'22,30.45,1.144828
CIM,2022-04-06,33.99,Q2'22,Q1'22,30.45,1.116256
CIM,2022-04-07,33.21,Q2'22,Q1'22,30.45,1.09064
CIM,2022-04-08,33.27,Q2'22,Q1'22,30.45,1.092611
CIM,2022-04-11,33.06,Q2'22,Q1'22,30.45,1.085714
CIM,2022-04-12,32.73,Q2'22,Q1'22,30.45,1.074877
CIM,2022-04-13,32.88,Q2'22,Q1'22,30.45,1.079803
CIM,2022-04-14,32.7,Q2'22,Q1'22,30.45,1.073892
CIM,2022-04-18,32.46,Q2'22,Q1'22,30.45,1.06601
CIM,2022-04-19,31.17,Q2'22,Q1'22,30.45,1.023645
CIM,2022-04-20,31.89,Q2'22,Q1'22,30.45,1.047291
CIM,2022-04-21,31.47,Q2'22,Q1'22,30.45,1.033498
CIM,2022-04-22,30.63,Q2'22,Q1'22,30.45,1.005911
CIM,2022-04-25,30.45,Q2'22,Q1'22,30.45,1.0
CIM,2022-04-26,29.52,Q2'22,Q1'22,30.45,0.969458
CIM,2022-04-27,29.73,Q2'22,Q1'22,30.45,0.976355
CIM,2022-04-28,30.84,Q2'22,Q1'22,30.45,1.012808
CIM,2022-04-29,30.06,Q2'22,Q1'22,30.45,0.987192
CIM,2022-05-02,30.51,Q2'22,Q1'22,30.45,1.00197
CIM,2022-05-03,32.01,Q2'22,Q1'22,30.45,1.051231
CIM,2022-05-04,32.88,Q2'22,Q1'22,30.45,1.079803
CIM,2022-05-05,31.41,Q2'22,Q1'22,30.45,1.031527
CIM,2022-05-06,30.93,Q2'22,Q1'22,30.45,1.015764
CIM,2022-05-09,29.49,Q2'22,Q1'22,30.45,0.968473
CIM,2022-05-10,29.61,Q2'22,Q1'22,30.45,0.972414
CIM,2022-05-11,29.25,Q2'22,Q1'22,30.45,0.960591
CIM,2022-05-12,28.47,Q2'22,Q1'22,30.45,0.934975
CIM,2022-05-13,29.1,Q2'22,Q1'22,30.45,0.955665
CIM,2022-05-16,28.62,Q2'22,Q1'22,30.45,0.939902
CIM,2022-05-17,28.98,Q2'22,Q1'22,30.45,0.951724
CIM,2022-05-18,28.05,Q2'22,Q1'22,30.45,0.921182
CIM,2022-05-19,27.75,Q2'22,Q1'22,30.45,0.91133
CIM,2022-05-20,28.23,Q2'22,Q1'22,30.45,0.927094
CIM,2022-05-23,28.26,Q2'22,Q1'22,30.45,0.928079
CIM,2022-05-24,28.59,Q2'22,Q1'22,30.45,0.938916
CIM,2022-05-25,28.32,Q2'22,Q1'22,30.45,0.930049
CIM,2022-05-26,29.19,Q2'22,Q1'22,30.45,0.958621
CIM,2022-05-27,29.58,Q2'22,Q1'22,30.45,0.971429
CIM,2022-05-31,29.4,Q2'22,Q1'22,30.45,0.965517
CIM,2022-06-01,29.76,Q2'22,Q1'22,30.45,0.97734
CIM,2022-06-02,29.94,Q2'22,Q1'22,30.45,0.983251
CIM,2022-06-03,29.61,Q2'22,Q1'22,30.45,0.972414
CIM,2022-06-06,29.58,Q2'22,Q1'22,30.45,0.971429
CIM,2022-06-07,30.03,Q2'22,Q1'22,30.45,0.986207
CIM,2022-06-08,29.55,Q2'22,Q1'22,30.45,0.970443
CIM,2022-06-09,29.37,Q2'22,Q1'22,30.45,0.964532
CIM,2022-06-10,28.8,Q2'22,Q1'22,30.45,0.945813
CIM,2022-06-13,25.92,Q2'22,Q1'22,30.45,0.851232
CIM,2022-06-14,25.71,Q2'22,Q1'22,30.45,0.844335
CIM,2022-06-15,24.75,Q2'22,Q1'22,30.45,0.812808
CIM,2022-06-16,23.34,Q2'22,Q1'22,30.45,0.766502
CIM,2022-06-17,24.21,Q2'22,Q1'22,30.45,0.795074
CIM,2022-06-21,25.17,Q2'22,Q1'22,30.45,0.826601
CIM,2022-06-22,25.47,Q2'22,Q1'22,30.45,0.836453
CIM,2022-06-23,26.61,Q2'22,Q1'22,30.45,0.873892
CIM,2022-06-24,27.6,Q2'22,Q1'22,30.45,0.906404
CIM,2022-06-27,27.54,Q2'22,Q1'22,30.45,0.904434
CIM,2022-06-28,27.42,Q2'22,Q1'22,30.45,0.900493
CIM,2022-06-29,26.4,Q2'22,Q1'22,30.45,0.866995
CIM,2022-06-30,26.46,Q2'22,Q1'22,30.45,0.868965
CIM,2022-07-01,27.12,Q3'22,Q2'22,26.46,1.024943
CIM,2022-07-05,27.63,Q3'22,Q2'22,26.46,1.044218
CIM,2022-07-06,27.06,Q3'22,Q2'22,26.46,1.022676
CIM,2022-07-07,27.45,Q3'22,Q2'22,26.46,1.037415
CIM,2022-07-08,27.66,Q3'22,Q2'22,26.46,1.045351
CIM,2022-07-11,27.09,Q3'22,Q2'22,26.46,1.02381
CIM,2022-07-12,27.39,Q3'22,Q2'22,26.46,1.035147
CIM,2022-07-13,27.63,Q3'22,Q2'22,26.46,1.044218
CIM,2022-07-14,26.82,Q3'22,Q2'22,26.46,1.013605
CIM,2022-07-15,27.33,Q3'22,Q2'22,26.46,1.03288
CIM,2022-07-18,26.64,Q3'22,Q2'22,26.46,1.006803
CIM,2022-07-19,27.69,Q3'22,Q2'22,26.46,1.046485
CIM,2022-07-20,27.99,Q3'22,Q2'22,26.46,1.057823
CIM,2022-07-21,28.77,Q3'22,Q2'22,26.46,1.087302
CIM,2022-07-22,28.38,Q3'22,Q2'22,26.46,1.072562
CIM,2022-07-25,28.62,Q3'22,Q2'22,26.46,1.081633
CIM,2022-07-26,28.95,Q3'22,Q2'22,26.46,1.094104
CIM,2022-07-27,29.91,Q3'22,Q2'22,26.46,1.130385
CIM,2022-07-28,31.26,Q3'22,Q2'22,26.46,1.181406
CIM,2022-07-29,31.41,Q3'22,Q2'22,26.46,1.187075
CIM,2022-08-01,31.59,Q3'22,Q2'22,26.46,1.193878
CIM,2022-08-02,30.45,Q3'22,Q2'22,26.46,1.150794
CIM,2022-08-03,30.39,Q3'22,Q2'22,26.46,1.148526
CIM,2022-08-04,27.78,Q3'22,Q2'22,26.46,1.049887
CIM,2022-08-05,27.9,Q3'22,Q2'22,26.46,1.054422
CIM,2022-08-08,28.32,Q3'22,Q2'22,26.46,1.070295
CIM,2022-08-09,28.08,Q3'22,Q2'22,26.46,1.061224
CIM,2022-08-10,28.08,Q3'22,Q2'22,26.46,1.061224
CIM,2022-08-11,28.14,Q3'22,Q2'22,26.46,1.063492
CIM,2022-08-12,28.83,Q3'22,Q2'22,26.46,1.089569
CIM,2022-08-15,28.95,Q3'22,Q2'22,26.46,1.094104
CIM,2022-08-16,28.77,Q3'22,Q2'22,26.46,1.087302
CIM,2022-08-17,28.26,Q3'22,Q2'22,26.46,1.068027
CIM,2022-08-18,28.35,Q3'22,Q2'22,26.46,1.071429
CIM,2022-08-19,27.63,Q3'22,Q2'22,26.46,1.044218
CIM,2022-08-22,26.43,Q3'22,Q2'22,26.46,0.998866
CIM,2022-08-23,26.67,Q3'22,Q2'22,26.46,1.007937
CIM,2022-08-24,26.4,Q3'22,Q2'22,26.46,0.997732
CIM,2022-08-25,26.79,Q3'22,Q2'22,26.46,1.012472
CIM,2022-08-26,26.49,Q3'22,Q2'22,26.46,1.001134
CIM,2022-08-29,26.19,Q3'22,Q2'22,26.46,0.989796
CIM,2022-08-30,25.8,Q3'22,Q2'22,26.46,0.975057
CIM,2022-08-31,25.5,Q3'22,Q2'22,26.46,0.963719
CIM,2022-09-01,24.72,Q3'22,Q2'22,26.46,0.93424
CIM,2022-09-02,24.33,Q3'22,Q2'22,26.46,0.919501
CIM,2022-09-06,24.0,Q3'22,Q2'22,26.46,0.907029
CIM,2022-09-07,24.18,Q3'22,Q2'22,26.46,0.913832
CIM,2022-09-08,24.42,Q3'22,Q2'22,26.46,0.922902
CIM,2022-09-09,24.93,Q3'22,Q2'22,26.46,0.942177
CIM,2022-09-12,25.14,Q3'22,Q2'22,26.46,0.950113
CIM,2022-09-13,24.3,Q3'22,Q2'22,26.46,0.918367
CIM,2022-09-14,24.18,Q3'22,Q2'22,26.46,0.913832
CIM,2022-09-15,23.31,Q3'22,Q2'22,26.46,0.880952
CIM,2022-09-16,23.55,Q3'22,Q2'22,26.46,0.890023
CIM,2022-09-19,23.46,Q3'22,Q2'22,26.46,0.886621
CIM,2022-09-20,22.95,Q3'22,Q2'22,26.46,0.867347
CIM,2022-09-21,22.68,Q3'22,Q2'22,26.46,0.857143
CIM,2022-09-22,20.52,Q3'22,Q2'22,26.46,0.77551
CIM,2022-09-23,19.68,Q3'22,Q2'22,26.46,0.743764
CIM,2022-09-26,17.73,Q3'22,Q2'22,26.46,0.670068
CIM,2022-09-27,17.97,Q3'22,Q2'22,26.46,0.679138
CIM,2022-09-28,18.27,Q3'22,Q2'22,26.46,0.690476
CIM,2022-09-29,15.78,Q3'22,Q2'22,26.46,0.596372
CIM,2022-09-30,15.66,Q3'22,Q2'22,26.46,0.591837
CIM,2022-10-03,15.84,Q4'22,Q3'22,22.32,0.709677
CIM,2022-10-04,18.51,Q4'22,Q3'22,22.32,0.829301
CIM,2022-10-05,17.13,Q4'22,Q3'22,22.32,0.767473
CIM,2022-10-06,16.41,Q4'22,Q3'22,22.32,0.735215
CIM,2022-10-07,15.78,Q4'22,Q3'22,22.32,0.706989
CIM,2022-10-10,15.09,Q4'22,Q3'22,22.32,0.676075
CIM,2022-10-11,16.26,Q4'22,Q3'22,22.32,0.728495
CIM,2022-10-12,16.17,Q4'22,Q3'22,22.32,0.724462
CIM,2022-10-13,16.65,Q4'22,Q3'22,22.32,0.745968
CIM,2022-10-14,16.32,Q4'22,Q3'22,22.32,0.731183
CIM,2022-10-17,16.74,Q4'22,Q3'22,22.32,0.75
CIM,2022-10-18,17.1,Q4'22,Q3'22,22.32,0.766129
CIM,2022-10-19,16.83,Q4'22,Q3'22,22.32,0.754032
CIM,2022-10-20,16.89,Q4'22,Q3'22,22.32,0.75672
CIM,2022-10-21,17.43,Q4'22,Q3'22,22.32,0.780914
CIM,2022-10-24,17.7,Q4'22,Q3'22,22.32,0.793011
CIM,2022-10-25,19.26,Q4'22,Q3'22,22.32,0.862903
CIM,2022-10-26,19.41,Q4'22,Q3'22,22.32,0.869624
CIM,2022-10-27,19.41,Q4'22,Q3'22,22.32,0.869624
CIM,2022-10-28,20.31,Q4'22,Q3'22,22.32,0.909946
CIM,2022-10-31,20.25,Q4'22,Q3'22,22.32,0.907258
CIM,2022-11-01,20.34,Q4'22,Q3'22,22.32,0.91129
CIM,2022-11-02,19.5,Q4'22,Q3'22,22.32,0.873656
CIM,2022-11-03,17.76,Q4'22,Q3'22,22.32,0.795699
CIM,2022-11-04,18.81,Q4'22,Q3'22,22.32,0.842742
CIM,2022-11-07,18.9,Q4'22,Q3'22,22.32,0.846774
CIM,2022-11-08,18.75,Q4'22,Q3'22,22.32,0.840054
CIM,2022-11-09,18.81,Q4'22,Q3'22,22.32,0.842742
CIM,2022-11-10,19.71,Q4'22,Q3'22,22.32,0.883064
CIM,2022-11-11,20.37,Q4'22,Q3'22,22.32,0.912634
CIM,2022-11-14,19.92,Q4'22,Q3'22,22.32,0.892473
CIM,2022-11-15,20.19,Q4'22,Q3'22,22.32,0.90457
CIM,2022-11-16,19.59,Q4'22,Q3'22,22.32,0.877688
CIM,2022-11-17,19.29,Q4'22,Q3'22,22.32,0.864247
CIM,2022-11-18,19.29,Q4'22,Q3'22,22.32,0.864247
CIM,2022-11-21,19.38,Q4'22,Q3'22,22.32,0.86828
CIM,2022-11-22,19.62,Q4'22,Q3'22,22.32,0.879032
CIM,2022-11-23,19.83,Q4'22,Q3'22,22.32,0.888441
CIM,2022-11-25,20.07,Q4'22,Q3'22,22.32,0.899194
CIM,2022-11-28,19.56,Q4'22,Q3'22,22.32,0.876344
CIM,2022-11-29,19.98,Q4'22,Q3'22,22.32,0.895161
CIM,2022-11-30,20.55,Q4'22,Q3'22,22.32,0.920699
CIM,2022-12-01,20.91,Q4'22,Q3'22,22.32,0.936828
CIM,2022-12-02,20.85,Q4'22,Q3'22,22.32,0.93414
CIM,2022-12-05,20.4,Q4'22,Q3'22,22.32,0.913978
CIM,2022-12-06,19.92,Q4'22,Q3'22,22.32,0.892473
CIM,2022-12-07,19.98,Q4'22,Q3'22,22.32,0.895161
CIM,2022-12-08,20.31,Q4'22,Q3'22,22.32,0.909946
CIM,2022-12-09,19.98,Q4'22,Q3'22,22.32,0.895161
CIM,2022-12-12,19.35,Q4'22,Q3'22,22.32,0.866936
CIM,2022-12-13,19.32,Q4'22,Q3'22,22.32,0.865591
CIM,2022-12-14,18.93,Q4'22,Q3'22,22.32,0.848118
CIM,2022-12-15,18.87,Q4'22,Q3'22,22.32,0.84543
CIM,2022-12-16,18.57,Q4'22,Q3'22,22.32,0.831989
CIM,2022-12-19,18.57,Q4'22,Q3'22,22.32,0.831989
CIM,2022-12-20,18.27,Q4'22,Q3'22,22.32,0.818548
CIM,2022-12-21,18.45,Q4'22,Q3'22,22.32,0.826613
CIM,2022-12-22,18.42,Q4'22,Q3'22,22.32,0.825269
CIM,2022-12-23,18.3,Q4'22,Q3'22,22.32,0.819892
CIM,2022-12-27,18.6,Q4'22,Q3'22,22.32,0.833333
CIM,2022-12-28,17.34,Q4'22,Q3'22,22.32,0.776882
CIM,2022-12-29,17.1,Q4'22,Q3'22,22.32,0.766129
CIM,2022-12-30,16.5,Q4'22,Q3'22,22.32,0.739247
CIM,2023-01-03,17.61,Q1'23,Q4'22,22.47,0.783712
CIM,2023-01-04,18.6,Q1'23,Q4'22,22.47,0.82777
CIM,2023-01-05,18.57,Q1'23,Q4'22,22.47,0.826435
CIM,2023-01-06,18.81,Q1'23,Q4'22,22.47,0.837116
CIM,2023-01-09,18.48,Q1'23,Q4'22,22.47,0.82243
CIM,2023-01-10,18.87,Q1'23,Q4'22,22.47,0.839786
CIM,2023-01-11,19.29,Q1'23,Q4'22,22.47,0.858478
CIM,2023-01-12,19.89,Q1'23,Q4'22,22.47,0.88518
CIM,2023-01-13,20.52,Q1'23,Q4'22,22.47,0.913218
CIM,2023-01-17,20.07,Q1'23,Q4'22,22.47,0.893191
CIM,2023-01-18,20.34,Q1'23,Q4'22,22.47,0.905207
CIM,2023-01-19,20.19,Q1'23,Q4'22,22.47,0.898531
CIM,2023-01-20,20.4,Q1'23,Q4'22,22.47,0.907877
CIM,2023-01-23,20.73,Q1'23,Q4'22,22.47,0.922563
CIM,2023-01-24,20.58,Q1'23,Q4'22,22.47,0.915888
CIM,2023-01-25,20.4,Q1'23,Q4'22,22.47,0.907877
CIM,2023-01-26,20.82,Q1'23,Q4'22,22.47,0.926569
CIM,2023-01-27,21.48,Q1'23,Q4'22,22.47,0.955941
CIM,2023-01-30,21.12,Q1'23,Q4'22,22.47,0.93992
CIM,2023-01-31,21.87,Q1'23,Q4'22,22.47,0.973298
CIM,2023-02-01,22.62,Q1'23,Q4'22,22.47,1.006676
CIM,2023-02-02,22.95,Q1'23,Q4'22,22.47,1.021362
CIM,2023-02-03,22.62,Q1'23,Q4'22,22.47,1.006676
CIM,2023-02-06,21.69,Q1'23,Q4'22,22.47,0.965287
CIM,2023-02-07,21.75,Q1'23,Q4'22,22.47,0.967957
CIM,2023-02-08,21.39,Q1'23,Q4'22,22.47,0.951936
CIM,2023-02-09,20.67,Q1'23,Q4'22,22.47,0.919893
CIM,2023-02-10,20.73,Q1'23,Q4'22,22.47,0.922563
CIM,2023-02-13,21.21,Q1'23,Q4'22,22.47,0.943925
CIM,2023-02-14,21.21,Q1'23,Q4'22,22.47,0.943925
CIM,2023-02-15,20.49,Q1'23,Q4'22,22.47,0.911882
CIM,2023-02-16,20.94,Q1'23,Q4'22,22.47,0.931909
CIM,2023-02-17,20.88,Q1'23,Q4'22,22.47,0.929239
CIM,2023-02-21,19.77,Q1'23,Q4'22,22.47,0.87984
CIM,2023-02-22,19.83,Q1'23,Q4'22,22.47,0.88251
CIM,2023-02-23,19.95,Q1'23,Q4'22,22.47,0.887851
CIM,2023-02-24,19.62,Q1'23,Q4'22,22.47,0.873164
CIM,2023-02-27,19.65,Q1'23,Q4'22,22.47,0.874499
CIM,2023-02-28,19.47,Q1'23,Q4'22,22.47,0.866489
CIM,2023-03-01,18.96,Q1'23,Q4'22,22.47,0.843792
CIM,2023-03-02,18.87,Q1'23,Q4'22,22.47,0.839786
CIM,2023-03-03,19.08,Q1'23,Q4'22,22.47,0.849132
CIM,2023-03-06,18.93,Q1'23,Q4'22,22.47,0.842457
CIM,2023-03-07,18.42,Q1'23,Q4'22,22.47,0.81976
CIM,2023-03-08,18.09,Q1'23,Q4'22,22.47,0.805073
CIM,2023-03-09,16.98,Q1'23,Q4'22,22.47,0.755674
CIM,2023-03-10,16.23,Q1'23,Q4'22,22.47,0.722296
CIM,2023-03-13,16.2,Q1'23,Q4'22,22.47,0.720961
CIM,2023-03-14,16.5,Q1'23,Q4'22,22.47,0.734312
CIM,2023-03-15,16.17,Q1'23,Q4'22,22.47,0.719626
CIM,2023-03-16,16.26,Q1'23,Q4'22,22.47,0.723632
CIM,2023-03-17,15.66,Q1'23,Q4'22,22.47,0.696929
CIM,2023-03-20,15.84,Q1'23,Q4'22,22.47,0.70494
CIM,2023-03-21,16.26,Q1'23,Q4'22,22.47,0.723632
CIM,2023-03-22,15.93,Q1'23,Q4'22,22.47,0.708945
CIM,2023-03-23,15.57,Q1'23,Q4'22,22.47,0.692924
CIM,2023-03-24,16.29,Q1'23,Q4'22,22.47,0.724967
CIM,2023-03-27,16.65,Q1'23,Q4'22,22.47,0.740988
CIM,2023-03-28,16.86,Q1'23,Q4'22,22.47,0.750334
CIM,2023-03-29,17.13,Q1'23,Q4'22,22.47,0.76235
CIM,2023-03-30,16.41,Q1'23,Q4'22,22.47,0.730307
CIM,2023-03-31,16.92,Q1'23,Q4'22,22.47,0.753004
CIM,2023-04-03,16.8,Q2'23,Q1'23,22.23,0.755735
CIM,2023-04-04,16.71,Q2'23,Q1'23,22.23,0.751687
CIM,2023-04-05,16.8,Q2'23,Q1'23,22.23,0.755735
CIM,2023-04-06,16.74,Q2'23,Q1'23,22.23,0.753036
CIM,2023-04-10,16.38,Q2'23,Q1'23,22.23,0.736842
CIM,2023-04-11,16.44,Q2'23,Q1'23,22.23,0.739541
CIM,2023-04-12,16.53,Q2'23,Q1'23,22.23,0.74359
CIM,2023-04-13,16.62,Q2'23,Q1'23,22.23,0.747638
CIM,2023-04-14,16.38,Q2'23,Q1'23,22.23,0.736842
CIM,2023-04-17,16.8,Q2'23,Q1'23,22.23,0.755735
CIM,2023-04-18,16.44,Q2'23,Q1'23,22.23,0.739541
CIM,2023-04-19,16.8,Q2'23,Q1'23,22.23,0.755735
CIM,2023-04-20,16.86,Q2'23,Q1'23,22.23,0.758435
CIM,2023-04-21,16.95,Q2'23,Q1'23,22.23,0.762483
CIM,2023-04-24,16.74,Q2'23,Q1'23,22.23,0.753036
CIM,2023-04-25,16.59,Q2'23,Q1'23,22.23,0.746289
CIM,2023-04-26,16.29,Q2'23,Q1'23,22.23,0.732794
CIM,2023-04-27,16.74,Q2'23,Q1'23,22.23,0.753036
CIM,2023-04-28,17.04,Q2'23,Q1'23,22.23,0.766532
CIM,2023-05-01,16.47,Q2'23,Q1'23,22.23,0.740891
CIM,2023-05-02,15.69,Q2'23,Q1'23,22.23,0.705803
CIM,2023-05-03,15.69,Q2'23,Q1'23,22.23,0.705803
CIM,2023-05-04,15.21,Q2'23,Q1'23,22.23,0.684211
CIM,2023-05-05,15.57,Q2'23,Q1'23,22.23,0.700405
CIM,2023-05-08,15.48,Q2'23,Q1'23,22.23,0.696356
CIM,2023-05-09,14.88,Q2'23,Q1'23,22.23,0.669366
CIM,2023-05-10,14.97,Q2'23,Q1'23,22.23,0.673414
CIM,2023-05-11,14.97,Q2'23,Q1'23,22.23,0.673414
CIM,2023-05-12,14.64,Q2'23,Q1'23,22.23,0.65857
CIM,2023-05-15,14.76,Q2'23,Q1'23,22.23,0.663968
CIM,2023-05-16,14.43,Q2'23,Q1'23,22.23,0.649123
CIM,2023-05-17,14.85,Q2'23,Q1'23,22.23,0.668016
CIM,2023-05-18,14.94,Q2'23,Q1'23,22.23,0.672065
CIM,2023-05-19,14.43,Q2'23,Q1'23,22.23,0.649123
CIM,2023-05-22,14.64,Q2'23,Q1'23,22.23,0.65857
CIM,2023-05-23,14.76,Q2'23,Q1'23,22.23,0.663968
CIM,2023-05-24,14.31,Q2'23,Q1'23,22.23,0.643725
CIM,2023-05-25,13.62,Q2'23,Q1'23,22.23,0.612686
CIM,2023-05-26,14.13,Q2'23,Q1'23,22.23,0.635628
CIM,2023-05-30,14.4,Q2'23,Q1'23,22.23,0.647773
CIM,2023-05-31,14.46,Q2'23,Q1'23,22.23,0.650472
CIM,2023-06-01,14.79,Q2'23,Q1'23,22.23,0.665317
CIM,2023-06-02,15.48,Q2'23,Q1'23,22.23,0.696356
CIM,2023-06-05,15.21,Q2'23,Q1'23,22.23,0.684211
CIM,2023-06-06,15.66,Q2'23,Q1'23,22.23,0.704453
CIM,2023-06-07,15.75,Q2'23,Q1'23,22.23,0.708502
CIM,2023-06-08,15.78,Q2'23,Q1'23,22.23,0.709852
CIM,2023-06-09,15.57,Q2'23,Q1'23,22.23,0.700405
CIM,2023-06-12,15.96,Q2'23,Q1'23,22.23,0.717949
CIM,2023-06-13,16.05,Q2'23,Q1'23,22.23,0.721997
CIM,2023-06-14,16.11,Q2'23,Q1'23,22.23,0.724696
CIM,2023-06-15,16.53,Q2'23,Q1'23,22.23,0.74359
CIM,2023-06-16,16.59,Q2'23,Q1'23,22.23,0.746289
CIM,2023-06-20,16.59,Q2'23,Q1'23,22.23,0.746289
CIM,2023-06-21,16.98,Q2'23,Q1'23,22.23,0.763833
CIM,2023-06-22,16.83,Q2'23,Q1'23,22.23,0.757085
CIM,2023-06-23,16.44,Q2'23,Q1'23,22.23,0.739541
CIM,2023-06-26,17.16,Q2'23,Q1'23,22.23,0.77193
CIM,2023-06-27,17.88,Q2'23,Q1'23,22.23,0.804318
CIM,2023-06-28,17.64,Q2'23,Q1'23,22.23,0.793522
CIM,2023-06-29,17.04,Q2'23,Q1'23,22.23,0.766532
CIM,2023-06-30,17.31,Q2'23,Q1'23,22.23,0.778677
CIM,2023-07-03,16.89,Q3'23,Q2'23,21.87,0.772291
CIM,2023-07-05,16.56,Q3'23,Q2'23,21.87,0.757202
CIM,2023-07-06,16.17,Q3'23,Q2'23,21.87,0.739369
CIM,2023-07-07,16.38,Q3'23,Q2'23,21.87,0.748971
CIM,2023-07-10,16.74,Q3'23,Q2'23,21.87,0.765432
CIM,2023-07-11,16.95,Q3'23,Q2'23,21.87,0.775034
CIM,2023-07-12,17.19,Q3'23,Q2'23,21.87,0.786008
CIM,2023-07-13,17.34,Q3'23,Q2'23,21.87,0.792867
CIM,2023-07-14,17.16,Q3'23,Q2'23,21.87,0.784636
CIM,2023-07-17,17.34,Q3'23,Q2'23,21.87,0.792867
CIM,2023-07-18,17.7,Q3'23,Q2'23,21.87,0.809328
CIM,2023-07-19,18.3,Q3'23,Q2'23,21.87,0.836763
CIM,2023-07-20,18.12,Q3'23,Q2'23,21.87,0.828532
CIM,2023-07-21,18.06,Q3'23,Q2'23,21.87,0.825789
CIM,2023-07-24,18.63,Q3'23,Q2'23,21.87,0.851852
CIM,2023-07-25,18.75,Q3'23,Q2'23,21.87,0.857339
CIM,2023-07-26,19.17,Q3'23,Q2'23,21.87,0.876543
CIM,2023-07-27,18.87,Q3'23,Q2'23,21.87,0.862826
CIM,2023-07-28,19.17,Q3'23,Q2'23,21.87,0.876543
CIM,2023-07-31,18.84,Q3'23,Q2'23,21.87,0.861454
CIM,2023-08-01,18.78,Q3'23,Q2'23,21.87,0.858711
CIM,2023-08-02,18.6,Q3'23,Q2'23,21.87,0.85048
CIM,2023-08-03,17.01,Q3'23,Q2'23,21.87,0.777778
CIM,2023-08-04,18.06,Q3'23,Q2'23,21.87,0.825789
CIM,2023-08-07,17.79,Q3'23,Q2'23,21.87,0.813443
CIM,2023-08-08,17.64,Q3'23,Q2'23,21.87,0.806584
CIM,2023-08-09,17.58,Q3'23,Q2'23,21.87,0.803841
CIM,2023-08-10,17.46,Q3'23,Q2'23,21.87,0.798354
CIM,2023-08-11,17.46,Q3'23,Q2'23,21.87,0.798354
CIM,2023-08-14,17.07,Q3'23,Q2'23,21.87,0.780521
CIM,2023-08-15,16.86,Q3'23,Q2'23,21.87,0.770919
CIM,2023-08-16,16.71,Q3'23,Q2'23,21.87,0.76406
CIM,2023-08-17,16.59,Q3'23,Q2'23,21.87,0.758573
CIM,2023-08-18,16.56,Q3'23,Q2'23,21.87,0.757202
CIM,2023-08-21,16.53,Q3'23,Q2'23,21.87,0.75583
CIM,2023-08-22,16.53,Q3'23,Q2'23,21.87,0.75583
CIM,2023-08-23,17.01,Q3'23,Q2'23,21.87,0.777778
CIM,2023-08-24,16.98,Q3'23,Q2'23,21.87,0.776406
CIM,2023-08-25,17.1,Q3'23,Q2'23,21.87,0.781893
CIM,2023-08-28,17.85,Q3'23,Q2'23,21.87,0.816187
CIM,2023-08-29,17.94,Q3'23,Q2'23,21.87,0.820302
CIM,2023-08-30,17.85,Q3'23,Q2'23,21.87,0.816187
CIM,2023-08-31,18.15,Q3'23,Q2'23,21.87,0.829904
CIM,2023-09-01,18.27,Q3'23,Q2'23,21.87,0.835391
CIM,2023-09-05,17.7,Q3'23,Q2'23,21.87,0.809328
CIM,2023-09-06,17.64,Q3'23,Q2'23,21.87,0.806584
CIM,2023-09-07,17.49,Q3'23,Q2'23,21.87,0.799726
CIM,2023-09-08,17.55,Q3'23,Q2'23,21.87,0.802469
CIM,2023-09-11,17.91,Q3'23,Q2'23,21.87,0.81893
CIM,2023-09-12,17.85,Q3'23,Q2'23,21.87,0.816187
CIM,2023-09-13,17.88,Q3'23,Q2'23,21.87,0.817558
CIM,2023-09-14,18.3,Q3'23,Q2'23,21.87,0.836763
CIM,2023-09-15,18.24,Q3'23,Q2'23,21.87,0.834019
CIM,2023-09-18,18.3,Q3'23,Q2'23,21.87,0.836763
CIM,2023-09-19,18.39,Q3'23,Q2'23,21.87,0.840878
CIM,2023-09-20,18.06,Q3'23,Q2'23,21.87,0.825789
CIM,2023-09-21,17.1,Q3'23,Q2'23,21.87,0.781893
CIM,2023-09-22,17.46,Q3'23,Q2'23,21.87,0.798354
CIM,2023-09-25,17.22,Q3'23,Q2'23,21.87,0.78738
CIM,2023-09-26,16.95,Q3'23,Q2'23,21.87,0.775034
CIM,2023-09-27,16.59,Q3'23,Q2'23,21.87,0.758573
CIM,2023-09-28,16.08,Q3'23,Q2'23,21.87,0.735254
CIM,2023-09-29,16.38,Q3'23,Q2'23,21.87,0.748971
CIM,2023-10-02,15.72,Q4'23,Q3'23,20.7,0.75942
CIM,2023-10-03,15.18,Q4'23,Q3'23,20.7,0.733333
CIM,2023-10-04,15.15,Q4'23,Q3'23,20.7,0.731884
CIM,2023-10-05,15.48,Q4'23,Q3'23,20.7,0.747826
CIM,2023-10-06,15.39,Q4'23,Q3'23,20.7,0.743478
CIM,2023-10-09,15.81,Q4'23,Q3'23,20.7,0.763768
CIM,2023-10-10,15.9,Q4'23,Q3'23,20.7,0.768116
CIM,2023-10-11,16.29,Q4'23,Q3'23,20.7,0.786957
CIM,2023-10-12,15.99,Q4'23,Q3'23,20.7,0.772464
CIM,2023-10-13,15.63,Q4'23,Q3'23,20.7,0.755072
CIM,2023-10-16,15.93,Q4'23,Q3'23,20.7,0.769565
CIM,2023-10-17,15.63,Q4'23,Q3'23,20.7,0.755072
CIM,2023-10-18,14.82,Q4'23,Q3'23,20.7,0.715942
CIM,2023-10-19,14.34,Q4'23,Q3'23,20.7,0.692754
CIM,2023-10-20,14.25,Q4'23,Q3'23,20.7,0.688406
CIM,2023-10-23,14.13,Q4'23,Q3'23,20.7,0.682609
CIM,2023-10-24,13.98,Q4'23,Q3'23,20.7,0.675362
CIM,2023-10-25,13.56,Q4'23,Q3'23,20.7,0.655072
CIM,2023-10-26,13.89,Q4'23,Q3'23,20.7,0.671015
CIM,2023-10-27,13.92,Q4'23,Q3'23,20.7,0.672464
CIM,2023-10-30,14.16,Q4'23,Q3'23,20.7,0.684058
CIM,2023-10-31,14.4,Q4'23,Q3'23,20.7,0.695652
CIM,2023-11-01,14.7,Q4'23,Q3'23,20.7,0.710145
CIM,2023-11-02,14.43,Q4'23,Q3'23,20.7,0.697101
CIM,2023-11-03,14.64,Q4'23,Q3'23,20.7,0.707246
CIM,2023-11-06,14.67,Q4'23,Q3'23,20.7,0.708696
CIM,2023-11-07,14.61,Q4'23,Q3'23,20.7,0.705797
CIM,2023-11-08,14.46,Q4'23,Q3'23,20.7,0.698551
CIM,2023-11-09,13.92,Q4'23,Q3'23,20.7,0.672464
CIM,2023-11-10,14.16,Q4'23,Q3'23,20.7,0.684058
CIM,2023-11-13,14.04,Q4'23,Q3'23,20.7,0.678261
CIM,2023-11-14,15.0,Q4'23,Q3'23,20.7,0.724638
CIM,2023-11-15,15.36,Q4'23,Q3'23,20.7,0.742029
CIM,2023-11-16,15.0,Q4'23,Q3'23,20.7,0.724638
CIM,2023-11-17,15.15,Q4'23,Q3'23,20.7,0.731884
CIM,2023-11-20,15.18,Q4'23,Q3'23,20.7,0.733333
CIM,2023-11-21,15.12,Q4'23,Q3'23,20.7,0.730435
CIM,2023-11-22,15.18,Q4'23,Q3'23,20.7,0.733333
CIM,2023-11-24,15.12,Q4'23,Q3'23,20.7,0.730435
CIM,2023-11-27,15.15,Q4'23,Q3'23,20.7,0.731884
CIM,2023-11-28,15.24,Q4'23,Q3'23,20.7,0.736232
CIM,2023-11-29,15.87,Q4'23,Q3'23,20.7,0.766667
CIM,2023-11-30,15.63,Q4'23,Q3'23,20.7,0.755072
CIM,2023-12-01,16.08,Q4'23,Q3'23,20.7,0.776812
CIM,2023-12-04,16.02,Q4'23,Q3'23,20.7,0.773913
CIM,2023-12-05,15.6,Q4'23,Q3'23,20.7,0.753623
CIM,2023-12-06,15.24,Q4'23,Q3'23,20.7,0.736232
CIM,2023-12-07,15.54,Q4'23,Q3'23,20.7,0.750725
CIM,2023-12-08,15.27,Q4'23,Q3'23,20.7,0.737681
CIM,2023-12-11,14.85,Q4'23,Q3'23,20.7,0.717391
CIM,2023-12-12,14.88,Q4'23,Q3'23,20.7,0.718841
CIM,2023-12-13,15.33,Q4'23,Q3'23,20.7,0.74058
CIM,2023-12-14,15.54,Q4'23,Q3'23,20.7,0.750725
CIM,2023-12-15,15.06,Q4'23,Q3'23,20.7,0.727536
CIM,2023-12-18,14.88,Q4'23,Q3'23,20.7,0.718841
CIM,2023-12-19,15.48,Q4'23,Q3'23,20.7,0.747826
CIM,2023-12-20,15.33,Q4'23,Q3'23,20.7,0.74058
CIM,2023-12-21,15.66,Q4'23,Q3'23,20.7,0.756522
CIM,2023-12-22,15.57,Q4'23,Q3'23,20.7,0.752174
CIM,2023-12-26,15.96,Q4'23,Q3'23,20.7,0.771014
CIM,2023-12-27,15.84,Q4'23,Q3'23,20.7,0.765217
CIM,2023-12-28,15.42,Q4'23,Q3'23,20.7,0.744928
CIM,2023-12-29,14.97,Q4'23,Q3'23,20.7,0.723188
CIM,2024-01-02,14.88,Q1'24,Q4'23,20.25,0.734815
CIM,2024-01-03,14.31,Q1'24,Q4'23,20.25,0.706667
CIM,2024-01-04,14.34,Q1'24,Q4'23,20.25,0.708148
CIM,2024-01-05,14.7,Q1'24,Q4'23,20.25,0.725926
CIM,2024-01-08,15.09,Q1'24,Q4'23,20.25,0.745185
CIM,2024-01-09,14.94,Q1'24,Q4'23,20.25,0.737778
CIM,2024-01-10,15.09,Q1'24,Q4'23,20.25,0.745185
CIM,2024-01-11,14.88,Q1'24,Q4'23,20.25,0.734815
CIM,2024-01-12,14.91,Q1'24,Q4'23,20.25,0.736296
CIM,2024-01-16,14.82,Q1'24,Q4'23,20.25,0.731852
CIM,2024-01-17,14.73,Q1'24,Q4'23,20.25,0.727407
CIM,2024-01-18,14.73,Q1'24,Q4'23,20.25,0.727407
CIM,2024-01-19,14.82,Q1'24,Q4'23,20.25,0.731852
CIM,2024-01-22,14.79,Q1'24,Q4'23,20.25,0.73037
CIM,2024-01-23,14.94,Q1'24,Q4'23,20.25,0.737778
CIM,2024-01-24,14.82,Q1'24,Q4'23,20.25,0.731852
CIM,2024-01-25,14.91,Q1'24,Q4'23,20.25,0.736296
CIM,2024-01-26,15.09,Q1'24,Q4'23,20.25,0.745185
CIM,2024-01-29,15.42,Q1'24,Q4'23,20.25,0.761481
CIM,2024-01-30,14.97,Q1'24,Q4'23,20.25,0.739259
CIM,2024-01-31,14.4,Q1'24,Q4'23,20.25,0.711111
CIM,2024-02-01,14.67,Q1'24,Q4'23,20.25,0.724444
CIM,2024-02-02,14.31,Q1'24,Q4'23,20.25,0.706667
CIM,2024-02-05,13.98,Q1'24,Q4'23,20.25,0.69037
CIM,2024-02-06,14.13,Q1'24,Q4'23,20.25,0.697778
CIM,2024-02-07,13.56,Q1'24,Q4'23,20.25,0.66963
CIM,2024-02-08,13.77,Q1'24,Q4'23,20.25,0.68
CIM,2024-02-09,14.01,Q1'24,Q4'23,20.25,0.691852
CIM,2024-02-12,14.34,Q1'24,Q4'23,20.25,0.708148
CIM,2024-02-13,13.53,Q1'24,Q4'23,20.25,0.668148
CIM,2024-02-14,12.66,Q1'24,Q4'23,20.25,0.625185
CIM,2024-02-15,13.32,Q1'24,Q4'23,20.25,0.657778
CIM,2024-02-16,13.29,Q1'24,Q4'23,20.25,0.656296
CIM,2024-02-20,13.11,Q1'24,Q4'23,20.25,0.647407
CIM,2024-02-21,13.02,Q1'24,Q4'23,20.25,0.642963
CIM,2024-02-22,13.08,Q1'24,Q4'23,20.25,0.645926
CIM,2024-02-23,13.29,Q1'24,Q4'23,20.25,0.656296
CIM,2024-02-26,13.08,Q1'24,Q4'23,20.25,0.645926
CIM,2024-02-27,13.11,Q1'24,Q4'23,20.25,0.647407
CIM,2024-02-28,12.75,Q1'24,Q4'23,20.25,0.62963
CIM,2024-02-29,13.08,Q1'24,Q4'23,20.25,0.645926
CIM,2024-03-01,13.14,Q1'24,Q4'23,20.25,0.648889
CIM,2024-03-04,12.93,Q1'24,Q4'23,20.25,0.638519
CIM,2024-03-05,12.99,Q1'24,Q4'23,20.25,0.641481
CIM,2024-03-06,13.2,Q1'24,Q4'23,20.25,0.651852
CIM,2024-03-07,13.35,Q1'24,Q4'23,20.25,0.659259
CIM,2024-03-08,13.41,Q1'24,Q4'23,20.25,0.662222
CIM,2024-03-11,13.56,Q1'24,Q4'23,20.25,0.66963
CIM,2024-03-12,13.62,Q1'24,Q4'23,20.25,0.672593
CIM,2024-03-13,13.74,Q1'24,Q4'23,20.25,0.678519
CIM,2024-03-14,13.2,Q1'24,Q4'23,20.25,0.651852
CIM,2024-03-15,13.56,Q1'24,Q4'23,20.25,0.66963
CIM,2024-03-18,13.26,Q1'24,Q4'23,20.25,0.654815
CIM,2024-03-19,13.14,Q1'24,Q4'23,20.25,0.648889
CIM,2024-03-20,13.5,Q1'24,Q4'23,20.25,0.666667
CIM,2024-03-21,13.8,Q1'24,Q4'23,20.25,0.681481
CIM,2024-03-22,13.47,Q1'24,Q4'23,20.25,0.665185
CIM,2024-03-25,13.56,Q1'24,Q4'23,20.25,0.66963
CIM,2024-03-26,13.26,Q1'24,Q4'23,20.25,0.654815
CIM,2024-03-27,13.62,Q1'24,Q4'23,20.25,0.672593
CIM,2024-03-28,13.83,Q1'24,Q4'23,20.25,0.682963
CIM,2024-04-01,13.62,Q2'24,Q1'24,21.33,0.638537
CIM,2024-04-02,13.38,Q2'24,Q1'24,21.33,0.627286
CIM,2024-04-03,13.47,Q2'24,Q1'24,21.33,0.631505
CIM,2024-04-04,13.32,Q2'24,Q1'24,21.33,0.624473
CIM,2024-04-05,12.96,Q2'24,Q1'24,21.33,0.607595
CIM,2024-04-08,12.93,Q2'24,Q1'24,21.33,0.606188
CIM,2024-04-09,13.11,Q2'24,Q1'24,21.33,0.614627
CIM,2024-04-10,12.3,Q2'24,Q1'24,21.33,0.576653
CIM,2024-04-11,12.42,Q2'24,Q1'24,21.33,0.582278
CIM,2024-04-12,12.24,Q2'24,Q1'24,21.33,0.57384
CIM,2024-04-15,12.09,Q2'24,Q1'24,21.33,0.566807
CIM,2024-04-16,11.85,Q2'24,Q1'24,21.33,0.555556
CIM,2024-04-17,11.91,Q2'24,Q1'24,21.33,0.558368
CIM,2024-04-18,12.06,Q2'24,Q1'24,21.33,0.565401
CIM,2024-04-19,12.33,Q2'24,Q1'24,21.33,0.578059
CIM,2024-04-22,12.33,Q2'24,Q1'24,21.33,0.578059
CIM,2024-04-23,12.54,Q2'24,Q1'24,21.33,0.587904
CIM,2024-04-24,12.48,Q2'24,Q1'24,21.33,0.585091
CIM,2024-04-25,12.45,Q2'24,Q1'24,21.33,0.583685
CIM,2024-04-26,12.57,Q2'24,Q1'24,21.33,0.589311
CIM,2024-04-29,12.66,Q2'24,Q1'24,21.33,0.59353
CIM,2024-04-30,12.36,Q2'24,Q1'24,21.33,0.579466
CIM,2024-05-01,12.75,Q2'24,Q1'24,21.33,0.59775
CIM,2024-05-02,12.87,Q2'24,Q1'24,21.33,0.603376
CIM,2024-05-03,12.99,Q2'24,Q1'24,21.33,0.609001
CIM,2024-05-06,13.05,Q2'24,Q1'24,21.33,0.611814
CIM,2024-05-07,12.84,Q2'24,Q1'24,21.33,0.601969
CIM,2024-05-08,12.72,Q2'24,Q1'24,21.33,0.596343
CIM,2024-05-09,14.13,Q2'24,Q1'24,21.33,0.662447
CIM,2024-05-10,13.83,Q2'24,Q1'24,21.33,0.648383
CIM,2024-05-13,13.08,Q2'24,Q1'24,21.33,0.613221
CIM,2024-05-14,13.44,Q2'24,Q1'24,21.33,0.630098
CIM,2024-05-15,13.62,Q2'24,Q1'24,21.33,0.638537
CIM,2024-05-16,13.68,Q2'24,Q1'24,21.33,0.64135
CIM,2024-05-17,13.56,Q2'24,Q1'24,21.33,0.635724
CIM,2024-05-20,13.17,Q2'24,Q1'24,21.33,0.61744
CIM,2024-05-21,13.17,Q2'24,Q1'24,21.33,0.61744
CIM,2024-05-22,13.07,Q2'24,Q1'24,21.33,0.612752
CIM,2024-05-23,11.65,Q2'24,Q1'24,21.33,0.546179
CIM,2024-05-24,11.7,Q2'24,Q1'24,21.33,0.548523
CIM,2024-05-28,11.91,Q2'24,Q1'24,21.33,0.558368
CIM,2024-05-29,11.57,Q2'24,Q1'24,21.33,0.542428
CIM,2024-05-30,11.78,Q2'24,Q1'24,21.33,0.552274
CIM,2024-05-31,11.9,Q2'24,Q1'24,21.33,0.5579
CIM,2024-06-03,11.89,Q2'24,Q1'24,21.33,0.557431
CIM,2024-06-04,11.8,Q2'24,Q1'24,21.33,0.553211
CIM,2024-06-05,12.08,Q2'24,Q1'24,21.33,0.566338
CIM,2024-06-06,11.92,Q2'24,Q1'24,21.33,0.558837
CIM,2024-06-07,11.63,Q2'24,Q1'24,21.33,0.545241
CIM,2024-06-10,11.48,Q2'24,Q1'24,21.33,0.538209
CIM,2024-06-11,11.37,Q2'24,Q1'24,21.33,0.533052
CIM,2024-06-12,11.79,Q2'24,Q1'24,21.33,0.552743
CIM,2024-06-13,11.93,Q2'24,Q1'24,21.33,0.559306
CIM,2024-06-14,12.83,Q2'24,Q1'24,21.33,0.6015
CIM,2024-06-17,13.34,Q2'24,Q1'24,21.33,0.62541
CIM,2024-06-18,13.43,Q2'24,Q1'24,21.33,0.62963
CIM,2024-06-20,13.57,Q2'24,Q1'24,21.33,0.636193
CIM,2024-06-21,13.65,Q2'24,Q1'24,21.33,0.639944
CIM,2024-06-24,13.34,Q2'24,Q1'24,21.33,0.62541
CIM,2024-06-25,13.27,Q2'24,Q1'24,21.33,0.622128
CIM,2024-06-26,13.16,Q2'24,Q1'24,21.33,0.616971
CIM,2024-06-27,12.94,Q2'24,Q1'24,21.33,0.606657
CIM,2024-06-28,12.8,Q2'24,Q1'24,21.33,0.600094
CIM,2024-07-01,12.51,Q3'24,Q2'24,21.27,0.588152
CIM,2024-07-02,12.79,Q3'24,Q2'24,21.27,0.601316
CIM,2024-07-03,12.79,Q3'24,Q2'24,21.27,0.601316
CIM,2024-07-05,13.0,Q3'24,Q2'24,21.27,0.611189
CIM,2024-07-08,13.12,Q3'24,Q2'24,21.27,0.616831
CIM,2024-07-09,13.23,Q3'24,Q2'24,21.27,0.622003
CIM,2024-07-10,13.61,Q3'24,Q2'24,21.27,0.639868
CIM,2024-07-11,14.54,Q3'24,Q2'24,21.27,0.683592
CIM,2024-07-12,14.83,Q3'24,Q2'24,21.27,0.697226
CIM,2024-07-15,14.94,Q3'24,Q2'24,21.27,0.702398
CIM,2024-07-16,15.4,Q3'24,Q2'24,21.27,0.724024
CIM,2024-07-17,15.63,Q3'24,Q2'24,21.27,0.734838
CIM,2024-07-18,15.07,Q3'24,Q2'24,21.27,0.70851
CIM,2024-07-19,15.02,Q3'24,Q2'24,21.27,0.706159
CIM,2024-07-22,15.09,Q3'24,Q2'24,21.27,0.70945
CIM,2024-07-23,15.32,Q3'24,Q2'24,21.27,0.720263
CIM,2024-07-24,14.64,Q3'24,Q2'24,21.27,0.688293
CIM,2024-07-25,14.71,Q3'24,Q2'24,21.27,0.691584
CIM,2024-07-26,14.99,Q3'24,Q2'24,21.27,0.704748
CIM,2024-07-29,14.9,Q3'24,Q2'24,21.27,0.700517
CIM,2024-07-30,15.02,Q3'24,Q2'24,21.27,0.706159
CIM,2024-07-31,14.61,Q3'24,Q2'24,21.27,0.686883
CIM,2024-08-01,14.25,Q3'24,Q2'24,21.27,0.669958
CIM,2024-08-02,14.06,Q3'24,Q2'24,21.27,0.661025
CIM,2024-08-05,13.51,Q3'24,Q2'24,21.27,0.635167
CIM,2024-08-06,13.65,Q3'24,Q2'24,21.27,0.641749
CIM,2024-08-07,14.61,Q3'24,Q2'24,21.27,0.686883
CIM,2024-08-08,14.61,Q3'24,Q2'24,21.27,0.686883
CIM,2024-08-09,14.53,Q3'24,Q2'24,21.27,0.683122
CIM,2024-08-12,14.26,Q3'24,Q2'24,21.27,0.670428
CIM,2024-08-13,14.41,Q3'24,Q2'24,21.27,0.67748
CIM,2024-08-14,14.52,Q3'24,Q2'24,21.27,0.682652
CIM,2024-08-15,14.79,Q3'24,Q2'24,21.27,0.695346
CIM,2024-08-16,14.97,Q3'24,Q2'24,21.27,0.703808
CIM,2024-08-19,15.12,Q3'24,Q2'24,21.27,0.71086
CIM,2024-08-20,14.94,Q3'24,Q2'24,21.27,0.702398
CIM,2024-08-21,15.01,Q3'24,Q2'24,21.27,0.705689
CIM,2024-08-22,14.88,Q3'24,Q2'24,21.27,0.699577
CIM,2024-08-23,15.31,Q3'24,Q2'24,21.27,0.719793
CIM,2024-08-26,15.54,Q3'24,Q2'24,21.27,0.730606
CIM,2024-08-27,15.37,Q3'24,Q2'24,21.27,0.722614
CIM,2024-08-28,15.37,Q3'24,Q2'24,21.27,0.722614
CIM,2024-08-29,15.5,Q3'24,Q2'24,21.27,0.728726
CIM,2024-08-30,15.48,Q3'24,Q2'24,21.27,0.727786
CIM,2024-09-03,15.37,Q3'24,Q2'24,21.27,0.722614
CIM,2024-09-04,15.3,Q3'24,Q2'24,21.27,0.719323
CIM,2024-09-05,15.41,Q3'24,Q2'24,21.27,0.724495
CIM,2024-09-06,15.44,Q3'24,Q2'24,21.27,0.725905
CIM,2024-09-09,15.52,Q3'24,Q2'24,21.27,0.729666
CIM,2024-09-10,15.64,Q3'24,Q2'24,21.27,0.735308
CIM,2024-09-11,15.41,Q3'24,Q2'24,21.27,0.724495
CIM,2024-09-12,15.56,Q3'24,Q2'24,21.27,0.731547
CIM,2024-09-13,15.86,Q3'24,Q2'24,21.27,0.745651
CIM,2024-09-16,16.08,Q3'24,Q2'24,21.27,0.755994
CIM,2024-09-17,15.96,Q3'24,Q2'24,21.27,0.750353
CIM,2024-09-18,16.2,Q3'24,Q2'24,21.27,0.761636
CIM,2024-09-19,16.37,Q3'24,Q2'24,21.27,0.769629
CIM,2024-09-20,16.65,Q3'24,Q2'24,21.27,0.782793
CIM,2024-09-23,16.43,Q3'24,Q2'24,21.27,0.772449
CIM,2024-09-24,16.41,Q3'24,Q2'24,21.27,0.771509
CIM,2024-09-25,16.15,Q3'24,Q2'24,21.27,0.759285
CIM,2024-09-26,16.09,Q3'24,Q2'24,21.27,0.756465
CIM,2024-09-27,16.19,Q3'24,Q2'24,21.27,0.761166
CIM,2024-09-30,15.83,Q3'24,Q2'24,21.27,0.744241
CIM,2024-10-01,15.51,Q4'24,Q3'24,22.35,0.69396
CIM,2024-10-02,15.38,Q4'24,Q3'24,22.35,0.688143
CIM,2024-10-03,15.43,Q4'24,Q3'24,22.35,0.69038
CIM,2024-10-04,15.41,Q4'24,Q3'24,22.35,0.689485
CIM,2024-10-07,15.02,Q4'24,Q3'24,22.35,0.672036
CIM,2024-10-08,15.18,Q4'24,Q3'24,22.35,0.679195
CIM,2024-10-09,15.24,Q4'24,Q3'24,22.35,0.681879
CIM,2024-10-10,15.16,Q4'24,Q3'24,22.35,0.6783
CIM,2024-10-11,15.18,Q4'24,Q3'24,22.35,0.679195
CIM,2024-10-14,15.27,Q4'24,Q3'24,22.35,0.683221
CIM,2024-10-15,15.47,Q4'24,Q3'24,22.35,0.69217
CIM,2024-10-16,16.06,Q4'24,Q3'24,22.35,0.718568
CIM,2024-10-17,16.19,Q4'24,Q3'24,22.35,0.724385
CIM,2024-10-18,16.08,Q4'24,Q3'24,22.35,0.719463
CIM,2024-10-21,15.7,Q4'24,Q3'24,22.35,0.702461
CIM,2024-10-22,15.46,Q4'24,Q3'24,22.35,0.691723
CIM,2024-10-23,15.31,Q4'24,Q3'24,22.35,0.685011
CIM,2024-10-24,15.51,Q4'24,Q3'24,22.35,0.69396
CIM,2024-10-25,15.3,Q4'24,Q3'24,22.35,0.684564
CIM,2024-10-28,15.38,Q4'24,Q3'24,22.35,0.688143
CIM,2024-10-29,15.57,Q4'24,Q3'24,22.35,0.696644
CIM,2024-10-30,15.85,Q4'24,Q3'24,22.35,0.709172
CIM,2024-10-31,15.1,Q4'24,Q3'24,22.35,0.675615
CIM,2024-11-01,14.99,Q4'24,Q3'24,22.35,0.670694
CIM,2024-11-04,14.98,Q4'24,Q3'24,22.35,0.670246
CIM,2024-11-05,14.94,Q4'24,Q3'24,22.35,0.668456
CIM,2024-11-06,14.94,Q4'24,Q3'24,22.35,0.668456
CIM,2024-11-07,15.16,Q4'24,Q3'24,22.35,0.6783
CIM,2024-11-08,15.28,Q4'24,Q3'24,22.35,0.683669
CIM,2024-11-11,15.31,Q4'24,Q3'24,22.35,0.685011
CIM,2024-11-12,14.73,Q4'24,Q3'24,22.35,0.65906
CIM,2024-11-13,14.82,Q4'24,Q3'24,22.35,0.663087
CIM,2024-11-14,14.72,Q4'24,Q3'24,22.35,0.658613
CIM,2024-11-15,14.69,Q4'24,Q3'24,22.35,0.657271
CIM,2024-11-18,14.76,Q4'24,Q3'24,22.35,0.660403
CIM,2024-11-19,14.75,Q4'24,Q3'24,22.35,0.659955
CIM,2024-11-20,14.52,Q4'24,Q3'24,22.35,0.649664
CIM,2024-11-21,14.62,Q4'24,Q3'24,22.35,0.654139
CIM,2024-11-22,14.66,Q4'24,Q3'24,22.35,0.655928
CIM,2024-11-25,14.9,Q4'24,Q3'24,22.35,0.666667
CIM,2024-11-26,14.82,Q4'24,Q3'24,22.35,0.663087
CIM,2024-11-27,14.99,Q4'24,Q3'24,22.35,0.670694
CIM,2024-11-29,14.84,Q4'24,Q3'24,22.35,0.663982
CIM,2024-12-02,14.79,Q4'24,Q3'24,22.35,0.661745
CIM,2024-12-03,14.69,Q4'24,Q3'24,22.35,0.657271
CIM,2024-12-04,14.74,Q4'24,Q3'24,22.35,0.659508
CIM,2024-12-05,14.66,Q4'24,Q3'24,22.35,0.655928
CIM,2024-12-06,14.71,Q4'24,Q3'24,22.35,0.658166
CIM,2024-12-09,14.93,Q4'24,Q3'24,22.35,0.668009
CIM,2024-12-10,15.14,Q4'24,Q3'24,22.35,0.677405
CIM,2024-12-11,15.01,Q4'24,Q3'24,22.35,0.671588
CIM,2024-12-12,14.97,Q4'24,Q3'24,22.35,0.669799
CIM,2024-12-13,15.08,Q4'24,Q3'24,22.35,0.67472
CIM,2024-12-16,15.12,Q4'24,Q3'24,22.35,0.67651
CIM,2024-12-17,14.86,Q4'24,Q3'24,22.35,0.664877
CIM,2024-12-18,14.23,Q4'24,Q3'24,22.35,0.636689
CIM,2024-12-19,14.11,Q4'24,Q3'24,22.35,0.63132
CIM,2024-12-20,14.38,Q4'24,Q3'24,22.35,0.6434
CIM,2024-12-23,14.27,Q4'24,Q3'24,22.35,0.638479
CIM,2024-12-24,14.37,Q4'24,Q3'24,22.35,0.642953
CIM,2024-12-26,14.28,Q4'24,Q3'24,22.35,0.638926
CIM,2024-12-27,14.17,Q4'24,Q3'24,22.35,0.634004
CIM,2024-12-30,13.97,Q4'24,Q3'24,22.35,0.625056
CIM,2024-12-31,14.0,Q4'24,Q3'24,22.35,0.626398
CIM,2025-01-02,14.07,Q1'25,Q4'24,19.72,0.713489
CIM,2025-01-03,14.35,Q1'25,Q4'24,19.72,0.727688
CIM,2025-01-06,14.15,Q1'25,Q4'24,19.72,0.717546
CIM,2025-01-07,14.14,Q1'25,Q4'24,19.72,0.717039
CIM,2025-01-08,14.09,Q1'25,Q4'24,19.72,0.714503
CIM,2025-01-10,13.64,Q1'25,Q4'24,19.72,0.691684
CIM,2025-01-13,13.64,Q1'25,Q4'24,19.72,0.691684
CIM,2025-01-14,14.0,Q1'25,Q4'24,19.72,0.709939
CIM,2025-01-15,14.22,Q1'25,Q4'24,19.72,0.721095
CIM,2025-01-16,14.27,Q1'25,Q4'24,19.72,0.723631
CIM,2025-01-17,14.3,Q1'25,Q4'24,19.72,0.725152
CIM,2025-01-21,14.44,Q1'25,Q4'24,19.72,0.732252
CIM,2025-01-22,14.28,Q1'25,Q4'24,19.72,0.724138
CIM,2025-01-23,14.28,Q1'25,Q4'24,19.72,0.724138
CIM,2025-01-24,14.32,Q1'25,Q4'24,19.72,0.726166
CIM,2025-01-27,14.57,Q1'25,Q4'24,19.72,0.738844
CIM,2025-01-28,14.5,Q1'25,Q4'24,19.72,0.735294
CIM,2025-01-29,14.31,Q1'25,Q4'24,19.72,0.725659
CIM,2025-01-30,14.7,Q1'25,Q4'24,19.72,0.745436
CIM,2025-01-31,14.89,Q1'25,Q4'24,19.72,0.755071
CIM,2025-02-03,14.81,Q1'25,Q4'24,19.72,0.751014
CIM,2025-02-04,15.2,Q1'25,Q4'24,19.72,0.770791
CIM,2025-02-05,15.14,Q1'25,Q4'24,19.72,0.767748
CIM,2025-02-06,15.33,Q1'25,Q4'24,19.72,0.777383
CIM,2025-02-07,15.19,Q1'25,Q4'24,19.72,0.770284
CIM,2025-02-10,15.14,Q1'25,Q4'24,19.72,0.767748
CIM,2025-02-11,15.09,Q1'25,Q4'24,19.72,0.765213
CIM,2025-02-12,13.91,Q1'25,Q4'24,19.72,0.705375
CIM,2025-02-13,14.17,Q1'25,Q4'24,19.72,0.71856
CIM,2025-02-14,14.06,Q1'25,Q4'24,19.72,0.712982
CIM,2025-02-18,13.79,Q1'25,Q4'24,19.72,0.69929
CIM,2025-02-19,13.71,Q1'25,Q4'24,19.72,0.695233
CIM,2025-02-20,13.84,Q1'25,Q4'24,19.72,0.701826
CIM,2025-02-21,13.76,Q1'25,Q4'24,19.72,0.697769
CIM,2025-02-24,13.74,Q1'25,Q4'24,19.72,0.696755
CIM,2025-02-25,14.02,Q1'25,Q4'24,19.72,0.710953
CIM,2025-02-26,14.01,Q1'25,Q4'24,19.72,0.710446
CIM,2025-02-27,14.06,Q1'25,Q4'24,19.72,0.712982
CIM,2025-02-28,14.23,Q1'25,Q4'24,19.72,0.721602
CIM,2025-03-03,14.16,Q1'25,Q4'24,19.72,0.718053
CIM,2025-03-04,13.82,Q1'25,Q4'24,19.72,0.700811
CIM,2025-03-05,13.9,Q1'25,Q4'24,19.72,0.704868
CIM,2025-03-06,13.75,Q1'25,Q4'24,19.72,0.697262
CIM,2025-03-07,13.93,Q1'25,Q4'24,19.72,0.706389
CIM,2025-03-10,13.81,Q1'25,Q4'24,19.72,0.700304
CIM,2025-03-11,13.34,Q1'25,Q4'24,19.72,0.676471
CIM,2025-03-12,13.4,Q1'25,Q4'24,19.72,0.679513
CIM,2025-03-13,13.32,Q1'25,Q4'24,19.72,0.675456
CIM,2025-03-14,13.63,Q1'25,Q4'24,19.72,0.691176
CIM,2025-03-17,13.74,Q1'25,Q4'24,19.72,0.696755
CIM,2025-03-18,13.67,Q1'25,Q4'24,19.72,0.693205
CIM,2025-03-19,13.67,Q1'25,Q4'24,19.72,0.693205
CIM,2025-03-20,13.63,Q1'25,Q4'24,19.72,0.691176
CIM,2025-03-21,13.54,Q1'25,Q4'24,19.72,0.686613
CIM,2025-03-24,13.49,Q1'25,Q4'24,19.72,0.684077
CIM,2025-03-25,13.31,Q1'25,Q4'24,19.72,0.674949
CIM,2025-03-26,13.22,Q1'25,Q4'24,19.72,0.670385
CIM,2025-03-27,13.29,Q1'25,Q4'24,19.72,0.673935
CIM,2025-03-28,13.1,Q1'25,Q4'24,19.72,0.6643
CIM,2025-03-31,12.83,Q1'25,Q4'24,19.72,0.650609
CIM,2025-04-01,12.75,Q2'25,Q1'25,21.17,0.602267
CIM,2025-04-02,12.79,Q2'25,Q1'25,21.17,0.604157
CIM,2025-04-03,12.5,Q2'25,Q1'25,21.17,0.590458
CIM,2025-04-04,11.74,Q2'25,Q1'25,21.17,0.554558
CIM,2025-04-07,10.91,Q2'25,Q1'25,21.17,0.515352
CIM,2025-04-08,10.47,Q2'25,Q1'25,21.17,0.494568
CIM,2025-04-09,11.49,Q2'25,Q1'25,21.17,0.542749
CIM,2025-04-10,10.87,Q2'25,Q1'25,21.17,0.513462
CIM,2025-04-11,10.7,Q2'25,Q1'25,21.17,0.505432
CIM,2025-04-14,11.02,Q2'25,Q1'25,21.17,0.520548
CIM,2025-04-15,11.15,Q2'25,Q1'25,21.17,0.526689
CIM,2025-04-16,11.01,Q2'25,Q1'25,21.17,0.520076
CIM,2025-04-17,11.39,Q2'25,Q1'25,21.17,0.538026
CIM,2025-04-21,11.17,Q2'25,Q1'25,21.17,0.527633
CIM,2025-04-22,11.66,Q2'25,Q1'25,21.17,0.550779
CIM,2025-04-23,11.58,Q2'25,Q1'25,21.17,0.547
CIM,2025-04-24,11.72,Q2'25,Q1'25,21.17,0.553614
CIM,2025-04-25,11.92,Q2'25,Q1'25,21.17,0.563061
CIM,2025-04-28,12.11,Q2'25,Q1'25,21.17,0.572036
CIM,2025-04-29,12.3,Q2'25,Q1'25,21.17,0.581011
CIM,2025-04-30,12.34,Q2'25,Q1'25,21.17,0.5829
CIM,2025-05-01,12.16,Q2'25,Q1'25,21.17,0.574398
CIM,2025-05-02,12.34,Q2'25,Q1'25,21.17,0.5829
CIM,2025-05-05,12.18,Q2'25,Q1'25,21.17,0.575342
CIM,2025-05-06,12.0,Q2'25,Q1'25,21.17,0.56684
CIM,2025-05-07,12.01,Q2'25,Q1'25,21.17,0.567312
CIM,2025-05-08,12.8,Q2'25,Q1'25,21.17,0.604629
CIM,2025-05-09,12.63,Q2'25,Q1'25,21.17,0.596599
CIM,2025-05-12,12.91,Q2'25,Q1'25,21.17,0.609825
CIM,2025-05-13,13.03,Q2'25,Q1'25,21.17,0.615494
CIM,2025-05-14,13.54,Q2'25,Q1'25,21.17,0.639584
CIM,2025-05-15,13.99,Q2'25,Q1'25,21.17,0.660841
CIM,2025-05-16,14.04,Q2'25,Q1'25,21.17,0.663203
CIM,2025-05-19,13.91,Q2'25,Q1'25,21.17,0.657062
CIM,2025-05-20,13.85,Q2'25,Q1'25,21.17,0.654228
CIM,2025-05-21,13.14,Q2'25,Q1'25,21.17,0.62069
CIM,2025-05-22,13.07,Q2'25,Q1'25,21.17,0.617383
CIM,2025-05-23,12.98,Q2'25,Q1'25,21.17,0.613132
CIM,2025-05-27,13.15,Q2'25,Q1'25,21.17,0.621162
CIM,2025-05-28,13.2,Q2'25,Q1'25,21.17,0.623524
CIM,2025-05-29,13.35,Q2'25,Q1'25,21.17,0.630609
CIM,2025-05-30,13.18,Q2'25,Q1'25,21.17,0.622579
CIM,2025-06-02,13.06,Q2'25,Q1'25,21.17,0.616911
CIM,2025-06-03,13.35,Q2'25,Q1'25,21.17,0.630609
CIM,2025-06-04,13.32,Q2'25,Q1'25,21.17,0.629192
CIM,2025-06-05,13.55,Q2'25,Q1'25,21.17,0.640057
CIM,2025-06-06,13.59,Q2'25,Q1'25,21.17,0.641946
CIM,2025-06-09,13.75,Q2'25,Q1'25,21.17,0.649504
CIM,2025-06-10,13.91,Q2'25,Q1'25,21.17,0.657062
CIM,2025-06-11,13.89,Q2'25,Q1'25,21.17,0.656117
CIM,2025-06-12,14.32,Q2'25,Q1'25,21.17,0.676429
CIM,2025-06-13,14.0,Q2'25,Q1'25,21.17,0.661313
CIM,2025-06-16,13.88,Q2'25,Q1'25,21.17,0.655645
CIM,2025-06-17,13.61,Q2'25,Q1'25,21.17,0.642891
CIM,2025-06-18,13.68,Q2'25,Q1'25,21.17,0.646197
CIM,2025-06-20,13.73,Q2'25,Q1'25,21.17,0.648559
CIM,2025-06-23,13.77,Q2'25,Q1'25,21.17,0.650449
CIM,2025-06-24,13.91,Q2'25,Q1'25,21.17,0.657062
CIM,2025-06-25,13.91,Q2'25,Q1'25,21.17,0.657062
CIM,2025-06-26,14.09,Q2'25,Q1'25,21.17,0.665564
CIM,2025-06-27,14.06,Q2'25,Q1'25,21.17,0.664147
CIM,2025-06-30,13.87,Q2'25,Q1'25,21.17,0.655172
CIM,2025-07-01,13.99,Q3'25,Q2'25,20.91,0.669058
CIM,2025-07-02,14.24,Q3'25,Q2'25,20.91,0.681014
CIM,2025-07-03,14.34,Q3'25,Q2'25,20.91,0.685796
CIM,2025-07-07,14.11,Q3'25,Q2'25,20.91,0.674797
CIM,2025-07-08,14.15,Q3'25,Q2'25,20.91,0.67671
CIM,2025-07-09,14.24,Q3'25,Q2'25,20.91,0.681014
CIM,2025-07-10,14.14,Q3'25,Q2'25,20.91,0.676231
CIM,2025-07-11,14.07,Q3'25,Q2'25,20.91,0.672884
CIM,2025-07-14,14.0,Q3'25,Q2'25,20.91,0.669536
CIM,2025-07-15,13.81,Q3'25,Q2'25,20.91,0.66045
CIM,2025-07-16,13.96,Q3'25,Q2'25,20.91,0.667623
CIM,2025-07-17,13.88,Q3'25,Q2'25,20.91,0.663797
CIM,2025-07-18,13.78,Q3'25,Q2'25,20.91,0.659015
CIM,2025-07-21,13.88,Q3'25,Q2'25,20.91,0.663797
CIM,2025-07-22,14.01,Q3'25,Q2'25,20.91,0.670014
CIM,2025-07-23,14.13,Q3'25,Q2'25,20.91,0.675753
CIM,2025-07-24,14.04,Q3'25,Q2'25,20.91,0.671449
CIM,2025-07-25,14.07,Q3'25,Q2'25,20.91,0.672884
CIM,2025-07-28,13.86,Q3'25,Q2'25,20.91,0.662841
CIM,2025-07-29,13.94,Q3'25,Q2'25,20.91,0.666667
CIM,2025-07-30,13.71,Q3'25,Q2'25,20.91,0.655667
CIM,2025-07-31,13.37,Q3'25,Q2'25,20.91,0.639407
CIM,2025-08-01,13.44,Q3'25,Q2'25,20.91,0.642755
CIM,2025-08-04,13.67,Q3'25,Q2'25,20.91,0.653754
CIM,2025-08-05,13.57,Q3'25,Q2'25,20.91,0.648972
CIM,2025-08-06,13.22,Q3'25,Q2'25,20.91,0.632233
CIM,2025-08-07,13.31,Q3'25,Q2'25,20.91,0.636538
CIM,2025-08-08,13.43,Q3'25,Q2'25,20.91,0.642276
CIM,2025-08-11,13.31,Q3'25,Q2'25,20.91,0.636538
CIM,2025-08-12,13.52,Q3'25,Q2'25,20.91,0.646581
CIM,2025-08-13,13.82,Q3'25,Q2'25,20.91,0.660928
CIM,2025-08-14,13.7,Q3'25,Q2'25,20.91,0.655189
CIM,2025-08-15,13.62,Q3'25,Q2'25,20.91,0.651363
CIM,2025-08-18,13.52,Q3'25,Q2'25,20.91,0.646581
CIM,2025-08-19,13.79,Q3'25,Q2'25,20.91,0.659493
CIM,2025-08-20,13.83,Q3'25,Q2'25,20.91,0.661406
CIM,2025-08-21,13.58,Q3'25,Q2'25,20.91,0.64945
CIM,2025-08-22,14.14,Q3'25,Q2'25,20.91,0.676231
CIM,2025-08-25,13.96,Q3'25,Q2'25,20.91,0.667623
CIM,2025-08-26,14.06,Q3'25,Q2'25,20.91,0.672406
CIM,2025-08-27,14.03,Q3'25,Q2'25,20.91,0.670971
CIM,2025-08-28,14.0,Q3'25,Q2'25,20.91,0.669536
CIM,2025-08-29,14.17,Q3'25,Q2'25,20.91,0.677666
CIM,2025-09-02,14.01,Q3'25,Q2'25,20.91,0.670014
CIM,2025-09-03,14.19,Q3'25,Q2'25,20.91,0.678623
CIM,2025-09-04,14.67,Q3'25,Q2'25,20.91,0.701578
CIM,2025-09-05,14.74,Q3'25,Q2'25,20.91,0.704926
CIM,2025-09-08,14.64,Q3'25,Q2'25,20.91,0.700143
CIM,2025-09-09,14.51,Q3'25,Q2'25,20.91,0.693926
CIM,2025-09-10,14.47,Q3'25,Q2'25,20.91,0.692013
CIM,2025-09-11,14.43,Q3'25,Q2'25,20.91,0.6901
CIM,2025-09-12,14.17,Q3'25,Q2'25,20.91,0.677666
CIM,2025-09-15,14.23,Q3'25,Q2'25,20.91,0.680536
CIM,2025-09-16,13.98,Q3'25,Q2'25,20.91,0.66858
CIM,2025-09-17,13.99,Q3'25,Q2'25,20.91,0.669058
CIM,2025-09-18,14.04,Q3'25,Q2'25,20.91,0.671449
CIM,2025-09-19,13.99,Q3'25,Q2'25,20.91,0.669058
CIM,2025-09-22,13.7,Q3'25,Q2'25,20.91,0.655189
CIM,2025-09-23,13.72,Q3'25,Q2'25,20.91,0.656145
CIM,2025-09-24,13.69,Q3'25,Q2'25,20.91,0.654711
CIM,2025-09-25,13.66,Q3'25,Q2'25,20.91,0.653276
CIM,2025-09-26,13.68,Q3'25,Q2'25,20.91,0.654232
CIM,2025-09-29,13.5,Q3'25,Q2'25,20.91,0.645624
CIM,2025-09-30,13.22,Q3'25,Q2'25,20.91,0.632233
CIM,2025-10-01,13.42,Q4'25,Q3'25,20.24,0.663043
CIM,2025-10-02,13.39,Q4'25,Q3'25,20.24,0.661561
CIM,2025-10-03,13.39,Q4'25,Q3'25,20.24,0.661561
CIM,2025-10-06,13.06,Q4'25,Q3'25,20.24,0.645257
CIM,2025-10-07,13.02,Q4'25,Q3'25,20.24,0.643281
CIM,2025-10-08,13.05,Q4'25,Q3'25,20.24,0.644763
CIM,2025-10-09,12.82,Q4'25,Q3'25,20.24,0.633399
CIM,2025-10-10,12.79,Q4'25,Q3'25,20.24,0.631917
CIM,2025-10-13,12.87,Q4'25,Q3'25,20.24,0.63587
CIM,2025-10-14,13.02,Q4'25,Q3'25,20.24,0.643281
CIM,2025-10-15,12.93,Q4'25,Q3'25,20.24,0.638834
CIM,2025-10-16,12.7,Q4'25,Q3'25,20.24,0.62747
CIM,2025-10-17,12.73,Q4'25,Q3'25,20.24,0.628953
CIM,2025-10-20,12.96,Q4'25,Q3'25,20.24,0.640316
CIM,2025-10-21,12.81,Q4'25,Q3'25,20.24,0.632905
CIM,2025-10-22,13.09,Q4'25,Q3'25,20.24,0.646739
CIM,2025-10-23,12.94,Q4'25,Q3'25,20.24,0.639328
CIM,2025-10-24,13.06,Q4'25,Q3'25,20.24,0.645257
CIM,2025-10-27,13.07,Q4'25,Q3'25,20.24,0.645751
CIM,2025-10-28,13.02,Q4'25,Q3'25,20.24,0.643281
CIM,2025-10-29,12.73,Q4'25,Q3'25,20.24,0.628953
CIM,2025-10-30,12.6,Q4'25,Q3'25,20.24,0.62253
CIM,2025-10-31,12.76,Q4'25,Q3'25,20.24,0.630435
CIM,2025-11-03,12.68,Q4'25,Q3'25,20.24,0.626482
CIM,2025-11-04,12.82,Q4'25,Q3'25,20.24,0.633399
CIM,2025-11-05,12.98,Q4'25,Q3'25,20.24,0.641304
CIM,2025-11-06,11.73,Q4'25,Q3'25,20.24,0.579545
CIM,2025-11-07,12.2,Q4'25,Q3'25,20.24,0.602767
CIM,2025-11-10,12.02,Q4'25,Q3'25,20.24,0.593874
CIM,2025-11-11,12.24,Q4'25,Q3'25,20.24,0.604743
CIM,2025-11-12,12.1,Q4'25,Q3'25,20.24,0.597826
CIM,2025-11-13,12.05,Q4'25,Q3'25,20.24,0.595356
CIM,2025-11-14,12.03,Q4'25,Q3'25,20.24,0.594368
CIM,2025-11-17,11.81,Q4'25,Q3'25,20.24,0.583498
CIM,2025-11-18,11.87,Q4'25,Q3'25,20.24,0.586462
CIM,2025-11-19,11.89,Q4'25,Q3'25,20.24,0.587451
CIM,2025-11-20,11.9,Q4'25,Q3'25,20.24,0.587945
CIM,2025-11-21,12.2,Q4'25,Q3'25,20.24,0.602767
CIM,2025-11-24,12.18,Q4'25,Q3'25,20.24,0.601779
CIM,2025-11-25,12.62,Q4'25,Q3'25,20.24,0.623518
CIM,2025-11-26,12.81,Q4'25,Q3'25,20.24,0.632905
CIM,2025-11-28,12.79,Q4'25,Q3'25,20.24,0.631917
CIM,2025-12-01,12.85,Q4'25,Q3'25,20.24,0.634881
CIM,2025-12-02,12.77,Q4'25,Q3'25,20.24,0.630929
CIM,2025-12-03,12.96,Q4'25,Q3'25,20.24,0.640316
CIM,2025-12-04,12.85,Q4'25,Q3'25,20.24,0.634881
CIM,2025-12-05,12.95,Q4'25,Q3'25,20.24,0.639822
CIM,2025-12-08,12.83,Q4'25,Q3'25,20.24,0.633893
CIM,2025-12-09,12.58,Q4'25,Q3'25,20.24,0.621541
CIM,2025-12-10,12.85,Q4'25,Q3'25,20.24,0.634881
CIM,2025-12-11,12.91,Q4'25,Q3'25,20.24,0.637846
CIM,2025-12-12,12.71,Q4'25,Q3'25,20.24,0.627964
CIM,2025-12-15,12.76,Q4'25,Q3'25,20.24,0.630435
CIM,2025-12-16,12.57,Q4'25,Q3'25,20.24,0.621047
CIM,2025-12-17,12.81,Q4'25,Q3'25,20.24,0.632905
CIM,2025-12-18,12.98,Q4'25,Q3'25,20.24,0.641304
CIM,2025-12-19,12.91,Q4'25,Q3'25,20.24,0.637846
CIM,2025-12-22,12.99,Q4'25,Q3'25,20.24,0.641798
CIM,2025-12-23,12.74,Q4'25,Q3'25,20.24,0.629447
CIM,2025-12-24,12.9,Q4'25,Q3'25,20.24,0.637352
CIM,2025-12-26,12.88,Q4'25,Q3'25,20.24,0.636364
CIM,2025-12-29,12.77,Q4'25,Q3'25,20.24,0.630929
CIM,2025-12-30,12.8,Q4'25,Q3'25,20.24,0.632411
CIM,2025-12-31,12.43,Q4'25,Q3'25,20.24,0.61413
CIM,2026-01-02,12.74,Q1'26,Q4'25,19.7,0.6467
CIM,2026-01-05,12.68,Q1'26,Q4'25,19.7,0.643655
CIM,2026-01-06,12.55,Q1'26,Q4'25,19.7,0.637056
CIM,2026-01-07,12.48,Q1'26,Q4'25,19.7,0.633503
CIM,2026-01-08,12.73,Q1'26,Q4'25,19.7,0.646193
CIM,2026-01-09,13.05,Q1'26,Q4'25,19.7,0.662437
CIM,2026-01-12,13.13,Q1'26,Q4'25,19.7,0.666497
CIM,2026-01-13,13.04,Q1'26,Q4'25,19.7,0.661929
CIM,2026-01-14,13.07,Q1'26,Q4'25,19.7,0.663452
CIM,2026-01-15,13.18,Q1'26,Q4'25,19.7,0.669036
CIM,2026-01-16,13.39,Q1'26,Q4'25,19.7,0.679695
CIM,2026-01-20,12.98,Q1'26,Q4'25,19.7,0.658883
CIM,2026-01-21,12.98,Q1'26,Q4'25,19.7,0.658883
CIM,2026-01-22,12.89,Q1'26,Q4'25,19.7,0.654315
CIM,2026-01-23,12.89,Q1'26,Q4'25,19.7,0.654315
CIM,2026-01-26,12.82,Q1'26,Q4'25,19.7,0.650761
CIM,2026-01-27,12.98,Q1'26,Q4'25,19.7,0.658883
CIM,2026-01-28,12.89,Q1'26,Q4'25,19.7,0.654315
CIM,2026-01-29,12.96,Q1'26,Q4'25,19.7,0.657868
CIM,2026-01-30,12.35,Q1'26,Q4'25,19.7,0.626904
CIM,2026-02-02,12.33,Q1'26,Q4'25,19.7,0.625888
CIM,2026-02-03,12.42,Q1'26,Q4'25,19.7,0.630457
CIM,2026-02-04,12.5,Q1'26,Q4'25,19.7,0.634518
CIM,2026-02-05,12.36,Q1'26,Q4'25,19.7,0.627411
CIM,2026-02-06,12.38,Q1'26,Q4'25,19.7,0.628426
CIM,2026-02-09,12.12,Q1'26,Q4'25,19.7,0.615228
CIM,2026-02-10,12.3,Q1'26,Q4'25,19.7,0.624365
CIM,2026-02-11,13.09,Q1'26,Q4'25,19.7,0.664467
CIM,2026-02-12,13.26,Q1'26,Q4'25,19.7,0.673096
CIM,2026-02-13,14.08,Q1'26,Q4'25,19.7,0.714721
CIM,2026-02-17,13.7,Q1'26,Q4'25,19.7,0.695431
CIM,2026-02-18,13.78,Q1'26,Q4'25,19.7,0.699492
CIM,2026-02-19,13.59,Q1'26,Q4'25,19.7,0.689848
CIM,2026-02-20,13.54,Q1'26,Q4'25,19.7,0.68731
CIM,2026-02-23,13.35,Q1'26,Q4'25,19.7,0.677665
CIM,2026-02-24,13.29,Q1'26,Q4'25,19.7,0.674619
CIM,2026-02-25,13.39,Q1'26,Q4'25,19.7,0.679695
CIM,2026-02-26,13.59,Q1'26,Q4'25,19.7,0.689848
CIM,2026-02-27,13.61,Q1'26,Q4'25,19.7,0.690863
CIM,2026-03-02,13.72,Q1'26,Q4'25,19.7,0.696447
CIM,2026-03-03,13.71,Q1'26,Q4'25,19.7,0.695939
CIM,2026-03-04,13.78,Q1'26,Q4'25,19.7,0.699492
CIM,2026-03-05,13.79,Q1'26,Q4'25,19.7,0.7
CIM,2026-03-06,13.58,Q1'26,Q4'25,19.7,0.68934
CIM,2026-03-09,13.51,Q1'26,Q4'25,19.7,0.685787
CIM,2026-03-10,13.5,Q1'26,Q4'25,19.7,0.685279
CIM,2026-03-11,13.38,Q1'26,Q4'25,19.7,0.679188
CIM,2026-03-12,13.15,Q1'26,Q4'25,19.7,0.667513
CIM,2026-03-13,13.09,Q1'26,Q4'25,19.7,0.664467
CIM,2026-03-16,13.23,Q1'26,Q4'25,19.7,0.671574
CIM,2026-03-17,13.3,Q1'26,Q4'25,19.7,0.675127
CIM,2026-03-18,13.08,Q1'26,Q4'25,19.7,0.663959
CIM,2026-03-19,13.16,Q1'26,Q4'25,19.7,0.66802
CIM,2026-03-20,12.63,Q1'26,Q4'25,19.7,0.641117
CIM,2026-03-23,12.75,Q1'26,Q4'25,19.7,0.647208
CIM,2026-03-24,12.66,Q1'26,Q4'25,19.7,0.64264
CIM,2026-03-25,12.86,Q1'26,Q4'25,19.7,0.652792
CIM,2026-03-26,12.72,Q1'26,Q4'25,19.7,0.645685
CIM,2026-03-27,12.41,Q1'26,Q4'25,19.7,0.629949
CIM,2026-03-30,12.65,Q1'26,Q4'25,19.7,0.642132
CIM,2026-03-31,12.55,Q1'26,Q4'25,19.7,0.637056
CIM,2026-04-01,12.56,Q2'26,Q1'26,18.34,0.684842
CIM,2026-04-02,12.84,Q2'26,Q1'26,18.34,0.700109
CIM,2026-04-06,13.04,Q2'26,Q1'26,18.34,0.711014
CIM,2026-04-07,12.93,Q2'26,Q1'26,18.34,0.705016
CIM,2026-04-08,13.08,Q2'26,Q1'26,18.34,0.713195
CIM,2026-04-09,13.28,Q2'26,Q1'26,18.34,0.7241
CIM,2026-04-10,13.36,Q2'26,Q1'26,18.34,0.728462
CIM,2026-04-13,13.43,Q2'26,Q1'26,18.34,0.732279
CIM,2026-04-14,13.56,Q2'26,Q1'26,18.34,0.739368
CIM,2026-04-15,13.68,Q2'26,Q1'26,18.34,0.745911
CIM,2026-04-16,13.36,Q2'26,Q1'26,18.34,0.728462
CIM,2026-04-17,13.7,Q2'26,Q1'26,18.34,0.747001
CIM,2026-04-20,13.59,Q2'26,Q1'26,18.34,0.741003
CIM,2026-04-21,13.24,Q2'26,Q1'26,18.34,0.721919
CIM,2026-04-22,13.43,Q2'26,Q1'26,18.34,0.732279
CIM,2026-04-23,13.34,Q2'26,Q1'26,18.34,0.727372
CIM,2026-04-24,13.57,Q2'26,Q1'26,18.34,0.739913
CIM,2026-04-27,13.69,Q2'26,Q1'26,18.34,0.746456
CIM,2026-04-28,13.72,Q2'26,Q1'26,18.34,0.748092
CIM,2026-04-29,13.55,Q2'26,Q1'26,18.34,0.738822
CIM,2026-04-30,13.75,Q2'26,Q1'26,18.34,0.749727
CIM,2026-05-01,13.95,Q2'26,Q1'26,18.34,0.760632
CIM,2026-05-04,13.63,Q2'26,Q1'26,18.34,0.743184
CIM,2026-05-05,13.64,Q2'26,Q1'26,18.34,0.74373
CIM,2026-05-06,13.63,Q2'26,Q1'26,18.34,0.743184
CIM,2026-05-07,13.54,Q2'26,Q1'26,18.34,0.738277
CIM,2026-05-08,13.64,Q2'26,Q1'26,18.34,0.74373
CIM,2026-05-11,13.44,Q2'26,Q1'26,18.34,0.732824
CIM,2026-05-12,13.43,Q2'26,Q1'26,18.34,0.732279
CIM,2026-05-13,13.32,Q2'26,Q1'26,18.34,0.726281
CIM,2026-05-14,13.3,Q2'26,Q1'26,18.34,0.725191
CIM,2026-05-15,13.09,Q2'26,Q1'26,18.34,0.71374
CIM,2026-05-18,13.14,Q2'26,Q1'26,18.34,0.716467
CIM,2026-05-19,13.0,Q2'26,Q1'26,18.34,0.708833
CIM,2026-05-20,13.25,Q2'26,Q1'26,18.34,0.722465
CIM,2026-05-21,13.29,Q2'26,Q1'26,18.34,0.724646
CIM,2026-05-22,13.26,Q2'26,Q1'26,18.34,0.72301
CIM,2026-05-26,13.47,Q2'26,Q1'26,18.34,0.73446
CIM,2026-05-27,13.51,Q2'26,Q1'26,18.34,0.736641
CIM,2026-05-28,13.57,Q2'26,Q1'26,18.34,0.739913
CIM,2026-05-29,13.62,Q2'26,Q1'26,18.34,0.742639
CIM,2026-06-01,13.53,Q2'26,Q1'26,18.34,0.737732
CIM,2026-06-02,13.54,Q2'26,Q1'26,18.34,0.738277
CIM,2026-06-03,13.14,Q2'26,Q1'26,18.34,0.716467
CIM,2026-06-04,13.28,Q2'26,Q1'26,18.34,0.7241
CIM,2026-06-05,13.24,Q2'26,Q1'26,18.34,0.721919
CIM,2026-06-08,13.04,Q2'26,Q1'26,18.34,0.711014
CIM,2026-06-09,13.38,Q2'26,Q1'26,18.34,0.729553
CIM,2026-06-10,13.22,Q2'26,Q1'26,18.34,0.720829
CIM,2026-06-11,13.32,Q2'26,Q1'26,18.34,0.726281
CIM,2026-06-12,13.36,Q2'26,Q1'26,18.34,0.728462
CIM,2026-06-15,13.38,Q2'26,Q1'26,18.34,0.729553
CIM,2026-06-16,13.54,Q2'26,Q1'26,18.34,0.738277
CIM,2026-06-17,13.27,Q2'26,Q1'26,18.34,0.723555
CIM,2026-06-18,13.28,Q2'26,Q1'26,18.34,0.7241
CIM,2026-06-22,13.12,Q2'26,Q1'26,18.34,0.715376
CIM,2026-06-23,13.26,Q2'26,Q1'26,18.34,0.72301
CIM,2026-06-24,13.52,Q2'26,Q1'26,18.34,0.737187
CIM,2026-06-25,13.47,Q2'26,Q1'26,18.34,0.73446
CIM,2026-06-26,13.67,Q2'26,Q1'26,18.34,0.745365
CIM,2026-06-29,13.69,Q2'26,Q1'26,18.34,0.746456
CIM,2026-06-30,13.34,Q2'26,Q1'26,18.34,0.727372
CIM,2026-07-01,13.31,Q3'26,Q2'26,17.75,0.749859
CIM,2026-07-02,13.12,Q3'26,Q2'26,17.75,0.739155
CIM,2026-07-06,13.15,Q3'26,Q2'26,17.75,0.740845
CIM,2026-07-07,13.04,Q3'26,Q2'26,17.75,0.734648
CIM,2026-07-08,12.99,Q3'26,Q2'26,17.75,0.731831
CIM,2026-07-09,13.11,Q3'26,Q2'26,17.75,0.738592
CIM,2026-07-10,13.13,Q3'26,Q2'26,17.75,0.739718
CIM,2026-07-13,12.9,Q3'26,Q2'26,17.75,0.726761
CIM,2026-07-14,13.04,Q3'26,Q2'26,17.75,0.734648
CIM,2026-07-15,13.0,Q3'26,Q2'26,17.75,0.732394
CIM,2026-07-16,13.14,Q3'26,Q2'26,17.75,0.740282
CIM,2026-07-17,12.9,Q3'26,Q2'26,17.75,0.726761
CIM,2026-07-20,12.71,Q3'26,Q2'26,17.75,0.716056
CIM,2026-07-21,12.74,Q3'26,Q2'26,17.75,0.717746
CIM,2026-07-23,12.33,Q3'26,Q2'26,17.75,0.694648
CIM,2026-07-24,12.5,Q3'26,Q2'26,17.75,0.704225
CIM,2026-07-27,12.5,Q3'26,Q2'26,17.75,0.704225
CIM,2026-07-28,12.69,Q3'26,Q2'26,17.75,0.71493
CIM,2026-07-29,12.69,Q3'26,Q2'26,17.75,0.71493
CIM,2026-07-30,12.66,Q3'26,Q2'26,17.75,0.713239
CIM,2026-08-03,12.62,Q3'26,Q2'26,17.75,0.710986
CIM,2026-08-04,12.66,Q3'26,Q2'26,17.75,0.713239
CIM,2026-08-05,11.85,Q3'26,Q2'26,17.75,0.667606
CIM,2026-08-06,11.86,Q3'26,Q2'26,17.75,0.668169
CIM,2026-08-07,11.97,Q3'26,Q2'26,17.75,0.674366
CIM,2026-08-10,11.71,Q3'26,Q2'26,17.75,0.659718
CIM,2026-08-11,11.9,Q3'26,Q2'26,17.75,0.670423
CIM,2026-08-12,11.84,Q3'26,Q2'26,17.75,0.667042
CIM,2026-08-13,11.86,Q3'26,Q2'26,17.75,0.668169
CIM,2026-08-14,11.8,Q3'26,Q2'26,17.75,0.664789
CIM,2026-08-17,11.74,Q3'26,Q2'26,17.75,0.661408
CIM,2026-08-18,11.73,Q3'26,Q2'26,17.75,0.660845
CIM,2026-08-19,11.76,Q3'26,Q2'26,17.75,0.662535
DX,2021-07-01,18.8,Q3'21,Q2'21,18.75,1.002667
DX,2021-07-02,18.61,Q3'21,Q2'21,18.75,0.992533
DX,2021-07-06,18.56,Q3'21,Q2'21,18.75,0.989867
DX,2021-07-07,18.3,Q3'21,Q2'21,18.75,0.976
DX,2021-07-08,18.21,Q3'21,Q2'21,18.75,0.9712
DX,2021-07-09,18.57,Q3'21,Q2'21,18.75,0.9904
DX,2021-07-12,18.57,Q3'21,Q2'21,18.75,0.9904
DX,2021-07-13,18.05,Q3'21,Q2'21,18.75,0.962667
DX,2021-07-14,18.01,Q3'21,Q2'21,18.75,0.960533
DX,2021-07-15,18.08,Q3'21,Q2'21,18.75,0.964267
DX,2021-07-16,18.0,Q3'21,Q2'21,18.75,0.96
DX,2021-07-19,17.77,Q3'21,Q2'21,18.75,0.947733
DX,2021-07-20,17.82,Q3'21,Q2'21,18.75,0.9504
DX,2021-07-21,17.85,Q3'21,Q2'21,18.75,0.952
DX,2021-07-22,17.45,Q3'21,Q2'21,18.75,0.930667
DX,2021-07-23,17.43,Q3'21,Q2'21,18.75,0.9296
DX,2021-07-26,17.58,Q3'21,Q2'21,18.75,0.9376
DX,2021-07-27,17.44,Q3'21,Q2'21,18.75,0.930133
DX,2021-07-28,17.61,Q3'21,Q2'21,18.75,0.9392
DX,2021-07-29,17.79,Q3'21,Q2'21,18.75,0.9488
DX,2021-07-30,17.45,Q3'21,Q2'21,18.75,0.930667
DX,2021-08-02,17.4,Q3'21,Q2'21,18.75,0.928
DX,2021-08-03,17.36,Q3'21,Q2'21,18.75,0.925867
DX,2021-08-04,17.19,Q3'21,Q2'21,18.75,0.9168
DX,2021-08-05,17.33,Q3'21,Q2'21,18.75,0.924267
DX,2021-08-06,17.42,Q3'21,Q2'21,18.75,0.929067
DX,2021-08-09,17.37,Q3'21,Q2'21,18.75,0.9264
DX,2021-08-10,17.49,Q3'21,Q2'21,18.75,0.9328
DX,2021-08-11,17.59,Q3'21,Q2'21,18.75,0.938133
DX,2021-08-12,17.6,Q3'21,Q2'21,18.75,0.938667
DX,2021-08-13,17.69,Q3'21,Q2'21,18.75,0.943467
DX,2021-08-16,17.67,Q3'21,Q2'21,18.75,0.9424
DX,2021-08-17,17.69,Q3'21,Q2'21,18.75,0.943467
DX,2021-08-18,17.57,Q3'21,Q2'21,18.75,0.937067
DX,2021-08-19,17.42,Q3'21,Q2'21,18.75,0.929067
DX,2021-08-20,17.45,Q3'21,Q2'21,18.75,0.930667
DX,2021-08-23,17.57,Q3'21,Q2'21,18.75,0.937067
DX,2021-08-24,17.72,Q3'21,Q2'21,18.75,0.945067
DX,2021-08-25,17.68,Q3'21,Q2'21,18.75,0.942933
DX,2021-08-26,17.62,Q3'21,Q2'21,18.75,0.939733
DX,2021-08-27,17.76,Q3'21,Q2'21,18.75,0.9472
DX,2021-08-30,17.67,Q3'21,Q2'21,18.75,0.9424
DX,2021-08-31,17.76,Q3'21,Q2'21,18.75,0.9472
DX,2021-09-01,17.77,Q3'21,Q2'21,18.75,0.947733
DX,2021-09-02,17.72,Q3'21,Q2'21,18.75,0.945067
DX,2021-09-03,17.72,Q3'21,Q2'21,18.75,0.945067
DX,2021-09-07,17.56,Q3'21,Q2'21,18.75,0.936533
DX,2021-09-08,17.51,Q3'21,Q2'21,18.75,0.933867
DX,2021-09-09,17.55,Q3'21,Q2'21,18.75,0.936
DX,2021-09-10,17.48,Q3'21,Q2'21,18.75,0.932267
DX,2021-09-13,17.63,Q3'21,Q2'21,18.75,0.940267
DX,2021-09-14,17.56,Q3'21,Q2'21,18.75,0.936533
DX,2021-09-15,17.58,Q3'21,Q2'21,18.75,0.9376
DX,2021-09-16,17.55,Q3'21,Q2'21,18.75,0.936
DX,2021-09-17,17.5,Q3'21,Q2'21,18.75,0.933333
DX,2021-09-20,17.46,Q3'21,Q2'21,18.75,0.9312
DX,2021-09-21,17.36,Q3'21,Q2'21,18.75,0.925867
DX,2021-09-22,17.46,Q3'21,Q2'21,18.75,0.9312
DX,2021-09-23,17.49,Q3'21,Q2'21,18.75,0.9328
DX,2021-09-24,17.47,Q3'21,Q2'21,18.75,0.931733
DX,2021-09-27,17.55,Q3'21,Q2'21,18.75,0.936
DX,2021-09-28,17.48,Q3'21,Q2'21,18.75,0.932267
DX,2021-09-29,17.43,Q3'21,Q2'21,18.75,0.9296
DX,2021-09-30,17.28,Q3'21,Q2'21,18.75,0.9216
DX,2021-10-01,17.48,Q4'21,Q3'21,18.42,0.948968
DX,2021-10-04,17.5,Q4'21,Q3'21,18.42,0.950054
DX,2021-10-05,17.53,Q4'21,Q3'21,18.42,0.951683
DX,2021-10-06,17.53,Q4'21,Q3'21,18.42,0.951683
DX,2021-10-07,17.55,Q4'21,Q3'21,18.42,0.952769
DX,2021-10-08,17.61,Q4'21,Q3'21,18.42,0.956026
DX,2021-10-11,17.67,Q4'21,Q3'21,18.42,0.959283
DX,2021-10-12,17.74,Q4'21,Q3'21,18.42,0.963084
DX,2021-10-13,17.84,Q4'21,Q3'21,18.42,0.968512
DX,2021-10-14,17.88,Q4'21,Q3'21,18.42,0.970684
DX,2021-10-15,17.85,Q4'21,Q3'21,18.42,0.969055
DX,2021-10-18,17.91,Q4'21,Q3'21,18.42,0.972313
DX,2021-10-19,18.02,Q4'21,Q3'21,18.42,0.978284
DX,2021-10-20,18.08,Q4'21,Q3'21,18.42,0.981542
DX,2021-10-21,17.85,Q4'21,Q3'21,18.42,0.969055
DX,2021-10-22,17.81,Q4'21,Q3'21,18.42,0.966884
DX,2021-10-25,17.77,Q4'21,Q3'21,18.42,0.964712
DX,2021-10-26,17.74,Q4'21,Q3'21,18.42,0.963084
DX,2021-10-27,17.78,Q4'21,Q3'21,18.42,0.965255
DX,2021-10-28,17.48,Q4'21,Q3'21,18.42,0.948968
DX,2021-10-29,17.5,Q4'21,Q3'21,18.42,0.950054
DX,2021-11-01,17.7,Q4'21,Q3'21,18.42,0.960912
DX,2021-11-02,17.55,Q4'21,Q3'21,18.42,0.952769
DX,2021-11-03,17.61,Q4'21,Q3'21,18.42,0.956026
DX,2021-11-04,17.73,Q4'21,Q3'21,18.42,0.962541
DX,2021-11-05,17.98,Q4'21,Q3'21,18.42,0.976113
DX,2021-11-08,17.92,Q4'21,Q3'21,18.42,0.972856
DX,2021-11-09,17.89,Q4'21,Q3'21,18.42,0.971227
DX,2021-11-10,17.87,Q4'21,Q3'21,18.42,0.970141
DX,2021-11-11,17.85,Q4'21,Q3'21,18.42,0.969055
DX,2021-11-12,17.81,Q4'21,Q3'21,18.42,0.966884
DX,2021-11-15,17.89,Q4'21,Q3'21,18.42,0.971227
DX,2021-11-16,17.82,Q4'21,Q3'21,18.42,0.967427
DX,2021-11-17,17.77,Q4'21,Q3'21,18.42,0.964712
DX,2021-11-18,17.79,Q4'21,Q3'21,18.42,0.965798
DX,2021-11-19,17.47,Q4'21,Q3'21,18.42,0.948426
DX,2021-11-22,17.29,Q4'21,Q3'21,18.42,0.938654
DX,2021-11-23,17.26,Q4'21,Q3'21,18.42,0.937025
DX,2021-11-24,17.29,Q4'21,Q3'21,18.42,0.938654
DX,2021-11-26,17.15,Q4'21,Q3'21,18.42,0.931053
DX,2021-11-29,17.15,Q4'21,Q3'21,18.42,0.931053
DX,2021-11-30,16.72,Q4'21,Q3'21,18.42,0.907709
DX,2021-12-01,16.46,Q4'21,Q3'21,18.42,0.893594
DX,2021-12-02,16.78,Q4'21,Q3'21,18.42,0.910966
DX,2021-12-03,16.75,Q4'21,Q3'21,18.42,0.909338
DX,2021-12-06,17.17,Q4'21,Q3'21,18.42,0.932139
DX,2021-12-07,17.22,Q4'21,Q3'21,18.42,0.934853
DX,2021-12-08,17.34,Q4'21,Q3'21,18.42,0.941368
DX,2021-12-09,17.22,Q4'21,Q3'21,18.42,0.934853
DX,2021-12-10,17.08,Q4'21,Q3'21,18.42,0.927253
DX,2021-12-13,16.9,Q4'21,Q3'21,18.42,0.917481
DX,2021-12-14,16.67,Q4'21,Q3'21,18.42,0.904995
DX,2021-12-15,16.74,Q4'21,Q3'21,18.42,0.908795
DX,2021-12-16,16.62,Q4'21,Q3'21,18.42,0.90228
DX,2021-12-17,16.25,Q4'21,Q3'21,18.42,0.882193
DX,2021-12-20,15.68,Q4'21,Q3'21,18.42,0.851249
DX,2021-12-21,16.33,Q4'21,Q3'21,18.42,0.886536
DX,2021-12-22,16.38,Q4'21,Q3'21,18.42,0.889251
DX,2021-12-23,16.68,Q4'21,Q3'21,18.42,0.905537
DX,2021-12-27,16.84,Q4'21,Q3'21,18.42,0.914224
DX,2021-12-28,17.0,Q4'21,Q3'21,18.42,0.92291
DX,2021-12-29,16.93,Q4'21,Q3'21,18.42,0.91911
DX,2021-12-30,16.89,Q4'21,Q3'21,18.42,0.916938
DX,2021-12-31,16.71,Q4'21,Q3'21,18.42,0.907166
DX,2022-01-03,17.03,Q1'22,Q4'21,17.99,0.946637
DX,2022-01-04,16.82,Q1'22,Q4'21,17.99,0.934964
DX,2022-01-05,16.7,Q1'22,Q4'21,17.99,0.928294
DX,2022-01-06,16.72,Q1'22,Q4'21,17.99,0.929405
DX,2022-01-07,16.91,Q1'22,Q4'21,17.99,0.939967
DX,2022-01-10,16.92,Q1'22,Q4'21,17.99,0.940523
DX,2022-01-11,17.01,Q1'22,Q4'21,17.99,0.945525
DX,2022-01-12,17.04,Q1'22,Q4'21,17.99,0.947193
DX,2022-01-13,16.99,Q1'22,Q4'21,17.99,0.944414
DX,2022-01-14,16.92,Q1'22,Q4'21,17.99,0.940523
DX,2022-01-18,16.82,Q1'22,Q4'21,17.99,0.934964
DX,2022-01-19,16.73,Q1'22,Q4'21,17.99,0.929961
DX,2022-01-20,16.4,Q1'22,Q4'21,17.99,0.911618
DX,2022-01-21,15.82,Q1'22,Q4'21,17.99,0.879377
DX,2022-01-24,15.64,Q1'22,Q4'21,17.99,0.869372
DX,2022-01-25,16.04,Q1'22,Q4'21,17.99,0.891606
DX,2022-01-26,15.95,Q1'22,Q4'21,17.99,0.886604
DX,2022-01-27,15.72,Q1'22,Q4'21,17.99,0.873819
DX,2022-01-28,15.79,Q1'22,Q4'21,17.99,0.87771
DX,2022-01-31,16.08,Q1'22,Q4'21,17.99,0.89383
DX,2022-02-01,15.98,Q1'22,Q4'21,17.99,0.888271
DX,2022-02-02,15.96,Q1'22,Q4'21,17.99,0.88716
DX,2022-02-03,16.09,Q1'22,Q4'21,17.99,0.894386
DX,2022-02-04,16.09,Q1'22,Q4'21,17.99,0.894386
DX,2022-02-07,16.23,Q1'22,Q4'21,17.99,0.902168
DX,2022-02-08,16.54,Q1'22,Q4'21,17.99,0.9194
DX,2022-02-09,16.57,Q1'22,Q4'21,17.99,0.921067
DX,2022-02-10,16.4,Q1'22,Q4'21,17.99,0.911618
DX,2022-02-11,16.34,Q1'22,Q4'21,17.99,0.908282
DX,2022-02-14,16.18,Q1'22,Q4'21,17.99,0.899389
DX,2022-02-15,16.49,Q1'22,Q4'21,17.99,0.91662
DX,2022-02-16,16.55,Q1'22,Q4'21,17.99,0.919955
DX,2022-02-17,16.27,Q1'22,Q4'21,17.99,0.904391
DX,2022-02-18,16.1,Q1'22,Q4'21,17.99,0.894942
DX,2022-02-22,15.7,Q1'22,Q4'21,17.99,0.872707
DX,2022-02-23,15.19,Q1'22,Q4'21,17.99,0.844358
DX,2022-02-24,15.46,Q1'22,Q4'21,17.99,0.859366
DX,2022-02-25,15.51,Q1'22,Q4'21,17.99,0.862146
DX,2022-02-28,15.37,Q1'22,Q4'21,17.99,0.854364
DX,2022-03-01,15.22,Q1'22,Q4'21,17.99,0.846026
DX,2022-03-02,15.46,Q1'22,Q4'21,17.99,0.859366
DX,2022-03-03,15.5,Q1'22,Q4'21,17.99,0.86159
DX,2022-03-04,15.4,Q1'22,Q4'21,17.99,0.856031
DX,2022-03-07,15.56,Q1'22,Q4'21,17.99,0.864925
DX,2022-03-08,15.96,Q1'22,Q4'21,17.99,0.88716
DX,2022-03-09,16.06,Q1'22,Q4'21,17.99,0.892718
DX,2022-03-10,16.05,Q1'22,Q4'21,17.99,0.892162
DX,2022-03-11,15.93,Q1'22,Q4'21,17.99,0.885492
DX,2022-03-14,15.79,Q1'22,Q4'21,17.99,0.87771
DX,2022-03-15,15.85,Q1'22,Q4'21,17.99,0.881045
DX,2022-03-16,15.92,Q1'22,Q4'21,17.99,0.884936
DX,2022-03-17,16.0,Q1'22,Q4'21,17.99,0.889383
DX,2022-03-18,16.07,Q1'22,Q4'21,17.99,0.893274
DX,2022-03-21,15.76,Q1'22,Q4'21,17.99,0.876042
DX,2022-03-22,16.04,Q1'22,Q4'21,17.99,0.891606
DX,2022-03-23,15.89,Q1'22,Q4'21,17.99,0.883269
DX,2022-03-24,16.03,Q1'22,Q4'21,17.99,0.891051
DX,2022-03-25,16.31,Q1'22,Q4'21,17.99,0.906615
DX,2022-03-28,16.21,Q1'22,Q4'21,17.99,0.901056
DX,2022-03-29,16.35,Q1'22,Q4'21,17.99,0.908838
DX,2022-03-30,16.11,Q1'22,Q4'21,17.99,0.895498
DX,2022-03-31,16.2,Q1'22,Q4'21,17.99,0.9005
DX,2022-04-01,16.25,Q2'22,Q1'22,18.24,0.890899
DX,2022-04-04,16.16,Q2'22,Q1'22,18.24,0.885965
DX,2022-04-05,15.99,Q2'22,Q1'22,18.24,0.876645
DX,2022-04-06,15.78,Q2'22,Q1'22,18.24,0.865132
DX,2022-04-07,15.7,Q2'22,Q1'22,18.24,0.860746
DX,2022-04-08,15.87,Q2'22,Q1'22,18.24,0.870066
DX,2022-04-11,15.77,Q2'22,Q1'22,18.24,0.864583
DX,2022-04-12,15.7,Q2'22,Q1'22,18.24,0.860746
DX,2022-04-13,15.96,Q2'22,Q1'22,18.24,0.875
DX,2022-04-14,15.91,Q2'22,Q1'22,18.24,0.872259
DX,2022-04-18,15.88,Q2'22,Q1'22,18.24,0.870614
DX,2022-04-19,15.35,Q2'22,Q1'22,18.24,0.841557
DX,2022-04-20,15.44,Q2'22,Q1'22,18.24,0.846491
DX,2022-04-21,15.3,Q2'22,Q1'22,18.24,0.838816
DX,2022-04-22,14.92,Q2'22,Q1'22,18.24,0.817982
DX,2022-04-25,14.99,Q2'22,Q1'22,18.24,0.82182
DX,2022-04-26,14.54,Q2'22,Q1'22,18.24,0.797149
DX,2022-04-27,15.93,Q2'22,Q1'22,18.24,0.873355
DX,2022-04-28,16.51,Q2'22,Q1'22,18.24,0.905154
DX,2022-04-29,16.23,Q2'22,Q1'22,18.24,0.889803
DX,2022-05-02,16.53,Q2'22,Q1'22,18.24,0.90625
DX,2022-05-03,16.67,Q2'22,Q1'22,18.24,0.913925
DX,2022-05-04,16.72,Q2'22,Q1'22,18.24,0.916667
DX,2022-05-05,16.69,Q2'22,Q1'22,18.24,0.915022
DX,2022-05-06,16.68,Q2'22,Q1'22,18.24,0.914474
DX,2022-05-09,16.25,Q2'22,Q1'22,18.24,0.890899
DX,2022-05-10,16.29,Q2'22,Q1'22,18.24,0.893092
DX,2022-05-11,16.2,Q2'22,Q1'22,18.24,0.888158
DX,2022-05-12,15.85,Q2'22,Q1'22,18.24,0.868969
DX,2022-05-13,16.12,Q2'22,Q1'22,18.24,0.883772
DX,2022-05-16,16.34,Q2'22,Q1'22,18.24,0.895833
DX,2022-05-17,16.3,Q2'22,Q1'22,18.24,0.89364
DX,2022-05-18,16.11,Q2'22,Q1'22,18.24,0.883224
DX,2022-05-19,16.03,Q2'22,Q1'22,18.24,0.878838
DX,2022-05-20,15.94,Q2'22,Q1'22,18.24,0.873903
DX,2022-05-23,16.08,Q2'22,Q1'22,18.24,0.881579
DX,2022-05-24,16.23,Q2'22,Q1'22,18.24,0.889803
DX,2022-05-25,16.18,Q2'22,Q1'22,18.24,0.887061
DX,2022-05-26,16.35,Q2'22,Q1'22,18.24,0.896382
DX,2022-05-27,16.42,Q2'22,Q1'22,18.24,0.900219
DX,2022-05-31,16.3,Q2'22,Q1'22,18.24,0.89364
DX,2022-06-01,16.33,Q2'22,Q1'22,18.24,0.895285
DX,2022-06-02,16.27,Q2'22,Q1'22,18.24,0.891996
DX,2022-06-03,16.18,Q2'22,Q1'22,18.24,0.887061
DX,2022-06-06,16.11,Q2'22,Q1'22,18.24,0.883224
DX,2022-06-07,16.18,Q2'22,Q1'22,18.24,0.887061
DX,2022-06-08,16.07,Q2'22,Q1'22,18.24,0.881031
DX,2022-06-09,16.28,Q2'22,Q1'22,18.24,0.892544
DX,2022-06-10,16.16,Q2'22,Q1'22,18.24,0.885965
DX,2022-06-13,15.1,Q2'22,Q1'22,18.24,0.827851
DX,2022-06-14,14.81,Q2'22,Q1'22,18.24,0.811952
DX,2022-06-15,14.85,Q2'22,Q1'22,18.24,0.814145
DX,2022-06-16,14.04,Q2'22,Q1'22,18.24,0.769737
DX,2022-06-17,14.56,Q2'22,Q1'22,18.24,0.798246
DX,2022-06-21,15.07,Q2'22,Q1'22,18.24,0.826206
DX,2022-06-22,15.14,Q2'22,Q1'22,18.24,0.830044
DX,2022-06-23,15.55,Q2'22,Q1'22,18.24,0.852522
DX,2022-06-24,16.04,Q2'22,Q1'22,18.24,0.879386
DX,2022-06-27,15.91,Q2'22,Q1'22,18.24,0.872259
DX,2022-06-28,16.04,Q2'22,Q1'22,18.24,0.879386
DX,2022-06-29,15.86,Q2'22,Q1'22,18.24,0.869518
DX,2022-06-30,15.92,Q2'22,Q1'22,18.24,0.872807
DX,2022-07-01,16.16,Q3'22,Q2'22,16.79,0.962478
DX,2022-07-05,16.26,Q3'22,Q2'22,16.79,0.968434
DX,2022-07-06,16.05,Q3'22,Q2'22,16.79,0.955926
DX,2022-07-07,16.1,Q3'22,Q2'22,16.79,0.958904
DX,2022-07-08,16.16,Q3'22,Q2'22,16.79,0.962478
DX,2022-07-11,16.16,Q3'22,Q2'22,16.79,0.962478
DX,2022-07-12,16.19,Q3'22,Q2'22,16.79,0.964264
DX,2022-07-13,16.42,Q3'22,Q2'22,16.79,0.977963
DX,2022-07-14,16.25,Q3'22,Q2'22,16.79,0.967838
DX,2022-07-15,16.55,Q3'22,Q2'22,16.79,0.985706
DX,2022-07-18,16.1,Q3'22,Q2'22,16.79,0.958904
DX,2022-07-19,16.46,Q3'22,Q2'22,16.79,0.980345
DX,2022-07-20,16.44,Q3'22,Q2'22,16.79,0.979154
DX,2022-07-21,16.6,Q3'22,Q2'22,16.79,0.988684
DX,2022-07-22,16.48,Q3'22,Q2'22,16.79,0.981537
DX,2022-07-25,15.95,Q3'22,Q2'22,16.79,0.94997
DX,2022-07-26,16.39,Q3'22,Q2'22,16.79,0.976176
DX,2022-07-27,16.57,Q3'22,Q2'22,16.79,0.986897
DX,2022-07-28,16.84,Q3'22,Q2'22,16.79,1.002978
DX,2022-07-29,16.8,Q3'22,Q2'22,16.79,1.000596
DX,2022-08-01,16.84,Q3'22,Q2'22,16.79,1.002978
DX,2022-08-02,16.46,Q3'22,Q2'22,16.79,0.980345
DX,2022-08-03,16.57,Q3'22,Q2'22,16.79,0.986897
DX,2022-08-04,16.35,Q3'22,Q2'22,16.79,0.973794
DX,2022-08-05,16.29,Q3'22,Q2'22,16.79,0.97022
DX,2022-08-08,16.44,Q3'22,Q2'22,16.79,0.979154
DX,2022-08-09,16.4,Q3'22,Q2'22,16.79,0.976772
DX,2022-08-10,16.44,Q3'22,Q2'22,16.79,0.979154
DX,2022-08-11,16.48,Q3'22,Q2'22,16.79,0.981537
DX,2022-08-12,16.55,Q3'22,Q2'22,16.79,0.985706
DX,2022-08-15,16.5,Q3'22,Q2'22,16.79,0.982728
DX,2022-08-16,16.48,Q3'22,Q2'22,16.79,0.981537
DX,2022-08-17,16.39,Q3'22,Q2'22,16.79,0.976176
DX,2022-08-18,16.39,Q3'22,Q2'22,16.79,0.976176
DX,2022-08-19,16.1,Q3'22,Q2'22,16.79,0.958904
DX,2022-08-22,15.51,Q3'22,Q2'22,16.79,0.923764
DX,2022-08-23,15.81,Q3'22,Q2'22,16.79,0.941632
DX,2022-08-24,15.76,Q3'22,Q2'22,16.79,0.938654
DX,2022-08-25,16.04,Q3'22,Q2'22,16.79,0.955331
DX,2022-08-26,15.93,Q3'22,Q2'22,16.79,0.948779
DX,2022-08-29,15.8,Q3'22,Q2'22,16.79,0.941036
DX,2022-08-30,15.48,Q3'22,Q2'22,16.79,0.921977
DX,2022-08-31,15.51,Q3'22,Q2'22,16.79,0.923764
DX,2022-09-01,15.38,Q3'22,Q2'22,16.79,0.916021
DX,2022-09-02,15.27,Q3'22,Q2'22,16.79,0.90947
DX,2022-09-06,15.17,Q3'22,Q2'22,16.79,0.903514
DX,2022-09-07,15.42,Q3'22,Q2'22,16.79,0.918404
DX,2022-09-08,15.37,Q3'22,Q2'22,16.79,0.915426
DX,2022-09-09,15.55,Q3'22,Q2'22,16.79,0.926147
DX,2022-09-12,15.52,Q3'22,Q2'22,16.79,0.92436
DX,2022-09-13,15.19,Q3'22,Q2'22,16.79,0.904705
DX,2022-09-14,15.26,Q3'22,Q2'22,16.79,0.908874
DX,2022-09-15,14.91,Q3'22,Q2'22,16.79,0.888029
DX,2022-09-16,14.86,Q3'22,Q2'22,16.79,0.885051
DX,2022-09-19,14.83,Q3'22,Q2'22,16.79,0.883264
DX,2022-09-20,14.69,Q3'22,Q2'22,16.79,0.874926
DX,2022-09-21,14.61,Q3'22,Q2'22,16.79,0.870161
DX,2022-09-22,14.03,Q3'22,Q2'22,16.79,0.835616
DX,2022-09-23,13.62,Q3'22,Q2'22,16.79,0.811197
DX,2022-09-26,12.67,Q3'22,Q2'22,16.79,0.754616
DX,2022-09-27,12.42,Q3'22,Q2'22,16.79,0.739726
DX,2022-09-28,12.59,Q3'22,Q2'22,16.79,0.749851
DX,2022-09-29,11.63,Q3'22,Q2'22,16.79,0.692674
DX,2022-09-30,11.65,Q3'22,Q2'22,16.79,0.693865
DX,2022-10-03,11.85,Q4'22,Q3'22,14.23,0.832748
DX,2022-10-04,12.78,Q4'22,Q3'22,14.23,0.898103
DX,2022-10-05,12.28,Q4'22,Q3'22,14.23,0.862966
DX,2022-10-06,11.69,Q4'22,Q3'22,14.23,0.821504
DX,2022-10-07,11.62,Q4'22,Q3'22,14.23,0.816585
DX,2022-10-10,11.24,Q4'22,Q3'22,14.23,0.789881
DX,2022-10-11,11.94,Q4'22,Q3'22,14.23,0.839072
DX,2022-10-12,11.52,Q4'22,Q3'22,14.23,0.809557
DX,2022-10-13,11.74,Q4'22,Q3'22,14.23,0.825018
DX,2022-10-14,11.5,Q4'22,Q3'22,14.23,0.808152
DX,2022-10-17,11.71,Q4'22,Q3'22,14.23,0.822909
DX,2022-10-18,11.95,Q4'22,Q3'22,14.23,0.839775
DX,2022-10-19,11.84,Q4'22,Q3'22,14.23,0.832045
DX,2022-10-20,11.66,Q4'22,Q3'22,14.23,0.819396
DX,2022-10-21,11.68,Q4'22,Q3'22,14.23,0.820801
DX,2022-10-24,10.97,Q4'22,Q3'22,14.23,0.770907
DX,2022-10-25,11.44,Q4'22,Q3'22,14.23,0.803935
DX,2022-10-26,11.49,Q4'22,Q3'22,14.23,0.807449
DX,2022-10-27,11.53,Q4'22,Q3'22,14.23,0.81026
DX,2022-10-28,12.05,Q4'22,Q3'22,14.23,0.846803
DX,2022-10-31,11.94,Q4'22,Q3'22,14.23,0.839072
DX,2022-11-01,11.9,Q4'22,Q3'22,14.23,0.836261
DX,2022-11-02,11.6,Q4'22,Q3'22,14.23,0.815179
DX,2022-11-03,11.34,Q4'22,Q3'22,14.23,0.796908
DX,2022-11-04,11.79,Q4'22,Q3'22,14.23,0.828531
DX,2022-11-07,11.91,Q4'22,Q3'22,14.23,0.836964
DX,2022-11-08,11.85,Q4'22,Q3'22,14.23,0.832748
DX,2022-11-09,11.86,Q4'22,Q3'22,14.23,0.83345
DX,2022-11-10,12.62,Q4'22,Q3'22,14.23,0.886859
DX,2022-11-11,12.92,Q4'22,Q3'22,14.23,0.907941
DX,2022-11-14,12.71,Q4'22,Q3'22,14.23,0.893183
DX,2022-11-15,12.82,Q4'22,Q3'22,14.23,0.900914
DX,2022-11-16,12.65,Q4'22,Q3'22,14.23,0.888967
DX,2022-11-17,12.48,Q4'22,Q3'22,14.23,0.87702
DX,2022-11-18,12.22,Q4'22,Q3'22,14.23,0.858749
DX,2022-11-21,12.51,Q4'22,Q3'22,14.23,0.879129
DX,2022-11-22,12.77,Q4'22,Q3'22,14.23,0.8974
DX,2022-11-23,12.97,Q4'22,Q3'22,14.23,0.911455
DX,2022-11-25,13.05,Q4'22,Q3'22,14.23,0.917077
DX,2022-11-28,12.78,Q4'22,Q3'22,14.23,0.898103
DX,2022-11-29,12.81,Q4'22,Q3'22,14.23,0.900211
DX,2022-11-30,13.1,Q4'22,Q3'22,14.23,0.92059
DX,2022-12-01,13.11,Q4'22,Q3'22,14.23,0.921293
DX,2022-12-02,13.07,Q4'22,Q3'22,14.23,0.918482
DX,2022-12-05,12.89,Q4'22,Q3'22,14.23,0.905833
DX,2022-12-06,12.75,Q4'22,Q3'22,14.23,0.895994
DX,2022-12-07,12.95,Q4'22,Q3'22,14.23,0.910049
DX,2022-12-08,13.1,Q4'22,Q3'22,14.23,0.92059
DX,2022-12-09,13.12,Q4'22,Q3'22,14.23,0.921996
DX,2022-12-12,13.13,Q4'22,Q3'22,14.23,0.922699
DX,2022-12-13,13.19,Q4'22,Q3'22,14.23,0.926915
DX,2022-12-14,13.07,Q4'22,Q3'22,14.23,0.918482
DX,2022-12-15,13.2,Q4'22,Q3'22,14.23,0.927618
DX,2022-12-16,12.95,Q4'22,Q3'22,14.23,0.910049
DX,2022-12-19,13.04,Q4'22,Q3'22,14.23,0.916374
DX,2022-12-20,13.09,Q4'22,Q3'22,14.23,0.919888
DX,2022-12-21,12.99,Q4'22,Q3'22,14.23,0.91286
DX,2022-12-22,12.94,Q4'22,Q3'22,14.23,0.909346
DX,2022-12-23,13.05,Q4'22,Q3'22,14.23,0.917077
DX,2022-12-27,12.97,Q4'22,Q3'22,14.23,0.911455
DX,2022-12-28,12.69,Q4'22,Q3'22,14.23,0.891778
DX,2022-12-29,12.97,Q4'22,Q3'22,14.23,0.911455
DX,2022-12-30,12.72,Q4'22,Q3'22,14.23,0.893886
DX,2023-01-03,12.98,Q1'23,Q4'22,14.73,0.881195
DX,2023-01-04,13.1,Q1'23,Q4'22,14.73,0.889342
DX,2023-01-05,13.18,Q1'23,Q4'22,14.73,0.894773
DX,2023-01-06,13.45,Q1'23,Q4'22,14.73,0.913102
DX,2023-01-09,13.9,Q1'23,Q4'22,14.73,0.943652
DX,2023-01-10,14.28,Q1'23,Q4'22,14.73,0.96945
DX,2023-01-11,14.22,Q1'23,Q4'22,14.73,0.965377
DX,2023-01-12,14.29,Q1'23,Q4'22,14.73,0.970129
DX,2023-01-13,14.34,Q1'23,Q4'22,14.73,0.973523
DX,2023-01-17,14.31,Q1'23,Q4'22,14.73,0.971487
DX,2023-01-18,14.49,Q1'23,Q4'22,14.73,0.983707
DX,2023-01-19,14.46,Q1'23,Q4'22,14.73,0.98167
DX,2023-01-20,14.49,Q1'23,Q4'22,14.73,0.983707
DX,2023-01-23,14.48,Q1'23,Q4'22,14.73,0.983028
DX,2023-01-24,14.4,Q1'23,Q4'22,14.73,0.977597
DX,2023-01-25,14.38,Q1'23,Q4'22,14.73,0.976239
DX,2023-01-26,14.84,Q1'23,Q4'22,14.73,1.007468
DX,2023-01-27,14.98,Q1'23,Q4'22,14.73,1.016972
DX,2023-01-30,14.14,Q1'23,Q4'22,14.73,0.959946
DX,2023-01-31,14.41,Q1'23,Q4'22,14.73,0.978276
DX,2023-02-01,14.78,Q1'23,Q4'22,14.73,1.003394
DX,2023-02-02,14.81,Q1'23,Q4'22,14.73,1.005431
DX,2023-02-03,14.62,Q1'23,Q4'22,14.73,0.992532
DX,2023-02-06,14.2,Q1'23,Q4'22,14.73,0.964019
DX,2023-02-07,14.54,Q1'23,Q4'22,14.73,0.987101
DX,2023-02-08,14.47,Q1'23,Q4'22,14.73,0.982349
DX,2023-02-09,14.24,Q1'23,Q4'22,14.73,0.966735
DX,2023-02-10,14.11,Q1'23,Q4'22,14.73,0.957909
DX,2023-02-13,14.05,Q1'23,Q4'22,14.73,0.953836
DX,2023-02-14,13.93,Q1'23,Q4'22,14.73,0.945689
DX,2023-02-15,13.81,Q1'23,Q4'22,14.73,0.937542
DX,2023-02-16,13.92,Q1'23,Q4'22,14.73,0.94501
DX,2023-02-17,13.79,Q1'23,Q4'22,14.73,0.936185
DX,2023-02-21,13.42,Q1'23,Q4'22,14.73,0.911066
DX,2023-02-22,13.67,Q1'23,Q4'22,14.73,0.928038
DX,2023-02-23,13.69,Q1'23,Q4'22,14.73,0.929396
DX,2023-02-24,13.48,Q1'23,Q4'22,14.73,0.915139
DX,2023-02-27,13.34,Q1'23,Q4'22,14.73,0.905635
DX,2023-02-28,13.23,Q1'23,Q4'22,14.73,0.898167
DX,2023-03-01,12.92,Q1'23,Q4'22,14.73,0.877122
DX,2023-03-02,12.89,Q1'23,Q4'22,14.73,0.875085
DX,2023-03-03,13.08,Q1'23,Q4'22,14.73,0.887984
DX,2023-03-06,13.13,Q1'23,Q4'22,14.73,0.891378
DX,2023-03-07,13.0,Q1'23,Q4'22,14.73,0.882553
DX,2023-03-08,13.04,Q1'23,Q4'22,14.73,0.885268
DX,2023-03-09,12.53,Q1'23,Q4'22,14.73,0.850645
DX,2023-03-10,11.97,Q1'23,Q4'22,14.73,0.812627
DX,2023-03-13,11.97,Q1'23,Q4'22,14.73,0.812627
DX,2023-03-14,12.24,Q1'23,Q4'22,14.73,0.830957
DX,2023-03-15,11.73,Q1'23,Q4'22,14.73,0.796334
DX,2023-03-16,12.03,Q1'23,Q4'22,14.73,0.816701
DX,2023-03-17,11.68,Q1'23,Q4'22,14.73,0.79294
DX,2023-03-20,11.57,Q1'23,Q4'22,14.73,0.785472
DX,2023-03-21,11.75,Q1'23,Q4'22,14.73,0.797692
DX,2023-03-22,11.55,Q1'23,Q4'22,14.73,0.784114
DX,2023-03-23,11.4,Q1'23,Q4'22,14.73,0.773931
DX,2023-03-24,11.75,Q1'23,Q4'22,14.73,0.797692
DX,2023-03-27,11.8,Q1'23,Q4'22,14.73,0.801086
DX,2023-03-28,11.75,Q1'23,Q4'22,14.73,0.797692
DX,2023-03-29,11.87,Q1'23,Q4'22,14.73,0.805838
DX,2023-03-30,11.87,Q1'23,Q4'22,14.73,0.805838
DX,2023-03-31,12.12,Q1'23,Q4'22,14.73,0.822811
DX,2023-04-03,12.08,Q2'23,Q1'23,13.8,0.875362
DX,2023-04-04,12.15,Q2'23,Q1'23,13.8,0.880435
DX,2023-04-05,12.29,Q2'23,Q1'23,13.8,0.89058
DX,2023-04-06,12.23,Q2'23,Q1'23,13.8,0.886232
DX,2023-04-10,11.92,Q2'23,Q1'23,13.8,0.863768
DX,2023-04-11,11.98,Q2'23,Q1'23,13.8,0.868116
DX,2023-04-12,12.02,Q2'23,Q1'23,13.8,0.871015
DX,2023-04-13,12.05,Q2'23,Q1'23,13.8,0.873188
DX,2023-04-14,11.95,Q2'23,Q1'23,13.8,0.865942
DX,2023-04-17,12.03,Q2'23,Q1'23,13.8,0.871739
DX,2023-04-18,11.91,Q2'23,Q1'23,13.8,0.863043
DX,2023-04-19,11.93,Q2'23,Q1'23,13.8,0.864493
DX,2023-04-20,11.8,Q2'23,Q1'23,13.8,0.855072
DX,2023-04-21,11.8,Q2'23,Q1'23,13.8,0.855072
DX,2023-04-24,11.75,Q2'23,Q1'23,13.8,0.851449
DX,2023-04-25,11.68,Q2'23,Q1'23,13.8,0.846377
DX,2023-04-26,11.62,Q2'23,Q1'23,13.8,0.842029
DX,2023-04-27,11.8,Q2'23,Q1'23,13.8,0.855072
DX,2023-04-28,11.86,Q2'23,Q1'23,13.8,0.85942
DX,2023-05-01,11.46,Q2'23,Q1'23,13.8,0.830435
DX,2023-05-02,10.84,Q2'23,Q1'23,13.8,0.785507
DX,2023-05-03,10.9,Q2'23,Q1'23,13.8,0.789855
DX,2023-05-04,10.7,Q2'23,Q1'23,13.8,0.775362
DX,2023-05-05,10.93,Q2'23,Q1'23,13.8,0.792029
DX,2023-05-08,11.03,Q2'23,Q1'23,13.8,0.799275
DX,2023-05-09,11.05,Q2'23,Q1'23,13.8,0.800725
DX,2023-05-10,11.07,Q2'23,Q1'23,13.8,0.802174
DX,2023-05-11,10.98,Q2'23,Q1'23,13.8,0.795652
DX,2023-05-12,11.04,Q2'23,Q1'23,13.8,0.8
DX,2023-05-15,11.01,Q2'23,Q1'23,13.8,0.797826
DX,2023-05-16,10.78,Q2'23,Q1'23,13.8,0.781159
DX,2023-05-17,10.99,Q2'23,Q1'23,13.8,0.796377
DX,2023-05-18,11.13,Q2'23,Q1'23,13.8,0.806522
DX,2023-05-19,10.85,Q2'23,Q1'23,13.8,0.786232
DX,2023-05-22,10.97,Q2'23,Q1'23,13.8,0.794928
DX,2023-05-23,10.98,Q2'23,Q1'23,13.8,0.795652
DX,2023-05-24,10.82,Q2'23,Q1'23,13.8,0.784058
DX,2023-05-25,10.55,Q2'23,Q1'23,13.8,0.764493
DX,2023-05-26,10.91,Q2'23,Q1'23,13.8,0.79058
DX,2023-05-30,11.22,Q2'23,Q1'23,13.8,0.813043
DX,2023-05-31,11.24,Q2'23,Q1'23,13.8,0.814493
DX,2023-06-01,11.46,Q2'23,Q1'23,13.8,0.830435
DX,2023-06-02,11.71,Q2'23,Q1'23,13.8,0.848551
DX,2023-06-05,11.54,Q2'23,Q1'23,13.8,0.836232
DX,2023-06-06,11.87,Q2'23,Q1'23,13.8,0.860145
DX,2023-06-07,11.97,Q2'23,Q1'23,13.8,0.867391
DX,2023-06-08,12.03,Q2'23,Q1'23,13.8,0.871739
DX,2023-06-09,12.07,Q2'23,Q1'23,13.8,0.874638
DX,2023-06-12,12.25,Q2'23,Q1'23,13.8,0.887681
DX,2023-06-13,12.31,Q2'23,Q1'23,13.8,0.892029
DX,2023-06-14,12.29,Q2'23,Q1'23,13.8,0.89058
DX,2023-06-15,12.49,Q2'23,Q1'23,13.8,0.905072
DX,2023-06-16,12.41,Q2'23,Q1'23,13.8,0.899275
DX,2023-06-20,12.44,Q2'23,Q1'23,13.8,0.901449
DX,2023-06-21,12.54,Q2'23,Q1'23,13.8,0.908696
DX,2023-06-22,12.29,Q2'23,Q1'23,13.8,0.89058
DX,2023-06-23,12.06,Q2'23,Q1'23,13.8,0.873913
DX,2023-06-26,12.33,Q2'23,Q1'23,13.8,0.893478
DX,2023-06-27,12.57,Q2'23,Q1'23,13.8,0.91087
DX,2023-06-28,12.6,Q2'23,Q1'23,13.8,0.913044
DX,2023-06-29,12.56,Q2'23,Q1'23,13.8,0.910145
DX,2023-06-30,12.59,Q2'23,Q1'23,13.8,0.912319
DX,2023-07-03,12.51,Q3'23,Q2'23,14.2,0.880986
DX,2023-07-05,12.27,Q3'23,Q2'23,14.2,0.864085
DX,2023-07-06,11.95,Q3'23,Q2'23,14.2,0.841549
DX,2023-07-07,12.29,Q3'23,Q2'23,14.2,0.865493
DX,2023-07-10,12.42,Q3'23,Q2'23,14.2,0.874648
DX,2023-07-11,12.4,Q3'23,Q2'23,14.2,0.873239
DX,2023-07-12,12.53,Q3'23,Q2'23,14.2,0.882394
DX,2023-07-13,12.64,Q3'23,Q2'23,14.2,0.890141
DX,2023-07-14,12.54,Q3'23,Q2'23,14.2,0.883099
DX,2023-07-17,12.59,Q3'23,Q2'23,14.2,0.88662
DX,2023-07-18,12.72,Q3'23,Q2'23,14.2,0.895775
DX,2023-07-19,12.82,Q3'23,Q2'23,14.2,0.902817
DX,2023-07-20,12.56,Q3'23,Q2'23,14.2,0.884507
DX,2023-07-21,12.58,Q3'23,Q2'23,14.2,0.885915
DX,2023-07-24,13.12,Q3'23,Q2'23,14.2,0.923944
DX,2023-07-25,13.32,Q3'23,Q2'23,14.2,0.938028
DX,2023-07-26,13.33,Q3'23,Q2'23,14.2,0.938732
DX,2023-07-27,13.13,Q3'23,Q2'23,14.2,0.924648
DX,2023-07-28,13.29,Q3'23,Q2'23,14.2,0.935915
DX,2023-07-31,13.05,Q3'23,Q2'23,14.2,0.919014
DX,2023-08-01,13.03,Q3'23,Q2'23,14.2,0.917606
DX,2023-08-02,12.97,Q3'23,Q2'23,14.2,0.91338
DX,2023-08-03,12.6,Q3'23,Q2'23,14.2,0.887324
DX,2023-08-04,12.91,Q3'23,Q2'23,14.2,0.909155
DX,2023-08-07,13.02,Q3'23,Q2'23,14.2,0.916901
DX,2023-08-08,13.04,Q3'23,Q2'23,14.2,0.91831
DX,2023-08-09,12.99,Q3'23,Q2'23,14.2,0.914789
DX,2023-08-10,12.98,Q3'23,Q2'23,14.2,0.914084
DX,2023-08-11,12.92,Q3'23,Q2'23,14.2,0.909859
DX,2023-08-14,12.68,Q3'23,Q2'23,14.2,0.892958
DX,2023-08-15,12.58,Q3'23,Q2'23,14.2,0.885915
DX,2023-08-16,12.47,Q3'23,Q2'23,14.2,0.878169
DX,2023-08-17,12.3,Q3'23,Q2'23,14.2,0.866197
DX,2023-08-18,12.29,Q3'23,Q2'23,14.2,0.865493
DX,2023-08-21,12.28,Q3'23,Q2'23,14.2,0.864789
DX,2023-08-22,12.1,Q3'23,Q2'23,14.2,0.852113
DX,2023-08-23,12.41,Q3'23,Q2'23,14.2,0.873944
DX,2023-08-24,12.49,Q3'23,Q2'23,14.2,0.879577
DX,2023-08-25,12.52,Q3'23,Q2'23,14.2,0.88169
DX,2023-08-28,12.96,Q3'23,Q2'23,14.2,0.912676
DX,2023-08-29,13.13,Q3'23,Q2'23,14.2,0.924648
DX,2023-08-30,12.94,Q3'23,Q2'23,14.2,0.911268
DX,2023-08-31,12.96,Q3'23,Q2'23,14.2,0.912676
DX,2023-09-01,13.04,Q3'23,Q2'23,14.2,0.91831
DX,2023-09-05,12.83,Q3'23,Q2'23,14.2,0.903521
DX,2023-09-06,12.82,Q3'23,Q2'23,14.2,0.902817
DX,2023-09-07,12.76,Q3'23,Q2'23,14.2,0.898592
DX,2023-09-08,12.81,Q3'23,Q2'23,14.2,0.902113
DX,2023-09-11,12.93,Q3'23,Q2'23,14.2,0.910563
DX,2023-09-12,12.95,Q3'23,Q2'23,14.2,0.911972
DX,2023-09-13,13.0,Q3'23,Q2'23,14.2,0.915493
DX,2023-09-14,13.1,Q3'23,Q2'23,14.2,0.922535
DX,2023-09-15,13.23,Q3'23,Q2'23,14.2,0.93169
DX,2023-09-18,13.24,Q3'23,Q2'23,14.2,0.932394
DX,2023-09-19,13.02,Q3'23,Q2'23,14.2,0.916901
DX,2023-09-20,12.95,Q3'23,Q2'23,14.2,0.911972
DX,2023-09-21,12.19,Q3'23,Q2'23,14.2,0.858451
DX,2023-09-22,12.37,Q3'23,Q2'23,14.2,0.871127
DX,2023-09-25,12.2,Q3'23,Q2'23,14.2,0.859155
DX,2023-09-26,11.75,Q3'23,Q2'23,14.2,0.827465
DX,2023-09-27,11.56,Q3'23,Q2'23,14.2,0.814085
DX,2023-09-28,11.74,Q3'23,Q2'23,14.2,0.826761
DX,2023-09-29,11.94,Q3'23,Q2'23,14.2,0.840845
DX,2023-10-02,11.65,Q4'23,Q3'23,12.25,0.95102
DX,2023-10-03,11.4,Q4'23,Q3'23,12.25,0.930612
DX,2023-10-04,11.29,Q4'23,Q3'23,12.25,0.921633
DX,2023-10-05,11.58,Q4'23,Q3'23,12.25,0.945306
DX,2023-10-06,11.6,Q4'23,Q3'23,12.25,0.946939
DX,2023-10-09,11.82,Q4'23,Q3'23,12.25,0.964898
DX,2023-10-10,11.81,Q4'23,Q3'23,12.25,0.964082
DX,2023-10-11,12.03,Q4'23,Q3'23,12.25,0.982041
DX,2023-10-12,11.68,Q4'23,Q3'23,12.25,0.953469
DX,2023-10-13,11.49,Q4'23,Q3'23,12.25,0.937959
DX,2023-10-16,11.64,Q4'23,Q3'23,12.25,0.950204
DX,2023-10-17,11.5,Q4'23,Q3'23,12.25,0.938776
DX,2023-10-18,11.25,Q4'23,Q3'23,12.25,0.918367
DX,2023-10-19,10.8,Q4'23,Q3'23,12.25,0.881633
DX,2023-10-20,10.67,Q4'23,Q3'23,12.25,0.87102
DX,2023-10-23,10.3,Q4'23,Q3'23,12.25,0.840816
DX,2023-10-24,10.17,Q4'23,Q3'23,12.25,0.830204
DX,2023-10-25,9.64,Q4'23,Q3'23,12.25,0.786939
DX,2023-10-26,9.85,Q4'23,Q3'23,12.25,0.804082
DX,2023-10-27,9.6,Q4'23,Q3'23,12.25,0.783674
DX,2023-10-30,9.65,Q4'23,Q3'23,12.25,0.787755
DX,2023-10-31,10.04,Q4'23,Q3'23,12.25,0.819592
DX,2023-11-01,10.4,Q4'23,Q3'23,12.25,0.84898
DX,2023-11-02,10.85,Q4'23,Q3'23,12.25,0.885714
DX,2023-11-03,11.05,Q4'23,Q3'23,12.25,0.902041
DX,2023-11-06,11.0,Q4'23,Q3'23,12.25,0.897959
DX,2023-11-07,11.02,Q4'23,Q3'23,12.25,0.899592
DX,2023-11-08,11.0,Q4'23,Q3'23,12.25,0.897959
DX,2023-11-09,10.76,Q4'23,Q3'23,12.25,0.878367
DX,2023-11-10,10.78,Q4'23,Q3'23,12.25,0.88
DX,2023-11-13,10.71,Q4'23,Q3'23,12.25,0.874286
DX,2023-11-14,11.17,Q4'23,Q3'23,12.25,0.911837
DX,2023-11-15,11.3,Q4'23,Q3'23,12.25,0.922449
DX,2023-11-16,11.22,Q4'23,Q3'23,12.25,0.915918
DX,2023-11-17,11.36,Q4'23,Q3'23,12.25,0.927347
DX,2023-11-20,11.4,Q4'23,Q3'23,12.25,0.930612
DX,2023-11-21,11.39,Q4'23,Q3'23,12.25,0.929796
DX,2023-11-22,11.4,Q4'23,Q3'23,12.25,0.930612
DX,2023-11-24,11.33,Q4'23,Q3'23,12.25,0.924898
DX,2023-11-27,11.21,Q4'23,Q3'23,12.25,0.915102
DX,2023-11-28,11.21,Q4'23,Q3'23,12.25,0.915102
DX,2023-11-29,11.46,Q4'23,Q3'23,12.25,0.93551
DX,2023-11-30,11.44,Q4'23,Q3'23,12.25,0.933878
DX,2023-12-01,11.82,Q4'23,Q3'23,12.25,0.964898
DX,2023-12-04,11.82,Q4'23,Q3'23,12.25,0.964898
DX,2023-12-05,11.85,Q4'23,Q3'23,12.25,0.967347
DX,2023-12-06,11.63,Q4'23,Q3'23,12.25,0.949388
DX,2023-12-07,11.79,Q4'23,Q3'23,12.25,0.962449
DX,2023-12-08,11.89,Q4'23,Q3'23,12.25,0.970612
DX,2023-12-11,11.77,Q4'23,Q3'23,12.25,0.960816
DX,2023-12-12,11.89,Q4'23,Q3'23,12.25,0.970612
DX,2023-12-13,12.37,Q4'23,Q3'23,12.25,1.009796
DX,2023-12-14,12.78,Q4'23,Q3'23,12.25,1.043265
DX,2023-12-15,12.68,Q4'23,Q3'23,12.25,1.035102
DX,2023-12-18,12.58,Q4'23,Q3'23,12.25,1.026939
DX,2023-12-19,12.74,Q4'23,Q3'23,12.25,1.04
DX,2023-12-20,12.62,Q4'23,Q3'23,12.25,1.030204
DX,2023-12-21,12.64,Q4'23,Q3'23,12.25,1.031837
DX,2023-12-22,12.6,Q4'23,Q3'23,12.25,1.028571
DX,2023-12-26,12.71,Q4'23,Q3'23,12.25,1.037551
DX,2023-12-27,12.73,Q4'23,Q3'23,12.25,1.039184
DX,2023-12-28,12.74,Q4'23,Q3'23,12.25,1.04
DX,2023-12-29,12.52,Q4'23,Q3'23,12.25,1.022041
DX,2024-01-02,12.44,Q1'24,Q4'23,13.31,0.934636
DX,2024-01-03,12.19,Q1'24,Q4'23,13.31,0.915853
DX,2024-01-04,12.08,Q1'24,Q4'23,13.31,0.907588
DX,2024-01-05,12.29,Q1'24,Q4'23,13.31,0.923366
DX,2024-01-08,12.65,Q1'24,Q4'23,13.31,0.950413
DX,2024-01-09,12.73,Q1'24,Q4'23,13.31,0.956424
DX,2024-01-10,12.77,Q1'24,Q4'23,13.31,0.959429
DX,2024-01-11,12.67,Q1'24,Q4'23,13.31,0.951916
DX,2024-01-12,12.81,Q1'24,Q4'23,13.31,0.962434
DX,2024-01-16,12.66,Q1'24,Q4'23,13.31,0.951165
DX,2024-01-17,12.52,Q1'24,Q4'23,13.31,0.940646
DX,2024-01-18,12.67,Q1'24,Q4'23,13.31,0.951916
DX,2024-01-19,12.63,Q1'24,Q4'23,13.31,0.948911
DX,2024-01-22,12.44,Q1'24,Q4'23,13.31,0.934636
DX,2024-01-23,12.56,Q1'24,Q4'23,13.31,0.943651
DX,2024-01-24,12.49,Q1'24,Q4'23,13.31,0.938392
DX,2024-01-25,12.69,Q1'24,Q4'23,13.31,0.953418
DX,2024-01-26,12.69,Q1'24,Q4'23,13.31,0.953418
DX,2024-01-29,12.84,Q1'24,Q4'23,13.31,0.964688
DX,2024-01-30,12.5,Q1'24,Q4'23,13.31,0.939144
DX,2024-01-31,12.24,Q1'24,Q4'23,13.31,0.919609
DX,2024-02-01,12.44,Q1'24,Q4'23,13.31,0.934636
DX,2024-02-02,12.34,Q1'24,Q4'23,13.31,0.927122
DX,2024-02-05,12.11,Q1'24,Q4'23,13.31,0.909842
DX,2024-02-06,12.19,Q1'24,Q4'23,13.31,0.915853
DX,2024-02-07,11.85,Q1'24,Q4'23,13.31,0.890308
DX,2024-02-08,11.99,Q1'24,Q4'23,13.31,0.900826
DX,2024-02-09,12.18,Q1'24,Q4'23,13.31,0.915101
DX,2024-02-12,12.37,Q1'24,Q4'23,13.31,0.929376
DX,2024-02-13,11.82,Q1'24,Q4'23,13.31,0.888054
DX,2024-02-14,12.1,Q1'24,Q4'23,13.31,0.909091
DX,2024-02-15,12.49,Q1'24,Q4'23,13.31,0.938392
DX,2024-02-16,12.42,Q1'24,Q4'23,13.31,0.933133
DX,2024-02-20,12.35,Q1'24,Q4'23,13.31,0.927874
DX,2024-02-21,12.34,Q1'24,Q4'23,13.31,0.927122
DX,2024-02-22,12.24,Q1'24,Q4'23,13.31,0.919609
DX,2024-02-23,12.22,Q1'24,Q4'23,13.31,0.918107
DX,2024-02-26,12.16,Q1'24,Q4'23,13.31,0.913599
DX,2024-02-27,12.19,Q1'24,Q4'23,13.31,0.915853
DX,2024-02-28,12.15,Q1'24,Q4'23,13.31,0.912847
DX,2024-02-29,12.34,Q1'24,Q4'23,13.31,0.927122
DX,2024-03-01,12.38,Q1'24,Q4'23,13.31,0.930128
DX,2024-03-04,12.26,Q1'24,Q4'23,13.31,0.921112
DX,2024-03-05,12.26,Q1'24,Q4'23,13.31,0.921112
DX,2024-03-06,12.38,Q1'24,Q4'23,13.31,0.930128
DX,2024-03-07,12.44,Q1'24,Q4'23,13.31,0.934636
DX,2024-03-08,12.5,Q1'24,Q4'23,13.31,0.939144
DX,2024-03-11,12.59,Q1'24,Q4'23,13.31,0.945905
DX,2024-03-12,12.67,Q1'24,Q4'23,13.31,0.951916
DX,2024-03-13,12.77,Q1'24,Q4'23,13.31,0.959429
DX,2024-03-14,12.33,Q1'24,Q4'23,13.31,0.926371
DX,2024-03-15,12.48,Q1'24,Q4'23,13.31,0.937641
DX,2024-03-18,12.48,Q1'24,Q4'23,13.31,0.937641
DX,2024-03-19,12.5,Q1'24,Q4'23,13.31,0.939144
DX,2024-03-20,12.44,Q1'24,Q4'23,13.31,0.934636
DX,2024-03-21,12.27,Q1'24,Q4'23,13.31,0.921863
DX,2024-03-22,12.26,Q1'24,Q4'23,13.31,0.921112
DX,2024-03-25,12.31,Q1'24,Q4'23,13.31,0.924869
DX,2024-03-26,12.2,Q1'24,Q4'23,13.31,0.916604
DX,2024-03-27,12.4,Q1'24,Q4'23,13.31,0.93163
DX,2024-03-28,12.45,Q1'24,Q4'23,13.31,0.935387
DX,2024-04-01,12.31,Q2'24,Q1'24,13.2,0.932576
DX,2024-04-02,12.18,Q2'24,Q1'24,13.2,0.922727
DX,2024-04-03,12.12,Q2'24,Q1'24,13.2,0.918182
DX,2024-04-04,12.14,Q2'24,Q1'24,13.2,0.919697
DX,2024-04-05,12.13,Q2'24,Q1'24,13.2,0.918939
DX,2024-04-08,12.12,Q2'24,Q1'24,13.2,0.918182
DX,2024-04-09,12.27,Q2'24,Q1'24,13.2,0.929545
DX,2024-04-10,11.68,Q2'24,Q1'24,13.2,0.884849
DX,2024-04-11,11.73,Q2'24,Q1'24,13.2,0.888636
DX,2024-04-12,11.79,Q2'24,Q1'24,13.2,0.893182
DX,2024-04-15,11.62,Q2'24,Q1'24,13.2,0.880303
DX,2024-04-16,11.46,Q2'24,Q1'24,13.2,0.868182
DX,2024-04-17,11.52,Q2'24,Q1'24,13.2,0.872727
DX,2024-04-18,11.48,Q2'24,Q1'24,13.2,0.869697
DX,2024-04-19,11.71,Q2'24,Q1'24,13.2,0.887121
DX,2024-04-22,11.46,Q2'24,Q1'24,13.2,0.868182
DX,2024-04-23,11.83,Q2'24,Q1'24,13.2,0.896212
DX,2024-04-24,11.89,Q2'24,Q1'24,13.2,0.900758
DX,2024-04-25,11.66,Q2'24,Q1'24,13.2,0.883333
DX,2024-04-26,11.92,Q2'24,Q1'24,13.2,0.90303
DX,2024-04-29,11.8,Q2'24,Q1'24,13.2,0.893939
DX,2024-04-30,11.67,Q2'24,Q1'24,13.2,0.884091
DX,2024-05-01,11.86,Q2'24,Q1'24,13.2,0.898485
DX,2024-05-02,11.99,Q2'24,Q1'24,13.2,0.908333
DX,2024-05-03,12.08,Q2'24,Q1'24,13.2,0.915152
DX,2024-05-06,12.23,Q2'24,Q1'24,13.2,0.926515
DX,2024-05-07,12.17,Q2'24,Q1'24,13.2,0.92197
DX,2024-05-08,12.18,Q2'24,Q1'24,13.2,0.922727
DX,2024-05-09,12.32,Q2'24,Q1'24,13.2,0.933333
DX,2024-05-10,12.39,Q2'24,Q1'24,13.2,0.938636
DX,2024-05-13,12.32,Q2'24,Q1'24,13.2,0.933333
DX,2024-05-14,12.42,Q2'24,Q1'24,13.2,0.940909
DX,2024-05-15,12.55,Q2'24,Q1'24,13.2,0.950758
DX,2024-05-16,12.57,Q2'24,Q1'24,13.2,0.952273
DX,2024-05-17,12.61,Q2'24,Q1'24,13.2,0.955303
DX,2024-05-20,12.54,Q2'24,Q1'24,13.2,0.95
DX,2024-05-21,12.51,Q2'24,Q1'24,13.2,0.947727
DX,2024-05-22,12.3,Q2'24,Q1'24,13.2,0.931818
DX,2024-05-23,12.0,Q2'24,Q1'24,13.2,0.909091
DX,2024-05-24,12.2,Q2'24,Q1'24,13.2,0.924242
DX,2024-05-28,12.14,Q2'24,Q1'24,13.2,0.919697
DX,2024-05-29,12.01,Q2'24,Q1'24,13.2,0.909849
DX,2024-05-30,12.17,Q2'24,Q1'24,13.2,0.92197
DX,2024-05-31,12.25,Q2'24,Q1'24,13.2,0.92803
DX,2024-06-03,12.34,Q2'24,Q1'24,13.2,0.934848
DX,2024-06-04,12.33,Q2'24,Q1'24,13.2,0.934091
DX,2024-06-05,12.47,Q2'24,Q1'24,13.2,0.944697
DX,2024-06-06,11.84,Q2'24,Q1'24,13.2,0.89697
DX,2024-06-07,11.69,Q2'24,Q1'24,13.2,0.885606
DX,2024-06-10,11.68,Q2'24,Q1'24,13.2,0.884849
DX,2024-06-11,11.5,Q2'24,Q1'24,13.2,0.871212
DX,2024-06-12,11.71,Q2'24,Q1'24,13.2,0.887121
DX,2024-06-13,11.85,Q2'24,Q1'24,13.2,0.897727
DX,2024-06-14,11.86,Q2'24,Q1'24,13.2,0.898485
DX,2024-06-17,11.94,Q2'24,Q1'24,13.2,0.904545
DX,2024-06-18,11.93,Q2'24,Q1'24,13.2,0.903788
DX,2024-06-20,12.02,Q2'24,Q1'24,13.2,0.910606
DX,2024-06-21,12.04,Q2'24,Q1'24,13.2,0.912121
DX,2024-06-24,11.94,Q2'24,Q1'24,13.2,0.904545
DX,2024-06-25,11.78,Q2'24,Q1'24,13.2,0.892424
DX,2024-06-26,11.87,Q2'24,Q1'24,13.2,0.899242
DX,2024-06-27,11.84,Q2'24,Q1'24,13.2,0.89697
DX,2024-06-28,11.94,Q2'24,Q1'24,13.2,0.904545
DX,2024-07-01,11.72,Q3'24,Q2'24,12.5,0.9376
DX,2024-07-02,11.75,Q3'24,Q2'24,12.5,0.94
DX,2024-07-03,11.74,Q3'24,Q2'24,12.5,0.9392
DX,2024-07-05,11.79,Q3'24,Q2'24,12.5,0.9432
DX,2024-07-08,11.71,Q3'24,Q2'24,12.5,0.9368
DX,2024-07-09,11.86,Q3'24,Q2'24,12.5,0.9488
DX,2024-07-10,12.05,Q3'24,Q2'24,12.5,0.964
DX,2024-07-11,12.26,Q3'24,Q2'24,12.5,0.9808
DX,2024-07-12,12.35,Q3'24,Q2'24,12.5,0.988
DX,2024-07-15,12.47,Q3'24,Q2'24,12.5,0.9976
DX,2024-07-16,12.62,Q3'24,Q2'24,12.5,1.0096
DX,2024-07-17,12.53,Q3'24,Q2'24,12.5,1.0024
DX,2024-07-18,12.48,Q3'24,Q2'24,12.5,0.9984
DX,2024-07-19,12.33,Q3'24,Q2'24,12.5,0.9864
DX,2024-07-22,12.45,Q3'24,Q2'24,12.5,0.996
DX,2024-07-23,12.45,Q3'24,Q2'24,12.5,0.996
DX,2024-07-24,12.28,Q3'24,Q2'24,12.5,0.9824
DX,2024-07-25,12.08,Q3'24,Q2'24,12.5,0.9664
DX,2024-07-26,12.21,Q3'24,Q2'24,12.5,0.9768
DX,2024-07-29,12.13,Q3'24,Q2'24,12.5,0.9704
DX,2024-07-30,12.22,Q3'24,Q2'24,12.5,0.9776
DX,2024-07-31,12.17,Q3'24,Q2'24,12.5,0.9736
DX,2024-08-01,12.16,Q3'24,Q2'24,12.5,0.9728
DX,2024-08-02,12.11,Q3'24,Q2'24,12.5,0.9688
DX,2024-08-05,11.75,Q3'24,Q2'24,12.5,0.94
DX,2024-08-06,12.02,Q3'24,Q2'24,12.5,0.9616
DX,2024-08-07,12.12,Q3'24,Q2'24,12.5,0.9696
DX,2024-08-08,12.28,Q3'24,Q2'24,12.5,0.9824
DX,2024-08-09,12.24,Q3'24,Q2'24,12.5,0.9792
DX,2024-08-12,12.09,Q3'24,Q2'24,12.5,0.9672
DX,2024-08-13,12.17,Q3'24,Q2'24,12.5,0.9736
DX,2024-08-14,12.2,Q3'24,Q2'24,12.5,0.976
DX,2024-08-15,12.23,Q3'24,Q2'24,12.5,0.9784
DX,2024-08-16,12.3,Q3'24,Q2'24,12.5,0.984
DX,2024-08-19,12.38,Q3'24,Q2'24,12.5,0.9904
DX,2024-08-20,12.34,Q3'24,Q2'24,12.5,0.9872
DX,2024-08-21,12.37,Q3'24,Q2'24,12.5,0.9896
DX,2024-08-22,12.31,Q3'24,Q2'24,12.5,0.9848
DX,2024-08-23,12.32,Q3'24,Q2'24,12.5,0.9856
DX,2024-08-26,12.55,Q3'24,Q2'24,12.5,1.004
DX,2024-08-27,12.56,Q3'24,Q2'24,12.5,1.0048
DX,2024-08-28,12.58,Q3'24,Q2'24,12.5,1.0064
DX,2024-08-29,12.61,Q3'24,Q2'24,12.5,1.0088
DX,2024-08-30,12.6,Q3'24,Q2'24,12.5,1.008
DX,2024-09-03,12.47,Q3'24,Q2'24,12.5,0.9976
DX,2024-09-04,12.42,Q3'24,Q2'24,12.5,0.9936
DX,2024-09-05,12.46,Q3'24,Q2'24,12.5,0.9968
DX,2024-09-06,12.47,Q3'24,Q2'24,12.5,0.9976
DX,2024-09-09,12.47,Q3'24,Q2'24,12.5,0.9976
DX,2024-09-10,12.58,Q3'24,Q2'24,12.5,1.0064
DX,2024-09-11,12.5,Q3'24,Q2'24,12.5,1.0
DX,2024-09-12,12.55,Q3'24,Q2'24,12.5,1.004
DX,2024-09-13,12.75,Q3'24,Q2'24,12.5,1.02
DX,2024-09-16,12.88,Q3'24,Q2'24,12.5,1.0304
DX,2024-09-17,12.78,Q3'24,Q2'24,12.5,1.0224
DX,2024-09-18,12.82,Q3'24,Q2'24,12.5,1.0256
DX,2024-09-19,12.96,Q3'24,Q2'24,12.5,1.0368
DX,2024-09-20,12.88,Q3'24,Q2'24,12.5,1.0304
DX,2024-09-23,12.39,Q3'24,Q2'24,12.5,0.9912
DX,2024-09-24,12.6,Q3'24,Q2'24,12.5,1.008
DX,2024-09-25,12.41,Q3'24,Q2'24,12.5,0.9928
DX,2024-09-26,12.54,Q3'24,Q2'24,12.5,1.0032
DX,2024-09-27,12.65,Q3'24,Q2'24,12.5,1.012
DX,2024-09-30,12.76,Q3'24,Q2'24,12.5,1.0208
DX,2024-10-01,12.52,Q4'24,Q3'24,13.0,0.963077
DX,2024-10-02,12.35,Q4'24,Q3'24,13.0,0.95
DX,2024-10-03,12.31,Q4'24,Q3'24,13.0,0.946923
DX,2024-10-04,12.21,Q4'24,Q3'24,13.0,0.939231
DX,2024-10-07,12.07,Q4'24,Q3'24,13.0,0.928462
DX,2024-10-08,12.2,Q4'24,Q3'24,13.0,0.938462
DX,2024-10-09,12.23,Q4'24,Q3'24,13.0,0.940769
DX,2024-10-10,12.31,Q4'24,Q3'24,13.0,0.946923
DX,2024-10-11,12.25,Q4'24,Q3'24,13.0,0.942308
DX,2024-10-14,12.31,Q4'24,Q3'24,13.0,0.946923
DX,2024-10-15,12.39,Q4'24,Q3'24,13.0,0.953077
DX,2024-10-16,12.6,Q4'24,Q3'24,13.0,0.969231
DX,2024-10-17,12.66,Q4'24,Q3'24,13.0,0.973846
DX,2024-10-18,12.63,Q4'24,Q3'24,13.0,0.971538
DX,2024-10-21,12.55,Q4'24,Q3'24,13.0,0.965385
DX,2024-10-22,12.47,Q4'24,Q3'24,13.0,0.959231
DX,2024-10-23,12.59,Q4'24,Q3'24,13.0,0.968462
DX,2024-10-24,12.65,Q4'24,Q3'24,13.0,0.973077
DX,2024-10-25,12.41,Q4'24,Q3'24,13.0,0.954615
DX,2024-10-28,12.41,Q4'24,Q3'24,13.0,0.954615
DX,2024-10-29,12.36,Q4'24,Q3'24,13.0,0.950769
DX,2024-10-30,12.39,Q4'24,Q3'24,13.0,0.953077
DX,2024-10-31,12.21,Q4'24,Q3'24,13.0,0.939231
DX,2024-11-01,12.13,Q4'24,Q3'24,13.0,0.933077
DX,2024-11-04,12.21,Q4'24,Q3'24,13.0,0.939231
DX,2024-11-05,12.31,Q4'24,Q3'24,13.0,0.946923
DX,2024-11-06,12.35,Q4'24,Q3'24,13.0,0.95
DX,2024-11-07,12.46,Q4'24,Q3'24,13.0,0.958462
DX,2024-11-08,12.63,Q4'24,Q3'24,13.0,0.971538
DX,2024-11-11,12.52,Q4'24,Q3'24,13.0,0.963077
DX,2024-11-12,12.25,Q4'24,Q3'24,13.0,0.942308
DX,2024-11-13,12.38,Q4'24,Q3'24,13.0,0.952308
DX,2024-11-14,12.38,Q4'24,Q3'24,13.0,0.952308
DX,2024-11-15,12.42,Q4'24,Q3'24,13.0,0.955385
DX,2024-11-18,12.49,Q4'24,Q3'24,13.0,0.960769
DX,2024-11-19,12.5,Q4'24,Q3'24,13.0,0.961538
DX,2024-11-20,12.41,Q4'24,Q3'24,13.0,0.954615
DX,2024-11-21,12.49,Q4'24,Q3'24,13.0,0.960769
DX,2024-11-22,12.39,Q4'24,Q3'24,13.0,0.953077
DX,2024-11-25,12.5,Q4'24,Q3'24,13.0,0.961538
DX,2024-11-26,12.42,Q4'24,Q3'24,13.0,0.955385
DX,2024-11-27,12.47,Q4'24,Q3'24,13.0,0.959231
DX,2024-11-29,12.55,Q4'24,Q3'24,13.0,0.965385
DX,2024-12-02,12.52,Q4'24,Q3'24,13.0,0.963077
DX,2024-12-03,12.45,Q4'24,Q3'24,13.0,0.957692
DX,2024-12-04,12.55,Q4'24,Q3'24,13.0,0.965385
DX,2024-12-05,12.56,Q4'24,Q3'24,13.0,0.966154
DX,2024-12-06,12.64,Q4'24,Q3'24,13.0,0.972308
DX,2024-12-09,12.69,Q4'24,Q3'24,13.0,0.976154
DX,2024-12-10,12.72,Q4'24,Q3'24,13.0,0.978462
DX,2024-12-11,12.71,Q4'24,Q3'24,13.0,0.977692
DX,2024-12-12,12.69,Q4'24,Q3'24,13.0,0.976154
DX,2024-12-13,12.67,Q4'24,Q3'24,13.0,0.974615
DX,2024-12-16,12.71,Q4'24,Q3'24,13.0,0.977692
DX,2024-12-17,12.57,Q4'24,Q3'24,13.0,0.966923
DX,2024-12-18,12.35,Q4'24,Q3'24,13.0,0.95
DX,2024-12-19,12.43,Q4'24,Q3'24,13.0,0.956154
DX,2024-12-20,12.57,Q4'24,Q3'24,13.0,0.966923
DX,2024-12-23,12.49,Q4'24,Q3'24,13.0,0.960769
DX,2024-12-24,12.63,Q4'24,Q3'24,13.0,0.971538
DX,2024-12-26,12.57,Q4'24,Q3'24,13.0,0.966923
DX,2024-12-27,12.57,Q4'24,Q3'24,13.0,0.966923
DX,2024-12-30,12.52,Q4'24,Q3'24,13.0,0.963077
DX,2024-12-31,12.65,Q4'24,Q3'24,13.0,0.973077
DX,2025-01-02,12.6,Q1'25,Q4'24,12.7,0.992126
DX,2025-01-03,12.67,Q1'25,Q4'24,12.7,0.997638
DX,2025-01-06,12.6,Q1'25,Q4'24,12.7,0.992126
DX,2025-01-07,12.56,Q1'25,Q4'24,12.7,0.988976
DX,2025-01-08,12.5,Q1'25,Q4'24,12.7,0.984252
DX,2025-01-10,12.24,Q1'25,Q4'24,12.7,0.96378
DX,2025-01-13,12.18,Q1'25,Q4'24,12.7,0.959055
DX,2025-01-14,12.29,Q1'25,Q4'24,12.7,0.967717
DX,2025-01-15,12.49,Q1'25,Q4'24,12.7,0.983465
DX,2025-01-16,12.63,Q1'25,Q4'24,12.7,0.994488
DX,2025-01-17,12.75,Q1'25,Q4'24,12.7,1.003937
DX,2025-01-21,12.84,Q1'25,Q4'24,12.7,1.011024
DX,2025-01-22,12.76,Q1'25,Q4'24,12.7,1.004724
DX,2025-01-23,12.6,Q1'25,Q4'24,12.7,0.992126
DX,2025-01-24,12.63,Q1'25,Q4'24,12.7,0.994488
DX,2025-01-27,12.78,Q1'25,Q4'24,12.7,1.006299
DX,2025-01-28,12.91,Q1'25,Q4'24,12.7,1.016535
DX,2025-01-29,12.86,Q1'25,Q4'24,12.7,1.012598
DX,2025-01-30,13.15,Q1'25,Q4'24,12.7,1.035433
DX,2025-01-31,13.27,Q1'25,Q4'24,12.7,1.044882
DX,2025-02-03,13.21,Q1'25,Q4'24,12.7,1.040157
DX,2025-02-04,13.27,Q1'25,Q4'24,12.7,1.044882
DX,2025-02-05,13.34,Q1'25,Q4'24,12.7,1.050394
DX,2025-02-06,13.41,Q1'25,Q4'24,12.7,1.055905
DX,2025-02-07,13.34,Q1'25,Q4'24,12.7,1.050394
DX,2025-02-10,13.34,Q1'25,Q4'24,12.7,1.050394
DX,2025-02-11,13.31,Q1'25,Q4'24,12.7,1.048032
DX,2025-02-12,13.26,Q1'25,Q4'24,12.7,1.044095
DX,2025-02-13,13.47,Q1'25,Q4'24,12.7,1.06063
DX,2025-02-14,13.79,Q1'25,Q4'24,12.7,1.085827
DX,2025-02-18,13.71,Q1'25,Q4'24,12.7,1.079528
DX,2025-02-19,13.81,Q1'25,Q4'24,12.7,1.087402
DX,2025-02-20,13.87,Q1'25,Q4'24,12.7,1.092126
DX,2025-02-21,14.06,Q1'25,Q4'24,12.7,1.107087
DX,2025-02-24,13.92,Q1'25,Q4'24,12.7,1.096063
DX,2025-02-25,13.88,Q1'25,Q4'24,12.7,1.092913
DX,2025-02-26,13.96,Q1'25,Q4'24,12.7,1.099213
DX,2025-02-27,13.95,Q1'25,Q4'24,12.7,1.098425
DX,2025-02-28,14.07,Q1'25,Q4'24,12.7,1.107874
DX,2025-03-03,13.97,Q1'25,Q4'24,12.7,1.1
DX,2025-03-04,13.86,Q1'25,Q4'24,12.7,1.091339
DX,2025-03-05,14.07,Q1'25,Q4'24,12.7,1.107874
DX,2025-03-06,14.02,Q1'25,Q4'24,12.7,1.103937
DX,2025-03-07,14.37,Q1'25,Q4'24,12.7,1.131496
DX,2025-03-10,14.26,Q1'25,Q4'24,12.7,1.122835
DX,2025-03-11,13.89,Q1'25,Q4'24,12.7,1.093701
DX,2025-03-12,13.93,Q1'25,Q4'24,12.7,1.09685
DX,2025-03-13,13.99,Q1'25,Q4'24,12.7,1.101575
DX,2025-03-14,14.22,Q1'25,Q4'24,12.7,1.119685
DX,2025-03-17,14.34,Q1'25,Q4'24,12.7,1.129134
DX,2025-03-18,14.42,Q1'25,Q4'24,12.7,1.135433
DX,2025-03-19,14.23,Q1'25,Q4'24,12.7,1.120472
DX,2025-03-20,14.1,Q1'25,Q4'24,12.7,1.110236
DX,2025-03-21,14.04,Q1'25,Q4'24,12.7,1.105512
DX,2025-03-24,13.85,Q1'25,Q4'24,12.7,1.090551
DX,2025-03-25,13.6,Q1'25,Q4'24,12.7,1.070866
DX,2025-03-26,13.36,Q1'25,Q4'24,12.7,1.051968
DX,2025-03-27,13.28,Q1'25,Q4'24,12.7,1.045669
DX,2025-03-28,13.05,Q1'25,Q4'24,12.7,1.027559
DX,2025-03-31,13.02,Q1'25,Q4'24,12.7,1.025197
DX,2025-04-01,12.99,Q2'25,Q1'25,12.56,1.034236
DX,2025-04-02,12.81,Q2'25,Q1'25,12.56,1.019904
DX,2025-04-03,12.7,Q2'25,Q1'25,12.56,1.011146
DX,2025-04-04,12.13,Q2'25,Q1'25,12.56,0.965764
DX,2025-04-07,11.73,Q2'25,Q1'25,12.56,0.933917
DX,2025-04-08,11.53,Q2'25,Q1'25,12.56,0.917994
DX,2025-04-09,11.92,Q2'25,Q1'25,12.56,0.949045
DX,2025-04-10,11.13,Q2'25,Q1'25,12.56,0.886147
DX,2025-04-11,11.39,Q2'25,Q1'25,12.56,0.906847
DX,2025-04-14,11.69,Q2'25,Q1'25,12.56,0.930732
DX,2025-04-15,11.76,Q2'25,Q1'25,12.56,0.936306
DX,2025-04-16,11.59,Q2'25,Q1'25,12.56,0.922771
DX,2025-04-17,11.67,Q2'25,Q1'25,12.56,0.92914
DX,2025-04-21,11.46,Q2'25,Q1'25,12.56,0.91242
DX,2025-04-22,11.81,Q2'25,Q1'25,12.56,0.940287
DX,2025-04-23,11.86,Q2'25,Q1'25,12.56,0.944267
DX,2025-04-24,11.98,Q2'25,Q1'25,12.56,0.953822
DX,2025-04-25,12.23,Q2'25,Q1'25,12.56,0.973726
DX,2025-04-28,12.42,Q2'25,Q1'25,12.56,0.988854
DX,2025-04-29,12.46,Q2'25,Q1'25,12.56,0.992038
DX,2025-04-30,12.33,Q2'25,Q1'25,12.56,0.981688
DX,2025-05-01,12.19,Q2'25,Q1'25,12.56,0.970541
DX,2025-05-02,12.19,Q2'25,Q1'25,12.56,0.970541
DX,2025-05-05,12.16,Q2'25,Q1'25,12.56,0.968153
DX,2025-05-06,12.12,Q2'25,Q1'25,12.56,0.964968
DX,2025-05-07,12.24,Q2'25,Q1'25,12.56,0.974522
DX,2025-05-08,12.42,Q2'25,Q1'25,12.56,0.988854
DX,2025-05-09,12.43,Q2'25,Q1'25,12.56,0.98965
DX,2025-05-12,12.53,Q2'25,Q1'25,12.56,0.997611
DX,2025-05-13,12.55,Q2'25,Q1'25,12.56,0.999204
DX,2025-05-14,12.53,Q2'25,Q1'25,12.56,0.997611
DX,2025-05-15,12.56,Q2'25,Q1'25,12.56,1.0
DX,2025-05-16,12.61,Q2'25,Q1'25,12.56,1.003981
DX,2025-05-19,12.49,Q2'25,Q1'25,12.56,0.994427
DX,2025-05-20,12.5,Q2'25,Q1'25,12.56,0.995223
DX,2025-05-21,12.03,Q2'25,Q1'25,12.56,0.957803
DX,2025-05-22,11.99,Q2'25,Q1'25,12.56,0.954618
DX,2025-05-23,11.85,Q2'25,Q1'25,12.56,0.943471
DX,2025-05-27,11.91,Q2'25,Q1'25,12.56,0.948248
DX,2025-05-28,12.05,Q2'25,Q1'25,12.56,0.959395
DX,2025-05-29,12.11,Q2'25,Q1'25,12.56,0.964172
DX,2025-05-30,12.04,Q2'25,Q1'25,12.56,0.958599
DX,2025-06-02,11.89,Q2'25,Q1'25,12.56,0.946656
DX,2025-06-03,12.01,Q2'25,Q1'25,12.56,0.95621
DX,2025-06-04,12.06,Q2'25,Q1'25,12.56,0.960191
DX,2025-06-05,12.1,Q2'25,Q1'25,12.56,0.963376
DX,2025-06-06,12.16,Q2'25,Q1'25,12.56,0.968153
DX,2025-06-09,12.21,Q2'25,Q1'25,12.56,0.972134
DX,2025-06-10,12.3,Q2'25,Q1'25,12.56,0.979299
DX,2025-06-11,12.31,Q2'25,Q1'25,12.56,0.980096
DX,2025-06-12,12.4,Q2'25,Q1'25,12.56,0.987261
DX,2025-06-13,12.3,Q2'25,Q1'25,12.56,0.979299
DX,2025-06-16,12.3,Q2'25,Q1'25,12.56,0.979299
DX,2025-06-17,12.07,Q2'25,Q1'25,12.56,0.960987
DX,2025-06-18,12.21,Q2'25,Q1'25,12.56,0.972134
DX,2025-06-20,12.18,Q2'25,Q1'25,12.56,0.969745
DX,2025-06-23,12.01,Q2'25,Q1'25,12.56,0.95621
DX,2025-06-24,12.08,Q2'25,Q1'25,12.56,0.961783
DX,2025-06-25,12.02,Q2'25,Q1'25,12.56,0.957006
DX,2025-06-26,12.2,Q2'25,Q1'25,12.56,0.971338
DX,2025-06-27,12.12,Q2'25,Q1'25,12.56,0.964968
DX,2025-06-30,12.22,Q2'25,Q1'25,12.56,0.97293
DX,2025-07-01,12.25,Q3'25,Q2'25,11.95,1.025105
DX,2025-07-02,12.55,Q3'25,Q2'25,11.95,1.050209
DX,2025-07-03,12.81,Q3'25,Q2'25,11.95,1.071967
DX,2025-07-07,12.73,Q3'25,Q2'25,11.95,1.065272
DX,2025-07-08,12.75,Q3'25,Q2'25,11.95,1.066946
DX,2025-07-09,12.86,Q3'25,Q2'25,11.95,1.076151
DX,2025-07-10,12.84,Q3'25,Q2'25,11.95,1.074477
DX,2025-07-11,12.75,Q3'25,Q2'25,11.95,1.066946
DX,2025-07-14,12.59,Q3'25,Q2'25,11.95,1.053556
DX,2025-07-15,12.47,Q3'25,Q2'25,11.95,1.043515
DX,2025-07-16,12.65,Q3'25,Q2'25,11.95,1.058577
DX,2025-07-17,12.58,Q3'25,Q2'25,11.95,1.05272
DX,2025-07-18,12.53,Q3'25,Q2'25,11.95,1.048536
DX,2025-07-21,12.54,Q3'25,Q2'25,11.95,1.049372
DX,2025-07-22,12.72,Q3'25,Q2'25,11.95,1.064435
DX,2025-07-23,12.75,Q3'25,Q2'25,11.95,1.066946
DX,2025-07-24,12.67,Q3'25,Q2'25,11.95,1.060251
DX,2025-07-25,12.75,Q3'25,Q2'25,11.95,1.066946
DX,2025-07-28,12.67,Q3'25,Q2'25,11.95,1.060251
DX,2025-07-29,12.77,Q3'25,Q2'25,11.95,1.068619
DX,2025-07-30,12.52,Q3'25,Q2'25,11.95,1.047699
DX,2025-07-31,12.44,Q3'25,Q2'25,11.95,1.041004
DX,2025-08-01,12.45,Q3'25,Q2'25,11.95,1.041841
DX,2025-08-04,12.57,Q3'25,Q2'25,11.95,1.051883
DX,2025-08-05,12.53,Q3'25,Q2'25,11.95,1.048536
DX,2025-08-06,12.36,Q3'25,Q2'25,11.95,1.03431
DX,2025-08-07,12.33,Q3'25,Q2'25,11.95,1.031799
DX,2025-08-08,12.42,Q3'25,Q2'25,11.95,1.039331
DX,2025-08-11,12.3,Q3'25,Q2'25,11.95,1.029289
DX,2025-08-12,12.41,Q3'25,Q2'25,11.95,1.038494
DX,2025-08-13,12.63,Q3'25,Q2'25,11.95,1.056904
DX,2025-08-14,12.57,Q3'25,Q2'25,11.95,1.051883
DX,2025-08-15,12.58,Q3'25,Q2'25,11.95,1.05272
DX,2025-08-18,12.47,Q3'25,Q2'25,11.95,1.043515
DX,2025-08-19,12.49,Q3'25,Q2'25,11.95,1.045188
DX,2025-08-20,12.52,Q3'25,Q2'25,11.95,1.047699
DX,2025-08-21,12.43,Q3'25,Q2'25,11.95,1.040167
DX,2025-08-22,12.46,Q3'25,Q2'25,11.95,1.042678
DX,2025-08-25,12.44,Q3'25,Q2'25,11.95,1.041004
DX,2025-08-26,12.53,Q3'25,Q2'25,11.95,1.048536
DX,2025-08-27,12.49,Q3'25,Q2'25,11.95,1.045188
DX,2025-08-28,12.49,Q3'25,Q2'25,11.95,1.045188
DX,2025-08-29,12.62,Q3'25,Q2'25,11.95,1.056067
DX,2025-09-02,12.44,Q3'25,Q2'25,11.95,1.041004
DX,2025-09-03,12.61,Q3'25,Q2'25,11.95,1.05523
DX,2025-09-04,12.77,Q3'25,Q2'25,11.95,1.068619
DX,2025-09-05,12.92,Q3'25,Q2'25,11.95,1.081172
DX,2025-09-08,12.93,Q3'25,Q2'25,11.95,1.082008
DX,2025-09-09,12.9,Q3'25,Q2'25,11.95,1.079498
DX,2025-09-10,12.71,Q3'25,Q2'25,11.95,1.063598
DX,2025-09-11,12.56,Q3'25,Q2'25,11.95,1.051046
DX,2025-09-12,12.53,Q3'25,Q2'25,11.95,1.048536
DX,2025-09-15,12.5,Q3'25,Q2'25,11.95,1.046025
DX,2025-09-16,12.34,Q3'25,Q2'25,11.95,1.032636
DX,2025-09-17,12.47,Q3'25,Q2'25,11.95,1.043515
DX,2025-09-18,12.37,Q3'25,Q2'25,11.95,1.035146
DX,2025-09-19,12.27,Q3'25,Q2'25,11.95,1.026778
DX,2025-09-22,11.85,Q3'25,Q2'25,11.95,0.991632
DX,2025-09-23,12.1,Q3'25,Q2'25,11.95,1.012552
DX,2025-09-24,12.05,Q3'25,Q2'25,11.95,1.008368
DX,2025-09-25,12.04,Q3'25,Q2'25,11.95,1.007531
DX,2025-09-26,12.1,Q3'25,Q2'25,11.95,1.012552
DX,2025-09-29,12.07,Q3'25,Q2'25,11.95,1.010042
DX,2025-09-30,12.29,Q3'25,Q2'25,11.95,1.028452
DX,2025-10-01,12.48,Q4'25,Q3'25,12.67,0.985004
DX,2025-10-02,12.66,Q4'25,Q3'25,12.67,0.999211
DX,2025-10-03,12.73,Q4'25,Q3'25,12.67,1.004736
DX,2025-10-06,12.65,Q4'25,Q3'25,12.67,0.998421
DX,2025-10-07,12.89,Q4'25,Q3'25,12.67,1.017364
DX,2025-10-08,13.07,Q4'25,Q3'25,12.67,1.031571
DX,2025-10-09,12.96,Q4'25,Q3'25,12.67,1.022889
DX,2025-10-10,12.98,Q4'25,Q3'25,12.67,1.024467
DX,2025-10-13,13.16,Q4'25,Q3'25,12.67,1.038674
DX,2025-10-14,13.3,Q4'25,Q3'25,12.67,1.049724
DX,2025-10-15,13.29,Q4'25,Q3'25,12.67,1.048934
DX,2025-10-16,13.2,Q4'25,Q3'25,12.67,1.041831
DX,2025-10-17,13.38,Q4'25,Q3'25,12.67,1.056038
DX,2025-10-20,13.43,Q4'25,Q3'25,12.67,1.059984
DX,2025-10-21,13.29,Q4'25,Q3'25,12.67,1.048934
DX,2025-10-22,13.37,Q4'25,Q3'25,12.67,1.055249
DX,2025-10-23,13.23,Q4'25,Q3'25,12.67,1.044199
DX,2025-10-24,13.4,Q4'25,Q3'25,12.67,1.057616
DX,2025-10-27,13.58,Q4'25,Q3'25,12.67,1.071823
DX,2025-10-28,13.48,Q4'25,Q3'25,12.67,1.063931
DX,2025-10-29,13.33,Q4'25,Q3'25,12.67,1.052092
DX,2025-10-30,13.12,Q4'25,Q3'25,12.67,1.035517
DX,2025-10-31,13.24,Q4'25,Q3'25,12.67,1.044988
DX,2025-11-03,13.28,Q4'25,Q3'25,12.67,1.048145
DX,2025-11-04,13.36,Q4'25,Q3'25,12.67,1.054459
DX,2025-11-05,13.44,Q4'25,Q3'25,12.67,1.060773
DX,2025-11-06,13.35,Q4'25,Q3'25,12.67,1.05367
DX,2025-11-07,13.62,Q4'25,Q3'25,12.67,1.07498
DX,2025-11-10,13.59,Q4'25,Q3'25,12.67,1.072612
DX,2025-11-11,13.73,Q4'25,Q3'25,12.67,1.083662
DX,2025-11-12,13.72,Q4'25,Q3'25,12.67,1.082873
DX,2025-11-13,13.65,Q4'25,Q3'25,12.67,1.077348
DX,2025-11-14,13.59,Q4'25,Q3'25,12.67,1.072612
DX,2025-11-17,13.5,Q4'25,Q3'25,12.67,1.065509
DX,2025-11-18,13.51,Q4'25,Q3'25,12.67,1.066298
DX,2025-11-19,13.41,Q4'25,Q3'25,12.67,1.058406
DX,2025-11-20,13.4,Q4'25,Q3'25,12.67,1.057616
DX,2025-11-21,13.49,Q4'25,Q3'25,12.67,1.06472
DX,2025-11-24,13.53,Q4'25,Q3'25,12.67,1.067877
DX,2025-11-25,13.79,Q4'25,Q3'25,12.67,1.088398
DX,2025-11-26,13.93,Q4'25,Q3'25,12.67,1.099448
DX,2025-11-28,14.01,Q4'25,Q3'25,12.67,1.105762
DX,2025-12-01,13.88,Q4'25,Q3'25,12.67,1.095501
DX,2025-12-02,13.83,Q4'25,Q3'25,12.67,1.091555
DX,2025-12-03,13.89,Q4'25,Q3'25,12.67,1.09629
DX,2025-12-04,13.88,Q4'25,Q3'25,12.67,1.095501
DX,2025-12-05,14.03,Q4'25,Q3'25,12.67,1.10734
DX,2025-12-08,13.92,Q4'25,Q3'25,12.67,1.098658
DX,2025-12-09,13.7,Q4'25,Q3'25,12.67,1.081294
DX,2025-12-10,13.69,Q4'25,Q3'25,12.67,1.080505
DX,2025-12-11,13.52,Q4'25,Q3'25,12.67,1.067088
DX,2025-12-12,13.53,Q4'25,Q3'25,12.67,1.067877
DX,2025-12-15,13.64,Q4'25,Q3'25,12.67,1.076559
DX,2025-12-16,13.65,Q4'25,Q3'25,12.67,1.077348
DX,2025-12-17,13.7,Q4'25,Q3'25,12.67,1.081294
DX,2025-12-18,13.75,Q4'25,Q3'25,12.67,1.085241
DX,2025-12-19,13.83,Q4'25,Q3'25,12.67,1.091555
DX,2025-12-22,13.93,Q4'25,Q3'25,12.67,1.099448
DX,2025-12-23,13.81,Q4'25,Q3'25,12.67,1.089976
DX,2025-12-24,13.95,Q4'25,Q3'25,12.67,1.101026
DX,2025-12-26,13.88,Q4'25,Q3'25,12.67,1.095501
DX,2025-12-29,13.86,Q4'25,Q3'25,12.67,1.093923
DX,2025-12-30,13.92,Q4'25,Q3'25,12.67,1.098658
DX,2025-12-31,14.01,Q4'25,Q3'25,12.67,1.105762
DX,2026-01-02,14.08,Q1'26,Q4'25,13.45,1.04684
DX,2026-01-05,14.07,Q1'26,Q4'25,13.45,1.046097
DX,2026-01-06,14.07,Q1'26,Q4'25,13.45,1.046097
DX,2026-01-07,13.96,Q1'26,Q4'25,13.45,1.037918
DX,2026-01-08,13.92,Q1'26,Q4'25,13.45,1.034944
DX,2026-01-09,13.98,Q1'26,Q4'25,13.45,1.039405
DX,2026-01-12,14.05,Q1'26,Q4'25,13.45,1.04461
DX,2026-01-13,14.04,Q1'26,Q4'25,13.45,1.043866
DX,2026-01-14,14.06,Q1'26,Q4'25,13.45,1.045353
DX,2026-01-15,14.26,Q1'26,Q4'25,13.45,1.060223
DX,2026-01-16,14.65,Q1'26,Q4'25,13.45,1.089219
DX,2026-01-20,14.57,Q1'26,Q4'25,13.45,1.083271
DX,2026-01-21,14.37,Q1'26,Q4'25,13.45,1.068401
DX,2026-01-22,14.44,Q1'26,Q4'25,13.45,1.073606
DX,2026-01-23,14.62,Q1'26,Q4'25,13.45,1.086989
DX,2026-01-26,14.6,Q1'26,Q4'25,13.45,1.085502
DX,2026-01-27,14.74,Q1'26,Q4'25,13.45,1.095911
DX,2026-01-28,14.64,Q1'26,Q4'25,13.45,1.088476
DX,2026-01-29,14.57,Q1'26,Q4'25,13.45,1.083271
DX,2026-01-30,13.88,Q1'26,Q4'25,13.45,1.03197
DX,2026-02-02,13.82,Q1'26,Q4'25,13.45,1.027509
DX,2026-02-03,14.04,Q1'26,Q4'25,13.45,1.043866
DX,2026-02-04,14.09,Q1'26,Q4'25,13.45,1.047584
DX,2026-02-05,14.01,Q1'26,Q4'25,13.45,1.041636
DX,2026-02-06,14.07,Q1'26,Q4'25,13.45,1.046097
DX,2026-02-09,13.92,Q1'26,Q4'25,13.45,1.034944
DX,2026-02-10,13.83,Q1'26,Q4'25,13.45,1.028253
DX,2026-02-11,13.96,Q1'26,Q4'25,13.45,1.037918
DX,2026-02-12,14.1,Q1'26,Q4'25,13.45,1.048327
DX,2026-02-13,14.05,Q1'26,Q4'25,13.45,1.04461
DX,2026-02-17,13.97,Q1'26,Q4'25,13.45,1.038662
DX,2026-02-18,13.97,Q1'26,Q4'25,13.45,1.038662
DX,2026-02-19,14.01,Q1'26,Q4'25,13.45,1.041636
DX,2026-02-20,14.13,Q1'26,Q4'25,13.45,1.050558
DX,2026-02-23,13.97,Q1'26,Q4'25,13.45,1.038662
DX,2026-02-24,13.95,Q1'26,Q4'25,13.45,1.037175
DX,2026-02-25,13.96,Q1'26,Q4'25,13.45,1.037918
DX,2026-02-26,14.03,Q1'26,Q4'25,13.45,1.043123
DX,2026-02-27,14.03,Q1'26,Q4'25,13.45,1.043123
DX,2026-03-02,13.87,Q1'26,Q4'25,13.45,1.031227
DX,2026-03-03,13.78,Q1'26,Q4'25,13.45,1.024535
DX,2026-03-04,13.68,Q1'26,Q4'25,13.45,1.0171
DX,2026-03-05,13.61,Q1'26,Q4'25,13.45,1.011896
DX,2026-03-06,13.44,Q1'26,Q4'25,13.45,0.999256
DX,2026-03-09,13.42,Q1'26,Q4'25,13.45,0.99777
DX,2026-03-10,13.6,Q1'26,Q4'25,13.45,1.011152
DX,2026-03-11,13.53,Q1'26,Q4'25,13.45,1.005948
DX,2026-03-12,13.33,Q1'26,Q4'25,13.45,0.991078
DX,2026-03-13,13.06,Q1'26,Q4'25,13.45,0.971004
DX,2026-03-16,13.12,Q1'26,Q4'25,13.45,0.975465
DX,2026-03-17,13.22,Q1'26,Q4'25,13.45,0.9829
DX,2026-03-18,12.93,Q1'26,Q4'25,13.45,0.961338
DX,2026-03-19,12.97,Q1'26,Q4'25,13.45,0.964312
DX,2026-03-20,12.39,Q1'26,Q4'25,13.45,0.92119
DX,2026-03-23,12.42,Q1'26,Q4'25,13.45,0.92342
DX,2026-03-24,12.46,Q1'26,Q4'25,13.45,0.926394
DX,2026-03-25,12.69,Q1'26,Q4'25,13.45,0.943494
DX,2026-03-26,12.4,Q1'26,Q4'25,13.45,0.921933
DX,2026-03-27,12.17,Q1'26,Q4'25,13.45,0.904833
DX,2026-03-30,12.46,Q1'26,Q4'25,13.45,0.926394
DX,2026-03-31,12.76,Q1'26,Q4'25,13.45,0.948699
DX,2026-04-01,12.75,Q2'26,Q1'26,12.6,1.011905
DX,2026-04-02,12.87,Q2'26,Q1'26,12.6,1.021429
DX,2026-04-06,12.9,Q2'26,Q1'26,12.6,1.023809
DX,2026-04-07,12.69,Q2'26,Q1'26,12.6,1.007143
DX,2026-04-08,13.08,Q2'26,Q1'26,12.6,1.038095
DX,2026-04-09,13.21,Q2'26,Q1'26,12.6,1.048413
DX,2026-04-10,13.17,Q2'26,Q1'26,12.6,1.045238
DX,2026-04-13,13.08,Q2'26,Q1'26,12.6,1.038095
DX,2026-04-14,13.25,Q2'26,Q1'26,12.6,1.051587
DX,2026-04-15,13.41,Q2'26,Q1'26,12.6,1.064286
DX,2026-04-16,13.24,Q2'26,Q1'26,12.6,1.050794
DX,2026-04-17,13.61,Q2'26,Q1'26,12.6,1.080159
DX,2026-04-20,13.72,Q2'26,Q1'26,12.6,1.088889
DX,2026-04-21,13.76,Q2'26,Q1'26,12.6,1.092064
DX,2026-04-22,13.78,Q2'26,Q1'26,12.6,1.093651
DX,2026-04-23,13.6,Q2'26,Q1'26,12.6,1.079365
DX,2026-04-24,13.76,Q2'26,Q1'26,12.6,1.092064
DX,2026-04-27,13.79,Q2'26,Q1'26,12.6,1.094444
DX,2026-04-28,13.74,Q2'26,Q1'26,12.6,1.090476
DX,2026-04-29,13.5,Q2'26,Q1'26,12.6,1.071429
DX,2026-04-30,13.62,Q2'26,Q1'26,12.6,1.080952
DX,2026-05-01,13.57,Q2'26,Q1'26,12.6,1.076984
DX,2026-05-04,13.26,Q2'26,Q1'26,12.6,1.052381
DX,2026-05-05,13.34,Q2'26,Q1'26,12.6,1.05873
DX,2026-05-06,13.35,Q2'26,Q1'26,12.6,1.059524
DX,2026-05-07,13.32,Q2'26,Q1'26,12.6,1.057143
DX,2026-05-08,13.41,Q2'26,Q1'26,12.6,1.064286
DX,2026-05-11,13.37,Q2'26,Q1'26,12.6,1.061111
DX,2026-05-12,13.3,Q2'26,Q1'26,12.6,1.055556
DX,2026-05-13,13.19,Q2'26,Q1'26,12.6,1.046825
DX,2026-05-14,13.11,Q2'26,Q1'26,12.6,1.040476
DX,2026-05-15,12.97,Q2'26,Q1'26,12.6,1.029365
DX,2026-05-18,12.99,Q2'26,Q1'26,12.6,1.030952
DX,2026-05-19,12.78,Q2'26,Q1'26,12.6,1.014286
DX,2026-05-20,12.87,Q2'26,Q1'26,12.6,1.021429
DX,2026-05-21,12.85,Q2'26,Q1'26,12.6,1.019841
DX,2026-05-22,12.72,Q2'26,Q1'26,12.6,1.009524
DX,2026-05-26,13.0,Q2'26,Q1'26,12.6,1.031746
DX,2026-05-27,13.05,Q2'26,Q1'26,12.6,1.035714
DX,2026-05-28,13.03,Q2'26,Q1'26,12.6,1.034127
DX,2026-05-29,13.09,Q2'26,Q1'26,12.6,1.038889
DX,2026-06-01,12.97,Q2'26,Q1'26,12.6,1.029365
DX,2026-06-02,12.87,Q2'26,Q1'26,12.6,1.021429
DX,2026-06-03,12.79,Q2'26,Q1'26,12.6,1.015079
DX,2026-06-04,13.01,Q2'26,Q1'26,12.6,1.03254
DX,2026-06-05,12.87,Q2'26,Q1'26,12.6,1.021429
DX,2026-06-08,12.73,Q2'26,Q1'26,12.6,1.010317
DX,2026-06-09,12.96,Q2'26,Q1'26,12.6,1.028571
DX,2026-06-10,12.76,Q2'26,Q1'26,12.6,1.012698
DX,2026-06-11,12.9,Q2'26,Q1'26,12.6,1.023809
DX,2026-06-12,12.93,Q2'26,Q1'26,12.6,1.026191
DX,2026-06-15,13.1,Q2'26,Q1'26,12.6,1.039683
DX,2026-06-16,13.21,Q2'26,Q1'26,12.6,1.048413
DX,2026-06-17,13.05,Q2'26,Q1'26,12.6,1.035714
DX,2026-06-18,13.06,Q2'26,Q1'26,12.6,1.036508
DX,2026-06-22,12.84,Q2'26,Q1'26,12.6,1.019048
DX,2026-06-23,12.92,Q2'26,Q1'26,12.6,1.025397
DX,2026-06-24,13.01,Q2'26,Q1'26,12.6,1.03254
DX,2026-06-25,13.09,Q2'26,Q1'26,12.6,1.038889
DX,2026-06-26,13.14,Q2'26,Q1'26,12.6,1.042857
DX,2026-06-29,13.18,Q2'26,Q1'26,12.6,1.046032
DX,2026-06-30,13.11,Q2'26,Q1'26,12.6,1.040476
DX,2026-07-01,12.96,Q3'26,Q2'26,12.9,1.004651
DX,2026-07-02,13.01,Q3'26,Q2'26,12.9,1.008527
DX,2026-07-06,13.24,Q3'26,Q2'26,12.9,1.026357
DX,2026-07-07,13.17,Q3'26,Q2'26,12.9,1.02093
DX,2026-07-08,13.02,Q3'26,Q2'26,12.9,1.009302
DX,2026-07-09,13.15,Q3'26,Q2'26,12.9,1.01938
DX,2026-07-10,13.15,Q3'26,Q2'26,12.9,1.01938
DX,2026-07-13,12.98,Q3'26,Q2'26,12.9,1.006202
DX,2026-07-14,13.22,Q3'26,Q2'26,12.9,1.024806
DX,2026-07-15,13.32,Q3'26,Q2'26,12.9,1.032558
DX,2026-07-16,13.53,Q3'26,Q2'26,12.9,1.048837
DX,2026-07-17,13.33,Q3'26,Q2'26,12.9,1.033333
DX,2026-07-20,13.12,Q3'26,Q2'26,12.9,1.017054
DX,2026-07-21,13.02,Q3'26,Q2'26,12.9,1.009302
DX,2026-07-22,12.95,Q3'26,Q2'26,12.9,1.003876
DX,2026-07-23,12.6,Q3'26,Q2'26,12.9,0.976744
DX,2026-07-24,12.6,Q3'26,Q2'26,12.9,0.976744
DX,2026-07-27,12.64,Q3'26,Q2'26,12.9,0.979845
DX,2026-07-28,12.91,Q3'26,Q2'26,12.9,1.000775
DX,2026-07-29,12.83,Q3'26,Q2'26,12.9,0.994574
DX,2026-07-30,12.82,Q3'26,Q2'26,12.9,0.993798
DX,2026-07-31,12.71,Q3'26,Q2'26,12.9,0.985271
DX,2026-08-03,12.71,Q3'26,Q2'26,12.9,0.985271
DX,2026-08-04,12.76,Q3'26,Q2'26,12.9,0.989147
DX,2026-08-05,12.85,Q3'26,Q2'26,12.9,0.996124
DX,2026-08-06,12.81,Q3'26,Q2'26,12.9,0.993023
DX,2026-08-07,12.95,Q3'26,Q2'26,12.9,1.003876
DX,2026-08-10,12.78,Q3'26,Q2'26,12.9,0.990698
DX,2026-08-11,12.93,Q3'26,Q2'26,12.9,1.002326
DX,2026-08-12,12.97,Q3'26,Q2'26,12.9,1.005426
DX,2026-08-13,13.02,Q3'26,Q2'26,12.9,1.009302
DX,2026-08-14,13.06,Q3'26,Q2'26,12.9,1.012403
DX,2026-08-17,13.07,Q3'26,Q2'26,12.9,1.013178
DX,2026-08-18,13.18,Q3'26,Q2'26,12.9,1.021705
DX,2026-08-19,13.33,Q3'26,Q2'26,12.9,1.033333
EFC,2021-07-01,19.23,Q3'21,Q2'21,18.47,1.041148
EFC,2021-07-02,19.13,Q3'21,Q2'21,18.47,1.035734
EFC,2021-07-06,18.88,Q3'21,Q2'21,18.47,1.022198
EFC,2021-07-07,18.09,Q3'21,Q2'21,18.47,0.979426
EFC,2021-07-08,17.99,Q3'21,Q2'21,18.47,0.974012
EFC,2021-07-09,18.22,Q3'21,Q2'21,18.47,0.986464
EFC,2021-07-12,18.24,Q3'21,Q2'21,18.47,0.987547
EFC,2021-07-13,17.89,Q3'21,Q2'21,18.47,0.968598
EFC,2021-07-14,17.68,Q3'21,Q2'21,18.47,0.957228
EFC,2021-07-15,17.83,Q3'21,Q2'21,18.47,0.965349
EFC,2021-07-16,18.16,Q3'21,Q2'21,18.47,0.983216
EFC,2021-07-19,17.79,Q3'21,Q2'21,18.47,0.963184
EFC,2021-07-20,18.12,Q3'21,Q2'21,18.47,0.98105
EFC,2021-07-21,18.17,Q3'21,Q2'21,18.47,0.983757
EFC,2021-07-22,18.06,Q3'21,Q2'21,18.47,0.977802
EFC,2021-07-23,18.12,Q3'21,Q2'21,18.47,0.98105
EFC,2021-07-26,18.22,Q3'21,Q2'21,18.47,0.986464
EFC,2021-07-27,18.23,Q3'21,Q2'21,18.47,0.987006
EFC,2021-07-28,18.21,Q3'21,Q2'21,18.47,0.985923
EFC,2021-07-29,18.21,Q3'21,Q2'21,18.47,0.985923
EFC,2021-07-30,18.18,Q3'21,Q2'21,18.47,0.984299
EFC,2021-08-02,18.01,Q3'21,Q2'21,18.47,0.975095
EFC,2021-08-03,18.2,Q3'21,Q2'21,18.47,0.985382
EFC,2021-08-04,18.12,Q3'21,Q2'21,18.47,0.98105
EFC,2021-08-05,18.12,Q3'21,Q2'21,18.47,0.98105
EFC,2021-08-06,18.37,Q3'21,Q2'21,18.47,0.994586
EFC,2021-08-09,18.14,Q3'21,Q2'21,18.47,0.982133
EFC,2021-08-10,18.32,Q3'21,Q2'21,18.47,0.991879
EFC,2021-08-11,18.25,Q3'21,Q2'21,18.47,0.988089
EFC,2021-08-12,18.43,Q3'21,Q2'21,18.47,0.997834
EFC,2021-08-13,18.5,Q3'21,Q2'21,18.47,1.001624
EFC,2021-08-16,18.38,Q3'21,Q2'21,18.47,0.995127
EFC,2021-08-17,18.44,Q3'21,Q2'21,18.47,0.998376
EFC,2021-08-18,18.24,Q3'21,Q2'21,18.47,0.987547
EFC,2021-08-19,18.07,Q3'21,Q2'21,18.47,0.978343
EFC,2021-08-20,18.35,Q3'21,Q2'21,18.47,0.993503
EFC,2021-08-23,18.42,Q3'21,Q2'21,18.47,0.997293
EFC,2021-08-24,18.65,Q3'21,Q2'21,18.47,1.009746
EFC,2021-08-25,18.69,Q3'21,Q2'21,18.47,1.011911
EFC,2021-08-26,18.55,Q3'21,Q2'21,18.47,1.004331
EFC,2021-08-27,18.72,Q3'21,Q2'21,18.47,1.013535
EFC,2021-08-30,18.44,Q3'21,Q2'21,18.47,0.998376
EFC,2021-08-31,18.52,Q3'21,Q2'21,18.47,1.002707
EFC,2021-09-01,18.53,Q3'21,Q2'21,18.47,1.003249
EFC,2021-09-02,18.57,Q3'21,Q2'21,18.47,1.005414
EFC,2021-09-03,18.52,Q3'21,Q2'21,18.47,1.002707
EFC,2021-09-07,18.26,Q3'21,Q2'21,18.47,0.98863
EFC,2021-09-08,18.27,Q3'21,Q2'21,18.47,0.989172
EFC,2021-09-09,18.47,Q3'21,Q2'21,18.47,1.0
EFC,2021-09-10,18.33,Q3'21,Q2'21,18.47,0.99242
EFC,2021-09-13,18.51,Q3'21,Q2'21,18.47,1.002166
EFC,2021-09-14,18.45,Q3'21,Q2'21,18.47,0.998917
EFC,2021-09-15,18.6,Q3'21,Q2'21,18.47,1.007038
EFC,2021-09-16,18.62,Q3'21,Q2'21,18.47,1.008121
EFC,2021-09-17,18.3,Q3'21,Q2'21,18.47,0.990796
EFC,2021-09-20,18.3,Q3'21,Q2'21,18.47,0.990796
EFC,2021-09-21,18.29,Q3'21,Q2'21,18.47,0.990255
EFC,2021-09-22,18.6,Q3'21,Q2'21,18.47,1.007038
EFC,2021-09-23,18.64,Q3'21,Q2'21,18.47,1.009204
EFC,2021-09-24,18.66,Q3'21,Q2'21,18.47,1.010287
EFC,2021-09-27,18.81,Q3'21,Q2'21,18.47,1.018408
EFC,2021-09-28,18.49,Q3'21,Q2'21,18.47,1.001083
EFC,2021-09-29,18.38,Q3'21,Q2'21,18.47,0.995127
EFC,2021-09-30,18.29,Q3'21,Q2'21,18.47,0.990255
EFC,2021-10-01,18.55,Q4'21,Q3'21,18.35,1.010899
EFC,2021-10-04,18.57,Q4'21,Q3'21,18.35,1.011989
EFC,2021-10-05,18.65,Q4'21,Q3'21,18.35,1.016349
EFC,2021-10-06,18.63,Q4'21,Q3'21,18.35,1.015259
EFC,2021-10-07,18.63,Q4'21,Q3'21,18.35,1.015259
EFC,2021-10-08,18.73,Q4'21,Q3'21,18.35,1.020708
EFC,2021-10-11,18.78,Q4'21,Q3'21,18.35,1.023433
EFC,2021-10-12,18.88,Q4'21,Q3'21,18.35,1.028883
EFC,2021-10-13,18.14,Q4'21,Q3'21,18.35,0.988556
EFC,2021-10-14,18.34,Q4'21,Q3'21,18.35,0.999455
EFC,2021-10-15,18.23,Q4'21,Q3'21,18.35,0.99346
EFC,2021-10-18,18.4,Q4'21,Q3'21,18.35,1.002725
EFC,2021-10-19,18.35,Q4'21,Q3'21,18.35,1.0
EFC,2021-10-20,18.44,Q4'21,Q3'21,18.35,1.004905
EFC,2021-10-21,18.48,Q4'21,Q3'21,18.35,1.007084
EFC,2021-10-22,18.42,Q4'21,Q3'21,18.35,1.003815
EFC,2021-10-25,18.59,Q4'21,Q3'21,18.35,1.013079
EFC,2021-10-26,18.46,Q4'21,Q3'21,18.35,1.005995
EFC,2021-10-27,18.44,Q4'21,Q3'21,18.35,1.004905
EFC,2021-10-28,18.41,Q4'21,Q3'21,18.35,1.00327
EFC,2021-10-29,18.18,Q4'21,Q3'21,18.35,0.990736
EFC,2021-11-01,18.37,Q4'21,Q3'21,18.35,1.00109
EFC,2021-11-02,18.09,Q4'21,Q3'21,18.35,0.985831
EFC,2021-11-03,18.29,Q4'21,Q3'21,18.35,0.99673
EFC,2021-11-04,18.26,Q4'21,Q3'21,18.35,0.995095
EFC,2021-11-05,18.43,Q4'21,Q3'21,18.35,1.00436
EFC,2021-11-08,18.16,Q4'21,Q3'21,18.35,0.989646
EFC,2021-11-09,18.21,Q4'21,Q3'21,18.35,0.992371
EFC,2021-11-10,18.08,Q4'21,Q3'21,18.35,0.985286
EFC,2021-11-11,18.09,Q4'21,Q3'21,18.35,0.985831
EFC,2021-11-12,17.91,Q4'21,Q3'21,18.35,0.976022
EFC,2021-11-15,17.99,Q4'21,Q3'21,18.35,0.980381
EFC,2021-11-16,17.88,Q4'21,Q3'21,18.35,0.974387
EFC,2021-11-17,17.8,Q4'21,Q3'21,18.35,0.970027
EFC,2021-11-18,17.71,Q4'21,Q3'21,18.35,0.965123
EFC,2021-11-19,17.69,Q4'21,Q3'21,18.35,0.964033
EFC,2021-11-22,17.67,Q4'21,Q3'21,18.35,0.962943
EFC,2021-11-23,17.66,Q4'21,Q3'21,18.35,0.962398
EFC,2021-11-24,17.68,Q4'21,Q3'21,18.35,0.963488
EFC,2021-11-26,17.32,Q4'21,Q3'21,18.35,0.943869
EFC,2021-11-29,17.16,Q4'21,Q3'21,18.35,0.93515
EFC,2021-11-30,16.57,Q4'21,Q3'21,18.35,0.902997
EFC,2021-12-01,16.49,Q4'21,Q3'21,18.35,0.898638
EFC,2021-12-02,17.01,Q4'21,Q3'21,18.35,0.926975
EFC,2021-12-03,17.08,Q4'21,Q3'21,18.35,0.93079
EFC,2021-12-06,17.21,Q4'21,Q3'21,18.35,0.937875
EFC,2021-12-07,17.49,Q4'21,Q3'21,18.35,0.953134
EFC,2021-12-08,17.57,Q4'21,Q3'21,18.35,0.957493
EFC,2021-12-09,17.55,Q4'21,Q3'21,18.35,0.956403
EFC,2021-12-10,17.42,Q4'21,Q3'21,18.35,0.949319
EFC,2021-12-13,17.12,Q4'21,Q3'21,18.35,0.93297
EFC,2021-12-14,16.75,Q4'21,Q3'21,18.35,0.912807
EFC,2021-12-15,16.78,Q4'21,Q3'21,18.35,0.914441
EFC,2021-12-16,16.63,Q4'21,Q3'21,18.35,0.906267
EFC,2021-12-17,16.46,Q4'21,Q3'21,18.35,0.897003
EFC,2021-12-20,15.89,Q4'21,Q3'21,18.35,0.86594
EFC,2021-12-21,16.74,Q4'21,Q3'21,18.35,0.912262
EFC,2021-12-22,16.97,Q4'21,Q3'21,18.35,0.924796
EFC,2021-12-23,17.03,Q4'21,Q3'21,18.35,0.928065
EFC,2021-12-27,17.26,Q4'21,Q3'21,18.35,0.940599
EFC,2021-12-28,17.28,Q4'21,Q3'21,18.35,0.941689
EFC,2021-12-29,17.13,Q4'21,Q3'21,18.35,0.933515
EFC,2021-12-30,16.99,Q4'21,Q3'21,18.35,0.925886
EFC,2021-12-31,17.09,Q4'21,Q3'21,18.35,0.931335
EFC,2022-01-03,17.44,Q1'22,Q4'21,18.39,0.948342
EFC,2022-01-04,17.38,Q1'22,Q4'21,18.39,0.945079
EFC,2022-01-05,17.22,Q1'22,Q4'21,18.39,0.936378
EFC,2022-01-06,17.29,Q1'22,Q4'21,18.39,0.940185
EFC,2022-01-07,17.37,Q1'22,Q4'21,18.39,0.944535
EFC,2022-01-10,17.43,Q1'22,Q4'21,18.39,0.947798
EFC,2022-01-11,17.61,Q1'22,Q4'21,18.39,0.957586
EFC,2022-01-12,17.67,Q1'22,Q4'21,18.39,0.960848
EFC,2022-01-13,17.61,Q1'22,Q4'21,18.39,0.957586
EFC,2022-01-14,17.7,Q1'22,Q4'21,18.39,0.96248
EFC,2022-01-18,17.89,Q1'22,Q4'21,18.39,0.972811
EFC,2022-01-19,17.7,Q1'22,Q4'21,18.39,0.96248
EFC,2022-01-20,17.64,Q1'22,Q4'21,18.39,0.959217
EFC,2022-01-21,17.48,Q1'22,Q4'21,18.39,0.950517
EFC,2022-01-24,17.05,Q1'22,Q4'21,18.39,0.927134
EFC,2022-01-25,17.74,Q1'22,Q4'21,18.39,0.964655
EFC,2022-01-26,17.64,Q1'22,Q4'21,18.39,0.959217
EFC,2022-01-27,17.62,Q1'22,Q4'21,18.39,0.958129
EFC,2022-01-28,17.55,Q1'22,Q4'21,18.39,0.954323
EFC,2022-01-31,17.77,Q1'22,Q4'21,18.39,0.966286
EFC,2022-02-01,17.7,Q1'22,Q4'21,18.39,0.96248
EFC,2022-02-02,17.65,Q1'22,Q4'21,18.39,0.959761
EFC,2022-02-03,17.5,Q1'22,Q4'21,18.39,0.951604
EFC,2022-02-04,17.43,Q1'22,Q4'21,18.39,0.947798
EFC,2022-02-07,17.39,Q1'22,Q4'21,18.39,0.945623
EFC,2022-02-08,17.62,Q1'22,Q4'21,18.39,0.958129
EFC,2022-02-09,17.72,Q1'22,Q4'21,18.39,0.963567
EFC,2022-02-10,17.53,Q1'22,Q4'21,18.39,0.953235
EFC,2022-02-11,17.51,Q1'22,Q4'21,18.39,0.952148
EFC,2022-02-14,17.48,Q1'22,Q4'21,18.39,0.950517
EFC,2022-02-15,17.65,Q1'22,Q4'21,18.39,0.959761
EFC,2022-02-16,17.75,Q1'22,Q4'21,18.39,0.965198
EFC,2022-02-17,17.52,Q1'22,Q4'21,18.39,0.952692
EFC,2022-02-18,17.54,Q1'22,Q4'21,18.39,0.953779
EFC,2022-02-22,17.15,Q1'22,Q4'21,18.39,0.932572
EFC,2022-02-23,16.83,Q1'22,Q4'21,18.39,0.915171
EFC,2022-02-24,17.29,Q1'22,Q4'21,18.39,0.940185
EFC,2022-02-25,17.55,Q1'22,Q4'21,18.39,0.954323
EFC,2022-02-28,17.67,Q1'22,Q4'21,18.39,0.960848
EFC,2022-03-01,17.55,Q1'22,Q4'21,18.39,0.954323
EFC,2022-03-02,17.78,Q1'22,Q4'21,18.39,0.96683
EFC,2022-03-03,17.81,Q1'22,Q4'21,18.39,0.968461
EFC,2022-03-04,17.69,Q1'22,Q4'21,18.39,0.961936
EFC,2022-03-07,17.39,Q1'22,Q4'21,18.39,0.945623
EFC,2022-03-08,17.63,Q1'22,Q4'21,18.39,0.958673
EFC,2022-03-09,17.65,Q1'22,Q4'21,18.39,0.959761
EFC,2022-03-10,17.8,Q1'22,Q4'21,18.39,0.967917
EFC,2022-03-11,17.77,Q1'22,Q4'21,18.39,0.966286
EFC,2022-03-14,17.62,Q1'22,Q4'21,18.39,0.958129
EFC,2022-03-15,17.67,Q1'22,Q4'21,18.39,0.960848
EFC,2022-03-16,17.82,Q1'22,Q4'21,18.39,0.969005
EFC,2022-03-17,17.63,Q1'22,Q4'21,18.39,0.958673
EFC,2022-03-18,17.62,Q1'22,Q4'21,18.39,0.958129
EFC,2022-03-21,17.66,Q1'22,Q4'21,18.39,0.960305
EFC,2022-03-22,17.77,Q1'22,Q4'21,18.39,0.966286
EFC,2022-03-23,17.76,Q1'22,Q4'21,18.39,0.965742
EFC,2022-03-24,17.83,Q1'22,Q4'21,18.39,0.969549
EFC,2022-03-25,17.94,Q1'22,Q4'21,18.39,0.97553
EFC,2022-03-28,17.99,Q1'22,Q4'21,18.39,0.978249
EFC,2022-03-29,18.01,Q1'22,Q4'21,18.39,0.979337
EFC,2022-03-30,17.87,Q1'22,Q4'21,18.39,0.971724
EFC,2022-03-31,17.75,Q1'22,Q4'21,18.39,0.965198
EFC,2022-04-01,17.71,Q2'22,Q1'22,17.74,0.998309
EFC,2022-04-04,17.64,Q2'22,Q1'22,17.74,0.994363
EFC,2022-04-05,17.41,Q2'22,Q1'22,17.74,0.981398
EFC,2022-04-06,17.33,Q2'22,Q1'22,17.74,0.976888
EFC,2022-04-07,17.08,Q2'22,Q1'22,17.74,0.962796
EFC,2022-04-08,17.08,Q2'22,Q1'22,17.74,0.962796
EFC,2022-04-11,16.97,Q2'22,Q1'22,17.74,0.956595
EFC,2022-04-12,16.97,Q2'22,Q1'22,17.74,0.956595
EFC,2022-04-13,17.12,Q2'22,Q1'22,17.74,0.965051
EFC,2022-04-14,17.11,Q2'22,Q1'22,17.74,0.964487
EFC,2022-04-18,16.97,Q2'22,Q1'22,17.74,0.956595
EFC,2022-04-19,16.45,Q2'22,Q1'22,17.74,0.927283
EFC,2022-04-20,16.82,Q2'22,Q1'22,17.74,0.94814
EFC,2022-04-21,16.81,Q2'22,Q1'22,17.74,0.947576
EFC,2022-04-22,16.58,Q2'22,Q1'22,17.74,0.934611
EFC,2022-04-25,16.48,Q2'22,Q1'22,17.74,0.928974
EFC,2022-04-26,16.11,Q2'22,Q1'22,17.74,0.908117
EFC,2022-04-27,16.24,Q2'22,Q1'22,17.74,0.915445
EFC,2022-04-28,16.24,Q2'22,Q1'22,17.74,0.915445
EFC,2022-04-29,16.19,Q2'22,Q1'22,17.74,0.912627
EFC,2022-05-02,15.95,Q2'22,Q1'22,17.74,0.899098
EFC,2022-05-03,16.64,Q2'22,Q1'22,17.74,0.937993
EFC,2022-05-04,16.86,Q2'22,Q1'22,17.74,0.950395
EFC,2022-05-05,16.65,Q2'22,Q1'22,17.74,0.938557
EFC,2022-05-06,15.86,Q2'22,Q1'22,17.74,0.894025
EFC,2022-05-09,15.03,Q2'22,Q1'22,17.74,0.847238
EFC,2022-05-10,15.01,Q2'22,Q1'22,17.74,0.84611
EFC,2022-05-11,14.99,Q2'22,Q1'22,17.74,0.844983
EFC,2022-05-12,14.61,Q2'22,Q1'22,17.74,0.823563
EFC,2022-05-13,15.07,Q2'22,Q1'22,17.74,0.849493
EFC,2022-05-16,15.1,Q2'22,Q1'22,17.74,0.851184
EFC,2022-05-17,15.45,Q2'22,Q1'22,17.74,0.870913
EFC,2022-05-18,15.04,Q2'22,Q1'22,17.74,0.847802
EFC,2022-05-19,14.94,Q2'22,Q1'22,17.74,0.842165
EFC,2022-05-20,15.0,Q2'22,Q1'22,17.74,0.845547
EFC,2022-05-23,15.21,Q2'22,Q1'22,17.74,0.857384
EFC,2022-05-24,15.28,Q2'22,Q1'22,17.74,0.86133
EFC,2022-05-25,15.26,Q2'22,Q1'22,17.74,0.860203
EFC,2022-05-26,15.44,Q2'22,Q1'22,17.74,0.870349
EFC,2022-05-27,15.45,Q2'22,Q1'22,17.74,0.870913
EFC,2022-05-31,15.49,Q2'22,Q1'22,17.74,0.873168
EFC,2022-06-01,15.67,Q2'22,Q1'22,17.74,0.883315
EFC,2022-06-02,15.82,Q2'22,Q1'22,17.74,0.89177
EFC,2022-06-03,15.68,Q2'22,Q1'22,17.74,0.883878
EFC,2022-06-06,15.6,Q2'22,Q1'22,17.74,0.879369
EFC,2022-06-07,15.75,Q2'22,Q1'22,17.74,0.887824
EFC,2022-06-08,15.66,Q2'22,Q1'22,17.74,0.882751
EFC,2022-06-09,15.98,Q2'22,Q1'22,17.74,0.900789
EFC,2022-06-10,15.67,Q2'22,Q1'22,17.74,0.883315
EFC,2022-06-13,14.05,Q2'22,Q1'22,17.74,0.791996
EFC,2022-06-14,13.78,Q2'22,Q1'22,17.74,0.776776
EFC,2022-06-15,13.87,Q2'22,Q1'22,17.74,0.781849
EFC,2022-06-16,12.83,Q2'22,Q1'22,17.74,0.723224
EFC,2022-06-17,13.37,Q2'22,Q1'22,17.74,0.753664
EFC,2022-06-21,14.06,Q2'22,Q1'22,17.74,0.792559
EFC,2022-06-22,14.17,Q2'22,Q1'22,17.74,0.79876
EFC,2022-06-23,14.57,Q2'22,Q1'22,17.74,0.821308
EFC,2022-06-24,15.03,Q2'22,Q1'22,17.74,0.847238
EFC,2022-06-27,14.87,Q2'22,Q1'22,17.74,0.838219
EFC,2022-06-28,14.78,Q2'22,Q1'22,17.74,0.833145
EFC,2022-06-29,14.59,Q2'22,Q1'22,17.74,0.822435
EFC,2022-06-30,14.67,Q2'22,Q1'22,17.74,0.826945
EFC,2022-07-01,15.14,Q3'22,Q2'22,16.22,0.933416
EFC,2022-07-05,15.17,Q3'22,Q2'22,16.22,0.935265
EFC,2022-07-06,15.02,Q3'22,Q2'22,16.22,0.926017
EFC,2022-07-07,15.21,Q3'22,Q2'22,16.22,0.937731
EFC,2022-07-08,15.42,Q3'22,Q2'22,16.22,0.950678
EFC,2022-07-11,15.28,Q3'22,Q2'22,16.22,0.942047
EFC,2022-07-12,15.38,Q3'22,Q2'22,16.22,0.948212
EFC,2022-07-13,15.51,Q3'22,Q2'22,16.22,0.956227
EFC,2022-07-14,15.3,Q3'22,Q2'22,16.22,0.94328
EFC,2022-07-15,15.36,Q3'22,Q2'22,16.22,0.946979
EFC,2022-07-18,14.78,Q3'22,Q2'22,16.22,0.911221
EFC,2022-07-19,15.41,Q3'22,Q2'22,16.22,0.950062
EFC,2022-07-20,15.56,Q3'22,Q2'22,16.22,0.95931
EFC,2022-07-21,15.77,Q3'22,Q2'22,16.22,0.972257
EFC,2022-07-22,15.65,Q3'22,Q2'22,16.22,0.964858
EFC,2022-07-25,15.75,Q3'22,Q2'22,16.22,0.971023
EFC,2022-07-26,15.75,Q3'22,Q2'22,16.22,0.971023
EFC,2022-07-27,16.12,Q3'22,Q2'22,16.22,0.993835
EFC,2022-07-28,16.2,Q3'22,Q2'22,16.22,0.998767
EFC,2022-07-29,16.05,Q3'22,Q2'22,16.22,0.989519
EFC,2022-08-01,16.2,Q3'22,Q2'22,16.22,0.998767
EFC,2022-08-02,15.88,Q3'22,Q2'22,16.22,0.979038
EFC,2022-08-03,15.93,Q3'22,Q2'22,16.22,0.982121
EFC,2022-08-04,15.78,Q3'22,Q2'22,16.22,0.972873
EFC,2022-08-05,15.63,Q3'22,Q2'22,16.22,0.963625
EFC,2022-08-08,15.77,Q3'22,Q2'22,16.22,0.972257
EFC,2022-08-09,15.75,Q3'22,Q2'22,16.22,0.971023
EFC,2022-08-10,15.69,Q3'22,Q2'22,16.22,0.967324
EFC,2022-08-11,15.62,Q3'22,Q2'22,16.22,0.963009
EFC,2022-08-12,15.68,Q3'22,Q2'22,16.22,0.966708
EFC,2022-08-15,15.66,Q3'22,Q2'22,16.22,0.965475
EFC,2022-08-16,15.72,Q3'22,Q2'22,16.22,0.969174
EFC,2022-08-17,15.62,Q3'22,Q2'22,16.22,0.963009
EFC,2022-08-18,15.61,Q3'22,Q2'22,16.22,0.962392
EFC,2022-08-19,15.52,Q3'22,Q2'22,16.22,0.956843
EFC,2022-08-22,15.1,Q3'22,Q2'22,16.22,0.930949
EFC,2022-08-23,15.27,Q3'22,Q2'22,16.22,0.94143
EFC,2022-08-24,15.27,Q3'22,Q2'22,16.22,0.94143
EFC,2022-08-25,15.42,Q3'22,Q2'22,16.22,0.950678
EFC,2022-08-26,15.32,Q3'22,Q2'22,16.22,0.944513
EFC,2022-08-29,15.21,Q3'22,Q2'22,16.22,0.937731
EFC,2022-08-30,14.62,Q3'22,Q2'22,16.22,0.901356
EFC,2022-08-31,14.68,Q3'22,Q2'22,16.22,0.905056
EFC,2022-09-01,14.16,Q3'22,Q2'22,16.22,0.872996
EFC,2022-09-02,14.15,Q3'22,Q2'22,16.22,0.87238
EFC,2022-09-06,14.14,Q3'22,Q2'22,16.22,0.871763
EFC,2022-09-07,14.33,Q3'22,Q2'22,16.22,0.883477
EFC,2022-09-08,14.44,Q3'22,Q2'22,16.22,0.890259
EFC,2022-09-09,14.8,Q3'22,Q2'22,16.22,0.912454
EFC,2022-09-12,14.94,Q3'22,Q2'22,16.22,0.921085
EFC,2022-09-13,14.52,Q3'22,Q2'22,16.22,0.895191
EFC,2022-09-14,14.52,Q3'22,Q2'22,16.22,0.895191
EFC,2022-09-15,14.23,Q3'22,Q2'22,16.22,0.877312
EFC,2022-09-16,14.48,Q3'22,Q2'22,16.22,0.892725
EFC,2022-09-19,14.42,Q3'22,Q2'22,16.22,0.889026
EFC,2022-09-20,14.24,Q3'22,Q2'22,16.22,0.877928
EFC,2022-09-21,14.09,Q3'22,Q2'22,16.22,0.868681
EFC,2022-09-22,13.81,Q3'22,Q2'22,16.22,0.851418
EFC,2022-09-23,13.28,Q3'22,Q2'22,16.22,0.818742
EFC,2022-09-26,12.15,Q3'22,Q2'22,16.22,0.749075
EFC,2022-09-27,12.18,Q3'22,Q2'22,16.22,0.750925
EFC,2022-09-28,12.48,Q3'22,Q2'22,16.22,0.76942
EFC,2022-09-29,11.54,Q3'22,Q2'22,16.22,0.711467
EFC,2022-09-30,11.37,Q3'22,Q2'22,16.22,0.700986
EFC,2022-10-03,11.48,Q4'22,Q3'22,15.22,0.754271
EFC,2022-10-04,12.54,Q4'22,Q3'22,15.22,0.823916
EFC,2022-10-05,12.09,Q4'22,Q3'22,15.22,0.79435
EFC,2022-10-06,11.7,Q4'22,Q3'22,15.22,0.768725
EFC,2022-10-07,11.57,Q4'22,Q3'22,15.22,0.760184
EFC,2022-10-10,11.11,Q4'22,Q3'22,15.22,0.729961
EFC,2022-10-11,11.7,Q4'22,Q3'22,15.22,0.768725
EFC,2022-10-12,11.66,Q4'22,Q3'22,15.22,0.766097
EFC,2022-10-13,11.91,Q4'22,Q3'22,15.22,0.782523
EFC,2022-10-14,11.74,Q4'22,Q3'22,15.22,0.771353
EFC,2022-10-17,11.96,Q4'22,Q3'22,15.22,0.785808
EFC,2022-10-18,12.16,Q4'22,Q3'22,15.22,0.798949
EFC,2022-10-19,12.21,Q4'22,Q3'22,15.22,0.802234
EFC,2022-10-20,12.26,Q4'22,Q3'22,15.22,0.805519
EFC,2022-10-21,12.3,Q4'22,Q3'22,15.22,0.808147
EFC,2022-10-24,12.33,Q4'22,Q3'22,15.22,0.810118
EFC,2022-10-25,12.7,Q4'22,Q3'22,15.22,0.834428
EFC,2022-10-26,13.0,Q4'22,Q3'22,15.22,0.854139
EFC,2022-10-27,13.15,Q4'22,Q3'22,15.22,0.863995
EFC,2022-10-28,13.33,Q4'22,Q3'22,15.22,0.875821
EFC,2022-10-31,13.38,Q4'22,Q3'22,15.22,0.879106
EFC,2022-11-01,13.11,Q4'22,Q3'22,15.22,0.861367
EFC,2022-11-02,12.71,Q4'22,Q3'22,15.22,0.835085
EFC,2022-11-03,12.76,Q4'22,Q3'22,15.22,0.838371
EFC,2022-11-04,13.22,Q4'22,Q3'22,15.22,0.868594
EFC,2022-11-07,13.4,Q4'22,Q3'22,15.22,0.88042
EFC,2022-11-08,13.64,Q4'22,Q3'22,15.22,0.896189
EFC,2022-11-09,13.66,Q4'22,Q3'22,15.22,0.897503
EFC,2022-11-10,14.39,Q4'22,Q3'22,15.22,0.945467
EFC,2022-11-11,14.57,Q4'22,Q3'22,15.22,0.957293
EFC,2022-11-14,14.33,Q4'22,Q3'22,15.22,0.941524
EFC,2022-11-15,14.34,Q4'22,Q3'22,15.22,0.942181
EFC,2022-11-16,14.12,Q4'22,Q3'22,15.22,0.927727
EFC,2022-11-17,13.81,Q4'22,Q3'22,15.22,0.907359
EFC,2022-11-18,13.79,Q4'22,Q3'22,15.22,0.906045
EFC,2022-11-21,13.91,Q4'22,Q3'22,15.22,0.913929
EFC,2022-11-22,13.99,Q4'22,Q3'22,15.22,0.919185
EFC,2022-11-23,13.95,Q4'22,Q3'22,15.22,0.916557
EFC,2022-11-25,14.04,Q4'22,Q3'22,15.22,0.92247
EFC,2022-11-28,13.76,Q4'22,Q3'22,15.22,0.904074
EFC,2022-11-29,13.55,Q4'22,Q3'22,15.22,0.890276
EFC,2022-11-30,13.64,Q4'22,Q3'22,15.22,0.896189
EFC,2022-12-01,13.88,Q4'22,Q3'22,15.22,0.911958
EFC,2022-12-02,13.77,Q4'22,Q3'22,15.22,0.904731
EFC,2022-12-05,13.35,Q4'22,Q3'22,15.22,0.877135
EFC,2022-12-06,13.18,Q4'22,Q3'22,15.22,0.865966
EFC,2022-12-07,13.39,Q4'22,Q3'22,15.22,0.879763
EFC,2022-12-08,13.57,Q4'22,Q3'22,15.22,0.89159
EFC,2022-12-09,13.59,Q4'22,Q3'22,15.22,0.892904
EFC,2022-12-12,13.54,Q4'22,Q3'22,15.22,0.889619
EFC,2022-12-13,13.73,Q4'22,Q3'22,15.22,0.902102
EFC,2022-12-14,13.53,Q4'22,Q3'22,15.22,0.888962
EFC,2022-12-15,13.4,Q4'22,Q3'22,15.22,0.88042
EFC,2022-12-16,12.81,Q4'22,Q3'22,15.22,0.841656
EFC,2022-12-19,13.15,Q4'22,Q3'22,15.22,0.863995
EFC,2022-12-20,12.77,Q4'22,Q3'22,15.22,0.839028
EFC,2022-12-21,12.97,Q4'22,Q3'22,15.22,0.852168
EFC,2022-12-22,12.89,Q4'22,Q3'22,15.22,0.846912
EFC,2022-12-23,12.97,Q4'22,Q3'22,15.22,0.852168
EFC,2022-12-27,12.88,Q4'22,Q3'22,15.22,0.846255
EFC,2022-12-28,12.37,Q4'22,Q3'22,15.22,0.812746
EFC,2022-12-29,12.55,Q4'22,Q3'22,15.22,0.824573
EFC,2022-12-30,12.37,Q4'22,Q3'22,15.22,0.812746
EFC,2023-01-03,12.57,Q1'23,Q4'22,15.05,0.835216
EFC,2023-01-04,12.94,Q1'23,Q4'22,15.05,0.859801
EFC,2023-01-05,12.9,Q1'23,Q4'22,15.05,0.857143
EFC,2023-01-06,12.97,Q1'23,Q4'22,15.05,0.861794
EFC,2023-01-09,12.96,Q1'23,Q4'22,15.05,0.86113
EFC,2023-01-10,13.21,Q1'23,Q4'22,15.05,0.877741
EFC,2023-01-11,13.52,Q1'23,Q4'22,15.05,0.898339
EFC,2023-01-12,13.55,Q1'23,Q4'22,15.05,0.900332
EFC,2023-01-13,13.64,Q1'23,Q4'22,15.05,0.906312
EFC,2023-01-17,13.64,Q1'23,Q4'22,15.05,0.906312
EFC,2023-01-18,13.63,Q1'23,Q4'22,15.05,0.905648
EFC,2023-01-19,13.66,Q1'23,Q4'22,15.05,0.907641
EFC,2023-01-20,13.7,Q1'23,Q4'22,15.05,0.910299
EFC,2023-01-23,13.84,Q1'23,Q4'22,15.05,0.919601
EFC,2023-01-24,13.82,Q1'23,Q4'22,15.05,0.918272
EFC,2023-01-25,13.74,Q1'23,Q4'22,15.05,0.912957
EFC,2023-01-26,13.75,Q1'23,Q4'22,15.05,0.913621
EFC,2023-01-27,13.85,Q1'23,Q4'22,15.05,0.920266
EFC,2023-01-30,13.49,Q1'23,Q4'22,15.05,0.896345
EFC,2023-01-31,13.73,Q1'23,Q4'22,15.05,0.912292
EFC,2023-02-01,14.14,Q1'23,Q4'22,15.05,0.939535
EFC,2023-02-02,14.05,Q1'23,Q4'22,15.05,0.933555
EFC,2023-02-03,13.91,Q1'23,Q4'22,15.05,0.924252
EFC,2023-02-06,13.62,Q1'23,Q4'22,15.05,0.904983
EFC,2023-02-07,13.89,Q1'23,Q4'22,15.05,0.922924
EFC,2023-02-08,13.78,Q1'23,Q4'22,15.05,0.915615
EFC,2023-02-09,13.41,Q1'23,Q4'22,15.05,0.89103
EFC,2023-02-10,13.62,Q1'23,Q4'22,15.05,0.904983
EFC,2023-02-13,13.72,Q1'23,Q4'22,15.05,0.911628
EFC,2023-02-14,13.58,Q1'23,Q4'22,15.05,0.902326
EFC,2023-02-15,13.7,Q1'23,Q4'22,15.05,0.910299
EFC,2023-02-16,13.73,Q1'23,Q4'22,15.05,0.912292
EFC,2023-02-17,13.7,Q1'23,Q4'22,15.05,0.910299
EFC,2023-02-21,13.28,Q1'23,Q4'22,15.05,0.882392
EFC,2023-02-22,13.4,Q1'23,Q4'22,15.05,0.890365
EFC,2023-02-23,13.34,Q1'23,Q4'22,15.05,0.886379
EFC,2023-02-24,13.13,Q1'23,Q4'22,15.05,0.872425
EFC,2023-02-27,12.83,Q1'23,Q4'22,15.05,0.852492
EFC,2023-02-28,12.87,Q1'23,Q4'22,15.05,0.855149
EFC,2023-03-01,12.68,Q1'23,Q4'22,15.05,0.842525
EFC,2023-03-02,12.77,Q1'23,Q4'22,15.05,0.848505
EFC,2023-03-03,12.83,Q1'23,Q4'22,15.05,0.852492
EFC,2023-03-06,12.8,Q1'23,Q4'22,15.05,0.850498
EFC,2023-03-07,12.61,Q1'23,Q4'22,15.05,0.837874
EFC,2023-03-08,12.39,Q1'23,Q4'22,15.05,0.823256
EFC,2023-03-09,12.0,Q1'23,Q4'22,15.05,0.797342
EFC,2023-03-10,11.5,Q1'23,Q4'22,15.05,0.76412
EFC,2023-03-13,11.29,Q1'23,Q4'22,15.05,0.750166
EFC,2023-03-14,11.57,Q1'23,Q4'22,15.05,0.768771
EFC,2023-03-15,11.34,Q1'23,Q4'22,15.05,0.753488
EFC,2023-03-16,11.46,Q1'23,Q4'22,15.05,0.761462
EFC,2023-03-17,10.83,Q1'23,Q4'22,15.05,0.719601
EFC,2023-03-20,11.04,Q1'23,Q4'22,15.05,0.733555
EFC,2023-03-21,11.35,Q1'23,Q4'22,15.05,0.754153
EFC,2023-03-22,11.21,Q1'23,Q4'22,15.05,0.744851
EFC,2023-03-23,11.13,Q1'23,Q4'22,15.05,0.739535
EFC,2023-03-24,11.59,Q1'23,Q4'22,15.05,0.7701
EFC,2023-03-27,11.77,Q1'23,Q4'22,15.05,0.78206
EFC,2023-03-28,11.92,Q1'23,Q4'22,15.05,0.792027
EFC,2023-03-29,12.15,Q1'23,Q4'22,15.05,0.807309
EFC,2023-03-30,12.05,Q1'23,Q4'22,15.05,0.800664
EFC,2023-03-31,12.21,Q1'23,Q4'22,15.05,0.811296
EFC,2023-04-03,12.29,Q2'23,Q1'23,15.1,0.813907
EFC,2023-04-04,12.27,Q2'23,Q1'23,15.1,0.812583
EFC,2023-04-05,12.26,Q2'23,Q1'23,15.1,0.811921
EFC,2023-04-06,12.31,Q2'23,Q1'23,15.1,0.815232
EFC,2023-04-10,12.26,Q2'23,Q1'23,15.1,0.811921
EFC,2023-04-11,12.37,Q2'23,Q1'23,15.1,0.819205
EFC,2023-04-12,12.37,Q2'23,Q1'23,15.1,0.819205
EFC,2023-04-13,12.25,Q2'23,Q1'23,15.1,0.811258
EFC,2023-04-14,12.14,Q2'23,Q1'23,15.1,0.803974
EFC,2023-04-17,12.38,Q2'23,Q1'23,15.1,0.819868
EFC,2023-04-18,12.24,Q2'23,Q1'23,15.1,0.810596
EFC,2023-04-19,12.46,Q2'23,Q1'23,15.1,0.825166
EFC,2023-04-20,12.56,Q2'23,Q1'23,15.1,0.831788
EFC,2023-04-21,12.54,Q2'23,Q1'23,15.1,0.830464
EFC,2023-04-24,12.65,Q2'23,Q1'23,15.1,0.837748
EFC,2023-04-25,12.6,Q2'23,Q1'23,15.1,0.834437
EFC,2023-04-26,12.39,Q2'23,Q1'23,15.1,0.82053
EFC,2023-04-27,12.6,Q2'23,Q1'23,15.1,0.834437
EFC,2023-04-28,12.77,Q2'23,Q1'23,15.1,0.845695
EFC,2023-05-01,12.52,Q2'23,Q1'23,15.1,0.829139
EFC,2023-05-02,11.93,Q2'23,Q1'23,15.1,0.790066
EFC,2023-05-03,11.97,Q2'23,Q1'23,15.1,0.792715
EFC,2023-05-04,11.78,Q2'23,Q1'23,15.1,0.780132
EFC,2023-05-05,12.05,Q2'23,Q1'23,15.1,0.798013
EFC,2023-05-08,12.16,Q2'23,Q1'23,15.1,0.805298
EFC,2023-05-09,12.17,Q2'23,Q1'23,15.1,0.80596
EFC,2023-05-10,12.24,Q2'23,Q1'23,15.1,0.810596
EFC,2023-05-11,12.24,Q2'23,Q1'23,15.1,0.810596
EFC,2023-05-12,12.25,Q2'23,Q1'23,15.1,0.811258
EFC,2023-05-15,12.46,Q2'23,Q1'23,15.1,0.825166
EFC,2023-05-16,12.4,Q2'23,Q1'23,15.1,0.821192
EFC,2023-05-17,12.67,Q2'23,Q1'23,15.1,0.839073
EFC,2023-05-18,12.78,Q2'23,Q1'23,15.1,0.846358
EFC,2023-05-19,12.69,Q2'23,Q1'23,15.1,0.840397
EFC,2023-05-22,12.81,Q2'23,Q1'23,15.1,0.848344
EFC,2023-05-23,12.88,Q2'23,Q1'23,15.1,0.85298
EFC,2023-05-24,12.72,Q2'23,Q1'23,15.1,0.842384
EFC,2023-05-25,12.42,Q2'23,Q1'23,15.1,0.822517
EFC,2023-05-26,12.92,Q2'23,Q1'23,15.1,0.855629
EFC,2023-05-30,12.4,Q2'23,Q1'23,15.1,0.821192
EFC,2023-05-31,12.54,Q2'23,Q1'23,15.1,0.830464
EFC,2023-06-01,12.6,Q2'23,Q1'23,15.1,0.834437
EFC,2023-06-02,12.93,Q2'23,Q1'23,15.1,0.856291
EFC,2023-06-05,12.8,Q2'23,Q1'23,15.1,0.847682
EFC,2023-06-06,13.0,Q2'23,Q1'23,15.1,0.860927
EFC,2023-06-07,13.16,Q2'23,Q1'23,15.1,0.871523
EFC,2023-06-08,13.22,Q2'23,Q1'23,15.1,0.875497
EFC,2023-06-09,13.16,Q2'23,Q1'23,15.1,0.871523
EFC,2023-06-12,13.53,Q2'23,Q1'23,15.1,0.896026
EFC,2023-06-13,13.56,Q2'23,Q1'23,15.1,0.898013
EFC,2023-06-14,13.47,Q2'23,Q1'23,15.1,0.892053
EFC,2023-06-15,13.71,Q2'23,Q1'23,15.1,0.907947
EFC,2023-06-16,13.52,Q2'23,Q1'23,15.1,0.895364
EFC,2023-06-20,13.51,Q2'23,Q1'23,15.1,0.894702
EFC,2023-06-21,13.68,Q2'23,Q1'23,15.1,0.90596
EFC,2023-06-22,13.53,Q2'23,Q1'23,15.1,0.896026
EFC,2023-06-23,13.3,Q2'23,Q1'23,15.1,0.880795
EFC,2023-06-26,13.55,Q2'23,Q1'23,15.1,0.897351
EFC,2023-06-27,13.78,Q2'23,Q1'23,15.1,0.912583
EFC,2023-06-28,13.82,Q2'23,Q1'23,15.1,0.915232
EFC,2023-06-29,13.74,Q2'23,Q1'23,15.1,0.909934
EFC,2023-06-30,13.8,Q2'23,Q1'23,15.1,0.913907
EFC,2023-07-03,13.54,Q3'23,Q2'23,14.7,0.921088
EFC,2023-07-05,13.32,Q3'23,Q2'23,14.7,0.906122
EFC,2023-07-06,13.14,Q3'23,Q2'23,14.7,0.893878
EFC,2023-07-07,13.38,Q3'23,Q2'23,14.7,0.910204
EFC,2023-07-10,13.64,Q3'23,Q2'23,14.7,0.927891
EFC,2023-07-11,13.75,Q3'23,Q2'23,14.7,0.935374
EFC,2023-07-12,13.66,Q3'23,Q2'23,14.7,0.929252
EFC,2023-07-13,13.88,Q3'23,Q2'23,14.7,0.944218
EFC,2023-07-14,13.85,Q3'23,Q2'23,14.7,0.942177
EFC,2023-07-17,13.87,Q3'23,Q2'23,14.7,0.943537
EFC,2023-07-18,13.94,Q3'23,Q2'23,14.7,0.948299
EFC,2023-07-19,14.07,Q3'23,Q2'23,14.7,0.957143
EFC,2023-07-20,14.06,Q3'23,Q2'23,14.7,0.956463
EFC,2023-07-21,14.06,Q3'23,Q2'23,14.7,0.956463
EFC,2023-07-24,13.86,Q3'23,Q2'23,14.7,0.942857
EFC,2023-07-25,13.89,Q3'23,Q2'23,14.7,0.944898
EFC,2023-07-26,13.99,Q3'23,Q2'23,14.7,0.951701
EFC,2023-07-27,13.68,Q3'23,Q2'23,14.7,0.930612
EFC,2023-07-28,13.67,Q3'23,Q2'23,14.7,0.929932
EFC,2023-07-31,13.52,Q3'23,Q2'23,14.7,0.919728
EFC,2023-08-01,13.52,Q3'23,Q2'23,14.7,0.919728
EFC,2023-08-02,13.39,Q3'23,Q2'23,14.7,0.910884
EFC,2023-08-03,13.08,Q3'23,Q2'23,14.7,0.889796
EFC,2023-08-04,13.31,Q3'23,Q2'23,14.7,0.905442
EFC,2023-08-07,13.37,Q3'23,Q2'23,14.7,0.909524
EFC,2023-08-08,13.3,Q3'23,Q2'23,14.7,0.904762
EFC,2023-08-09,13.3,Q3'23,Q2'23,14.7,0.904762
EFC,2023-08-10,13.26,Q3'23,Q2'23,14.7,0.902041
EFC,2023-08-11,13.29,Q3'23,Q2'23,14.7,0.904082
EFC,2023-08-14,13.2,Q3'23,Q2'23,14.7,0.897959
EFC,2023-08-15,13.1,Q3'23,Q2'23,14.7,0.891156
EFC,2023-08-16,12.97,Q3'23,Q2'23,14.7,0.882313
EFC,2023-08-17,12.85,Q3'23,Q2'23,14.7,0.87415
EFC,2023-08-18,12.85,Q3'23,Q2'23,14.7,0.87415
EFC,2023-08-21,12.79,Q3'23,Q2'23,14.7,0.870068
EFC,2023-08-22,12.81,Q3'23,Q2'23,14.7,0.871429
EFC,2023-08-23,13.0,Q3'23,Q2'23,14.7,0.884354
EFC,2023-08-24,12.95,Q3'23,Q2'23,14.7,0.880952
EFC,2023-08-25,13.05,Q3'23,Q2'23,14.7,0.887755
EFC,2023-08-28,13.32,Q3'23,Q2'23,14.7,0.906122
EFC,2023-08-29,13.48,Q3'23,Q2'23,14.7,0.917007
EFC,2023-08-30,13.35,Q3'23,Q2'23,14.7,0.908163
EFC,2023-08-31,13.37,Q3'23,Q2'23,14.7,0.909524
EFC,2023-09-01,13.37,Q3'23,Q2'23,14.7,0.909524
EFC,2023-09-05,13.22,Q3'23,Q2'23,14.7,0.89932
EFC,2023-09-06,13.16,Q3'23,Q2'23,14.7,0.895238
EFC,2023-09-07,13.11,Q3'23,Q2'23,14.7,0.891837
EFC,2023-09-08,13.19,Q3'23,Q2'23,14.7,0.897279
EFC,2023-09-11,13.33,Q3'23,Q2'23,14.7,0.906803
EFC,2023-09-12,13.32,Q3'23,Q2'23,14.7,0.906122
EFC,2023-09-13,13.27,Q3'23,Q2'23,14.7,0.902721
EFC,2023-09-14,13.44,Q3'23,Q2'23,14.7,0.914286
EFC,2023-09-15,13.44,Q3'23,Q2'23,14.7,0.914286
EFC,2023-09-18,13.36,Q3'23,Q2'23,14.7,0.908844
EFC,2023-09-19,13.38,Q3'23,Q2'23,14.7,0.910204
EFC,2023-09-20,13.21,Q3'23,Q2'23,14.7,0.898639
EFC,2023-09-21,12.75,Q3'23,Q2'23,14.7,0.867347
EFC,2023-09-22,12.89,Q3'23,Q2'23,14.7,0.876871
EFC,2023-09-25,12.93,Q3'23,Q2'23,14.7,0.879592
EFC,2023-09-26,12.48,Q3'23,Q2'23,14.7,0.84898
EFC,2023-09-27,12.45,Q3'23,Q2'23,14.7,0.846939
EFC,2023-09-28,12.3,Q3'23,Q2'23,14.7,0.836735
EFC,2023-09-29,12.47,Q3'23,Q2'23,14.7,0.848299
EFC,2023-10-02,12.3,Q4'23,Q3'23,14.33,0.858339
EFC,2023-10-03,12.01,Q4'23,Q3'23,14.33,0.838102
EFC,2023-10-04,12.04,Q4'23,Q3'23,14.33,0.840195
EFC,2023-10-05,12.27,Q4'23,Q3'23,14.33,0.856246
EFC,2023-10-06,12.35,Q4'23,Q3'23,14.33,0.861828
EFC,2023-10-09,12.63,Q4'23,Q3'23,14.33,0.881368
EFC,2023-10-10,12.66,Q4'23,Q3'23,14.33,0.883461
EFC,2023-10-11,12.82,Q4'23,Q3'23,14.33,0.894627
EFC,2023-10-12,12.7,Q4'23,Q3'23,14.33,0.886253
EFC,2023-10-13,12.57,Q4'23,Q3'23,14.33,0.877181
EFC,2023-10-16,12.82,Q4'23,Q3'23,14.33,0.894627
EFC,2023-10-17,12.79,Q4'23,Q3'23,14.33,0.892533
EFC,2023-10-18,12.48,Q4'23,Q3'23,14.33,0.8709
EFC,2023-10-19,12.35,Q4'23,Q3'23,14.33,0.861828
EFC,2023-10-20,12.23,Q4'23,Q3'23,14.33,0.853454
EFC,2023-10-23,12.08,Q4'23,Q3'23,14.33,0.842987
EFC,2023-10-24,12.11,Q4'23,Q3'23,14.33,0.84508
EFC,2023-10-25,11.78,Q4'23,Q3'23,14.33,0.822052
EFC,2023-10-26,12.0,Q4'23,Q3'23,14.33,0.837404
EFC,2023-10-27,12.01,Q4'23,Q3'23,14.33,0.838102
EFC,2023-10-30,11.82,Q4'23,Q3'23,14.33,0.824843
EFC,2023-10-31,12.03,Q4'23,Q3'23,14.33,0.839498
EFC,2023-11-01,12.24,Q4'23,Q3'23,14.33,0.854152
EFC,2023-11-02,12.62,Q4'23,Q3'23,14.33,0.88067
EFC,2023-11-03,12.8,Q4'23,Q3'23,14.33,0.893231
EFC,2023-11-06,12.7,Q4'23,Q3'23,14.33,0.886253
EFC,2023-11-07,12.72,Q4'23,Q3'23,14.33,0.887648
EFC,2023-11-08,12.51,Q4'23,Q3'23,14.33,0.872994
EFC,2023-11-09,12.3,Q4'23,Q3'23,14.33,0.858339
EFC,2023-11-10,12.7,Q4'23,Q3'23,14.33,0.886253
EFC,2023-11-13,12.56,Q4'23,Q3'23,14.33,0.876483
EFC,2023-11-14,13.09,Q4'23,Q3'23,14.33,0.913468
EFC,2023-11-15,13.15,Q4'23,Q3'23,14.33,0.917655
EFC,2023-11-16,12.94,Q4'23,Q3'23,14.33,0.903001
EFC,2023-11-17,13.01,Q4'23,Q3'23,14.33,0.907886
EFC,2023-11-20,13.03,Q4'23,Q3'23,14.33,0.909281
EFC,2023-11-21,12.95,Q4'23,Q3'23,14.33,0.903699
EFC,2023-11-22,13.05,Q4'23,Q3'23,14.33,0.910677
EFC,2023-11-24,13.08,Q4'23,Q3'23,14.33,0.91277
EFC,2023-11-27,13.09,Q4'23,Q3'23,14.33,0.913468
EFC,2023-11-28,13.06,Q4'23,Q3'23,14.33,0.911375
EFC,2023-11-29,13.02,Q4'23,Q3'23,14.33,0.908583
EFC,2023-11-30,13.0,Q4'23,Q3'23,14.33,0.907188
EFC,2023-12-01,13.12,Q4'23,Q3'23,14.33,0.915562
EFC,2023-12-04,12.96,Q4'23,Q3'23,14.33,0.904396
EFC,2023-12-05,12.85,Q4'23,Q3'23,14.33,0.89672
EFC,2023-12-06,12.73,Q4'23,Q3'23,14.33,0.888346
EFC,2023-12-07,12.8,Q4'23,Q3'23,14.33,0.893231
EFC,2023-12-08,12.9,Q4'23,Q3'23,14.33,0.900209
EFC,2023-12-11,12.93,Q4'23,Q3'23,14.33,0.902303
EFC,2023-12-12,13.05,Q4'23,Q3'23,14.33,0.910677
EFC,2023-12-13,13.04,Q4'23,Q3'23,14.33,0.909979
EFC,2023-12-14,13.06,Q4'23,Q3'23,14.33,0.911375
EFC,2023-12-15,12.96,Q4'23,Q3'23,14.33,0.904396
EFC,2023-12-18,12.82,Q4'23,Q3'23,14.33,0.894627
EFC,2023-12-19,12.93,Q4'23,Q3'23,14.33,0.902303
EFC,2023-12-20,12.81,Q4'23,Q3'23,14.33,0.893929
EFC,2023-12-21,12.9,Q4'23,Q3'23,14.33,0.900209
EFC,2023-12-22,12.93,Q4'23,Q3'23,14.33,0.902303
EFC,2023-12-26,12.96,Q4'23,Q3'23,14.33,0.904396
EFC,2023-12-27,12.97,Q4'23,Q3'23,14.33,0.905094
EFC,2023-12-28,12.86,Q4'23,Q3'23,14.33,0.897418
EFC,2023-12-29,12.71,Q4'23,Q3'23,14.33,0.88695
EFC,2024-01-02,12.53,Q1'24,Q4'23,13.83,0.906001
EFC,2024-01-03,12.17,Q1'24,Q4'23,13.83,0.879971
EFC,2024-01-04,12.17,Q1'24,Q4'23,13.83,0.879971
EFC,2024-01-05,12.24,Q1'24,Q4'23,13.83,0.885033
EFC,2024-01-08,12.48,Q1'24,Q4'23,13.83,0.902386
EFC,2024-01-09,12.56,Q1'24,Q4'23,13.83,0.908171
EFC,2024-01-10,12.69,Q1'24,Q4'23,13.83,0.91757
EFC,2024-01-11,12.72,Q1'24,Q4'23,13.83,0.91974
EFC,2024-01-12,12.84,Q1'24,Q4'23,13.83,0.928416
EFC,2024-01-16,12.83,Q1'24,Q4'23,13.83,0.927693
EFC,2024-01-17,12.64,Q1'24,Q4'23,13.83,0.913955
EFC,2024-01-18,12.69,Q1'24,Q4'23,13.83,0.91757
EFC,2024-01-19,12.85,Q1'24,Q4'23,13.83,0.92914
EFC,2024-01-22,12.86,Q1'24,Q4'23,13.83,0.929863
EFC,2024-01-23,12.91,Q1'24,Q4'23,13.83,0.933478
EFC,2024-01-24,12.8,Q1'24,Q4'23,13.83,0.925524
EFC,2024-01-25,12.85,Q1'24,Q4'23,13.83,0.92914
EFC,2024-01-26,12.9,Q1'24,Q4'23,13.83,0.932755
EFC,2024-01-29,12.94,Q1'24,Q4'23,13.83,0.935647
EFC,2024-01-30,12.55,Q1'24,Q4'23,13.83,0.907448
EFC,2024-01-31,12.21,Q1'24,Q4'23,13.83,0.882863
EFC,2024-02-01,12.47,Q1'24,Q4'23,13.83,0.901663
EFC,2024-02-02,12.32,Q1'24,Q4'23,13.83,0.890817
EFC,2024-02-05,12.18,Q1'24,Q4'23,13.83,0.880694
EFC,2024-02-06,12.32,Q1'24,Q4'23,13.83,0.890817
EFC,2024-02-07,11.82,Q1'24,Q4'23,13.83,0.854664
EFC,2024-02-08,11.99,Q1'24,Q4'23,13.83,0.866956
EFC,2024-02-09,12.0,Q1'24,Q4'23,13.83,0.867679
EFC,2024-02-12,12.12,Q1'24,Q4'23,13.83,0.876356
EFC,2024-02-13,11.68,Q1'24,Q4'23,13.83,0.844541
EFC,2024-02-14,11.84,Q1'24,Q4'23,13.83,0.85611
EFC,2024-02-15,12.19,Q1'24,Q4'23,13.83,0.881417
EFC,2024-02-16,12.08,Q1'24,Q4'23,13.83,0.873463
EFC,2024-02-20,11.91,Q1'24,Q4'23,13.83,0.861171
EFC,2024-02-21,11.9,Q1'24,Q4'23,13.83,0.860448
EFC,2024-02-22,12.09,Q1'24,Q4'23,13.83,0.874187
EFC,2024-02-23,12.16,Q1'24,Q4'23,13.83,0.879248
EFC,2024-02-26,12.06,Q1'24,Q4'23,13.83,0.872017
EFC,2024-02-27,11.29,Q1'24,Q4'23,13.83,0.816341
EFC,2024-02-28,10.91,Q1'24,Q4'23,13.83,0.788865
EFC,2024-02-29,11.33,Q1'24,Q4'23,13.83,0.819234
EFC,2024-03-01,11.34,Q1'24,Q4'23,13.83,0.819957
EFC,2024-03-04,11.11,Q1'24,Q4'23,13.83,0.803326
EFC,2024-03-05,11.05,Q1'24,Q4'23,13.83,0.798988
EFC,2024-03-06,11.19,Q1'24,Q4'23,13.83,0.809111
EFC,2024-03-07,11.37,Q1'24,Q4'23,13.83,0.822126
EFC,2024-03-08,11.35,Q1'24,Q4'23,13.83,0.82068
EFC,2024-03-11,11.41,Q1'24,Q4'23,13.83,0.825018
EFC,2024-03-12,11.51,Q1'24,Q4'23,13.83,0.832249
EFC,2024-03-13,11.57,Q1'24,Q4'23,13.83,0.836587
EFC,2024-03-14,11.25,Q1'24,Q4'23,13.83,0.813449
EFC,2024-03-15,11.4,Q1'24,Q4'23,13.83,0.824295
EFC,2024-03-18,11.37,Q1'24,Q4'23,13.83,0.822126
EFC,2024-03-19,11.45,Q1'24,Q4'23,13.83,0.82791
EFC,2024-03-20,11.65,Q1'24,Q4'23,13.83,0.842372
EFC,2024-03-21,11.82,Q1'24,Q4'23,13.83,0.854664
EFC,2024-03-22,11.65,Q1'24,Q4'23,13.83,0.842372
EFC,2024-03-25,11.8,Q1'24,Q4'23,13.83,0.853218
EFC,2024-03-26,11.59,Q1'24,Q4'23,13.83,0.838033
EFC,2024-03-27,11.61,Q1'24,Q4'23,13.83,0.839479
EFC,2024-03-28,11.81,Q1'24,Q4'23,13.83,0.853941
EFC,2024-04-01,11.62,Q2'24,Q1'24,13.69,0.848795
EFC,2024-04-02,11.39,Q2'24,Q1'24,13.69,0.831994
EFC,2024-04-03,11.43,Q2'24,Q1'24,13.69,0.834916
EFC,2024-04-04,11.28,Q2'24,Q1'24,13.69,0.823959
EFC,2024-04-05,11.38,Q2'24,Q1'24,13.69,0.831264
EFC,2024-04-08,11.46,Q2'24,Q1'24,13.69,0.837107
EFC,2024-04-09,11.59,Q2'24,Q1'24,13.69,0.846603
EFC,2024-04-10,11.13,Q2'24,Q1'24,13.69,0.813002
EFC,2024-04-11,11.28,Q2'24,Q1'24,13.69,0.823959
EFC,2024-04-12,11.19,Q2'24,Q1'24,13.69,0.817385
EFC,2024-04-15,11.03,Q2'24,Q1'24,13.69,0.805698
EFC,2024-04-16,11.03,Q2'24,Q1'24,13.69,0.805698
EFC,2024-04-17,11.12,Q2'24,Q1'24,13.69,0.812272
EFC,2024-04-18,11.27,Q2'24,Q1'24,13.69,0.823229
EFC,2024-04-19,11.42,Q2'24,Q1'24,13.69,0.834186
EFC,2024-04-22,11.47,Q2'24,Q1'24,13.69,0.837838
EFC,2024-04-23,11.67,Q2'24,Q1'24,13.69,0.852447
EFC,2024-04-24,11.55,Q2'24,Q1'24,13.69,0.843682
EFC,2024-04-25,11.6,Q2'24,Q1'24,13.69,0.847334
EFC,2024-04-26,11.71,Q2'24,Q1'24,13.69,0.855369
EFC,2024-04-29,11.56,Q2'24,Q1'24,13.69,0.844412
EFC,2024-04-30,11.44,Q2'24,Q1'24,13.69,0.835646
EFC,2024-05-01,11.61,Q2'24,Q1'24,13.69,0.848064
EFC,2024-05-02,11.65,Q2'24,Q1'24,13.69,0.850986
EFC,2024-05-03,11.66,Q2'24,Q1'24,13.69,0.851717
EFC,2024-05-06,11.71,Q2'24,Q1'24,13.69,0.855369
EFC,2024-05-07,11.62,Q2'24,Q1'24,13.69,0.848795
EFC,2024-05-08,11.75,Q2'24,Q1'24,13.69,0.858291
EFC,2024-05-09,11.83,Q2'24,Q1'24,13.69,0.864134
EFC,2024-05-10,11.9,Q2'24,Q1'24,13.69,0.869248
EFC,2024-05-13,11.75,Q2'24,Q1'24,13.69,0.858291
EFC,2024-05-14,11.92,Q2'24,Q1'24,13.69,0.870709
EFC,2024-05-15,12.07,Q2'24,Q1'24,13.69,0.881665
EFC,2024-05-16,12.09,Q2'24,Q1'24,13.69,0.883126
EFC,2024-05-17,12.15,Q2'24,Q1'24,13.69,0.887509
EFC,2024-05-20,12.11,Q2'24,Q1'24,13.69,0.884587
EFC,2024-05-21,12.05,Q2'24,Q1'24,13.69,0.880205
EFC,2024-05-22,12.05,Q2'24,Q1'24,13.69,0.880205
EFC,2024-05-23,11.84,Q2'24,Q1'24,13.69,0.864865
EFC,2024-05-24,12.01,Q2'24,Q1'24,13.69,0.877283
EFC,2024-05-28,12.02,Q2'24,Q1'24,13.69,0.878013
EFC,2024-05-29,11.92,Q2'24,Q1'24,13.69,0.870709
EFC,2024-05-30,12.16,Q2'24,Q1'24,13.69,0.88824
EFC,2024-05-31,12.12,Q2'24,Q1'24,13.69,0.885318
EFC,2024-06-03,12.15,Q2'24,Q1'24,13.69,0.887509
EFC,2024-06-04,12.01,Q2'24,Q1'24,13.69,0.877283
EFC,2024-06-05,12.16,Q2'24,Q1'24,13.69,0.88824
EFC,2024-06-06,12.02,Q2'24,Q1'24,13.69,0.878013
EFC,2024-06-07,11.93,Q2'24,Q1'24,13.69,0.871439
EFC,2024-06-10,11.92,Q2'24,Q1'24,13.69,0.870709
EFC,2024-06-11,11.85,Q2'24,Q1'24,13.69,0.865595
EFC,2024-06-12,12.09,Q2'24,Q1'24,13.69,0.883126
EFC,2024-06-13,12.11,Q2'24,Q1'24,13.69,0.884587
EFC,2024-06-14,12.06,Q2'24,Q1'24,13.69,0.880935
EFC,2024-06-17,12.17,Q2'24,Q1'24,13.69,0.88897
EFC,2024-06-18,12.18,Q2'24,Q1'24,13.69,0.889701
EFC,2024-06-20,12.13,Q2'24,Q1'24,13.69,0.886048
EFC,2024-06-21,12.12,Q2'24,Q1'24,13.69,0.885318
EFC,2024-06-24,12.2,Q2'24,Q1'24,13.69,0.891161
EFC,2024-06-25,12.14,Q2'24,Q1'24,13.69,0.886779
EFC,2024-06-26,12.18,Q2'24,Q1'24,13.69,0.889701
EFC,2024-06-27,12.13,Q2'24,Q1'24,13.69,0.886048
EFC,2024-06-28,12.08,Q2'24,Q1'24,13.69,0.882396
EFC,2024-07-01,11.87,Q3'24,Q2'24,13.92,0.85273
EFC,2024-07-02,12.15,Q3'24,Q2'24,13.92,0.872845
EFC,2024-07-03,12.15,Q3'24,Q2'24,13.92,0.872845
EFC,2024-07-05,12.17,Q3'24,Q2'24,13.92,0.874282
EFC,2024-07-08,12.29,Q3'24,Q2'24,13.92,0.882902
EFC,2024-07-09,12.31,Q3'24,Q2'24,13.92,0.884339
EFC,2024-07-10,12.59,Q3'24,Q2'24,13.92,0.904454
EFC,2024-07-11,12.87,Q3'24,Q2'24,13.92,0.924569
EFC,2024-07-12,12.97,Q3'24,Q2'24,13.92,0.931753
EFC,2024-07-15,12.96,Q3'24,Q2'24,13.92,0.931034
EFC,2024-07-16,13.08,Q3'24,Q2'24,13.92,0.939655
EFC,2024-07-17,13.1,Q3'24,Q2'24,13.92,0.941092
EFC,2024-07-18,12.99,Q3'24,Q2'24,13.92,0.93319
EFC,2024-07-19,13.02,Q3'24,Q2'24,13.92,0.935345
EFC,2024-07-22,13.1,Q3'24,Q2'24,13.92,0.941092
EFC,2024-07-23,13.12,Q3'24,Q2'24,13.92,0.942529
EFC,2024-07-24,12.68,Q3'24,Q2'24,13.92,0.91092
EFC,2024-07-25,12.71,Q3'24,Q2'24,13.92,0.913075
EFC,2024-07-26,12.89,Q3'24,Q2'24,13.92,0.926006
EFC,2024-07-29,12.82,Q3'24,Q2'24,13.92,0.920977
EFC,2024-07-30,12.97,Q3'24,Q2'24,13.92,0.931753
EFC,2024-07-31,12.69,Q3'24,Q2'24,13.92,0.911638
EFC,2024-08-01,12.65,Q3'24,Q2'24,13.92,0.908764
EFC,2024-08-02,12.49,Q3'24,Q2'24,13.92,0.89727
EFC,2024-08-05,12.04,Q3'24,Q2'24,13.92,0.864943
EFC,2024-08-06,12.18,Q3'24,Q2'24,13.92,0.875
EFC,2024-08-07,12.57,Q3'24,Q2'24,13.92,0.903017
EFC,2024-08-08,12.81,Q3'24,Q2'24,13.92,0.920259
EFC,2024-08-09,12.83,Q3'24,Q2'24,13.92,0.921695
EFC,2024-08-12,12.6,Q3'24,Q2'24,13.92,0.905172
EFC,2024-08-13,12.77,Q3'24,Q2'24,13.92,0.917385
EFC,2024-08-14,12.87,Q3'24,Q2'24,13.92,0.924569
EFC,2024-08-15,12.94,Q3'24,Q2'24,13.92,0.929598
EFC,2024-08-16,13.06,Q3'24,Q2'24,13.92,0.938218
EFC,2024-08-19,13.16,Q3'24,Q2'24,13.92,0.945402
EFC,2024-08-20,13.13,Q3'24,Q2'24,13.92,0.943247
EFC,2024-08-21,13.17,Q3'24,Q2'24,13.92,0.946121
EFC,2024-08-22,13.22,Q3'24,Q2'24,13.92,0.949713
EFC,2024-08-23,13.38,Q3'24,Q2'24,13.92,0.961207
EFC,2024-08-26,13.19,Q3'24,Q2'24,13.92,0.947557
EFC,2024-08-27,13.19,Q3'24,Q2'24,13.92,0.947557
EFC,2024-08-28,13.21,Q3'24,Q2'24,13.92,0.948994
EFC,2024-08-29,13.22,Q3'24,Q2'24,13.92,0.949713
EFC,2024-08-30,13.15,Q3'24,Q2'24,13.92,0.944684
EFC,2024-09-03,13.14,Q3'24,Q2'24,13.92,0.943966
EFC,2024-09-04,12.99,Q3'24,Q2'24,13.92,0.93319
EFC,2024-09-05,13.13,Q3'24,Q2'24,13.92,0.943247
EFC,2024-09-06,13.03,Q3'24,Q2'24,13.92,0.936063
EFC,2024-09-09,13.08,Q3'24,Q2'24,13.92,0.939655
EFC,2024-09-10,13.2,Q3'24,Q2'24,13.92,0.948276
EFC,2024-09-11,13.13,Q3'24,Q2'24,13.92,0.943247
EFC,2024-09-12,13.23,Q3'24,Q2'24,13.92,0.950431
EFC,2024-09-13,13.3,Q3'24,Q2'24,13.92,0.95546
EFC,2024-09-16,13.33,Q3'24,Q2'24,13.92,0.957615
EFC,2024-09-17,13.24,Q3'24,Q2'24,13.92,0.951149
EFC,2024-09-18,13.15,Q3'24,Q2'24,13.92,0.944684
EFC,2024-09-19,13.25,Q3'24,Q2'24,13.92,0.951868
EFC,2024-09-20,13.11,Q3'24,Q2'24,13.92,0.94181
EFC,2024-09-23,13.03,Q3'24,Q2'24,13.92,0.936063
EFC,2024-09-24,13.11,Q3'24,Q2'24,13.92,0.94181
EFC,2024-09-25,12.96,Q3'24,Q2'24,13.92,0.931034
EFC,2024-09-26,12.98,Q3'24,Q2'24,13.92,0.932471
EFC,2024-09-27,13.02,Q3'24,Q2'24,13.92,0.935345
EFC,2024-09-30,12.89,Q3'24,Q2'24,13.92,0.926006
EFC,2024-10-01,12.58,Q4'24,Q3'24,13.66,0.920937
EFC,2024-10-02,12.6,Q4'24,Q3'24,13.66,0.922401
EFC,2024-10-03,12.5,Q4'24,Q3'24,13.66,0.915081
EFC,2024-10-04,12.46,Q4'24,Q3'24,13.66,0.912152
EFC,2024-10-07,12.37,Q4'24,Q3'24,13.66,0.905564
EFC,2024-10-08,12.44,Q4'24,Q3'24,13.66,0.910688
EFC,2024-10-09,12.42,Q4'24,Q3'24,13.66,0.909224
EFC,2024-10-10,12.44,Q4'24,Q3'24,13.66,0.910688
EFC,2024-10-11,12.48,Q4'24,Q3'24,13.66,0.913616
EFC,2024-10-14,12.52,Q4'24,Q3'24,13.66,0.916545
EFC,2024-10-15,12.58,Q4'24,Q3'24,13.66,0.920937
EFC,2024-10-16,12.81,Q4'24,Q3'24,13.66,0.937775
EFC,2024-10-17,12.74,Q4'24,Q3'24,13.66,0.93265
EFC,2024-10-18,12.81,Q4'24,Q3'24,13.66,0.937775
EFC,2024-10-21,12.65,Q4'24,Q3'24,13.66,0.926061
EFC,2024-10-22,12.61,Q4'24,Q3'24,13.66,0.923133
EFC,2024-10-23,12.6,Q4'24,Q3'24,13.66,0.922401
EFC,2024-10-24,12.69,Q4'24,Q3'24,13.66,0.92899
EFC,2024-10-25,12.57,Q4'24,Q3'24,13.66,0.920205
EFC,2024-10-28,12.51,Q4'24,Q3'24,13.66,0.915813
EFC,2024-10-29,12.5,Q4'24,Q3'24,13.66,0.915081
EFC,2024-10-30,12.45,Q4'24,Q3'24,13.66,0.91142
EFC,2024-10-31,12.09,Q4'24,Q3'24,13.66,0.885066
EFC,2024-11-01,11.95,Q4'24,Q3'24,13.66,0.874817
EFC,2024-11-04,11.92,Q4'24,Q3'24,13.66,0.872621
EFC,2024-11-05,11.95,Q4'24,Q3'24,13.66,0.874817
EFC,2024-11-06,12.04,Q4'24,Q3'24,13.66,0.881406
EFC,2024-11-07,12.43,Q4'24,Q3'24,13.66,0.909956
EFC,2024-11-08,12.42,Q4'24,Q3'24,13.66,0.909224
EFC,2024-11-11,12.39,Q4'24,Q3'24,13.66,0.907028
EFC,2024-11-12,12.27,Q4'24,Q3'24,13.66,0.898243
EFC,2024-11-13,12.21,Q4'24,Q3'24,13.66,0.893851
EFC,2024-11-14,12.18,Q4'24,Q3'24,13.66,0.891654
EFC,2024-11-15,12.2,Q4'24,Q3'24,13.66,0.893119
EFC,2024-11-18,12.26,Q4'24,Q3'24,13.66,0.897511
EFC,2024-11-19,12.37,Q4'24,Q3'24,13.66,0.905564
EFC,2024-11-20,12.29,Q4'24,Q3'24,13.66,0.899707
EFC,2024-11-21,12.4,Q4'24,Q3'24,13.66,0.90776
EFC,2024-11-22,12.52,Q4'24,Q3'24,13.66,0.916545
EFC,2024-11-25,12.48,Q4'24,Q3'24,13.66,0.913616
EFC,2024-11-26,12.37,Q4'24,Q3'24,13.66,0.905564
EFC,2024-11-27,12.47,Q4'24,Q3'24,13.66,0.912884
EFC,2024-11-29,12.36,Q4'24,Q3'24,13.66,0.904832
EFC,2024-12-02,12.37,Q4'24,Q3'24,13.66,0.905564
EFC,2024-12-03,12.29,Q4'24,Q3'24,13.66,0.899707
EFC,2024-12-04,12.2,Q4'24,Q3'24,13.66,0.893119
EFC,2024-12-05,12.16,Q4'24,Q3'24,13.66,0.89019
EFC,2024-12-06,12.27,Q4'24,Q3'24,13.66,0.898243
EFC,2024-12-09,12.27,Q4'24,Q3'24,13.66,0.898243
EFC,2024-12-10,12.33,Q4'24,Q3'24,13.66,0.902635
EFC,2024-12-11,12.33,Q4'24,Q3'24,13.66,0.902635
EFC,2024-12-12,12.34,Q4'24,Q3'24,13.66,0.903368
EFC,2024-12-13,12.35,Q4'24,Q3'24,13.66,0.9041
EFC,2024-12-16,12.43,Q4'24,Q3'24,13.66,0.909956
EFC,2024-12-17,12.28,Q4'24,Q3'24,13.66,0.898975
EFC,2024-12-18,11.96,Q4'24,Q3'24,13.66,0.875549
EFC,2024-12-19,12.05,Q4'24,Q3'24,13.66,0.882138
EFC,2024-12-20,12.13,Q4'24,Q3'24,13.66,0.887994
EFC,2024-12-23,12.14,Q4'24,Q3'24,13.66,0.888726
EFC,2024-12-24,12.27,Q4'24,Q3'24,13.66,0.898243
EFC,2024-12-26,12.24,Q4'24,Q3'24,13.66,0.896047
EFC,2024-12-27,12.18,Q4'24,Q3'24,13.66,0.891654
EFC,2024-12-30,12.08,Q4'24,Q3'24,13.66,0.884334
EFC,2024-12-31,12.12,Q4'24,Q3'24,13.66,0.887262
EFC,2025-01-02,12.16,Q1'25,Q4'24,13.52,0.899408
EFC,2025-01-03,12.34,Q1'25,Q4'24,13.52,0.912722
EFC,2025-01-06,12.24,Q1'25,Q4'24,13.52,0.905325
EFC,2025-01-07,12.24,Q1'25,Q4'24,13.52,0.905325
EFC,2025-01-08,12.14,Q1'25,Q4'24,13.52,0.897929
EFC,2025-01-10,12.08,Q1'25,Q4'24,13.52,0.893491
EFC,2025-01-13,12.1,Q1'25,Q4'24,13.52,0.89497
EFC,2025-01-14,12.21,Q1'25,Q4'24,13.52,0.903107
EFC,2025-01-15,12.3,Q1'25,Q4'24,13.52,0.909763
EFC,2025-01-16,12.48,Q1'25,Q4'24,13.52,0.923077
EFC,2025-01-17,12.55,Q1'25,Q4'24,13.52,0.928254
EFC,2025-01-21,12.61,Q1'25,Q4'24,13.52,0.932692
EFC,2025-01-22,12.48,Q1'25,Q4'24,13.52,0.923077
EFC,2025-01-23,12.45,Q1'25,Q4'24,13.52,0.920858
EFC,2025-01-24,12.52,Q1'25,Q4'24,13.52,0.926036
EFC,2025-01-27,12.62,Q1'25,Q4'24,13.52,0.933432
EFC,2025-01-28,12.68,Q1'25,Q4'24,13.52,0.93787
EFC,2025-01-29,12.45,Q1'25,Q4'24,13.52,0.920858
EFC,2025-01-30,12.59,Q1'25,Q4'24,13.52,0.931213
EFC,2025-01-31,12.56,Q1'25,Q4'24,13.52,0.928994
EFC,2025-02-03,12.52,Q1'25,Q4'24,13.52,0.926036
EFC,2025-02-04,12.62,Q1'25,Q4'24,13.52,0.933432
EFC,2025-02-05,12.65,Q1'25,Q4'24,13.52,0.935651
EFC,2025-02-06,12.74,Q1'25,Q4'24,13.52,0.942308
EFC,2025-02-07,12.69,Q1'25,Q4'24,13.52,0.938609
EFC,2025-02-10,12.68,Q1'25,Q4'24,13.52,0.93787
EFC,2025-02-11,12.73,Q1'25,Q4'24,13.52,0.941568
EFC,2025-02-12,12.69,Q1'25,Q4'24,13.52,0.938609
EFC,2025-02-13,12.88,Q1'25,Q4'24,13.52,0.952663
EFC,2025-02-14,12.99,Q1'25,Q4'24,13.52,0.960799
EFC,2025-02-18,13.09,Q1'25,Q4'24,13.52,0.968195
EFC,2025-02-19,13.1,Q1'25,Q4'24,13.52,0.968935
EFC,2025-02-20,13.12,Q1'25,Q4'24,13.52,0.970414
EFC,2025-02-21,13.1,Q1'25,Q4'24,13.52,0.968935
EFC,2025-02-24,13.12,Q1'25,Q4'24,13.52,0.970414
EFC,2025-02-25,13.31,Q1'25,Q4'24,13.52,0.984467
EFC,2025-02-26,13.33,Q1'25,Q4'24,13.52,0.985947
EFC,2025-02-27,13.3,Q1'25,Q4'24,13.52,0.983728
EFC,2025-02-28,14.35,Q1'25,Q4'24,13.52,1.061391
EFC,2025-03-03,13.86,Q1'25,Q4'24,13.52,1.025148
EFC,2025-03-04,13.6,Q1'25,Q4'24,13.52,1.005917
EFC,2025-03-05,13.61,Q1'25,Q4'24,13.52,1.006657
EFC,2025-03-06,13.47,Q1'25,Q4'24,13.52,0.996302
EFC,2025-03-07,13.6,Q1'25,Q4'24,13.52,1.005917
EFC,2025-03-10,13.27,Q1'25,Q4'24,13.52,0.981509
EFC,2025-03-11,13.06,Q1'25,Q4'24,13.52,0.965976
EFC,2025-03-12,13.15,Q1'25,Q4'24,13.52,0.972633
EFC,2025-03-13,13.1,Q1'25,Q4'24,13.52,0.968935
EFC,2025-03-14,13.4,Q1'25,Q4'24,13.52,0.991124
EFC,2025-03-17,13.44,Q1'25,Q4'24,13.52,0.994083
EFC,2025-03-18,13.44,Q1'25,Q4'24,13.52,0.994083
EFC,2025-03-19,13.41,Q1'25,Q4'24,13.52,0.991864
EFC,2025-03-20,13.43,Q1'25,Q4'24,13.52,0.993343
EFC,2025-03-21,13.23,Q1'25,Q4'24,13.52,0.97855
EFC,2025-03-24,13.41,Q1'25,Q4'24,13.52,0.991864
EFC,2025-03-25,13.39,Q1'25,Q4'24,13.52,0.990385
EFC,2025-03-26,13.27,Q1'25,Q4'24,13.52,0.981509
EFC,2025-03-27,13.36,Q1'25,Q4'24,13.52,0.988166
EFC,2025-03-28,13.28,Q1'25,Q4'24,13.52,0.982249
EFC,2025-03-31,13.26,Q1'25,Q4'24,13.52,0.980769
EFC,2025-04-01,13.25,Q2'25,Q1'25,13.44,0.985863
EFC,2025-04-02,13.19,Q2'25,Q1'25,13.44,0.981399
EFC,2025-04-03,13.08,Q2'25,Q1'25,13.44,0.973214
EFC,2025-04-04,12.43,Q2'25,Q1'25,13.44,0.924851
EFC,2025-04-07,11.77,Q2'25,Q1'25,13.44,0.875744
EFC,2025-04-08,11.59,Q2'25,Q1'25,13.44,0.862351
EFC,2025-04-09,12.1,Q2'25,Q1'25,13.44,0.900298
EFC,2025-04-10,11.53,Q2'25,Q1'25,13.44,0.857887
EFC,2025-04-11,11.6,Q2'25,Q1'25,13.44,0.863095
EFC,2025-04-14,11.95,Q2'25,Q1'25,13.44,0.889137
EFC,2025-04-15,12.09,Q2'25,Q1'25,13.44,0.899554
EFC,2025-04-16,11.98,Q2'25,Q1'25,13.44,0.891369
EFC,2025-04-17,12.19,Q2'25,Q1'25,13.44,0.906994
EFC,2025-04-21,12.09,Q2'25,Q1'25,13.44,0.899554
EFC,2025-04-22,12.55,Q2'25,Q1'25,13.44,0.93378
EFC,2025-04-23,12.65,Q2'25,Q1'25,13.44,0.94122
EFC,2025-04-24,12.78,Q2'25,Q1'25,13.44,0.950893
EFC,2025-04-25,12.98,Q2'25,Q1'25,13.44,0.965774
EFC,2025-04-28,13.11,Q2'25,Q1'25,13.44,0.975446
EFC,2025-04-29,13.23,Q2'25,Q1'25,13.44,0.984375
EFC,2025-04-30,13.03,Q2'25,Q1'25,13.44,0.969494
EFC,2025-05-01,12.96,Q2'25,Q1'25,13.44,0.964286
EFC,2025-05-02,13.02,Q2'25,Q1'25,13.44,0.96875
EFC,2025-05-05,12.9,Q2'25,Q1'25,13.44,0.959821
EFC,2025-05-06,12.75,Q2'25,Q1'25,13.44,0.948661
EFC,2025-05-07,12.78,Q2'25,Q1'25,13.44,0.950893
EFC,2025-05-08,12.94,Q2'25,Q1'25,13.44,0.962798
EFC,2025-05-09,12.94,Q2'25,Q1'25,13.44,0.962798
EFC,2025-05-12,12.99,Q2'25,Q1'25,13.44,0.966518
EFC,2025-05-13,13.07,Q2'25,Q1'25,13.44,0.97247
EFC,2025-05-14,13.03,Q2'25,Q1'25,13.44,0.969494
EFC,2025-05-15,13.28,Q2'25,Q1'25,13.44,0.988095
EFC,2025-05-16,13.25,Q2'25,Q1'25,13.44,0.985863
EFC,2025-05-19,13.11,Q2'25,Q1'25,13.44,0.975446
EFC,2025-05-20,13.04,Q2'25,Q1'25,13.44,0.970238
EFC,2025-05-21,12.6,Q2'25,Q1'25,13.44,0.9375
EFC,2025-05-22,12.66,Q2'25,Q1'25,13.44,0.941964
EFC,2025-05-23,12.6,Q2'25,Q1'25,13.44,0.9375
EFC,2025-05-27,12.81,Q2'25,Q1'25,13.44,0.953125
EFC,2025-05-28,12.74,Q2'25,Q1'25,13.44,0.947917
EFC,2025-05-29,12.83,Q2'25,Q1'25,13.44,0.954613
EFC,2025-05-30,12.57,Q2'25,Q1'25,13.44,0.935268
EFC,2025-06-02,12.39,Q2'25,Q1'25,13.44,0.921875
EFC,2025-06-03,12.51,Q2'25,Q1'25,13.44,0.930804
EFC,2025-06-04,12.5,Q2'25,Q1'25,13.44,0.93006
EFC,2025-06-05,12.57,Q2'25,Q1'25,13.44,0.935268
EFC,2025-06-06,12.69,Q2'25,Q1'25,13.44,0.944196
EFC,2025-06-09,12.77,Q2'25,Q1'25,13.44,0.950149
EFC,2025-06-10,12.95,Q2'25,Q1'25,13.44,0.963542
EFC,2025-06-11,12.97,Q2'25,Q1'25,13.44,0.96503
EFC,2025-06-12,13.07,Q2'25,Q1'25,13.44,0.97247
EFC,2025-06-13,12.87,Q2'25,Q1'25,13.44,0.957589
EFC,2025-06-16,12.84,Q2'25,Q1'25,13.44,0.955357
EFC,2025-06-17,12.67,Q2'25,Q1'25,13.44,0.942708
EFC,2025-06-18,12.8,Q2'25,Q1'25,13.44,0.952381
EFC,2025-06-20,12.88,Q2'25,Q1'25,13.44,0.958333
EFC,2025-06-23,12.93,Q2'25,Q1'25,13.44,0.962054
EFC,2025-06-24,13.0,Q2'25,Q1'25,13.44,0.967262
EFC,2025-06-25,12.95,Q2'25,Q1'25,13.44,0.963542
EFC,2025-06-26,13.14,Q2'25,Q1'25,13.44,0.977679
EFC,2025-06-27,12.98,Q2'25,Q1'25,13.44,0.965774
EFC,2025-06-30,12.99,Q2'25,Q1'25,13.44,0.966518
EFC,2025-07-01,12.97,Q3'25,Q2'25,13.49,0.961453
EFC,2025-07-02,13.09,Q3'25,Q2'25,13.49,0.970348
EFC,2025-07-03,13.16,Q3'25,Q2'25,13.49,0.975537
EFC,2025-07-07,13.02,Q3'25,Q2'25,13.49,0.965159
EFC,2025-07-08,13.19,Q3'25,Q2'25,13.49,0.977761
EFC,2025-07-09,13.28,Q3'25,Q2'25,13.49,0.984433
EFC,2025-07-10,13.24,Q3'25,Q2'25,13.49,0.981468
EFC,2025-07-11,13.22,Q3'25,Q2'25,13.49,0.979985
EFC,2025-07-14,13.26,Q3'25,Q2'25,13.49,0.98295
EFC,2025-07-15,13.2,Q3'25,Q2'25,13.49,0.978503
EFC,2025-07-16,13.37,Q3'25,Q2'25,13.49,0.991105
EFC,2025-07-17,13.24,Q3'25,Q2'25,13.49,0.981468
EFC,2025-07-18,13.13,Q3'25,Q2'25,13.49,0.973314
EFC,2025-07-21,13.16,Q3'25,Q2'25,13.49,0.975537
EFC,2025-07-22,13.19,Q3'25,Q2'25,13.49,0.977761
EFC,2025-07-23,13.33,Q3'25,Q2'25,13.49,0.988139
EFC,2025-07-24,13.25,Q3'25,Q2'25,13.49,0.982209
EFC,2025-07-25,13.24,Q3'25,Q2'25,13.49,0.981468
EFC,2025-07-28,13.08,Q3'25,Q2'25,13.49,0.969607
EFC,2025-07-29,13.16,Q3'25,Q2'25,13.49,0.975537
EFC,2025-07-30,12.97,Q3'25,Q2'25,13.49,0.961453
EFC,2025-07-31,12.69,Q3'25,Q2'25,13.49,0.940697
EFC,2025-08-01,12.7,Q3'25,Q2'25,13.49,0.941438
EFC,2025-08-04,12.95,Q3'25,Q2'25,13.49,0.95997
EFC,2025-08-05,12.92,Q3'25,Q2'25,13.49,0.957746
EFC,2025-08-06,12.72,Q3'25,Q2'25,13.49,0.942921
EFC,2025-08-07,12.66,Q3'25,Q2'25,13.49,0.938473
EFC,2025-08-08,12.98,Q3'25,Q2'25,13.49,0.962194
EFC,2025-08-11,13.16,Q3'25,Q2'25,13.49,0.975537
EFC,2025-08-12,13.36,Q3'25,Q2'25,13.49,0.990363
EFC,2025-08-13,13.71,Q3'25,Q2'25,13.49,1.016308
EFC,2025-08-14,13.77,Q3'25,Q2'25,13.49,1.020756
EFC,2025-08-15,13.75,Q3'25,Q2'25,13.49,1.019274
EFC,2025-08-18,13.71,Q3'25,Q2'25,13.49,1.016308
EFC,2025-08-19,13.75,Q3'25,Q2'25,13.49,1.019274
EFC,2025-08-20,13.84,Q3'25,Q2'25,13.49,1.025945
EFC,2025-08-21,13.69,Q3'25,Q2'25,13.49,1.014826
EFC,2025-08-22,14.02,Q3'25,Q2'25,13.49,1.039288
EFC,2025-08-25,13.86,Q3'25,Q2'25,13.49,1.027428
EFC,2025-08-26,13.88,Q3'25,Q2'25,13.49,1.02891
EFC,2025-08-27,13.79,Q3'25,Q2'25,13.49,1.022239
EFC,2025-08-28,13.75,Q3'25,Q2'25,13.49,1.019274
EFC,2025-08-29,13.64,Q3'25,Q2'25,13.49,1.011119
EFC,2025-09-02,13.58,Q3'25,Q2'25,13.49,1.006672
EFC,2025-09-03,13.67,Q3'25,Q2'25,13.49,1.013343
EFC,2025-09-04,13.71,Q3'25,Q2'25,13.49,1.016308
EFC,2025-09-05,13.83,Q3'25,Q2'25,13.49,1.025204
EFC,2025-09-08,13.7,Q3'25,Q2'25,13.49,1.015567
EFC,2025-09-09,13.66,Q3'25,Q2'25,13.49,1.012602
EFC,2025-09-10,13.59,Q3'25,Q2'25,13.49,1.007413
EFC,2025-09-11,13.54,Q3'25,Q2'25,13.49,1.003706
EFC,2025-09-12,13.43,Q3'25,Q2'25,13.49,0.995552
EFC,2025-09-15,13.41,Q3'25,Q2'25,13.49,0.99407
EFC,2025-09-16,13.23,Q3'25,Q2'25,13.49,0.980726
EFC,2025-09-17,13.23,Q3'25,Q2'25,13.49,0.980726
EFC,2025-09-18,13.23,Q3'25,Q2'25,13.49,0.980726
EFC,2025-09-19,13.17,Q3'25,Q2'25,13.49,0.976279
EFC,2025-09-22,12.98,Q3'25,Q2'25,13.49,0.962194
EFC,2025-09-23,13.05,Q3'25,Q2'25,13.49,0.967383
EFC,2025-09-24,12.97,Q3'25,Q2'25,13.49,0.961453
EFC,2025-09-25,13.07,Q3'25,Q2'25,13.49,0.968866
EFC,2025-09-26,13.17,Q3'25,Q2'25,13.49,0.976279
EFC,2025-09-29,13.01,Q3'25,Q2'25,13.49,0.964418
EFC,2025-09-30,12.98,Q3'25,Q2'25,13.49,0.962194
EFC,2025-10-01,13.09,Q4'25,Q3'25,13.4,0.976866
EFC,2025-10-02,13.15,Q4'25,Q3'25,13.4,0.981343
EFC,2025-10-03,13.34,Q4'25,Q3'25,13.4,0.995522
EFC,2025-10-06,13.28,Q4'25,Q3'25,13.4,0.991045
EFC,2025-10-07,13.45,Q4'25,Q3'25,13.4,1.003731
EFC,2025-10-08,13.62,Q4'25,Q3'25,13.4,1.016418
EFC,2025-10-09,13.47,Q4'25,Q3'25,13.4,1.005224
EFC,2025-10-10,13.43,Q4'25,Q3'25,13.4,1.002239
EFC,2025-10-13,13.48,Q4'25,Q3'25,13.4,1.00597
EFC,2025-10-14,13.65,Q4'25,Q3'25,13.4,1.018657
EFC,2025-10-15,13.68,Q4'25,Q3'25,13.4,1.020896
EFC,2025-10-16,13.64,Q4'25,Q3'25,13.4,1.01791
EFC,2025-10-17,13.6,Q4'25,Q3'25,13.4,1.014925
EFC,2025-10-20,13.68,Q4'25,Q3'25,13.4,1.020896
EFC,2025-10-21,13.57,Q4'25,Q3'25,13.4,1.012687
EFC,2025-10-22,13.67,Q4'25,Q3'25,13.4,1.020149
EFC,2025-10-23,13.48,Q4'25,Q3'25,13.4,1.00597
EFC,2025-10-24,13.32,Q4'25,Q3'25,13.4,0.99403
EFC,2025-10-27,13.36,Q4'25,Q3'25,13.4,0.997015
EFC,2025-10-28,13.37,Q4'25,Q3'25,13.4,0.997761
EFC,2025-10-29,13.31,Q4'25,Q3'25,13.4,0.993284
EFC,2025-10-30,13.39,Q4'25,Q3'25,13.4,0.999254
EFC,2025-10-31,13.32,Q4'25,Q3'25,13.4,0.99403
EFC,2025-11-03,13.48,Q4'25,Q3'25,13.4,1.00597
EFC,2025-11-04,13.69,Q4'25,Q3'25,13.4,1.021642
EFC,2025-11-05,13.67,Q4'25,Q3'25,13.4,1.020149
EFC,2025-11-06,13.78,Q4'25,Q3'25,13.4,1.028358
EFC,2025-11-07,13.35,Q4'25,Q3'25,13.4,0.996269
EFC,2025-11-10,13.28,Q4'25,Q3'25,13.4,0.991045
EFC,2025-11-11,13.94,Q4'25,Q3'25,13.4,1.040298
EFC,2025-11-12,13.76,Q4'25,Q3'25,13.4,1.026866
EFC,2025-11-13,13.64,Q4'25,Q3'25,13.4,1.01791
EFC,2025-11-14,13.74,Q4'25,Q3'25,13.4,1.025373
EFC,2025-11-17,13.6,Q4'25,Q3'25,13.4,1.014925
EFC,2025-11-18,13.67,Q4'25,Q3'25,13.4,1.020149
EFC,2025-11-19,13.64,Q4'25,Q3'25,13.4,1.01791
EFC,2025-11-20,13.66,Q4'25,Q3'25,13.4,1.019403
EFC,2025-11-21,13.78,Q4'25,Q3'25,13.4,1.028358
EFC,2025-11-24,13.68,Q4'25,Q3'25,13.4,1.020896
EFC,2025-11-25,13.88,Q4'25,Q3'25,13.4,1.035821
EFC,2025-11-26,13.94,Q4'25,Q3'25,13.4,1.040298
EFC,2025-11-28,13.7,Q4'25,Q3'25,13.4,1.022388
EFC,2025-12-01,13.47,Q4'25,Q3'25,13.4,1.005224
EFC,2025-12-02,13.61,Q4'25,Q3'25,13.4,1.015672
EFC,2025-12-03,13.68,Q4'25,Q3'25,13.4,1.020896
EFC,2025-12-04,13.63,Q4'25,Q3'25,13.4,1.017164
EFC,2025-12-05,13.72,Q4'25,Q3'25,13.4,1.023881
EFC,2025-12-08,13.61,Q4'25,Q3'25,13.4,1.015672
EFC,2025-12-09,13.57,Q4'25,Q3'25,13.4,1.012687
EFC,2025-12-10,13.69,Q4'25,Q3'25,13.4,1.021642
EFC,2025-12-11,13.69,Q4'25,Q3'25,13.4,1.021642
EFC,2025-12-12,13.65,Q4'25,Q3'25,13.4,1.018657
EFC,2025-12-15,13.65,Q4'25,Q3'25,13.4,1.018657
EFC,2025-12-16,13.56,Q4'25,Q3'25,13.4,1.01194
EFC,2025-12-17,13.73,Q4'25,Q3'25,13.4,1.024627
EFC,2025-12-18,13.8,Q4'25,Q3'25,13.4,1.029851
EFC,2025-12-19,13.84,Q4'25,Q3'25,13.4,1.032836
EFC,2025-12-22,13.94,Q4'25,Q3'25,13.4,1.040298
EFC,2025-12-23,13.76,Q4'25,Q3'25,13.4,1.026866
EFC,2025-12-24,13.85,Q4'25,Q3'25,13.4,1.033582
EFC,2025-12-26,13.84,Q4'25,Q3'25,13.4,1.032836
EFC,2025-12-29,13.79,Q4'25,Q3'25,13.4,1.029104
EFC,2025-12-30,13.75,Q4'25,Q3'25,13.4,1.026119
EFC,2025-12-31,13.58,Q4'25,Q3'25,13.4,1.013433
EFC,2026-01-02,13.68,Q1'26,Q4'25,13.16,1.039514
EFC,2026-01-05,13.46,Q1'26,Q4'25,13.16,1.022796
EFC,2026-01-06,13.53,Q1'26,Q4'25,13.16,1.028115
EFC,2026-01-07,13.61,Q1'26,Q4'25,13.16,1.034195
EFC,2026-01-08,13.65,Q1'26,Q4'25,13.16,1.037234
EFC,2026-01-09,13.72,Q1'26,Q4'25,13.16,1.042553
EFC,2026-01-12,13.73,Q1'26,Q4'25,13.16,1.043313
EFC,2026-01-13,13.72,Q1'26,Q4'25,13.16,1.042553
EFC,2026-01-14,13.77,Q1'26,Q4'25,13.16,1.046353
EFC,2026-01-15,13.85,Q1'26,Q4'25,13.16,1.052432
EFC,2026-01-16,14.01,Q1'26,Q4'25,13.16,1.06459
EFC,2026-01-20,13.92,Q1'26,Q4'25,13.16,1.057751
EFC,2026-01-21,13.99,Q1'26,Q4'25,13.16,1.06307
EFC,2026-01-22,13.99,Q1'26,Q4'25,13.16,1.06307
EFC,2026-01-23,13.9,Q1'26,Q4'25,13.16,1.056231
EFC,2026-01-26,13.86,Q1'26,Q4'25,13.16,1.053191
EFC,2026-01-27,13.37,Q1'26,Q4'25,13.16,1.015957
EFC,2026-01-28,13.36,Q1'26,Q4'25,13.16,1.015198
EFC,2026-01-29,13.5,Q1'26,Q4'25,13.16,1.025836
EFC,2026-01-30,12.85,Q1'26,Q4'25,13.16,0.976444
EFC,2026-02-02,12.66,Q1'26,Q4'25,13.16,0.962006
EFC,2026-02-03,12.6,Q1'26,Q4'25,13.16,0.957447
EFC,2026-02-04,12.85,Q1'26,Q4'25,13.16,0.976444
EFC,2026-02-05,12.86,Q1'26,Q4'25,13.16,0.977204
EFC,2026-02-06,13.0,Q1'26,Q4'25,13.16,0.987842
EFC,2026-02-09,12.83,Q1'26,Q4'25,13.16,0.974924
EFC,2026-02-10,12.85,Q1'26,Q4'25,13.16,0.976444
EFC,2026-02-11,12.96,Q1'26,Q4'25,13.16,0.984802
EFC,2026-02-12,12.99,Q1'26,Q4'25,13.16,0.987082
EFC,2026-02-13,12.94,Q1'26,Q4'25,13.16,0.983283
EFC,2026-02-17,12.82,Q1'26,Q4'25,13.16,0.974164
EFC,2026-02-18,12.65,Q1'26,Q4'25,13.16,0.961246
EFC,2026-02-19,12.45,Q1'26,Q4'25,13.16,0.946049
EFC,2026-02-20,12.37,Q1'26,Q4'25,13.16,0.93997
EFC,2026-02-23,12.41,Q1'26,Q4'25,13.16,0.943009
EFC,2026-02-24,12.46,Q1'26,Q4'25,13.16,0.946809
EFC,2026-02-25,12.52,Q1'26,Q4'25,13.16,0.951368
EFC,2026-02-26,12.58,Q1'26,Q4'25,13.16,0.955927
EFC,2026-02-27,12.42,Q1'26,Q4'25,13.16,0.943769
EFC,2026-03-02,12.46,Q1'26,Q4'25,13.16,0.946809
EFC,2026-03-03,12.29,Q1'26,Q4'25,13.16,0.933891
EFC,2026-03-04,12.2,Q1'26,Q4'25,13.16,0.927052
EFC,2026-03-05,12.2,Q1'26,Q4'25,13.16,0.927052
EFC,2026-03-06,12.03,Q1'26,Q4'25,13.16,0.914134
EFC,2026-03-09,11.81,Q1'26,Q4'25,13.16,0.897416
EFC,2026-03-10,12.09,Q1'26,Q4'25,13.16,0.918693
EFC,2026-03-11,12.03,Q1'26,Q4'25,13.16,0.914134
EFC,2026-03-12,11.92,Q1'26,Q4'25,13.16,0.905775
EFC,2026-03-13,11.8,Q1'26,Q4'25,13.16,0.896657
EFC,2026-03-16,11.94,Q1'26,Q4'25,13.16,0.907295
EFC,2026-03-17,11.99,Q1'26,Q4'25,13.16,0.911094
EFC,2026-03-18,11.75,Q1'26,Q4'25,13.16,0.892857
EFC,2026-03-19,11.75,Q1'26,Q4'25,13.16,0.892857
EFC,2026-03-20,11.3,Q1'26,Q4'25,13.16,0.858663
EFC,2026-03-23,11.53,Q1'26,Q4'25,13.16,0.87614
EFC,2026-03-24,11.51,Q1'26,Q4'25,13.16,0.87462
EFC,2026-03-25,11.77,Q1'26,Q4'25,13.16,0.894377
EFC,2026-03-26,11.7,Q1'26,Q4'25,13.16,0.889058
EFC,2026-03-27,11.55,Q1'26,Q4'25,13.16,0.87766
EFC,2026-03-30,11.76,Q1'26,Q4'25,13.16,0.893617
EFC,2026-03-31,11.85,Q1'26,Q4'25,13.16,0.900456
EFC,2026-04-01,11.9,Q2'26,Q1'26,13.56,0.877581
EFC,2026-04-02,12.04,Q2'26,Q1'26,13.56,0.887906
EFC,2026-04-06,12.1,Q2'26,Q1'26,13.56,0.89233
EFC,2026-04-07,12.05,Q2'26,Q1'26,13.56,0.888643
EFC,2026-04-08,12.3,Q2'26,Q1'26,13.56,0.90708
EFC,2026-04-09,12.59,Q2'26,Q1'26,13.56,0.928466
EFC,2026-04-10,12.55,Q2'26,Q1'26,13.56,0.925516
EFC,2026-04-13,12.66,Q2'26,Q1'26,13.56,0.933628
EFC,2026-04-14,12.71,Q2'26,Q1'26,13.56,0.937316
EFC,2026-04-15,12.81,Q2'26,Q1'26,13.56,0.94469
EFC,2026-04-16,12.69,Q2'26,Q1'26,13.56,0.935841
EFC,2026-04-17,12.96,Q2'26,Q1'26,13.56,0.955752
EFC,2026-04-20,13.04,Q2'26,Q1'26,13.56,0.961652
EFC,2026-04-21,12.93,Q2'26,Q1'26,13.56,0.95354
EFC,2026-04-22,12.99,Q2'26,Q1'26,13.56,0.957965
EFC,2026-04-23,13.05,Q2'26,Q1'26,13.56,0.962389
EFC,2026-04-24,13.14,Q2'26,Q1'26,13.56,0.969027
EFC,2026-04-27,13.26,Q2'26,Q1'26,13.56,0.977876
EFC,2026-04-28,13.33,Q2'26,Q1'26,13.56,0.983038
EFC,2026-04-29,13.18,Q2'26,Q1'26,13.56,0.971976
EFC,2026-04-30,13.25,Q2'26,Q1'26,13.56,0.977139
EFC,2026-05-01,13.24,Q2'26,Q1'26,13.56,0.976401
EFC,2026-05-04,13.01,Q2'26,Q1'26,13.56,0.95944
EFC,2026-05-05,13.11,Q2'26,Q1'26,13.56,0.966814
EFC,2026-05-06,13.57,Q2'26,Q1'26,13.56,1.000737
EFC,2026-05-07,13.59,Q2'26,Q1'26,13.56,1.002212
EFC,2026-05-08,13.62,Q2'26,Q1'26,13.56,1.004425
EFC,2026-05-11,13.46,Q2'26,Q1'26,13.56,0.992625
EFC,2026-05-12,13.48,Q2'26,Q1'26,13.56,0.9941
EFC,2026-05-13,13.41,Q2'26,Q1'26,13.56,0.988938
EFC,2026-05-14,13.46,Q2'26,Q1'26,13.56,0.992625
EFC,2026-05-15,13.33,Q2'26,Q1'26,13.56,0.983038
EFC,2026-05-18,13.33,Q2'26,Q1'26,13.56,0.983038
EFC,2026-05-19,13.35,Q2'26,Q1'26,13.56,0.984513
EFC,2026-05-20,13.5,Q2'26,Q1'26,13.56,0.995575
EFC,2026-05-21,13.57,Q2'26,Q1'26,13.56,1.000737
EFC,2026-05-22,13.49,Q2'26,Q1'26,13.56,0.994838
EFC,2026-05-26,13.59,Q2'26,Q1'26,13.56,1.002212
EFC,2026-05-27,13.6,Q2'26,Q1'26,13.56,1.00295
EFC,2026-05-28,13.59,Q2'26,Q1'26,13.56,1.002212
EFC,2026-05-29,13.57,Q2'26,Q1'26,13.56,1.000737
EFC,2026-06-01,13.43,Q2'26,Q1'26,13.56,0.990413
EFC,2026-06-02,13.6,Q2'26,Q1'26,13.56,1.00295
EFC,2026-06-03,13.36,Q2'26,Q1'26,13.56,0.985251
EFC,2026-06-04,13.52,Q2'26,Q1'26,13.56,0.99705
EFC,2026-06-05,13.55,Q2'26,Q1'26,13.56,0.999263
EFC,2026-06-08,13.38,Q2'26,Q1'26,13.56,0.986726
EFC,2026-06-09,13.59,Q2'26,Q1'26,13.56,1.002212
EFC,2026-06-10,13.61,Q2'26,Q1'26,13.56,1.003687
EFC,2026-06-11,13.63,Q2'26,Q1'26,13.56,1.005162
EFC,2026-06-12,13.68,Q2'26,Q1'26,13.56,1.00885
EFC,2026-06-15,13.59,Q2'26,Q1'26,13.56,1.002212
EFC,2026-06-16,13.67,Q2'26,Q1'26,13.56,1.008112
EFC,2026-06-17,13.42,Q2'26,Q1'26,13.56,0.989676
EFC,2026-06-18,13.44,Q2'26,Q1'26,13.56,0.99115
EFC,2026-06-22,13.3,Q2'26,Q1'26,13.56,0.980826
EFC,2026-06-23,13.49,Q2'26,Q1'26,13.56,0.994838
EFC,2026-06-24,13.65,Q2'26,Q1'26,13.56,1.006637
EFC,2026-06-25,13.65,Q2'26,Q1'26,13.56,1.006637
EFC,2026-06-26,13.57,Q2'26,Q1'26,13.56,1.000737
EFC,2026-06-29,13.67,Q2'26,Q1'26,13.56,1.008112
EFC,2026-06-30,13.61,Q2'26,Q1'26,13.56,1.003687
EFC,2026-07-01,13.52,Q3'26,Q2'26,13.61,0.993387
EFC,2026-07-02,13.47,Q3'26,Q2'26,13.61,0.989713
EFC,2026-07-06,13.58,Q3'26,Q2'26,13.61,0.997796
EFC,2026-07-07,13.48,Q3'26,Q2'26,13.61,0.990448
EFC,2026-07-08,13.42,Q3'26,Q2'26,13.61,0.98604
EFC,2026-07-09,13.53,Q3'26,Q2'26,13.61,0.994122
EFC,2026-07-10,13.58,Q3'26,Q2'26,13.61,0.997796
EFC,2026-07-13,13.45,Q3'26,Q2'26,13.61,0.988244
EFC,2026-07-14,13.62,Q3'26,Q2'26,13.61,1.000735
EFC,2026-07-15,13.71,Q3'26,Q2'26,13.61,1.007348
EFC,2026-07-16,13.7,Q3'26,Q2'26,13.61,1.006613
EFC,2026-07-17,13.53,Q3'26,Q2'26,13.61,0.994122
EFC,2026-07-20,13.41,Q3'26,Q2'26,13.61,0.985305
EFC,2026-07-23,13.28,Q3'26,Q2'26,13.61,0.975753
EFC,2026-07-24,13.37,Q3'26,Q2'26,13.61,0.982366
EFC,2026-07-27,13.36,Q3'26,Q2'26,13.61,0.981631
EFC,2026-07-28,13.55,Q3'26,Q2'26,13.61,0.995591
EFC,2026-07-29,13.46,Q3'26,Q2'26,13.61,0.988979
EFC,2026-07-30,13.49,Q3'26,Q2'26,13.61,0.991183
EFC,2026-08-03,13.33,Q3'26,Q2'26,13.61,0.979427
EFC,2026-08-04,13.3,Q3'26,Q2'26,13.61,0.977223
EFC,2026-08-05,13.24,Q3'26,Q2'26,13.61,0.972814
EFC,2026-08-06,13.14,Q3'26,Q2'26,13.61,0.965467
EFC,2026-08-07,13.6,Q3'26,Q2'26,13.61,0.999265
EFC,2026-08-10,13.47,Q3'26,Q2'26,13.61,0.989713
EFC,2026-08-11,13.6,Q3'26,Q2'26,13.61,0.999265
EFC,2026-08-12,13.62,Q3'26,Q2'26,13.61,1.000735
EFC,2026-08-13,13.68,Q3'26,Q2'26,13.61,1.005143
EFC,2026-08-14,13.67,Q3'26,Q2'26,13.61,1.004409
EFC,2026-08-17,13.59,Q3'26,Q2'26,13.61,0.998531
EFC,2026-08-18,13.61,Q3'26,Q2'26,13.61,1.0
EFC,2026-08-19,13.71,Q3'26,Q2'26,13.61,1.007348
IVR,2021-07-01,38.6,Q3'21,Q2'21,32.1,1.202492
IVR,2021-07-02,37.0,Q3'21,Q2'21,32.1,1.152648
IVR,2021-07-06,35.2,Q3'21,Q2'21,32.1,1.096573
IVR,2021-07-07,34.5,Q3'21,Q2'21,32.1,1.074766
IVR,2021-07-08,34.5,Q3'21,Q2'21,32.1,1.074766
IVR,2021-07-09,35.6,Q3'21,Q2'21,32.1,1.109034
IVR,2021-07-12,35.0,Q3'21,Q2'21,32.1,1.090343
IVR,2021-07-13,33.9,Q3'21,Q2'21,32.1,1.056075
IVR,2021-07-14,33.3,Q3'21,Q2'21,32.1,1.037383
IVR,2021-07-15,34.3,Q3'21,Q2'21,32.1,1.068536
IVR,2021-07-16,33.9,Q3'21,Q2'21,32.1,1.056075
IVR,2021-07-19,33.2,Q3'21,Q2'21,32.1,1.034268
IVR,2021-07-20,35.0,Q3'21,Q2'21,32.1,1.090343
IVR,2021-07-21,35.9,Q3'21,Q2'21,32.1,1.11838
IVR,2021-07-22,34.5,Q3'21,Q2'21,32.1,1.074766
IVR,2021-07-23,34.2,Q3'21,Q2'21,32.1,1.065421
IVR,2021-07-26,34.7,Q3'21,Q2'21,32.1,1.080997
IVR,2021-07-27,34.2,Q3'21,Q2'21,32.1,1.065421
IVR,2021-07-28,34.5,Q3'21,Q2'21,32.1,1.074766
IVR,2021-07-29,34.8,Q3'21,Q2'21,32.1,1.084112
IVR,2021-07-30,34.4,Q3'21,Q2'21,32.1,1.071651
IVR,2021-08-02,34.2,Q3'21,Q2'21,32.1,1.065421
IVR,2021-08-03,34.2,Q3'21,Q2'21,32.1,1.065421
IVR,2021-08-04,33.8,Q3'21,Q2'21,32.1,1.052959
IVR,2021-08-05,31.9,Q3'21,Q2'21,32.1,0.993769
IVR,2021-08-06,31.9,Q3'21,Q2'21,32.1,0.993769
IVR,2021-08-09,31.5,Q3'21,Q2'21,32.1,0.981308
IVR,2021-08-10,31.7,Q3'21,Q2'21,32.1,0.987539
IVR,2021-08-11,31.5,Q3'21,Q2'21,32.1,0.981308
IVR,2021-08-12,31.4,Q3'21,Q2'21,32.1,0.978193
IVR,2021-08-13,31.9,Q3'21,Q2'21,32.1,0.993769
IVR,2021-08-16,31.2,Q3'21,Q2'21,32.1,0.971963
IVR,2021-08-17,31.0,Q3'21,Q2'21,32.1,0.965732
IVR,2021-08-18,30.4,Q3'21,Q2'21,32.1,0.94704
IVR,2021-08-19,30.0,Q3'21,Q2'21,32.1,0.934579
IVR,2021-08-20,30.9,Q3'21,Q2'21,32.1,0.962617
IVR,2021-08-23,31.3,Q3'21,Q2'21,32.1,0.975078
IVR,2021-08-24,31.5,Q3'21,Q2'21,32.1,0.981308
IVR,2021-08-25,31.5,Q3'21,Q2'21,32.1,0.981308
IVR,2021-08-26,30.9,Q3'21,Q2'21,32.1,0.962617
IVR,2021-08-27,31.2,Q3'21,Q2'21,32.1,0.971963
IVR,2021-08-30,30.9,Q3'21,Q2'21,32.1,0.962617
IVR,2021-08-31,31.2,Q3'21,Q2'21,32.1,0.971963
IVR,2021-09-01,31.3,Q3'21,Q2'21,32.1,0.975078
IVR,2021-09-02,31.4,Q3'21,Q2'21,32.1,0.978193
IVR,2021-09-03,30.9,Q3'21,Q2'21,32.1,0.962617
IVR,2021-09-07,30.8,Q3'21,Q2'21,32.1,0.959502
IVR,2021-09-08,30.6,Q3'21,Q2'21,32.1,0.953271
IVR,2021-09-09,30.6,Q3'21,Q2'21,32.1,0.953271
IVR,2021-09-10,30.2,Q3'21,Q2'21,32.1,0.94081
IVR,2021-09-13,31.0,Q3'21,Q2'21,32.1,0.965732
IVR,2021-09-14,30.8,Q3'21,Q2'21,32.1,0.959502
IVR,2021-09-15,30.8,Q3'21,Q2'21,32.1,0.959502
IVR,2021-09-16,30.8,Q3'21,Q2'21,32.1,0.959502
IVR,2021-09-17,31.2,Q3'21,Q2'21,32.1,0.971963
IVR,2021-09-20,30.6,Q3'21,Q2'21,32.1,0.953271
IVR,2021-09-21,31.0,Q3'21,Q2'21,32.1,0.965732
IVR,2021-09-22,31.5,Q3'21,Q2'21,32.1,0.981308
IVR,2021-09-23,31.2,Q3'21,Q2'21,32.1,0.971963
IVR,2021-09-24,31.2,Q3'21,Q2'21,32.1,0.971963
IVR,2021-09-27,31.8,Q3'21,Q2'21,32.1,0.990654
IVR,2021-09-28,31.2,Q3'21,Q2'21,32.1,0.971963
IVR,2021-09-29,31.4,Q3'21,Q2'21,32.1,0.978193
IVR,2021-09-30,31.5,Q3'21,Q2'21,32.1,0.981308
IVR,2021-10-01,32.4,Q4'21,Q3'21,32.5,0.996923
IVR,2021-10-04,32.3,Q4'21,Q3'21,32.5,0.993846
IVR,2021-10-05,32.6,Q4'21,Q3'21,32.5,1.003077
IVR,2021-10-06,32.4,Q4'21,Q3'21,32.5,0.996923
IVR,2021-10-07,32.6,Q4'21,Q3'21,32.5,1.003077
IVR,2021-10-08,31.7,Q4'21,Q3'21,32.5,0.975385
IVR,2021-10-11,32.0,Q4'21,Q3'21,32.5,0.984615
IVR,2021-10-12,32.4,Q4'21,Q3'21,32.5,0.996923
IVR,2021-10-13,32.5,Q4'21,Q3'21,32.5,1.0
IVR,2021-10-14,32.6,Q4'21,Q3'21,32.5,1.003077
IVR,2021-10-15,32.3,Q4'21,Q3'21,32.5,0.993846
IVR,2021-10-18,32.3,Q4'21,Q3'21,32.5,0.993846
IVR,2021-10-19,32.0,Q4'21,Q3'21,32.5,0.984615
IVR,2021-10-20,31.7,Q4'21,Q3'21,32.5,0.975385
IVR,2021-10-21,31.8,Q4'21,Q3'21,32.5,0.978462
IVR,2021-10-22,31.6,Q4'21,Q3'21,32.5,0.972308
IVR,2021-10-25,31.7,Q4'21,Q3'21,32.5,0.975385
IVR,2021-10-26,31.3,Q4'21,Q3'21,32.5,0.963077
IVR,2021-10-27,31.7,Q4'21,Q3'21,32.5,0.975385
IVR,2021-10-28,31.6,Q4'21,Q3'21,32.5,0.972308
IVR,2021-10-29,31.4,Q4'21,Q3'21,32.5,0.966154
IVR,2021-11-01,32.0,Q4'21,Q3'21,32.5,0.984615
IVR,2021-11-02,32.1,Q4'21,Q3'21,32.5,0.987692
IVR,2021-11-03,32.5,Q4'21,Q3'21,32.5,1.0
IVR,2021-11-04,32.7,Q4'21,Q3'21,32.5,1.006154
IVR,2021-11-05,33.7,Q4'21,Q3'21,32.5,1.036923
IVR,2021-11-08,33.0,Q4'21,Q3'21,32.5,1.015385
IVR,2021-11-09,32.7,Q4'21,Q3'21,32.5,1.006154
IVR,2021-11-10,32.2,Q4'21,Q3'21,32.5,0.990769
IVR,2021-11-11,32.2,Q4'21,Q3'21,32.5,0.990769
IVR,2021-11-12,32.0,Q4'21,Q3'21,32.5,0.984615
IVR,2021-11-15,31.9,Q4'21,Q3'21,32.5,0.981538
IVR,2021-11-16,31.7,Q4'21,Q3'21,32.5,0.975385
IVR,2021-11-17,31.3,Q4'21,Q3'21,32.5,0.963077
IVR,2021-11-18,31.2,Q4'21,Q3'21,32.5,0.96
IVR,2021-11-19,31.4,Q4'21,Q3'21,32.5,0.966154
IVR,2021-11-22,30.7,Q4'21,Q3'21,32.5,0.944615
IVR,2021-11-23,31.0,Q4'21,Q3'21,32.5,0.953846
IVR,2021-11-24,31.2,Q4'21,Q3'21,32.5,0.96
IVR,2021-11-26,30.8,Q4'21,Q3'21,32.5,0.947692
IVR,2021-11-29,30.7,Q4'21,Q3'21,32.5,0.944615
IVR,2021-11-30,30.0,Q4'21,Q3'21,32.5,0.923077
IVR,2021-12-01,29.3,Q4'21,Q3'21,32.5,0.901538
IVR,2021-12-02,30.0,Q4'21,Q3'21,32.5,0.923077
IVR,2021-12-03,29.6,Q4'21,Q3'21,32.5,0.910769
IVR,2021-12-06,30.6,Q4'21,Q3'21,32.5,0.941538
IVR,2021-12-07,31.0,Q4'21,Q3'21,32.5,0.953846
IVR,2021-12-08,31.0,Q4'21,Q3'21,32.5,0.953846
IVR,2021-12-09,31.1,Q4'21,Q3'21,32.5,0.956923
IVR,2021-12-10,30.3,Q4'21,Q3'21,32.5,0.932308
IVR,2021-12-13,29.7,Q4'21,Q3'21,32.5,0.913846
IVR,2021-12-14,29.0,Q4'21,Q3'21,32.5,0.892308
IVR,2021-12-15,29.3,Q4'21,Q3'21,32.5,0.901538
IVR,2021-12-16,29.1,Q4'21,Q3'21,32.5,0.895385
IVR,2021-12-17,28.1,Q4'21,Q3'21,32.5,0.864615
IVR,2021-12-20,27.1,Q4'21,Q3'21,32.5,0.833846
IVR,2021-12-21,28.3,Q4'21,Q3'21,32.5,0.870769
IVR,2021-12-22,28.6,Q4'21,Q3'21,32.5,0.88
IVR,2021-12-23,28.6,Q4'21,Q3'21,32.5,0.88
IVR,2021-12-27,28.5,Q4'21,Q3'21,32.5,0.876923
IVR,2021-12-28,28.5,Q4'21,Q3'21,32.5,0.876923
IVR,2021-12-29,28.6,Q4'21,Q3'21,32.5,0.88
IVR,2021-12-30,28.6,Q4'21,Q3'21,32.5,0.88
IVR,2021-12-31,27.8,Q4'21,Q3'21,32.5,0.855385
IVR,2022-01-03,29.2,Q1'22,Q4'21,29.1,1.003436
IVR,2022-01-04,29.8,Q1'22,Q4'21,29.1,1.024055
IVR,2022-01-05,29.2,Q1'22,Q4'21,29.1,1.003436
IVR,2022-01-06,29.3,Q1'22,Q4'21,29.1,1.006873
IVR,2022-01-07,29.9,Q1'22,Q4'21,29.1,1.027491
IVR,2022-01-10,28.8,Q1'22,Q4'21,29.1,0.989691
IVR,2022-01-11,29.0,Q1'22,Q4'21,29.1,0.996564
IVR,2022-01-12,28.6,Q1'22,Q4'21,29.1,0.982818
IVR,2022-01-13,28.0,Q1'22,Q4'21,29.1,0.962199
IVR,2022-01-14,28.1,Q1'22,Q4'21,29.1,0.965636
IVR,2022-01-18,27.1,Q1'22,Q4'21,29.1,0.931271
IVR,2022-01-19,26.7,Q1'22,Q4'21,29.1,0.917526
IVR,2022-01-20,26.2,Q1'22,Q4'21,29.1,0.900344
IVR,2022-01-21,25.2,Q1'22,Q4'21,29.1,0.865979
IVR,2022-01-24,25.3,Q1'22,Q4'21,29.1,0.869416
IVR,2022-01-25,26.1,Q1'22,Q4'21,29.1,0.896907
IVR,2022-01-26,25.8,Q1'22,Q4'21,29.1,0.886598
IVR,2022-01-27,25.5,Q1'22,Q4'21,29.1,0.876289
IVR,2022-01-28,25.9,Q1'22,Q4'21,29.1,0.890034
IVR,2022-01-31,26.8,Q1'22,Q4'21,29.1,0.920962
IVR,2022-02-01,26.8,Q1'22,Q4'21,29.1,0.920962
IVR,2022-02-02,26.4,Q1'22,Q4'21,29.1,0.907216
IVR,2022-02-03,25.9,Q1'22,Q4'21,29.1,0.890034
IVR,2022-02-04,25.9,Q1'22,Q4'21,29.1,0.890034
IVR,2022-02-07,26.5,Q1'22,Q4'21,29.1,0.910653
IVR,2022-02-08,26.7,Q1'22,Q4'21,29.1,0.917526
IVR,2022-02-09,26.5,Q1'22,Q4'21,29.1,0.910653
IVR,2022-02-10,25.6,Q1'22,Q4'21,29.1,0.879725
IVR,2022-02-11,25.6,Q1'22,Q4'21,29.1,0.879725
IVR,2022-02-14,24.9,Q1'22,Q4'21,29.1,0.85567
IVR,2022-02-15,25.3,Q1'22,Q4'21,29.1,0.869416
IVR,2022-02-16,25.5,Q1'22,Q4'21,29.1,0.876289
IVR,2022-02-17,24.3,Q1'22,Q4'21,29.1,0.835052
IVR,2022-02-18,23.9,Q1'22,Q4'21,29.1,0.821306
IVR,2022-02-22,22.6,Q1'22,Q4'21,29.1,0.776632
IVR,2022-02-23,21.9,Q1'22,Q4'21,29.1,0.752577
IVR,2022-02-24,22.1,Q1'22,Q4'21,29.1,0.75945
IVR,2022-02-25,21.9,Q1'22,Q4'21,29.1,0.752577
IVR,2022-02-28,21.8,Q1'22,Q4'21,29.1,0.749141
IVR,2022-03-01,21.0,Q1'22,Q4'21,29.1,0.721649
IVR,2022-03-02,21.3,Q1'22,Q4'21,29.1,0.731959
IVR,2022-03-03,21.4,Q1'22,Q4'21,29.1,0.735395
IVR,2022-03-04,21.1,Q1'22,Q4'21,29.1,0.725086
IVR,2022-03-07,20.9,Q1'22,Q4'21,29.1,0.718213
IVR,2022-03-08,22.3,Q1'22,Q4'21,29.1,0.766323
IVR,2022-03-09,22.7,Q1'22,Q4'21,29.1,0.780069
IVR,2022-03-10,22.6,Q1'22,Q4'21,29.1,0.776632
IVR,2022-03-11,21.9,Q1'22,Q4'21,29.1,0.752577
IVR,2022-03-14,21.7,Q1'22,Q4'21,29.1,0.745704
IVR,2022-03-15,21.8,Q1'22,Q4'21,29.1,0.749141
IVR,2022-03-16,22.2,Q1'22,Q4'21,29.1,0.762887
IVR,2022-03-17,22.1,Q1'22,Q4'21,29.1,0.75945
IVR,2022-03-18,22.0,Q1'22,Q4'21,29.1,0.756014
IVR,2022-03-21,21.6,Q1'22,Q4'21,29.1,0.742268
IVR,2022-03-22,21.9,Q1'22,Q4'21,29.1,0.752577
IVR,2022-03-23,21.4,Q1'22,Q4'21,29.1,0.735395
IVR,2022-03-24,21.8,Q1'22,Q4'21,29.1,0.749141
IVR,2022-03-25,22.5,Q1'22,Q4'21,29.1,0.773196
IVR,2022-03-28,22.2,Q1'22,Q4'21,29.1,0.762887
IVR,2022-03-29,23.2,Q1'22,Q4'21,29.1,0.797251
IVR,2022-03-30,22.8,Q1'22,Q4'21,29.1,0.783505
IVR,2022-03-31,22.8,Q1'22,Q4'21,29.1,0.783505
IVR,2022-04-01,23.1,Q2'22,Q1'22,20.8,1.110577
IVR,2022-04-04,23.3,Q2'22,Q1'22,20.8,1.120192
IVR,2022-04-05,22.6,Q2'22,Q1'22,20.8,1.086538
IVR,2022-04-06,21.6,Q2'22,Q1'22,20.8,1.038462
IVR,2022-04-07,20.1,Q2'22,Q1'22,20.8,0.966346
IVR,2022-04-08,20.1,Q2'22,Q1'22,20.8,0.966346
IVR,2022-04-11,20.0,Q2'22,Q1'22,20.8,0.961538
IVR,2022-04-12,19.6,Q2'22,Q1'22,20.8,0.942308
IVR,2022-04-13,19.7,Q2'22,Q1'22,20.8,0.947115
IVR,2022-04-14,19.5,Q2'22,Q1'22,20.8,0.9375
IVR,2022-04-18,18.8,Q2'22,Q1'22,20.8,0.903846
IVR,2022-04-19,18.2,Q2'22,Q1'22,20.8,0.875
IVR,2022-04-20,18.8,Q2'22,Q1'22,20.8,0.903846
IVR,2022-04-21,18.6,Q2'22,Q1'22,20.8,0.894231
IVR,2022-04-22,18.2,Q2'22,Q1'22,20.8,0.875
IVR,2022-04-25,18.1,Q2'22,Q1'22,20.8,0.870192
IVR,2022-04-26,17.2,Q2'22,Q1'22,20.8,0.826923
IVR,2022-04-27,17.4,Q2'22,Q1'22,20.8,0.836538
IVR,2022-04-28,18.2,Q2'22,Q1'22,20.8,0.875
IVR,2022-04-29,17.4,Q2'22,Q1'22,20.8,0.836538
IVR,2022-05-02,17.9,Q2'22,Q1'22,20.8,0.860577
IVR,2022-05-03,18.5,Q2'22,Q1'22,20.8,0.889423
IVR,2022-05-04,18.7,Q2'22,Q1'22,20.8,0.899038
IVR,2022-05-05,17.0,Q2'22,Q1'22,20.8,0.817308
IVR,2022-05-06,17.2,Q2'22,Q1'22,20.8,0.826923
IVR,2022-05-09,16.7,Q2'22,Q1'22,20.8,0.802885
IVR,2022-05-10,16.5,Q2'22,Q1'22,20.8,0.793269
IVR,2022-05-11,16.4,Q2'22,Q1'22,20.8,0.788462
IVR,2022-05-12,16.6,Q2'22,Q1'22,20.8,0.798077
IVR,2022-05-13,17.5,Q2'22,Q1'22,20.8,0.841346
IVR,2022-05-16,17.6,Q2'22,Q1'22,20.8,0.846154
IVR,2022-05-17,17.8,Q2'22,Q1'22,20.8,0.855769
IVR,2022-05-18,17.4,Q2'22,Q1'22,20.8,0.836538
IVR,2022-05-19,17.1,Q2'22,Q1'22,20.8,0.822115
IVR,2022-05-20,17.1,Q2'22,Q1'22,20.8,0.822115
IVR,2022-05-23,17.1,Q2'22,Q1'22,20.8,0.822115
IVR,2022-05-24,17.3,Q2'22,Q1'22,20.8,0.831731
IVR,2022-05-25,17.3,Q2'22,Q1'22,20.8,0.831731
IVR,2022-05-26,17.6,Q2'22,Q1'22,20.8,0.846154
IVR,2022-05-27,17.4,Q2'22,Q1'22,20.8,0.836538
IVR,2022-05-31,17.8,Q2'22,Q1'22,20.8,0.855769
IVR,2022-06-01,17.8,Q2'22,Q1'22,20.8,0.855769
IVR,2022-06-02,17.9,Q2'22,Q1'22,20.8,0.860577
IVR,2022-06-03,17.5,Q2'22,Q1'22,20.8,0.841346
IVR,2022-06-06,16.75,Q2'22,Q1'22,20.8,0.805288
IVR,2022-06-07,17.16,Q2'22,Q1'22,20.8,0.825
IVR,2022-06-08,16.01,Q2'22,Q1'22,20.8,0.769712
IVR,2022-06-09,15.52,Q2'22,Q1'22,20.8,0.746154
IVR,2022-06-10,14.73,Q2'22,Q1'22,20.8,0.708173
IVR,2022-06-13,12.06,Q2'22,Q1'22,20.8,0.579808
IVR,2022-06-14,11.1,Q2'22,Q1'22,20.8,0.533654
IVR,2022-06-15,10.74,Q2'22,Q1'22,20.8,0.516346
IVR,2022-06-16,9.66,Q2'22,Q1'22,20.8,0.464423
IVR,2022-06-17,10.9,Q2'22,Q1'22,20.8,0.524038
IVR,2022-06-21,11.02,Q2'22,Q1'22,20.8,0.529808
IVR,2022-06-22,11.5,Q2'22,Q1'22,20.8,0.552885
IVR,2022-06-23,11.85,Q2'22,Q1'22,20.8,0.569712
IVR,2022-06-24,13.41,Q2'22,Q1'22,20.8,0.644712
IVR,2022-06-27,13.34,Q2'22,Q1'22,20.8,0.641346
IVR,2022-06-28,14.25,Q2'22,Q1'22,20.8,0.685096
IVR,2022-06-29,14.26,Q2'22,Q1'22,20.8,0.685577
IVR,2022-06-30,14.68,Q2'22,Q1'22,20.8,0.705769
IVR,2022-07-01,15.38,Q3'22,Q2'22,16.16,0.951733
IVR,2022-07-05,15.68,Q3'22,Q2'22,16.16,0.970297
IVR,2022-07-06,15.34,Q3'22,Q2'22,16.16,0.949257
IVR,2022-07-07,15.68,Q3'22,Q2'22,16.16,0.970297
IVR,2022-07-08,14.51,Q3'22,Q2'22,16.16,0.897896
IVR,2022-07-11,14.19,Q3'22,Q2'22,16.16,0.878094
IVR,2022-07-12,14.49,Q3'22,Q2'22,16.16,0.896658
IVR,2022-07-13,14.52,Q3'22,Q2'22,16.16,0.898515
IVR,2022-07-14,14.09,Q3'22,Q2'22,16.16,0.871906
IVR,2022-07-15,14.73,Q3'22,Q2'22,16.16,0.91151
IVR,2022-07-18,14.6,Q3'22,Q2'22,16.16,0.903465
IVR,2022-07-19,15.34,Q3'22,Q2'22,16.16,0.949257
IVR,2022-07-20,15.6,Q3'22,Q2'22,16.16,0.965347
IVR,2022-07-21,15.87,Q3'22,Q2'22,16.16,0.982054
IVR,2022-07-22,15.86,Q3'22,Q2'22,16.16,0.981436
IVR,2022-07-25,15.95,Q3'22,Q2'22,16.16,0.987005
IVR,2022-07-26,16.04,Q3'22,Q2'22,16.16,0.992574
IVR,2022-07-27,16.66,Q3'22,Q2'22,16.16,1.030941
IVR,2022-07-28,17.4,Q3'22,Q2'22,16.16,1.076733
IVR,2022-07-29,17.7,Q3'22,Q2'22,16.16,1.095297
IVR,2022-08-01,17.66,Q3'22,Q2'22,16.16,1.092822
IVR,2022-08-02,17.04,Q3'22,Q2'22,16.16,1.054456
IVR,2022-08-03,17.11,Q3'22,Q2'22,16.16,1.058787
IVR,2022-08-04,16.41,Q3'22,Q2'22,16.16,1.01547
IVR,2022-08-05,17.45,Q3'22,Q2'22,16.16,1.079827
IVR,2022-08-08,17.51,Q3'22,Q2'22,16.16,1.08354
IVR,2022-08-09,17.43,Q3'22,Q2'22,16.16,1.078589
IVR,2022-08-10,17.35,Q3'22,Q2'22,16.16,1.073639
IVR,2022-08-11,17.18,Q3'22,Q2'22,16.16,1.063119
IVR,2022-08-12,17.18,Q3'22,Q2'22,16.16,1.063119
IVR,2022-08-15,17.08,Q3'22,Q2'22,16.16,1.056931
IVR,2022-08-16,17.08,Q3'22,Q2'22,16.16,1.056931
IVR,2022-08-17,16.77,Q3'22,Q2'22,16.16,1.037748
IVR,2022-08-18,16.69,Q3'22,Q2'22,16.16,1.032797
IVR,2022-08-19,16.4,Q3'22,Q2'22,16.16,1.014851
IVR,2022-08-22,15.71,Q3'22,Q2'22,16.16,0.972153
IVR,2022-08-23,16.13,Q3'22,Q2'22,16.16,0.998144
IVR,2022-08-24,16.21,Q3'22,Q2'22,16.16,1.003094
IVR,2022-08-25,16.54,Q3'22,Q2'22,16.16,1.023515
IVR,2022-08-26,16.4,Q3'22,Q2'22,16.16,1.014851
IVR,2022-08-29,16.31,Q3'22,Q2'22,16.16,1.009282
IVR,2022-08-30,15.85,Q3'22,Q2'22,16.16,0.980817
IVR,2022-08-31,15.89,Q3'22,Q2'22,16.16,0.983292
IVR,2022-09-01,15.74,Q3'22,Q2'22,16.16,0.97401
IVR,2022-09-02,15.76,Q3'22,Q2'22,16.16,0.975248
IVR,2022-09-06,15.55,Q3'22,Q2'22,16.16,0.962252
IVR,2022-09-07,15.66,Q3'22,Q2'22,16.16,0.969059
IVR,2022-09-08,15.76,Q3'22,Q2'22,16.16,0.975248
IVR,2022-09-09,15.86,Q3'22,Q2'22,16.16,0.981436
IVR,2022-09-12,15.98,Q3'22,Q2'22,16.16,0.988861
IVR,2022-09-13,15.45,Q3'22,Q2'22,16.16,0.956064
IVR,2022-09-14,15.39,Q3'22,Q2'22,16.16,0.952352
IVR,2022-09-15,14.77,Q3'22,Q2'22,16.16,0.913985
IVR,2022-09-16,15.06,Q3'22,Q2'22,16.16,0.931931
IVR,2022-09-19,14.84,Q3'22,Q2'22,16.16,0.918317
IVR,2022-09-20,14.74,Q3'22,Q2'22,16.16,0.912129
IVR,2022-09-21,14.5,Q3'22,Q2'22,16.16,0.897277
IVR,2022-09-22,14.03,Q3'22,Q2'22,16.16,0.868193
IVR,2022-09-23,13.48,Q3'22,Q2'22,16.16,0.834158
IVR,2022-09-26,11.95,Q3'22,Q2'22,16.16,0.73948
IVR,2022-09-27,11.57,Q3'22,Q2'22,16.16,0.715965
IVR,2022-09-28,12.23,Q3'22,Q2'22,16.16,0.756807
IVR,2022-09-29,11.0,Q3'22,Q2'22,16.16,0.680693
IVR,2022-09-30,11.1,Q3'22,Q2'22,16.16,0.686881
IVR,2022-10-03,11.33,Q4'22,Q3'22,12.8,0.885156
IVR,2022-10-04,12.66,Q4'22,Q3'22,12.8,0.989062
IVR,2022-10-05,11.97,Q4'22,Q3'22,12.8,0.935156
IVR,2022-10-06,11.36,Q4'22,Q3'22,12.8,0.8875
IVR,2022-10-07,10.33,Q4'22,Q3'22,12.8,0.807031
IVR,2022-10-10,9.88,Q4'22,Q3'22,12.8,0.771875
IVR,2022-10-11,10.98,Q4'22,Q3'22,12.8,0.857812
IVR,2022-10-12,10.73,Q4'22,Q3'22,12.8,0.838281
IVR,2022-10-13,10.94,Q4'22,Q3'22,12.8,0.854687
IVR,2022-10-14,10.64,Q4'22,Q3'22,12.8,0.83125
IVR,2022-10-17,10.88,Q4'22,Q3'22,12.8,0.85
IVR,2022-10-18,10.84,Q4'22,Q3'22,12.8,0.846875
IVR,2022-10-19,10.74,Q4'22,Q3'22,12.8,0.839062
IVR,2022-10-20,10.5,Q4'22,Q3'22,12.8,0.820312
IVR,2022-10-21,10.72,Q4'22,Q3'22,12.8,0.8375
IVR,2022-10-24,10.69,Q4'22,Q3'22,12.8,0.835156
IVR,2022-10-25,11.25,Q4'22,Q3'22,12.8,0.878906
IVR,2022-10-26,11.24,Q4'22,Q3'22,12.8,0.878125
IVR,2022-10-27,11.37,Q4'22,Q3'22,12.8,0.888281
IVR,2022-10-28,11.74,Q4'22,Q3'22,12.8,0.917187
IVR,2022-10-31,11.71,Q4'22,Q3'22,12.8,0.914844
IVR,2022-11-01,11.7,Q4'22,Q3'22,12.8,0.914062
IVR,2022-11-02,11.25,Q4'22,Q3'22,12.8,0.878906
IVR,2022-11-03,11.44,Q4'22,Q3'22,12.8,0.89375
IVR,2022-11-04,11.92,Q4'22,Q3'22,12.8,0.93125
IVR,2022-11-07,11.93,Q4'22,Q3'22,12.8,0.932031
IVR,2022-11-08,12.02,Q4'22,Q3'22,12.8,0.939063
IVR,2022-11-09,11.95,Q4'22,Q3'22,12.8,0.933594
IVR,2022-11-10,12.82,Q4'22,Q3'22,12.8,1.001562
IVR,2022-11-11,13.22,Q4'22,Q3'22,12.8,1.032813
IVR,2022-11-14,13.13,Q4'22,Q3'22,12.8,1.025781
IVR,2022-11-15,13.45,Q4'22,Q3'22,12.8,1.050781
IVR,2022-11-16,13.29,Q4'22,Q3'22,12.8,1.038281
IVR,2022-11-17,13.03,Q4'22,Q3'22,12.8,1.017969
IVR,2022-11-18,12.99,Q4'22,Q3'22,12.8,1.014844
IVR,2022-11-21,13.15,Q4'22,Q3'22,12.8,1.027344
IVR,2022-11-22,13.2,Q4'22,Q3'22,12.8,1.03125
IVR,2022-11-23,13.11,Q4'22,Q3'22,12.8,1.024219
IVR,2022-11-25,13.1,Q4'22,Q3'22,12.8,1.023438
IVR,2022-11-28,12.9,Q4'22,Q3'22,12.8,1.007812
IVR,2022-11-29,12.97,Q4'22,Q3'22,12.8,1.013281
IVR,2022-11-30,13.13,Q4'22,Q3'22,12.8,1.025781
IVR,2022-12-01,13.25,Q4'22,Q3'22,12.8,1.035156
IVR,2022-12-02,13.37,Q4'22,Q3'22,12.8,1.044531
IVR,2022-12-05,13.2,Q4'22,Q3'22,12.8,1.03125
IVR,2022-12-06,12.75,Q4'22,Q3'22,12.8,0.996094
IVR,2022-12-07,12.85,Q4'22,Q3'22,12.8,1.003906
IVR,2022-12-08,12.84,Q4'22,Q3'22,12.8,1.003125
IVR,2022-12-09,13.01,Q4'22,Q3'22,12.8,1.016406
IVR,2022-12-12,12.91,Q4'22,Q3'22,12.8,1.008594
IVR,2022-12-13,12.84,Q4'22,Q3'22,12.8,1.003125
IVR,2022-12-14,12.79,Q4'22,Q3'22,12.8,0.999219
IVR,2022-12-15,12.73,Q4'22,Q3'22,12.8,0.994531
IVR,2022-12-16,12.66,Q4'22,Q3'22,12.8,0.989062
IVR,2022-12-19,12.64,Q4'22,Q3'22,12.8,0.9875
IVR,2022-12-20,12.72,Q4'22,Q3'22,12.8,0.99375
IVR,2022-12-21,13.12,Q4'22,Q3'22,12.8,1.025
IVR,2022-12-22,13.23,Q4'22,Q3'22,12.8,1.033594
IVR,2022-12-23,13.15,Q4'22,Q3'22,12.8,1.027344
IVR,2022-12-27,13.18,Q4'22,Q3'22,12.8,1.029688
IVR,2022-12-28,12.85,Q4'22,Q3'22,12.8,1.003906
IVR,2022-12-29,13.1,Q4'22,Q3'22,12.8,1.023438
IVR,2022-12-30,12.73,Q4'22,Q3'22,12.8,0.994531
IVR,2023-01-03,13.16,Q1'23,Q4'22,12.79,1.028929
IVR,2023-01-04,13.54,Q1'23,Q4'22,12.79,1.05864
IVR,2023-01-05,13.43,Q1'23,Q4'22,12.79,1.050039
IVR,2023-01-06,12.75,Q1'23,Q4'22,12.79,0.996873
IVR,2023-01-09,12.94,Q1'23,Q4'22,12.79,1.011728
IVR,2023-01-10,13.26,Q1'23,Q4'22,12.79,1.036747
IVR,2023-01-11,13.7,Q1'23,Q4'22,12.79,1.071149
IVR,2023-01-12,13.98,Q1'23,Q4'22,12.79,1.093041
IVR,2023-01-13,14.02,Q1'23,Q4'22,12.79,1.096169
IVR,2023-01-17,13.86,Q1'23,Q4'22,12.79,1.083659
IVR,2023-01-18,13.96,Q1'23,Q4'22,12.79,1.091478
IVR,2023-01-19,13.98,Q1'23,Q4'22,12.79,1.093041
IVR,2023-01-20,14.25,Q1'23,Q4'22,12.79,1.114152
IVR,2023-01-23,14.26,Q1'23,Q4'22,12.79,1.114934
IVR,2023-01-24,14.14,Q1'23,Q4'22,12.79,1.105551
IVR,2023-01-25,14.12,Q1'23,Q4'22,12.79,1.103987
IVR,2023-01-26,14.38,Q1'23,Q4'22,12.79,1.124316
IVR,2023-01-27,14.73,Q1'23,Q4'22,12.79,1.151681
IVR,2023-01-30,14.43,Q1'23,Q4'22,12.79,1.128225
IVR,2023-01-31,14.69,Q1'23,Q4'22,12.79,1.148554
IVR,2023-02-01,15.2,Q1'23,Q4'22,12.79,1.188428
IVR,2023-02-02,15.39,Q1'23,Q4'22,12.79,1.203284
IVR,2023-02-03,15.06,Q1'23,Q4'22,12.79,1.177482
IVR,2023-02-06,14.35,Q1'23,Q4'22,12.79,1.12197
IVR,2023-02-07,14.31,Q1'23,Q4'22,12.79,1.118843
IVR,2023-02-08,14.32,Q1'23,Q4'22,12.79,1.119625
IVR,2023-02-09,13.81,Q1'23,Q4'22,12.79,1.07975
IVR,2023-02-10,13.76,Q1'23,Q4'22,12.79,1.075841
IVR,2023-02-13,13.9,Q1'23,Q4'22,12.79,1.086787
IVR,2023-02-14,13.84,Q1'23,Q4'22,12.79,1.082095
IVR,2023-02-15,13.81,Q1'23,Q4'22,12.79,1.07975
IVR,2023-02-16,13.75,Q1'23,Q4'22,12.79,1.075059
IVR,2023-02-17,13.67,Q1'23,Q4'22,12.79,1.068804
IVR,2023-02-21,13.12,Q1'23,Q4'22,12.79,1.025801
IVR,2023-02-22,13.1,Q1'23,Q4'22,12.79,1.024238
IVR,2023-02-23,13.1,Q1'23,Q4'22,12.79,1.024238
IVR,2023-02-24,12.83,Q1'23,Q4'22,12.79,1.003127
IVR,2023-02-27,12.53,Q1'23,Q4'22,12.79,0.979672
IVR,2023-02-28,12.53,Q1'23,Q4'22,12.79,0.979672
IVR,2023-03-01,12.21,Q1'23,Q4'22,12.79,0.954652
IVR,2023-03-02,12.28,Q1'23,Q4'22,12.79,0.960125
IVR,2023-03-03,12.22,Q1'23,Q4'22,12.79,0.955434
IVR,2023-03-06,12.3,Q1'23,Q4'22,12.79,0.961689
IVR,2023-03-07,12.14,Q1'23,Q4'22,12.79,0.949179
IVR,2023-03-08,12.16,Q1'23,Q4'22,12.79,0.950743
IVR,2023-03-09,11.52,Q1'23,Q4'22,12.79,0.900704
IVR,2023-03-10,10.98,Q1'23,Q4'22,12.79,0.858483
IVR,2023-03-13,10.65,Q1'23,Q4'22,12.79,0.832682
IVR,2023-03-14,11.29,Q1'23,Q4'22,12.79,0.882721
IVR,2023-03-15,11.08,Q1'23,Q4'22,12.79,0.866302
IVR,2023-03-16,11.2,Q1'23,Q4'22,12.79,0.875684
IVR,2023-03-17,10.76,Q1'23,Q4'22,12.79,0.841282
IVR,2023-03-20,10.91,Q1'23,Q4'22,12.79,0.85301
IVR,2023-03-21,11.04,Q1'23,Q4'22,12.79,0.863174
IVR,2023-03-22,10.78,Q1'23,Q4'22,12.79,0.842846
IVR,2023-03-23,10.48,Q1'23,Q4'22,12.79,0.81939
IVR,2023-03-24,10.82,Q1'23,Q4'22,12.79,0.845973
IVR,2023-03-27,11.21,Q1'23,Q4'22,12.79,0.876466
IVR,2023-03-28,10.46,Q1'23,Q4'22,12.79,0.817826
IVR,2023-03-29,10.69,Q1'23,Q4'22,12.79,0.835809
IVR,2023-03-30,10.76,Q1'23,Q4'22,12.79,0.841282
IVR,2023-03-31,11.09,Q1'23,Q4'22,12.79,0.867084
IVR,2023-04-03,10.92,Q2'23,Q1'23,12.61,0.865979
IVR,2023-04-04,11.09,Q2'23,Q1'23,12.61,0.879461
IVR,2023-04-05,11.15,Q2'23,Q1'23,12.61,0.884219
IVR,2023-04-06,10.76,Q2'23,Q1'23,12.61,0.853291
IVR,2023-04-10,10.39,Q2'23,Q1'23,12.61,0.823949
IVR,2023-04-11,10.32,Q2'23,Q1'23,12.61,0.818398
IVR,2023-04-12,10.39,Q2'23,Q1'23,12.61,0.823949
IVR,2023-04-13,10.37,Q2'23,Q1'23,12.61,0.822363
IVR,2023-04-14,10.25,Q2'23,Q1'23,12.61,0.812847
IVR,2023-04-17,10.56,Q2'23,Q1'23,12.61,0.837431
IVR,2023-04-18,10.37,Q2'23,Q1'23,12.61,0.822363
IVR,2023-04-19,10.49,Q2'23,Q1'23,12.61,0.831879
IVR,2023-04-20,10.55,Q2'23,Q1'23,12.61,0.836638
IVR,2023-04-21,10.59,Q2'23,Q1'23,12.61,0.83981
IVR,2023-04-24,10.51,Q2'23,Q1'23,12.61,0.833466
IVR,2023-04-25,10.26,Q2'23,Q1'23,12.61,0.81364
IVR,2023-04-26,10.28,Q2'23,Q1'23,12.61,0.815226
IVR,2023-04-27,10.37,Q2'23,Q1'23,12.61,0.822363
IVR,2023-04-28,10.61,Q2'23,Q1'23,12.61,0.841396
IVR,2023-05-01,10.25,Q2'23,Q1'23,12.61,0.812847
IVR,2023-05-02,9.78,Q2'23,Q1'23,12.61,0.775575
IVR,2023-05-03,9.74,Q2'23,Q1'23,12.61,0.772403
IVR,2023-05-04,9.75,Q2'23,Q1'23,12.61,0.773196
IVR,2023-05-05,10.08,Q2'23,Q1'23,12.61,0.799366
IVR,2023-05-08,10.2,Q2'23,Q1'23,12.61,0.808882
IVR,2023-05-09,10.0,Q2'23,Q1'23,12.61,0.793021
IVR,2023-05-10,10.87,Q2'23,Q1'23,12.61,0.862014
IVR,2023-05-11,10.75,Q2'23,Q1'23,12.61,0.852498
IVR,2023-05-12,10.67,Q2'23,Q1'23,12.61,0.846154
IVR,2023-05-15,10.8,Q2'23,Q1'23,12.61,0.856463
IVR,2023-05-16,10.57,Q2'23,Q1'23,12.61,0.838224
IVR,2023-05-17,10.69,Q2'23,Q1'23,12.61,0.84774
IVR,2023-05-18,10.81,Q2'23,Q1'23,12.61,0.857256
IVR,2023-05-19,10.6,Q2'23,Q1'23,12.61,0.840603
IVR,2023-05-22,10.53,Q2'23,Q1'23,12.61,0.835052
IVR,2023-05-23,10.42,Q2'23,Q1'23,12.61,0.826328
IVR,2023-05-24,10.12,Q2'23,Q1'23,12.61,0.802538
IVR,2023-05-25,9.83,Q2'23,Q1'23,12.61,0.77954
IVR,2023-05-26,10.27,Q2'23,Q1'23,12.61,0.814433
IVR,2023-05-30,10.71,Q2'23,Q1'23,12.61,0.849326
IVR,2023-05-31,10.6,Q2'23,Q1'23,12.61,0.840603
IVR,2023-06-01,10.79,Q2'23,Q1'23,12.61,0.85567
IVR,2023-06-02,10.83,Q2'23,Q1'23,12.61,0.858842
IVR,2023-06-05,10.52,Q2'23,Q1'23,12.61,0.834259
IVR,2023-06-06,10.72,Q2'23,Q1'23,12.61,0.850119
IVR,2023-06-07,10.56,Q2'23,Q1'23,12.61,0.837431
IVR,2023-06-08,10.58,Q2'23,Q1'23,12.61,0.839017
IVR,2023-06-09,10.74,Q2'23,Q1'23,12.61,0.851705
IVR,2023-06-12,11.04,Q2'23,Q1'23,12.61,0.875496
IVR,2023-06-13,11.2,Q2'23,Q1'23,12.61,0.888184
IVR,2023-06-14,11.05,Q2'23,Q1'23,12.61,0.876289
IVR,2023-06-15,11.39,Q2'23,Q1'23,12.61,0.903251
IVR,2023-06-16,11.27,Q2'23,Q1'23,12.61,0.893735
IVR,2023-06-20,11.38,Q2'23,Q1'23,12.61,0.902458
IVR,2023-06-21,11.54,Q2'23,Q1'23,12.61,0.915147
IVR,2023-06-22,11.37,Q2'23,Q1'23,12.61,0.901665
IVR,2023-06-23,11.1,Q2'23,Q1'23,12.61,0.880254
IVR,2023-06-26,11.54,Q2'23,Q1'23,12.61,0.915147
IVR,2023-06-27,11.8,Q2'23,Q1'23,12.61,0.935765
IVR,2023-06-28,11.91,Q2'23,Q1'23,12.61,0.944488
IVR,2023-06-29,11.93,Q2'23,Q1'23,12.61,0.946075
IVR,2023-06-30,11.47,Q2'23,Q1'23,12.61,0.909596
IVR,2023-07-03,11.26,Q3'23,Q2'23,11.98,0.9399
IVR,2023-07-05,11.0,Q3'23,Q2'23,11.98,0.918197
IVR,2023-07-06,10.64,Q3'23,Q2'23,11.98,0.888147
IVR,2023-07-07,10.83,Q3'23,Q2'23,11.98,0.904007
IVR,2023-07-10,11.14,Q3'23,Q2'23,11.98,0.929883
IVR,2023-07-11,11.13,Q3'23,Q2'23,11.98,0.929048
IVR,2023-07-12,11.31,Q3'23,Q2'23,11.98,0.944073
IVR,2023-07-13,11.57,Q3'23,Q2'23,11.98,0.965776
IVR,2023-07-14,11.51,Q3'23,Q2'23,11.98,0.960768
IVR,2023-07-17,11.55,Q3'23,Q2'23,11.98,0.964107
IVR,2023-07-18,11.74,Q3'23,Q2'23,11.98,0.979967
IVR,2023-07-19,11.86,Q3'23,Q2'23,11.98,0.989983
IVR,2023-07-20,11.71,Q3'23,Q2'23,11.98,0.977462
IVR,2023-07-21,11.7,Q3'23,Q2'23,11.98,0.976628
IVR,2023-07-24,11.86,Q3'23,Q2'23,11.98,0.989983
IVR,2023-07-25,12.05,Q3'23,Q2'23,11.98,1.005843
IVR,2023-07-26,12.24,Q3'23,Q2'23,11.98,1.021703
IVR,2023-07-27,11.95,Q3'23,Q2'23,11.98,0.997496
IVR,2023-07-28,12.13,Q3'23,Q2'23,11.98,1.012521
IVR,2023-07-31,12.01,Q3'23,Q2'23,11.98,1.002504
IVR,2023-08-01,11.81,Q3'23,Q2'23,11.98,0.98581
IVR,2023-08-02,11.69,Q3'23,Q2'23,11.98,0.975793
IVR,2023-08-03,11.31,Q3'23,Q2'23,11.98,0.944073
IVR,2023-08-04,11.43,Q3'23,Q2'23,11.98,0.95409
IVR,2023-08-07,11.65,Q3'23,Q2'23,11.98,0.972454
IVR,2023-08-08,11.47,Q3'23,Q2'23,11.98,0.957429
IVR,2023-08-09,11.37,Q3'23,Q2'23,11.98,0.949082
IVR,2023-08-10,11.26,Q3'23,Q2'23,11.98,0.9399
IVR,2023-08-11,11.09,Q3'23,Q2'23,11.98,0.92571
IVR,2023-08-14,10.93,Q3'23,Q2'23,11.98,0.912354
IVR,2023-08-15,10.79,Q3'23,Q2'23,11.98,0.900668
IVR,2023-08-16,10.57,Q3'23,Q2'23,11.98,0.882304
IVR,2023-08-17,10.43,Q3'23,Q2'23,11.98,0.870618
IVR,2023-08-18,10.46,Q3'23,Q2'23,11.98,0.873122
IVR,2023-08-21,10.4,Q3'23,Q2'23,11.98,0.868113
IVR,2023-08-22,10.39,Q3'23,Q2'23,11.98,0.867279
IVR,2023-08-23,10.68,Q3'23,Q2'23,11.98,0.891486
IVR,2023-08-24,10.67,Q3'23,Q2'23,11.98,0.890651
IVR,2023-08-25,10.77,Q3'23,Q2'23,11.98,0.898998
IVR,2023-08-28,11.14,Q3'23,Q2'23,11.98,0.929883
IVR,2023-08-29,11.4,Q3'23,Q2'23,11.98,0.951586
IVR,2023-08-30,11.2,Q3'23,Q2'23,11.98,0.934891
IVR,2023-08-31,11.25,Q3'23,Q2'23,11.98,0.939065
IVR,2023-09-01,11.29,Q3'23,Q2'23,11.98,0.942404
IVR,2023-09-05,10.92,Q3'23,Q2'23,11.98,0.911519
IVR,2023-09-06,10.81,Q3'23,Q2'23,11.98,0.902337
IVR,2023-09-07,10.73,Q3'23,Q2'23,11.98,0.895659
IVR,2023-09-08,10.8,Q3'23,Q2'23,11.98,0.901503
IVR,2023-09-11,10.88,Q3'23,Q2'23,11.98,0.90818
IVR,2023-09-12,10.78,Q3'23,Q2'23,11.98,0.899833
IVR,2023-09-13,10.75,Q3'23,Q2'23,11.98,0.897329
IVR,2023-09-14,10.76,Q3'23,Q2'23,11.98,0.898164
IVR,2023-09-15,10.95,Q3'23,Q2'23,11.98,0.914023
IVR,2023-09-18,10.85,Q3'23,Q2'23,11.98,0.905676
IVR,2023-09-19,10.81,Q3'23,Q2'23,11.98,0.902337
IVR,2023-09-20,10.63,Q3'23,Q2'23,11.98,0.887312
IVR,2023-09-21,10.08,Q3'23,Q2'23,11.98,0.841402
IVR,2023-09-22,10.18,Q3'23,Q2'23,11.98,0.84975
IVR,2023-09-25,10.14,Q3'23,Q2'23,11.98,0.846411
IVR,2023-09-26,9.88,Q3'23,Q2'23,11.98,0.824708
IVR,2023-09-27,9.81,Q3'23,Q2'23,11.98,0.818865
IVR,2023-09-28,9.88,Q3'23,Q2'23,11.98,0.824708
IVR,2023-09-29,10.01,Q3'23,Q2'23,11.98,0.835559
IVR,2023-10-02,9.83,Q4'23,Q3'23,9.93,0.989929
IVR,2023-10-03,9.48,Q4'23,Q3'23,9.93,0.954683
IVR,2023-10-04,9.05,Q4'23,Q3'23,9.93,0.91138
IVR,2023-10-05,8.68,Q4'23,Q3'23,9.93,0.874119
IVR,2023-10-06,8.52,Q4'23,Q3'23,9.93,0.858006
IVR,2023-10-09,8.67,Q4'23,Q3'23,9.93,0.873112
IVR,2023-10-10,8.72,Q4'23,Q3'23,9.93,0.878147
IVR,2023-10-11,8.79,Q4'23,Q3'23,9.93,0.885196
IVR,2023-10-12,8.63,Q4'23,Q3'23,9.93,0.869084
IVR,2023-10-13,8.29,Q4'23,Q3'23,9.93,0.834844
IVR,2023-10-16,8.31,Q4'23,Q3'23,9.93,0.836858
IVR,2023-10-17,8.21,Q4'23,Q3'23,9.93,0.826788
IVR,2023-10-18,7.78,Q4'23,Q3'23,9.93,0.783484
IVR,2023-10-19,7.49,Q4'23,Q3'23,9.93,0.75428
IVR,2023-10-20,7.38,Q4'23,Q3'23,9.93,0.743202
IVR,2023-10-23,7.2,Q4'23,Q3'23,9.93,0.725076
IVR,2023-10-24,6.91,Q4'23,Q3'23,9.93,0.695871
IVR,2023-10-25,6.39,Q4'23,Q3'23,9.93,0.643505
IVR,2023-10-26,6.57,Q4'23,Q3'23,9.93,0.661631
IVR,2023-10-27,6.51,Q4'23,Q3'23,9.93,0.655589
IVR,2023-10-30,6.48,Q4'23,Q3'23,9.93,0.652568
IVR,2023-10-31,6.83,Q4'23,Q3'23,9.93,0.687815
IVR,2023-11-01,7.19,Q4'23,Q3'23,9.93,0.724068
IVR,2023-11-02,7.66,Q4'23,Q3'23,9.93,0.7714
IVR,2023-11-03,7.91,Q4'23,Q3'23,9.93,0.796576
IVR,2023-11-06,7.84,Q4'23,Q3'23,9.93,0.789527
IVR,2023-11-07,7.63,Q4'23,Q3'23,9.93,0.768379
IVR,2023-11-08,7.78,Q4'23,Q3'23,9.93,0.783484
IVR,2023-11-09,7.41,Q4'23,Q3'23,9.93,0.746224
IVR,2023-11-10,7.56,Q4'23,Q3'23,9.93,0.761329
IVR,2023-11-13,7.51,Q4'23,Q3'23,9.93,0.756294
IVR,2023-11-14,7.85,Q4'23,Q3'23,9.93,0.790534
IVR,2023-11-15,7.97,Q4'23,Q3'23,9.93,0.802618
IVR,2023-11-16,7.81,Q4'23,Q3'23,9.93,0.786506
IVR,2023-11-17,7.92,Q4'23,Q3'23,9.93,0.797583
IVR,2023-11-20,8.01,Q4'23,Q3'23,9.93,0.806647
IVR,2023-11-21,7.97,Q4'23,Q3'23,9.93,0.802618
IVR,2023-11-22,7.94,Q4'23,Q3'23,9.93,0.799597
IVR,2023-11-24,7.85,Q4'23,Q3'23,9.93,0.790534
IVR,2023-11-27,7.8,Q4'23,Q3'23,9.93,0.785499
IVR,2023-11-28,7.91,Q4'23,Q3'23,9.93,0.796576
IVR,2023-11-29,8.01,Q4'23,Q3'23,9.93,0.806647
IVR,2023-11-30,8.01,Q4'23,Q3'23,9.93,0.806647
IVR,2023-12-01,8.21,Q4'23,Q3'23,9.93,0.826788
IVR,2023-12-04,8.32,Q4'23,Q3'23,9.93,0.837865
IVR,2023-12-05,8.28,Q4'23,Q3'23,9.93,0.833837
IVR,2023-12-06,8.13,Q4'23,Q3'23,9.93,0.818731
IVR,2023-12-07,8.18,Q4'23,Q3'23,9.93,0.823766
IVR,2023-12-08,8.37,Q4'23,Q3'23,9.93,0.8429
IVR,2023-12-11,8.18,Q4'23,Q3'23,9.93,0.823766
IVR,2023-12-12,8.25,Q4'23,Q3'23,9.93,0.830816
IVR,2023-12-13,8.73,Q4'23,Q3'23,9.93,0.879154
IVR,2023-12-14,9.07,Q4'23,Q3'23,9.93,0.913394
IVR,2023-12-15,9.09,Q4'23,Q3'23,9.93,0.915408
IVR,2023-12-18,9.02,Q4'23,Q3'23,9.93,0.908359
IVR,2023-12-19,9.06,Q4'23,Q3'23,9.93,0.912387
IVR,2023-12-20,9.12,Q4'23,Q3'23,9.93,0.918429
IVR,2023-12-21,9.36,Q4'23,Q3'23,9.93,0.942598
IVR,2023-12-22,9.4,Q4'23,Q3'23,9.93,0.946626
IVR,2023-12-26,9.52,Q4'23,Q3'23,9.93,0.958711
IVR,2023-12-27,9.58,Q4'23,Q3'23,9.93,0.964753
IVR,2023-12-28,9.08,Q4'23,Q3'23,9.93,0.914401
IVR,2023-12-29,8.86,Q4'23,Q3'23,9.93,0.892246
IVR,2024-01-02,8.67,Q1'24,Q4'23,10.0,0.867
IVR,2024-01-03,8.53,Q1'24,Q4'23,10.0,0.853
IVR,2024-01-04,8.54,Q1'24,Q4'23,10.0,0.854
IVR,2024-01-05,8.67,Q1'24,Q4'23,10.0,0.867
IVR,2024-01-08,9.03,Q1'24,Q4'23,10.0,0.903
IVR,2024-01-09,9.09,Q1'24,Q4'23,10.0,0.909
IVR,2024-01-10,9.14,Q1'24,Q4'23,10.0,0.914
IVR,2024-01-11,9.07,Q1'24,Q4'23,10.0,0.907
IVR,2024-01-12,9.17,Q1'24,Q4'23,10.0,0.917
IVR,2024-01-16,9.09,Q1'24,Q4'23,10.0,0.909
IVR,2024-01-17,8.96,Q1'24,Q4'23,10.0,0.896
IVR,2024-01-18,9.0,Q1'24,Q4'23,10.0,0.9
IVR,2024-01-19,9.05,Q1'24,Q4'23,10.0,0.905
IVR,2024-01-22,9.1,Q1'24,Q4'23,10.0,0.91
IVR,2024-01-23,9.18,Q1'24,Q4'23,10.0,0.918
IVR,2024-01-24,9.14,Q1'24,Q4'23,10.0,0.914
IVR,2024-01-25,9.24,Q1'24,Q4'23,10.0,0.924
IVR,2024-01-26,9.19,Q1'24,Q4'23,10.0,0.919
IVR,2024-01-29,9.41,Q1'24,Q4'23,10.0,0.941
IVR,2024-01-30,9.05,Q1'24,Q4'23,10.0,0.905
IVR,2024-01-31,8.81,Q1'24,Q4'23,10.0,0.881
IVR,2024-02-01,8.97,Q1'24,Q4'23,10.0,0.897
IVR,2024-02-02,8.92,Q1'24,Q4'23,10.0,0.892
IVR,2024-02-05,8.66,Q1'24,Q4'23,10.0,0.866
IVR,2024-02-06,8.68,Q1'24,Q4'23,10.0,0.868
IVR,2024-02-07,8.4,Q1'24,Q4'23,10.0,0.84
IVR,2024-02-08,8.39,Q1'24,Q4'23,10.0,0.839
IVR,2024-02-09,8.53,Q1'24,Q4'23,10.0,0.853
IVR,2024-02-12,8.66,Q1'24,Q4'23,10.0,0.866
IVR,2024-02-13,8.26,Q1'24,Q4'23,10.0,0.826
IVR,2024-02-14,8.37,Q1'24,Q4'23,10.0,0.837
IVR,2024-02-15,8.74,Q1'24,Q4'23,10.0,0.874
IVR,2024-02-16,8.7,Q1'24,Q4'23,10.0,0.87
IVR,2024-02-20,8.64,Q1'24,Q4'23,10.0,0.864
IVR,2024-02-21,8.63,Q1'24,Q4'23,10.0,0.863
IVR,2024-02-22,8.62,Q1'24,Q4'23,10.0,0.862
IVR,2024-02-23,8.62,Q1'24,Q4'23,10.0,0.862
IVR,2024-02-26,8.72,Q1'24,Q4'23,10.0,0.872
IVR,2024-02-27,8.81,Q1'24,Q4'23,10.0,0.881
IVR,2024-02-28,8.7,Q1'24,Q4'23,10.0,0.87
IVR,2024-02-29,9.03,Q1'24,Q4'23,10.0,0.903
IVR,2024-03-01,9.04,Q1'24,Q4'23,10.0,0.904
IVR,2024-03-04,8.95,Q1'24,Q4'23,10.0,0.895
IVR,2024-03-05,8.98,Q1'24,Q4'23,10.0,0.898
IVR,2024-03-06,9.01,Q1'24,Q4'23,10.0,0.901
IVR,2024-03-07,9.1,Q1'24,Q4'23,10.0,0.91
IVR,2024-03-08,9.14,Q1'24,Q4'23,10.0,0.914
IVR,2024-03-11,9.23,Q1'24,Q4'23,10.0,0.923
IVR,2024-03-12,9.34,Q1'24,Q4'23,10.0,0.934
IVR,2024-03-13,9.33,Q1'24,Q4'23,10.0,0.933
IVR,2024-03-14,9.08,Q1'24,Q4'23,10.0,0.908
IVR,2024-03-15,9.18,Q1'24,Q4'23,10.0,0.918
IVR,2024-03-18,9.12,Q1'24,Q4'23,10.0,0.912
IVR,2024-03-19,9.22,Q1'24,Q4'23,10.0,0.922
IVR,2024-03-20,9.42,Q1'24,Q4'23,10.0,0.942
IVR,2024-03-21,9.51,Q1'24,Q4'23,10.0,0.951
IVR,2024-03-22,9.42,Q1'24,Q4'23,10.0,0.942
IVR,2024-03-25,9.46,Q1'24,Q4'23,10.0,0.946
IVR,2024-03-26,9.29,Q1'24,Q4'23,10.0,0.929
IVR,2024-03-27,9.54,Q1'24,Q4'23,10.0,0.954
IVR,2024-03-28,9.68,Q1'24,Q4'23,10.0,0.968
IVR,2024-04-01,9.63,Q2'24,Q1'24,10.08,0.955357
IVR,2024-04-02,9.49,Q2'24,Q1'24,10.08,0.941468
IVR,2024-04-03,9.48,Q2'24,Q1'24,10.08,0.940476
IVR,2024-04-04,9.41,Q2'24,Q1'24,10.08,0.933532
IVR,2024-04-05,8.85,Q2'24,Q1'24,10.08,0.877976
IVR,2024-04-08,8.93,Q2'24,Q1'24,10.08,0.885913
IVR,2024-04-09,9.01,Q2'24,Q1'24,10.08,0.893849
IVR,2024-04-10,8.48,Q2'24,Q1'24,10.08,0.84127
IVR,2024-04-11,8.53,Q2'24,Q1'24,10.08,0.84623
IVR,2024-04-12,8.47,Q2'24,Q1'24,10.08,0.840278
IVR,2024-04-15,8.25,Q2'24,Q1'24,10.08,0.818452
IVR,2024-04-16,8.1,Q2'24,Q1'24,10.08,0.803571
IVR,2024-04-17,8.13,Q2'24,Q1'24,10.08,0.806548
IVR,2024-04-18,8.09,Q2'24,Q1'24,10.08,0.802579
IVR,2024-04-19,8.25,Q2'24,Q1'24,10.08,0.818452
IVR,2024-04-22,8.37,Q2'24,Q1'24,10.08,0.830357
IVR,2024-04-23,8.58,Q2'24,Q1'24,10.08,0.85119
IVR,2024-04-24,8.61,Q2'24,Q1'24,10.08,0.854167
IVR,2024-04-25,8.43,Q2'24,Q1'24,10.08,0.83631
IVR,2024-04-26,8.56,Q2'24,Q1'24,10.08,0.849206
IVR,2024-04-29,8.66,Q2'24,Q1'24,10.08,0.859127
IVR,2024-04-30,8.55,Q2'24,Q1'24,10.08,0.848214
IVR,2024-05-01,8.79,Q2'24,Q1'24,10.08,0.872024
IVR,2024-05-02,9.02,Q2'24,Q1'24,10.08,0.894841
IVR,2024-05-03,9.11,Q2'24,Q1'24,10.08,0.90377
IVR,2024-05-06,9.23,Q2'24,Q1'24,10.08,0.915675
IVR,2024-05-07,9.12,Q2'24,Q1'24,10.08,0.904762
IVR,2024-05-08,9.14,Q2'24,Q1'24,10.08,0.906746
IVR,2024-05-09,9.25,Q2'24,Q1'24,10.08,0.917659
IVR,2024-05-10,9.17,Q2'24,Q1'24,10.08,0.909722
IVR,2024-05-13,9.25,Q2'24,Q1'24,10.08,0.917659
IVR,2024-05-14,9.25,Q2'24,Q1'24,10.08,0.917659
IVR,2024-05-15,9.34,Q2'24,Q1'24,10.08,0.926587
IVR,2024-05-16,9.4,Q2'24,Q1'24,10.08,0.93254
IVR,2024-05-17,9.41,Q2'24,Q1'24,10.08,0.933532
IVR,2024-05-20,9.37,Q2'24,Q1'24,10.08,0.929563
IVR,2024-05-21,9.31,Q2'24,Q1'24,10.08,0.923611
IVR,2024-05-22,9.18,Q2'24,Q1'24,10.08,0.910714
IVR,2024-05-23,8.87,Q2'24,Q1'24,10.08,0.87996
IVR,2024-05-24,9.15,Q2'24,Q1'24,10.08,0.907738
IVR,2024-05-28,9.24,Q2'24,Q1'24,10.08,0.916667
IVR,2024-05-29,9.13,Q2'24,Q1'24,10.08,0.905754
IVR,2024-05-30,9.25,Q2'24,Q1'24,10.08,0.917659
IVR,2024-05-31,9.29,Q2'24,Q1'24,10.08,0.921627
IVR,2024-06-03,9.36,Q2'24,Q1'24,10.08,0.928571
IVR,2024-06-04,9.23,Q2'24,Q1'24,10.08,0.915675
IVR,2024-06-05,9.33,Q2'24,Q1'24,10.08,0.925595
IVR,2024-06-06,9.3,Q2'24,Q1'24,10.08,0.922619
IVR,2024-06-07,9.16,Q2'24,Q1'24,10.08,0.90873
IVR,2024-06-10,9.06,Q2'24,Q1'24,10.08,0.89881
IVR,2024-06-11,9.01,Q2'24,Q1'24,10.08,0.893849
IVR,2024-06-12,9.07,Q2'24,Q1'24,10.08,0.899802
IVR,2024-06-13,9.13,Q2'24,Q1'24,10.08,0.905754
IVR,2024-06-14,9.07,Q2'24,Q1'24,10.08,0.899802
IVR,2024-06-17,9.37,Q2'24,Q1'24,10.08,0.929563
IVR,2024-06-18,9.26,Q2'24,Q1'24,10.08,0.918651
IVR,2024-06-20,9.24,Q2'24,Q1'24,10.08,0.916667
IVR,2024-06-21,9.27,Q2'24,Q1'24,10.08,0.919643
IVR,2024-06-24,9.31,Q2'24,Q1'24,10.08,0.923611
IVR,2024-06-25,9.25,Q2'24,Q1'24,10.08,0.917659
IVR,2024-06-26,9.27,Q2'24,Q1'24,10.08,0.919643
IVR,2024-06-27,9.25,Q2'24,Q1'24,10.08,0.917659
IVR,2024-06-28,9.37,Q2'24,Q1'24,10.08,0.929563
IVR,2024-07-01,9.28,Q3'24,Q2'24,9.27,1.001079
IVR,2024-07-02,9.39,Q3'24,Q2'24,9.27,1.012945
IVR,2024-07-03,9.33,Q3'24,Q2'24,9.27,1.006472
IVR,2024-07-05,8.81,Q3'24,Q2'24,9.27,0.950378
IVR,2024-07-08,8.92,Q3'24,Q2'24,9.27,0.962244
IVR,2024-07-09,8.93,Q3'24,Q2'24,9.27,0.963323
IVR,2024-07-10,9.27,Q3'24,Q2'24,9.27,1.0
IVR,2024-07-11,9.47,Q3'24,Q2'24,9.27,1.021575
IVR,2024-07-12,9.64,Q3'24,Q2'24,9.27,1.039914
IVR,2024-07-15,9.62,Q3'24,Q2'24,9.27,1.037756
IVR,2024-07-16,9.84,Q3'24,Q2'24,9.27,1.061489
IVR,2024-07-17,9.87,Q3'24,Q2'24,9.27,1.064725
IVR,2024-07-18,9.57,Q3'24,Q2'24,9.27,1.032362
IVR,2024-07-19,9.33,Q3'24,Q2'24,9.27,1.006472
IVR,2024-07-22,9.38,Q3'24,Q2'24,9.27,1.011866
IVR,2024-07-23,9.19,Q3'24,Q2'24,9.27,0.99137
IVR,2024-07-24,8.98,Q3'24,Q2'24,9.27,0.968716
IVR,2024-07-25,9.0,Q3'24,Q2'24,9.27,0.970874
IVR,2024-07-26,9.16,Q3'24,Q2'24,9.27,0.988134
IVR,2024-07-29,9.14,Q3'24,Q2'24,9.27,0.985976
IVR,2024-07-30,9.15,Q3'24,Q2'24,9.27,0.987055
IVR,2024-07-31,9.08,Q3'24,Q2'24,9.27,0.979504
IVR,2024-08-01,9.0,Q3'24,Q2'24,9.27,0.970874
IVR,2024-08-02,8.88,Q3'24,Q2'24,9.27,0.957929
IVR,2024-08-05,8.41,Q3'24,Q2'24,9.27,0.907228
IVR,2024-08-06,8.59,Q3'24,Q2'24,9.27,0.926645
IVR,2024-08-07,8.71,Q3'24,Q2'24,9.27,0.93959
IVR,2024-08-08,8.76,Q3'24,Q2'24,9.27,0.944984
IVR,2024-08-09,8.84,Q3'24,Q2'24,9.27,0.953614
IVR,2024-08-12,8.71,Q3'24,Q2'24,9.27,0.93959
IVR,2024-08-13,8.67,Q3'24,Q2'24,9.27,0.935275
IVR,2024-08-14,8.72,Q3'24,Q2'24,9.27,0.940669
IVR,2024-08-15,8.7,Q3'24,Q2'24,9.27,0.938511
IVR,2024-08-16,8.66,Q3'24,Q2'24,9.27,0.934196
IVR,2024-08-19,8.72,Q3'24,Q2'24,9.27,0.940669
IVR,2024-08-20,8.67,Q3'24,Q2'24,9.27,0.935275
IVR,2024-08-21,8.68,Q3'24,Q2'24,9.27,0.936354
IVR,2024-08-22,8.54,Q3'24,Q2'24,9.27,0.921251
IVR,2024-08-23,8.69,Q3'24,Q2'24,9.27,0.937433
IVR,2024-08-26,8.71,Q3'24,Q2'24,9.27,0.93959
IVR,2024-08-27,8.7,Q3'24,Q2'24,9.27,0.938511
IVR,2024-08-28,8.75,Q3'24,Q2'24,9.27,0.943905
IVR,2024-08-29,8.72,Q3'24,Q2'24,9.27,0.940669
IVR,2024-08-30,8.77,Q3'24,Q2'24,9.27,0.946063
IVR,2024-09-03,8.6,Q3'24,Q2'24,9.27,0.927724
IVR,2024-09-04,8.53,Q3'24,Q2'24,9.27,0.920173
IVR,2024-09-05,8.61,Q3'24,Q2'24,9.27,0.928803
IVR,2024-09-06,8.72,Q3'24,Q2'24,9.27,0.940669
IVR,2024-09-09,8.69,Q3'24,Q2'24,9.27,0.937433
IVR,2024-09-10,8.77,Q3'24,Q2'24,9.27,0.946063
IVR,2024-09-11,8.69,Q3'24,Q2'24,9.27,0.937433
IVR,2024-09-12,8.76,Q3'24,Q2'24,9.27,0.944984
IVR,2024-09-13,8.87,Q3'24,Q2'24,9.27,0.95685
IVR,2024-09-16,9.1,Q3'24,Q2'24,9.27,0.981661
IVR,2024-09-17,9.12,Q3'24,Q2'24,9.27,0.983819
IVR,2024-09-18,9.14,Q3'24,Q2'24,9.27,0.985976
IVR,2024-09-19,9.26,Q3'24,Q2'24,9.27,0.998921
IVR,2024-09-20,9.18,Q3'24,Q2'24,9.27,0.990291
IVR,2024-09-23,8.88,Q3'24,Q2'24,9.27,0.957929
IVR,2024-09-24,9.01,Q3'24,Q2'24,9.27,0.971953
IVR,2024-09-25,9.13,Q3'24,Q2'24,9.27,0.984898
IVR,2024-09-26,9.2,Q3'24,Q2'24,9.27,0.992449
IVR,2024-09-27,9.32,Q3'24,Q2'24,9.27,1.005394
IVR,2024-09-30,9.39,Q3'24,Q2'24,9.27,1.012945
IVR,2024-10-01,9.16,Q4'24,Q3'24,9.37,0.977588
IVR,2024-10-02,9.16,Q4'24,Q3'24,9.37,0.977588
IVR,2024-10-03,9.1,Q4'24,Q3'24,9.37,0.971185
IVR,2024-10-04,9.05,Q4'24,Q3'24,9.37,0.965848
IVR,2024-10-07,8.36,Q4'24,Q3'24,9.37,0.892209
IVR,2024-10-08,8.47,Q4'24,Q3'24,9.37,0.903949
IVR,2024-10-09,8.46,Q4'24,Q3'24,9.37,0.902882
IVR,2024-10-10,8.52,Q4'24,Q3'24,9.37,0.909285
IVR,2024-10-11,8.52,Q4'24,Q3'24,9.37,0.909285
IVR,2024-10-14,8.62,Q4'24,Q3'24,9.37,0.919957
IVR,2024-10-15,8.65,Q4'24,Q3'24,9.37,0.923159
IVR,2024-10-16,8.81,Q4'24,Q3'24,9.37,0.940235
IVR,2024-10-17,8.74,Q4'24,Q3'24,9.37,0.932764
IVR,2024-10-18,8.79,Q4'24,Q3'24,9.37,0.9381
IVR,2024-10-21,8.46,Q4'24,Q3'24,9.37,0.902882
IVR,2024-10-22,8.41,Q4'24,Q3'24,9.37,0.897545
IVR,2024-10-23,8.37,Q4'24,Q3'24,9.37,0.893276
IVR,2024-10-24,8.58,Q4'24,Q3'24,9.37,0.915688
IVR,2024-10-25,8.45,Q4'24,Q3'24,9.37,0.901814
IVR,2024-10-28,8.31,Q4'24,Q3'24,9.37,0.886873
IVR,2024-10-29,8.23,Q4'24,Q3'24,9.37,0.878335
IVR,2024-10-30,8.31,Q4'24,Q3'24,9.37,0.886873
IVR,2024-10-31,8.07,Q4'24,Q3'24,9.37,0.861259
IVR,2024-11-01,8.06,Q4'24,Q3'24,9.37,0.860192
IVR,2024-11-04,8.07,Q4'24,Q3'24,9.37,0.861259
IVR,2024-11-05,8.14,Q4'24,Q3'24,9.37,0.86873
IVR,2024-11-06,7.99,Q4'24,Q3'24,9.37,0.852721
IVR,2024-11-07,8.25,Q4'24,Q3'24,9.37,0.88047
IVR,2024-11-08,8.35,Q4'24,Q3'24,9.37,0.891142
IVR,2024-11-11,8.35,Q4'24,Q3'24,9.37,0.891142
IVR,2024-11-12,8.27,Q4'24,Q3'24,9.37,0.882604
IVR,2024-11-13,8.22,Q4'24,Q3'24,9.37,0.877268
IVR,2024-11-14,8.19,Q4'24,Q3'24,9.37,0.874066
IVR,2024-11-15,8.2,Q4'24,Q3'24,9.37,0.875133
IVR,2024-11-18,8.23,Q4'24,Q3'24,9.37,0.878335
IVR,2024-11-19,8.16,Q4'24,Q3'24,9.37,0.870864
IVR,2024-11-20,8.08,Q4'24,Q3'24,9.37,0.862327
IVR,2024-11-21,8.11,Q4'24,Q3'24,9.37,0.865528
IVR,2024-11-22,8.2,Q4'24,Q3'24,9.37,0.875133
IVR,2024-11-25,8.32,Q4'24,Q3'24,9.37,0.88794
IVR,2024-11-26,8.28,Q4'24,Q3'24,9.37,0.883671
IVR,2024-11-27,8.35,Q4'24,Q3'24,9.37,0.891142
IVR,2024-11-29,8.35,Q4'24,Q3'24,9.37,0.891142
IVR,2024-12-02,8.39,Q4'24,Q3'24,9.37,0.895411
IVR,2024-12-03,8.28,Q4'24,Q3'24,9.37,0.883671
IVR,2024-12-04,8.33,Q4'24,Q3'24,9.37,0.889007
IVR,2024-12-05,8.37,Q4'24,Q3'24,9.37,0.893276
IVR,2024-12-06,8.52,Q4'24,Q3'24,9.37,0.909285
IVR,2024-12-09,8.6,Q4'24,Q3'24,9.37,0.917823
IVR,2024-12-10,8.6,Q4'24,Q3'24,9.37,0.917823
IVR,2024-12-11,8.55,Q4'24,Q3'24,9.37,0.912487
IVR,2024-12-12,8.52,Q4'24,Q3'24,9.37,0.909285
IVR,2024-12-13,8.48,Q4'24,Q3'24,9.37,0.905016
IVR,2024-12-16,8.59,Q4'24,Q3'24,9.37,0.916756
IVR,2024-12-17,8.49,Q4'24,Q3'24,9.37,0.906083
IVR,2024-12-18,8.18,Q4'24,Q3'24,9.37,0.872999
IVR,2024-12-19,8.25,Q4'24,Q3'24,9.37,0.88047
IVR,2024-12-20,8.37,Q4'24,Q3'24,9.37,0.893276
IVR,2024-12-23,8.23,Q4'24,Q3'24,9.37,0.878335
IVR,2024-12-24,8.32,Q4'24,Q3'24,9.37,0.88794
IVR,2024-12-26,8.26,Q4'24,Q3'24,9.37,0.881537
IVR,2024-12-27,8.23,Q4'24,Q3'24,9.37,0.878335
IVR,2024-12-30,7.72,Q4'24,Q3'24,9.37,0.823906
IVR,2024-12-31,8.05,Q4'24,Q3'24,9.37,0.859125
IVR,2025-01-02,8.16,Q1'25,Q4'24,8.92,0.914798
IVR,2025-01-03,8.26,Q1'25,Q4'24,8.92,0.926009
IVR,2025-01-06,8.13,Q1'25,Q4'24,8.92,0.911435
IVR,2025-01-07,8.09,Q1'25,Q4'24,8.92,0.906951
IVR,2025-01-08,8.06,Q1'25,Q4'24,8.92,0.903587
IVR,2025-01-10,7.7,Q1'25,Q4'24,8.92,0.863229
IVR,2025-01-13,7.6,Q1'25,Q4'24,8.92,0.852018
IVR,2025-01-14,7.73,Q1'25,Q4'24,8.92,0.866592
IVR,2025-01-15,7.91,Q1'25,Q4'24,8.92,0.886771
IVR,2025-01-16,8.08,Q1'25,Q4'24,8.92,0.90583
IVR,2025-01-17,8.13,Q1'25,Q4'24,8.92,0.911435
IVR,2025-01-21,8.17,Q1'25,Q4'24,8.92,0.915919
IVR,2025-01-22,8.09,Q1'25,Q4'24,8.92,0.906951
IVR,2025-01-23,8.09,Q1'25,Q4'24,8.92,0.906951
IVR,2025-01-24,8.12,Q1'25,Q4'24,8.92,0.910314
IVR,2025-01-27,8.2,Q1'25,Q4'24,8.92,0.919282
IVR,2025-01-28,8.25,Q1'25,Q4'24,8.92,0.924888
IVR,2025-01-29,8.15,Q1'25,Q4'24,8.92,0.913677
IVR,2025-01-30,8.33,Q1'25,Q4'24,8.92,0.933856
IVR,2025-01-31,8.46,Q1'25,Q4'24,8.92,0.94843
IVR,2025-02-03,8.34,Q1'25,Q4'24,8.92,0.934978
IVR,2025-02-04,8.52,Q1'25,Q4'24,8.92,0.955157
IVR,2025-02-05,8.59,Q1'25,Q4'24,8.92,0.963005
IVR,2025-02-06,8.68,Q1'25,Q4'24,8.92,0.973094
IVR,2025-02-07,8.69,Q1'25,Q4'24,8.92,0.974215
IVR,2025-02-10,8.62,Q1'25,Q4'24,8.92,0.966368
IVR,2025-02-11,8.52,Q1'25,Q4'24,8.92,0.955157
IVR,2025-02-12,8.39,Q1'25,Q4'24,8.92,0.940583
IVR,2025-02-13,8.62,Q1'25,Q4'24,8.92,0.966368
IVR,2025-02-14,8.82,Q1'25,Q4'24,8.92,0.988789
IVR,2025-02-18,8.8,Q1'25,Q4'24,8.92,0.986547
IVR,2025-02-19,8.9,Q1'25,Q4'24,8.92,0.997758
IVR,2025-02-20,8.96,Q1'25,Q4'24,8.92,1.004484
IVR,2025-02-21,8.88,Q1'25,Q4'24,8.92,0.995516
IVR,2025-02-24,8.83,Q1'25,Q4'24,8.92,0.98991
IVR,2025-02-25,8.78,Q1'25,Q4'24,8.92,0.984305
IVR,2025-02-26,8.84,Q1'25,Q4'24,8.92,0.991031
IVR,2025-02-27,8.82,Q1'25,Q4'24,8.92,0.988789
IVR,2025-02-28,8.79,Q1'25,Q4'24,8.92,0.985426
IVR,2025-03-03,8.6,Q1'25,Q4'24,8.92,0.964126
IVR,2025-03-04,8.55,Q1'25,Q4'24,8.92,0.95852
IVR,2025-03-05,8.61,Q1'25,Q4'24,8.92,0.965247
IVR,2025-03-06,8.6,Q1'25,Q4'24,8.92,0.964126
IVR,2025-03-07,8.72,Q1'25,Q4'24,8.92,0.977579
IVR,2025-03-10,8.63,Q1'25,Q4'24,8.92,0.967489
IVR,2025-03-11,8.44,Q1'25,Q4'24,8.92,0.946188
IVR,2025-03-12,8.46,Q1'25,Q4'24,8.92,0.94843
IVR,2025-03-13,8.49,Q1'25,Q4'24,8.92,0.951794
IVR,2025-03-14,8.53,Q1'25,Q4'24,8.92,0.956278
IVR,2025-03-17,8.64,Q1'25,Q4'24,8.92,0.96861
IVR,2025-03-18,8.76,Q1'25,Q4'24,8.92,0.982063
IVR,2025-03-19,8.78,Q1'25,Q4'24,8.92,0.984305
IVR,2025-03-20,8.74,Q1'25,Q4'24,8.92,0.979821
IVR,2025-03-21,8.68,Q1'25,Q4'24,8.92,0.973094
IVR,2025-03-24,8.75,Q1'25,Q4'24,8.92,0.980942
IVR,2025-03-25,8.62,Q1'25,Q4'24,8.92,0.966368
IVR,2025-03-26,8.13,Q1'25,Q4'24,8.92,0.911435
IVR,2025-03-27,8.17,Q1'25,Q4'24,8.92,0.915919
IVR,2025-03-28,7.93,Q1'25,Q4'24,8.92,0.889013
IVR,2025-03-31,7.89,Q1'25,Q4'24,8.92,0.884529
IVR,2025-04-01,8.04,Q2'25,Q1'25,8.81,0.912599
IVR,2025-04-02,8.01,Q2'25,Q1'25,8.81,0.909194
IVR,2025-04-03,7.88,Q2'25,Q1'25,8.81,0.894438
IVR,2025-04-04,7.28,Q2'25,Q1'25,8.81,0.826334
IVR,2025-04-07,6.56,Q2'25,Q1'25,8.81,0.744608
IVR,2025-04-08,6.5,Q2'25,Q1'25,8.81,0.737798
IVR,2025-04-09,6.79,Q2'25,Q1'25,8.81,0.770715
IVR,2025-04-10,6.33,Q2'25,Q1'25,8.81,0.718502
IVR,2025-04-11,6.35,Q2'25,Q1'25,8.81,0.720772
IVR,2025-04-14,6.46,Q2'25,Q1'25,8.81,0.733258
IVR,2025-04-15,6.55,Q2'25,Q1'25,8.81,0.743473
IVR,2025-04-16,6.45,Q2'25,Q1'25,8.81,0.732123
IVR,2025-04-17,6.66,Q2'25,Q1'25,8.81,0.755959
IVR,2025-04-21,6.55,Q2'25,Q1'25,8.81,0.743473
IVR,2025-04-22,6.89,Q2'25,Q1'25,8.81,0.782066
IVR,2025-04-23,6.91,Q2'25,Q1'25,8.81,0.784336
IVR,2025-04-24,7.07,Q2'25,Q1'25,8.81,0.802497
IVR,2025-04-25,7.27,Q2'25,Q1'25,8.81,0.825199
IVR,2025-04-28,7.4,Q2'25,Q1'25,8.81,0.839955
IVR,2025-04-29,7.47,Q2'25,Q1'25,8.81,0.8479
IVR,2025-04-30,7.33,Q2'25,Q1'25,8.81,0.832009
IVR,2025-05-01,7.36,Q2'25,Q1'25,8.81,0.835414
IVR,2025-05-02,7.37,Q2'25,Q1'25,8.81,0.836549
IVR,2025-05-05,7.33,Q2'25,Q1'25,8.81,0.832009
IVR,2025-05-06,7.18,Q2'25,Q1'25,8.81,0.814983
IVR,2025-05-07,7.35,Q2'25,Q1'25,8.81,0.834279
IVR,2025-05-08,7.45,Q2'25,Q1'25,8.81,0.84563
IVR,2025-05-09,7.54,Q2'25,Q1'25,8.81,0.855846
IVR,2025-05-12,7.54,Q2'25,Q1'25,8.81,0.855846
IVR,2025-05-13,7.63,Q2'25,Q1'25,8.81,0.866061
IVR,2025-05-14,7.58,Q2'25,Q1'25,8.81,0.860386
IVR,2025-05-15,7.67,Q2'25,Q1'25,8.81,0.870602
IVR,2025-05-16,7.72,Q2'25,Q1'25,8.81,0.876277
IVR,2025-05-19,7.69,Q2'25,Q1'25,8.81,0.872872
IVR,2025-05-20,7.7,Q2'25,Q1'25,8.81,0.874007
IVR,2025-05-21,7.36,Q2'25,Q1'25,8.81,0.835414
IVR,2025-05-22,7.33,Q2'25,Q1'25,8.81,0.832009
IVR,2025-05-23,7.35,Q2'25,Q1'25,8.81,0.834279
IVR,2025-05-27,7.38,Q2'25,Q1'25,8.81,0.837684
IVR,2025-05-28,7.45,Q2'25,Q1'25,8.81,0.84563
IVR,2025-05-29,7.55,Q2'25,Q1'25,8.81,0.856981
IVR,2025-05-30,7.38,Q2'25,Q1'25,8.81,0.837684
IVR,2025-06-02,7.28,Q2'25,Q1'25,8.81,0.826334
IVR,2025-06-03,7.48,Q2'25,Q1'25,8.81,0.849035
IVR,2025-06-04,7.48,Q2'25,Q1'25,8.81,0.849035
IVR,2025-06-05,7.53,Q2'25,Q1'25,8.81,0.854711
IVR,2025-06-06,7.57,Q2'25,Q1'25,8.81,0.859251
IVR,2025-06-09,7.66,Q2'25,Q1'25,8.81,0.869466
IVR,2025-06-10,7.74,Q2'25,Q1'25,8.81,0.878547
IVR,2025-06-11,7.72,Q2'25,Q1'25,8.81,0.876277
IVR,2025-06-12,7.78,Q2'25,Q1'25,8.81,0.883087
IVR,2025-06-13,7.69,Q2'25,Q1'25,8.81,0.872872
IVR,2025-06-16,7.73,Q2'25,Q1'25,8.81,0.877412
IVR,2025-06-17,7.54,Q2'25,Q1'25,8.81,0.855846
IVR,2025-06-18,7.62,Q2'25,Q1'25,8.81,0.864926
IVR,2025-06-20,7.61,Q2'25,Q1'25,8.81,0.863791
IVR,2025-06-23,7.65,Q2'25,Q1'25,8.81,0.868331
IVR,2025-06-24,7.73,Q2'25,Q1'25,8.81,0.877412
IVR,2025-06-25,7.75,Q2'25,Q1'25,8.81,0.879682
IVR,2025-06-26,7.85,Q2'25,Q1'25,8.81,0.891033
IVR,2025-06-27,7.82,Q2'25,Q1'25,8.81,0.887628
IVR,2025-06-30,7.84,Q2'25,Q1'25,8.81,0.889898
IVR,2025-07-01,7.91,Q3'25,Q2'25,8.05,0.982609
IVR,2025-07-02,8.04,Q3'25,Q2'25,8.05,0.998758
IVR,2025-07-03,8.07,Q3'25,Q2'25,8.05,1.002484
IVR,2025-07-07,7.59,Q3'25,Q2'25,8.05,0.942857
IVR,2025-07-08,7.65,Q3'25,Q2'25,8.05,0.950311
IVR,2025-07-09,7.76,Q3'25,Q2'25,8.05,0.963975
IVR,2025-07-10,7.76,Q3'25,Q2'25,8.05,0.963975
IVR,2025-07-11,7.66,Q3'25,Q2'25,8.05,0.951553
IVR,2025-07-14,7.56,Q3'25,Q2'25,8.05,0.93913
IVR,2025-07-15,7.49,Q3'25,Q2'25,8.05,0.930435
IVR,2025-07-16,7.47,Q3'25,Q2'25,8.05,0.92795
IVR,2025-07-17,7.41,Q3'25,Q2'25,8.05,0.920497
IVR,2025-07-18,7.38,Q3'25,Q2'25,8.05,0.91677
IVR,2025-07-21,7.23,Q3'25,Q2'25,8.05,0.898137
IVR,2025-07-22,7.37,Q3'25,Q2'25,8.05,0.915528
IVR,2025-07-23,7.61,Q3'25,Q2'25,8.05,0.945342
IVR,2025-07-24,7.63,Q3'25,Q2'25,8.05,0.947826
IVR,2025-07-25,7.7,Q3'25,Q2'25,8.05,0.956522
IVR,2025-07-28,7.66,Q3'25,Q2'25,8.05,0.951553
IVR,2025-07-29,7.68,Q3'25,Q2'25,8.05,0.954037
IVR,2025-07-30,7.63,Q3'25,Q2'25,8.05,0.947826
IVR,2025-07-31,7.55,Q3'25,Q2'25,8.05,0.937888
IVR,2025-08-01,7.58,Q3'25,Q2'25,8.05,0.941615
IVR,2025-08-04,7.71,Q3'25,Q2'25,8.05,0.957764
IVR,2025-08-05,7.76,Q3'25,Q2'25,8.05,0.963975
IVR,2025-08-06,7.56,Q3'25,Q2'25,8.05,0.93913
IVR,2025-08-07,7.6,Q3'25,Q2'25,8.05,0.944099
IVR,2025-08-08,7.61,Q3'25,Q2'25,8.05,0.945342
IVR,2025-08-11,7.47,Q3'25,Q2'25,8.05,0.92795
IVR,2025-08-12,7.66,Q3'25,Q2'25,8.05,0.951553
IVR,2025-08-13,7.71,Q3'25,Q2'25,8.05,0.957764
IVR,2025-08-14,7.7,Q3'25,Q2'25,8.05,0.956522
IVR,2025-08-15,7.67,Q3'25,Q2'25,8.05,0.952795
IVR,2025-08-18,7.59,Q3'25,Q2'25,8.05,0.942857
IVR,2025-08-19,7.59,Q3'25,Q2'25,8.05,0.942857
IVR,2025-08-20,7.67,Q3'25,Q2'25,8.05,0.952795
IVR,2025-08-21,7.58,Q3'25,Q2'25,8.05,0.941615
IVR,2025-08-22,7.8,Q3'25,Q2'25,8.05,0.968944
IVR,2025-08-25,7.75,Q3'25,Q2'25,8.05,0.962733
IVR,2025-08-26,7.78,Q3'25,Q2'25,8.05,0.96646
IVR,2025-08-27,7.76,Q3'25,Q2'25,8.05,0.963975
IVR,2025-08-28,7.76,Q3'25,Q2'25,8.05,0.963975
IVR,2025-08-29,7.82,Q3'25,Q2'25,8.05,0.971429
IVR,2025-09-02,7.76,Q3'25,Q2'25,8.05,0.963975
IVR,2025-09-03,7.92,Q3'25,Q2'25,8.05,0.983851
IVR,2025-09-04,7.98,Q3'25,Q2'25,8.05,0.991304
IVR,2025-09-05,7.98,Q3'25,Q2'25,8.05,0.991304
IVR,2025-09-08,7.89,Q3'25,Q2'25,8.05,0.980124
IVR,2025-09-09,7.85,Q3'25,Q2'25,8.05,0.975155
IVR,2025-09-10,7.77,Q3'25,Q2'25,8.05,0.965217
IVR,2025-09-11,7.63,Q3'25,Q2'25,8.05,0.947826
IVR,2025-09-12,7.57,Q3'25,Q2'25,8.05,0.940373
IVR,2025-09-15,7.55,Q3'25,Q2'25,8.05,0.937888
IVR,2025-09-16,7.54,Q3'25,Q2'25,8.05,0.936646
IVR,2025-09-17,7.6,Q3'25,Q2'25,8.05,0.944099
IVR,2025-09-18,7.43,Q3'25,Q2'25,8.05,0.922981
IVR,2025-09-19,7.34,Q3'25,Q2'25,8.05,0.911801
IVR,2025-09-22,7.25,Q3'25,Q2'25,8.05,0.900621
IVR,2025-09-23,7.31,Q3'25,Q2'25,8.05,0.908075
IVR,2025-09-24,7.27,Q3'25,Q2'25,8.05,0.903106
IVR,2025-09-25,7.37,Q3'25,Q2'25,8.05,0.915528
IVR,2025-09-26,7.46,Q3'25,Q2'25,8.05,0.926708
IVR,2025-09-29,7.41,Q3'25,Q2'25,8.05,0.920497
IVR,2025-09-30,7.56,Q3'25,Q2'25,8.05,0.93913
IVR,2025-10-01,7.78,Q4'25,Q3'25,8.41,0.925089
IVR,2025-10-02,7.82,Q4'25,Q3'25,8.41,0.929845
IVR,2025-10-03,7.76,Q4'25,Q3'25,8.41,0.922711
IVR,2025-10-06,7.49,Q4'25,Q3'25,8.41,0.890606
IVR,2025-10-07,7.53,Q4'25,Q3'25,8.41,0.895363
IVR,2025-10-08,7.55,Q4'25,Q3'25,8.41,0.897741
IVR,2025-10-09,7.5,Q4'25,Q3'25,8.41,0.891795
IVR,2025-10-10,7.31,Q4'25,Q3'25,8.41,0.869203
IVR,2025-10-13,7.35,Q4'25,Q3'25,8.41,0.87396
IVR,2025-10-14,7.25,Q4'25,Q3'25,8.41,0.862069
IVR,2025-10-15,7.26,Q4'25,Q3'25,8.41,0.863258
IVR,2025-10-16,7.2,Q4'25,Q3'25,8.41,0.856124
IVR,2025-10-17,7.22,Q4'25,Q3'25,8.41,0.858502
IVR,2025-10-20,7.38,Q4'25,Q3'25,8.41,0.877527
IVR,2025-10-21,7.28,Q4'25,Q3'25,8.41,0.865636
IVR,2025-10-22,7.37,Q4'25,Q3'25,8.41,0.876338
IVR,2025-10-23,7.37,Q4'25,Q3'25,8.41,0.876338
IVR,2025-10-24,7.4,Q4'25,Q3'25,8.41,0.879905
IVR,2025-10-27,7.47,Q4'25,Q3'25,8.41,0.888228
IVR,2025-10-28,7.37,Q4'25,Q3'25,8.41,0.876338
IVR,2025-10-29,7.3,Q4'25,Q3'25,8.41,0.868014
IVR,2025-10-30,7.17,Q4'25,Q3'25,8.41,0.852556
IVR,2025-10-31,7.53,Q4'25,Q3'25,8.41,0.895363
IVR,2025-11-03,7.54,Q4'25,Q3'25,8.41,0.896552
IVR,2025-11-04,7.69,Q4'25,Q3'25,8.41,0.914388
IVR,2025-11-05,7.72,Q4'25,Q3'25,8.41,0.917955
IVR,2025-11-06,7.71,Q4'25,Q3'25,8.41,0.916766
IVR,2025-11-07,7.77,Q4'25,Q3'25,8.41,0.9239
IVR,2025-11-10,7.72,Q4'25,Q3'25,8.41,0.917955
IVR,2025-11-11,7.86,Q4'25,Q3'25,8.41,0.934602
IVR,2025-11-12,7.8,Q4'25,Q3'25,8.41,0.927467
IVR,2025-11-13,7.67,Q4'25,Q3'25,8.41,0.91201
IVR,2025-11-14,7.61,Q4'25,Q3'25,8.41,0.904875
IVR,2025-11-17,7.6,Q4'25,Q3'25,8.41,0.903686
IVR,2025-11-18,7.64,Q4'25,Q3'25,8.41,0.908442
IVR,2025-11-19,7.61,Q4'25,Q3'25,8.41,0.904875
IVR,2025-11-20,7.6,Q4'25,Q3'25,8.41,0.903686
IVR,2025-11-21,7.78,Q4'25,Q3'25,8.41,0.925089
IVR,2025-11-24,7.79,Q4'25,Q3'25,8.41,0.926278
IVR,2025-11-25,7.96,Q4'25,Q3'25,8.41,0.946492
IVR,2025-11-26,8.13,Q4'25,Q3'25,8.41,0.966706
IVR,2025-11-28,8.2,Q4'25,Q3'25,8.41,0.97503
IVR,2025-12-01,8.19,Q4'25,Q3'25,8.41,0.973841
IVR,2025-12-02,8.14,Q4'25,Q3'25,8.41,0.967895
IVR,2025-12-03,8.19,Q4'25,Q3'25,8.41,0.973841
IVR,2025-12-04,8.23,Q4'25,Q3'25,8.41,0.978597
IVR,2025-12-05,8.4,Q4'25,Q3'25,8.41,0.998811
IVR,2025-12-08,8.24,Q4'25,Q3'25,8.41,0.979786
IVR,2025-12-09,8.17,Q4'25,Q3'25,8.41,0.971463
IVR,2025-12-10,8.14,Q4'25,Q3'25,8.41,0.967895
IVR,2025-12-11,8.07,Q4'25,Q3'25,8.41,0.959572
IVR,2025-12-12,8.08,Q4'25,Q3'25,8.41,0.960761
IVR,2025-12-15,8.17,Q4'25,Q3'25,8.41,0.971463
IVR,2025-12-16,8.16,Q4'25,Q3'25,8.41,0.970273
IVR,2025-12-17,8.26,Q4'25,Q3'25,8.41,0.982164
IVR,2025-12-18,8.41,Q4'25,Q3'25,8.41,1.0
IVR,2025-12-19,8.83,Q4'25,Q3'25,8.41,1.049941
IVR,2025-12-22,8.88,Q4'25,Q3'25,8.41,1.055886
IVR,2025-12-23,8.62,Q4'25,Q3'25,8.41,1.02497
IVR,2025-12-24,8.63,Q4'25,Q3'25,8.41,1.026159
IVR,2025-12-26,8.62,Q4'25,Q3'25,8.41,1.02497
IVR,2025-12-29,8.35,Q4'25,Q3'25,8.41,0.992866
IVR,2025-12-30,8.34,Q4'25,Q3'25,8.41,0.991677
IVR,2025-12-31,8.41,Q4'25,Q3'25,8.41,1.0
IVR,2026-01-02,8.48,Q1'26,Q4'25,8.72,0.972477
IVR,2026-01-05,8.5,Q1'26,Q4'25,8.72,0.974771
IVR,2026-01-06,8.51,Q1'26,Q4'25,8.72,0.975917
IVR,2026-01-07,8.48,Q1'26,Q4'25,8.72,0.972477
IVR,2026-01-08,8.41,Q1'26,Q4'25,8.72,0.96445
IVR,2026-01-09,8.54,Q1'26,Q4'25,8.72,0.979358
IVR,2026-01-12,8.84,Q1'26,Q4'25,8.72,1.013761
IVR,2026-01-13,8.96,Q1'26,Q4'25,8.72,1.027523
IVR,2026-01-14,9.09,Q1'26,Q4'25,8.72,1.042431
IVR,2026-01-15,9.3,Q1'26,Q4'25,8.72,1.066514
IVR,2026-01-16,9.41,Q1'26,Q4'25,8.72,1.079128
IVR,2026-01-20,9.2,Q1'26,Q4'25,8.72,1.055046
IVR,2026-01-21,9.04,Q1'26,Q4'25,8.72,1.036697
IVR,2026-01-22,9.02,Q1'26,Q4'25,8.72,1.034404
IVR,2026-01-23,8.99,Q1'26,Q4'25,8.72,1.030963
IVR,2026-01-26,8.83,Q1'26,Q4'25,8.72,1.012615
IVR,2026-01-27,9.02,Q1'26,Q4'25,8.72,1.034404
IVR,2026-01-28,8.95,Q1'26,Q4'25,8.72,1.026376
IVR,2026-01-29,8.9,Q1'26,Q4'25,8.72,1.020642
IVR,2026-01-30,8.59,Q1'26,Q4'25,8.72,0.985092
IVR,2026-02-02,8.89,Q1'26,Q4'25,8.72,1.019495
IVR,2026-02-03,8.88,Q1'26,Q4'25,8.72,1.018349
IVR,2026-02-04,8.89,Q1'26,Q4'25,8.72,1.019495
IVR,2026-02-05,8.78,Q1'26,Q4'25,8.72,1.006881
IVR,2026-02-06,8.82,Q1'26,Q4'25,8.72,1.011468
IVR,2026-02-09,8.82,Q1'26,Q4'25,8.72,1.011468
IVR,2026-02-10,8.81,Q1'26,Q4'25,8.72,1.010321
IVR,2026-02-11,8.92,Q1'26,Q4'25,8.72,1.022936
IVR,2026-02-12,8.99,Q1'26,Q4'25,8.72,1.030963
IVR,2026-02-13,8.71,Q1'26,Q4'25,8.72,0.998853
IVR,2026-02-17,8.69,Q1'26,Q4'25,8.72,0.99656
IVR,2026-02-18,8.75,Q1'26,Q4'25,8.72,1.00344
IVR,2026-02-19,8.61,Q1'26,Q4'25,8.72,0.987385
IVR,2026-02-20,8.66,Q1'26,Q4'25,8.72,0.993119
IVR,2026-02-23,8.52,Q1'26,Q4'25,8.72,0.977064
IVR,2026-02-24,8.38,Q1'26,Q4'25,8.72,0.961009
IVR,2026-02-25,8.39,Q1'26,Q4'25,8.72,0.962156
IVR,2026-02-26,8.49,Q1'26,Q4'25,8.72,0.973624
IVR,2026-02-27,8.43,Q1'26,Q4'25,8.72,0.966743
IVR,2026-03-02,8.36,Q1'26,Q4'25,8.72,0.958716
IVR,2026-03-03,8.36,Q1'26,Q4'25,8.72,0.958716
IVR,2026-03-04,8.34,Q1'26,Q4'25,8.72,0.956422
IVR,2026-03-05,8.3,Q1'26,Q4'25,8.72,0.951835
IVR,2026-03-06,8.16,Q1'26,Q4'25,8.72,0.93578
IVR,2026-03-09,8.18,Q1'26,Q4'25,8.72,0.938073
IVR,2026-03-10,8.38,Q1'26,Q4'25,8.72,0.961009
IVR,2026-03-11,8.31,Q1'26,Q4'25,8.72,0.952982
IVR,2026-03-12,8.19,Q1'26,Q4'25,8.72,0.93922
IVR,2026-03-13,8.08,Q1'26,Q4'25,8.72,0.926605
IVR,2026-03-16,8.15,Q1'26,Q4'25,8.72,0.934633
IVR,2026-03-17,8.26,Q1'26,Q4'25,8.72,0.947248
IVR,2026-03-18,8.1,Q1'26,Q4'25,8.72,0.928899
IVR,2026-03-19,8.08,Q1'26,Q4'25,8.72,0.926605
IVR,2026-03-20,7.64,Q1'26,Q4'25,8.72,0.876147
IVR,2026-03-23,7.83,Q1'26,Q4'25,8.72,0.897936
IVR,2026-03-24,7.79,Q1'26,Q4'25,8.72,0.893349
IVR,2026-03-25,8.05,Q1'26,Q4'25,8.72,0.923165
IVR,2026-03-26,7.81,Q1'26,Q4'25,8.72,0.895642
IVR,2026-03-27,7.71,Q1'26,Q4'25,8.72,0.884174
IVR,2026-03-30,7.82,Q1'26,Q4'25,8.72,0.896789
IVR,2026-03-31,8.08,Q1'26,Q4'25,8.72,0.926605
IVR,2026-04-01,7.99,Q2'26,Q1'26,8.08,0.988861
IVR,2026-04-02,8.1,Q2'26,Q1'26,8.08,1.002475
IVR,2026-04-06,8.15,Q2'26,Q1'26,8.08,1.008663
IVR,2026-04-07,8.03,Q2'26,Q1'26,8.08,0.993812
IVR,2026-04-08,8.13,Q2'26,Q1'26,8.08,1.006188
IVR,2026-04-09,8.37,Q2'26,Q1'26,8.08,1.035891
IVR,2026-04-10,8.42,Q2'26,Q1'26,8.08,1.042079
IVR,2026-04-13,8.39,Q2'26,Q1'26,8.08,1.038366
IVR,2026-04-14,8.38,Q2'26,Q1'26,8.08,1.037129
IVR,2026-04-15,8.4,Q2'26,Q1'26,8.08,1.039604
IVR,2026-04-16,8.25,Q2'26,Q1'26,8.08,1.02104
IVR,2026-04-17,8.36,Q2'26,Q1'26,8.08,1.034653
IVR,2026-04-20,8.31,Q2'26,Q1'26,8.08,1.028465
IVR,2026-04-21,8.27,Q2'26,Q1'26,8.08,1.023515
IVR,2026-04-22,8.35,Q2'26,Q1'26,8.08,1.033416
IVR,2026-04-23,8.24,Q2'26,Q1'26,8.08,1.019802
IVR,2026-04-24,8.36,Q2'26,Q1'26,8.08,1.034653
IVR,2026-04-27,8.29,Q2'26,Q1'26,8.08,1.02599
IVR,2026-04-28,8.28,Q2'26,Q1'26,8.08,1.024752
IVR,2026-04-29,8.09,Q2'26,Q1'26,8.08,1.001238
IVR,2026-04-30,8.13,Q2'26,Q1'26,8.08,1.006188
IVR,2026-05-01,8.33,Q2'26,Q1'26,8.08,1.030941
IVR,2026-05-04,8.06,Q2'26,Q1'26,8.08,0.997525
IVR,2026-05-05,8.03,Q2'26,Q1'26,8.08,0.993812
IVR,2026-05-06,8.02,Q2'26,Q1'26,8.08,0.992574
IVR,2026-05-07,8.03,Q2'26,Q1'26,8.08,0.993812
IVR,2026-05-08,8.23,Q2'26,Q1'26,8.08,1.018564
IVR,2026-05-11,8.19,Q2'26,Q1'26,8.08,1.013614
IVR,2026-05-12,8.17,Q2'26,Q1'26,8.08,1.011139
IVR,2026-05-13,8.18,Q2'26,Q1'26,8.08,1.012376
IVR,2026-05-14,8.08,Q2'26,Q1'26,8.08,1.0
IVR,2026-05-15,7.98,Q2'26,Q1'26,8.08,0.987624
IVR,2026-05-18,8.04,Q2'26,Q1'26,8.08,0.99505
IVR,2026-05-19,7.91,Q2'26,Q1'26,8.08,0.97896
IVR,2026-05-20,7.9,Q2'26,Q1'26,8.08,0.977723
IVR,2026-05-21,7.91,Q2'26,Q1'26,8.08,0.97896
IVR,2026-05-22,7.87,Q2'26,Q1'26,8.08,0.97401
IVR,2026-05-26,7.92,Q2'26,Q1'26,8.08,0.980198
IVR,2026-05-27,7.89,Q2'26,Q1'26,8.08,0.976485
IVR,2026-05-28,7.87,Q2'26,Q1'26,8.08,0.97401
IVR,2026-05-29,7.87,Q2'26,Q1'26,8.08,0.97401
IVR,2026-06-01,7.87,Q2'26,Q1'26,8.08,0.97401
IVR,2026-06-02,7.83,Q2'26,Q1'26,8.08,0.969059
IVR,2026-06-03,7.8,Q2'26,Q1'26,8.08,0.965347
IVR,2026-06-04,7.87,Q2'26,Q1'26,8.08,0.97401
IVR,2026-06-05,7.81,Q2'26,Q1'26,8.08,0.966584
IVR,2026-06-08,7.79,Q2'26,Q1'26,8.08,0.964109
IVR,2026-06-09,7.96,Q2'26,Q1'26,8.08,0.985149
IVR,2026-06-10,7.9,Q2'26,Q1'26,8.08,0.977723
IVR,2026-06-11,8.0,Q2'26,Q1'26,8.08,0.990099
IVR,2026-06-12,7.94,Q2'26,Q1'26,8.08,0.982673
IVR,2026-06-15,8.06,Q2'26,Q1'26,8.08,0.997525
IVR,2026-06-16,8.19,Q2'26,Q1'26,8.08,1.013614
IVR,2026-06-17,8.05,Q2'26,Q1'26,8.08,0.996287
IVR,2026-06-18,8.0,Q2'26,Q1'26,8.08,0.990099
IVR,2026-06-22,7.91,Q2'26,Q1'26,8.08,0.97896
IVR,2026-06-23,7.81,Q2'26,Q1'26,8.08,0.966584
IVR,2026-06-24,7.82,Q2'26,Q1'26,8.08,0.967822
IVR,2026-06-25,7.83,Q2'26,Q1'26,8.08,0.969059
IVR,2026-06-26,7.92,Q2'26,Q1'26,8.08,0.980198
IVR,2026-06-29,7.88,Q2'26,Q1'26,8.08,0.975248
IVR,2026-06-30,7.9,Q2'26,Q1'26,8.08,0.977723
IVR,2026-07-01,7.89,Q3'26,Q2'26,8.03,0.982565
IVR,2026-07-02,7.85,Q3'26,Q2'26,8.03,0.977584
IVR,2026-07-06,7.87,Q3'26,Q2'26,8.03,0.980075
IVR,2026-07-07,7.84,Q3'26,Q2'26,8.03,0.976339
IVR,2026-07-08,7.78,Q3'26,Q2'26,8.03,0.968867
IVR,2026-07-09,7.97,Q3'26,Q2'26,8.03,0.992528
IVR,2026-07-10,7.94,Q3'26,Q2'26,8.03,0.988792
IVR,2026-07-13,7.86,Q3'26,Q2'26,8.03,0.978829
IVR,2026-07-14,8.1,Q3'26,Q2'26,8.03,1.008717
IVR,2026-07-15,8.14,Q3'26,Q2'26,8.03,1.013699
IVR,2026-07-16,8.19,Q3'26,Q2'26,8.03,1.019925
IVR,2026-07-17,8.1,Q3'26,Q2'26,8.03,1.008717
IVR,2026-07-20,7.9,Q3'26,Q2'26,8.03,0.983811
IVR,2026-07-21,7.91,Q3'26,Q2'26,8.03,0.985056
IVR,2026-07-22,7.85,Q3'26,Q2'26,8.03,0.977584
IVR,2026-07-23,7.64,Q3'26,Q2'26,8.03,0.951432
IVR,2026-07-24,7.58,Q3'26,Q2'26,8.03,0.94396
IVR,2026-07-27,7.44,Q3'26,Q2'26,8.03,0.926526
IVR,2026-07-28,7.51,Q3'26,Q2'26,8.03,0.935243
IVR,2026-07-29,7.41,Q3'26,Q2'26,8.03,0.92279
IVR,2026-07-30,7.41,Q3'26,Q2'26,8.03,0.92279
IVR,2026-07-31,7.41,Q3'26,Q2'26,8.03,0.92279
IVR,2026-08-03,7.39,Q3'26,Q2'26,8.03,0.920299
IVR,2026-08-04,7.4,Q3'26,Q2'26,8.03,0.921544
IVR,2026-08-05,7.43,Q3'26,Q2'26,8.03,0.92528
IVR,2026-08-06,7.4,Q3'26,Q2'26,8.03,0.921544
IVR,2026-08-07,7.48,Q3'26,Q2'26,8.03,0.931507
IVR,2026-08-10,7.39,Q3'26,Q2'26,8.03,0.920299
IVR,2026-08-11,7.45,Q3'26,Q2'26,8.03,0.927771
IVR,2026-08-12,7.45,Q3'26,Q2'26,8.03,0.927771
IVR,2026-08-13,7.48,Q3'26,Q2'26,8.03,0.931507
IVR,2026-08-14,7.48,Q3'26,Q2'26,8.03,0.931507
IVR,2026-08-17,7.52,Q3'26,Q2'26,8.03,0.936488
IVR,2026-08-18,7.47,Q3'26,Q2'26,8.03,0.930261
IVR,2026-08-19,7.58,Q3'26,Q2'26,8.03,0.94396
MFA,2021-07-01,18.44,Q3'21,Q2'21,20.4,0.903922
MFA,2021-07-02,18.36,Q3'21,Q2'21,20.4,0.9
MFA,2021-07-06,18.24,Q3'21,Q2'21,20.4,0.894118
MFA,2021-07-07,18.08,Q3'21,Q2'21,20.4,0.886275
MFA,2021-07-08,18.08,Q3'21,Q2'21,20.4,0.886275
MFA,2021-07-09,18.92,Q3'21,Q2'21,20.4,0.927451
MFA,2021-07-12,18.68,Q3'21,Q2'21,20.4,0.915686
MFA,2021-07-13,18.16,Q3'21,Q2'21,20.4,0.890196
MFA,2021-07-14,18.04,Q3'21,Q2'21,20.4,0.884314
MFA,2021-07-15,18.28,Q3'21,Q2'21,20.4,0.896078
MFA,2021-07-16,18.32,Q3'21,Q2'21,20.4,0.898039
MFA,2021-07-19,17.92,Q3'21,Q2'21,20.4,0.878431
MFA,2021-07-20,18.4,Q3'21,Q2'21,20.4,0.901961
MFA,2021-07-21,18.76,Q3'21,Q2'21,20.4,0.919608
MFA,2021-07-22,18.28,Q3'21,Q2'21,20.4,0.896078
MFA,2021-07-23,18.24,Q3'21,Q2'21,20.4,0.894118
MFA,2021-07-26,18.68,Q3'21,Q2'21,20.4,0.915686
MFA,2021-07-27,18.6,Q3'21,Q2'21,20.4,0.911765
MFA,2021-07-28,18.72,Q3'21,Q2'21,20.4,0.917647
MFA,2021-07-29,18.92,Q3'21,Q2'21,20.4,0.927451
MFA,2021-07-30,18.68,Q3'21,Q2'21,20.4,0.915686
MFA,2021-08-02,18.44,Q3'21,Q2'21,20.4,0.903922
MFA,2021-08-03,18.6,Q3'21,Q2'21,20.4,0.911765
MFA,2021-08-04,18.12,Q3'21,Q2'21,20.4,0.888235
MFA,2021-08-05,18.72,Q3'21,Q2'21,20.4,0.917647
MFA,2021-08-06,18.56,Q3'21,Q2'21,20.4,0.909804
MFA,2021-08-09,18.4,Q3'21,Q2'21,20.4,0.901961
MFA,2021-08-10,18.6,Q3'21,Q2'21,20.4,0.911765
MFA,2021-08-11,18.68,Q3'21,Q2'21,20.4,0.915686
MFA,2021-08-12,18.6,Q3'21,Q2'21,20.4,0.911765
MFA,2021-08-13,18.52,Q3'21,Q2'21,20.4,0.907843
MFA,2021-08-16,18.44,Q3'21,Q2'21,20.4,0.903922
MFA,2021-08-17,18.32,Q3'21,Q2'21,20.4,0.898039
MFA,2021-08-18,18.12,Q3'21,Q2'21,20.4,0.888235
MFA,2021-08-19,18.08,Q3'21,Q2'21,20.4,0.886275
MFA,2021-08-20,18.36,Q3'21,Q2'21,20.4,0.9
MFA,2021-08-23,18.88,Q3'21,Q2'21,20.4,0.92549
MFA,2021-08-24,19.16,Q3'21,Q2'21,20.4,0.939216
MFA,2021-08-25,19.04,Q3'21,Q2'21,20.4,0.933333
MFA,2021-08-26,18.88,Q3'21,Q2'21,20.4,0.92549
MFA,2021-08-27,19.28,Q3'21,Q2'21,20.4,0.945098
MFA,2021-08-30,19.04,Q3'21,Q2'21,20.4,0.933333
MFA,2021-08-31,19.2,Q3'21,Q2'21,20.4,0.941177
MFA,2021-09-01,19.32,Q3'21,Q2'21,20.4,0.947059
MFA,2021-09-02,19.28,Q3'21,Q2'21,20.4,0.945098
MFA,2021-09-03,19.04,Q3'21,Q2'21,20.4,0.933333
MFA,2021-09-07,18.72,Q3'21,Q2'21,20.4,0.917647
MFA,2021-09-08,18.56,Q3'21,Q2'21,20.4,0.909804
MFA,2021-09-09,18.6,Q3'21,Q2'21,20.4,0.911765
MFA,2021-09-10,18.32,Q3'21,Q2'21,20.4,0.898039
MFA,2021-09-13,18.56,Q3'21,Q2'21,20.4,0.909804
MFA,2021-09-14,18.32,Q3'21,Q2'21,20.4,0.898039
MFA,2021-09-15,18.32,Q3'21,Q2'21,20.4,0.898039
MFA,2021-09-16,18.4,Q3'21,Q2'21,20.4,0.901961
MFA,2021-09-17,18.56,Q3'21,Q2'21,20.4,0.909804
MFA,2021-09-20,18.4,Q3'21,Q2'21,20.4,0.901961
MFA,2021-09-21,18.6,Q3'21,Q2'21,20.4,0.911765
MFA,2021-09-22,18.84,Q3'21,Q2'21,20.4,0.923529
MFA,2021-09-23,19.0,Q3'21,Q2'21,20.4,0.931373
MFA,2021-09-24,18.88,Q3'21,Q2'21,20.4,0.92549
MFA,2021-09-27,18.96,Q3'21,Q2'21,20.4,0.929412
MFA,2021-09-28,18.72,Q3'21,Q2'21,20.4,0.917647
MFA,2021-09-29,18.4,Q3'21,Q2'21,20.4,0.901961
MFA,2021-09-30,18.28,Q3'21,Q2'21,20.4,0.896078
MFA,2021-10-01,18.44,Q4'21,Q3'21,21.0,0.878095
MFA,2021-10-04,18.44,Q4'21,Q3'21,21.0,0.878095
MFA,2021-10-05,18.56,Q4'21,Q3'21,21.0,0.883809
MFA,2021-10-06,18.48,Q4'21,Q3'21,21.0,0.88
MFA,2021-10-07,18.48,Q4'21,Q3'21,21.0,0.88
MFA,2021-10-08,18.4,Q4'21,Q3'21,21.0,0.87619
MFA,2021-10-11,18.56,Q4'21,Q3'21,21.0,0.883809
MFA,2021-10-12,18.6,Q4'21,Q3'21,21.0,0.885714
MFA,2021-10-13,18.68,Q4'21,Q3'21,21.0,0.889524
MFA,2021-10-14,18.64,Q4'21,Q3'21,21.0,0.887619
MFA,2021-10-15,18.6,Q4'21,Q3'21,21.0,0.885714
MFA,2021-10-18,18.6,Q4'21,Q3'21,21.0,0.885714
MFA,2021-10-19,18.68,Q4'21,Q3'21,21.0,0.889524
MFA,2021-10-20,18.76,Q4'21,Q3'21,21.0,0.893333
MFA,2021-10-21,18.76,Q4'21,Q3'21,21.0,0.893333
MFA,2021-10-22,18.6,Q4'21,Q3'21,21.0,0.885714
MFA,2021-10-25,18.44,Q4'21,Q3'21,21.0,0.878095
MFA,2021-10-26,18.2,Q4'21,Q3'21,21.0,0.866667
MFA,2021-10-27,18.12,Q4'21,Q3'21,21.0,0.862857
MFA,2021-10-28,18.16,Q4'21,Q3'21,21.0,0.864762
MFA,2021-10-29,18.04,Q4'21,Q3'21,21.0,0.859048
MFA,2021-11-01,18.28,Q4'21,Q3'21,21.0,0.870476
MFA,2021-11-02,17.96,Q4'21,Q3'21,21.0,0.855238
MFA,2021-11-03,17.92,Q4'21,Q3'21,21.0,0.853333
MFA,2021-11-04,17.92,Q4'21,Q3'21,21.0,0.853333
MFA,2021-11-05,18.6,Q4'21,Q3'21,21.0,0.885714
MFA,2021-11-08,18.28,Q4'21,Q3'21,21.0,0.870476
MFA,2021-11-09,18.28,Q4'21,Q3'21,21.0,0.870476
MFA,2021-11-10,18.24,Q4'21,Q3'21,21.0,0.868571
MFA,2021-11-11,18.2,Q4'21,Q3'21,21.0,0.866667
MFA,2021-11-12,18.08,Q4'21,Q3'21,21.0,0.860952
MFA,2021-11-15,17.92,Q4'21,Q3'21,21.0,0.853333
MFA,2021-11-16,17.6,Q4'21,Q3'21,21.0,0.838095
MFA,2021-11-17,17.64,Q4'21,Q3'21,21.0,0.84
MFA,2021-11-18,17.56,Q4'21,Q3'21,21.0,0.83619
MFA,2021-11-19,17.64,Q4'21,Q3'21,21.0,0.84
MFA,2021-11-22,17.72,Q4'21,Q3'21,21.0,0.843809
MFA,2021-11-23,18.04,Q4'21,Q3'21,21.0,0.859048
MFA,2021-11-24,17.96,Q4'21,Q3'21,21.0,0.855238
MFA,2021-11-26,17.64,Q4'21,Q3'21,21.0,0.84
MFA,2021-11-29,17.6,Q4'21,Q3'21,21.0,0.838095
MFA,2021-11-30,17.16,Q4'21,Q3'21,21.0,0.817143
MFA,2021-12-01,16.92,Q4'21,Q3'21,21.0,0.805714
MFA,2021-12-02,17.84,Q4'21,Q3'21,21.0,0.849524
MFA,2021-12-03,17.8,Q4'21,Q3'21,21.0,0.847619
MFA,2021-12-06,18.2,Q4'21,Q3'21,21.0,0.866667
MFA,2021-12-07,18.24,Q4'21,Q3'21,21.0,0.868571
MFA,2021-12-08,18.84,Q4'21,Q3'21,21.0,0.897143
MFA,2021-12-09,18.72,Q4'21,Q3'21,21.0,0.891429
MFA,2021-12-10,18.36,Q4'21,Q3'21,21.0,0.874286
MFA,2021-12-13,18.04,Q4'21,Q3'21,21.0,0.859048
MFA,2021-12-14,17.84,Q4'21,Q3'21,21.0,0.849524
MFA,2021-12-15,18.32,Q4'21,Q3'21,21.0,0.872381
MFA,2021-12-16,18.16,Q4'21,Q3'21,21.0,0.864762
MFA,2021-12-17,17.92,Q4'21,Q3'21,21.0,0.853333
MFA,2021-12-20,17.64,Q4'21,Q3'21,21.0,0.84
MFA,2021-12-21,18.44,Q4'21,Q3'21,21.0,0.878095
MFA,2021-12-22,18.56,Q4'21,Q3'21,21.0,0.883809
MFA,2021-12-23,18.68,Q4'21,Q3'21,21.0,0.889524
MFA,2021-12-27,18.68,Q4'21,Q3'21,21.0,0.889524
MFA,2021-12-28,18.56,Q4'21,Q3'21,21.0,0.883809
MFA,2021-12-29,18.6,Q4'21,Q3'21,21.0,0.885714
MFA,2021-12-30,18.16,Q4'21,Q3'21,21.0,0.864762
MFA,2021-12-31,18.24,Q4'21,Q3'21,21.0,0.868571
MFA,2022-01-03,18.36,Q1'22,Q4'21,20.6,0.891262
MFA,2022-01-04,18.48,Q1'22,Q4'21,20.6,0.897087
MFA,2022-01-05,18.2,Q1'22,Q4'21,20.6,0.883495
MFA,2022-01-06,18.28,Q1'22,Q4'21,20.6,0.887379
MFA,2022-01-07,18.48,Q1'22,Q4'21,20.6,0.897087
MFA,2022-01-10,18.56,Q1'22,Q4'21,20.6,0.900971
MFA,2022-01-11,18.68,Q1'22,Q4'21,20.6,0.906796
MFA,2022-01-12,18.72,Q1'22,Q4'21,20.6,0.908738
MFA,2022-01-13,18.72,Q1'22,Q4'21,20.6,0.908738
MFA,2022-01-14,18.48,Q1'22,Q4'21,20.6,0.897087
MFA,2022-01-18,18.32,Q1'22,Q4'21,20.6,0.88932
MFA,2022-01-19,18.12,Q1'22,Q4'21,20.6,0.879612
MFA,2022-01-20,17.92,Q1'22,Q4'21,20.6,0.869903
MFA,2022-01-21,17.6,Q1'22,Q4'21,20.6,0.854369
MFA,2022-01-24,17.48,Q1'22,Q4'21,20.6,0.848544
MFA,2022-01-25,17.88,Q1'22,Q4'21,20.6,0.867961
MFA,2022-01-26,17.88,Q1'22,Q4'21,20.6,0.867961
MFA,2022-01-27,17.8,Q1'22,Q4'21,20.6,0.864078
MFA,2022-01-28,18.12,Q1'22,Q4'21,20.6,0.879612
MFA,2022-01-31,18.52,Q1'22,Q4'21,20.6,0.899029
MFA,2022-02-01,18.16,Q1'22,Q4'21,20.6,0.881553
MFA,2022-02-02,18.08,Q1'22,Q4'21,20.6,0.87767
MFA,2022-02-03,18.0,Q1'22,Q4'21,20.6,0.873786
MFA,2022-02-04,17.88,Q1'22,Q4'21,20.6,0.867961
MFA,2022-02-07,17.68,Q1'22,Q4'21,20.6,0.858252
MFA,2022-02-08,18.08,Q1'22,Q4'21,20.6,0.87767
MFA,2022-02-09,18.0,Q1'22,Q4'21,20.6,0.873786
MFA,2022-02-10,17.52,Q1'22,Q4'21,20.6,0.850485
MFA,2022-02-11,17.36,Q1'22,Q4'21,20.6,0.842718
MFA,2022-02-14,17.32,Q1'22,Q4'21,20.6,0.840777
MFA,2022-02-15,17.64,Q1'22,Q4'21,20.6,0.856311
MFA,2022-02-16,17.72,Q1'22,Q4'21,20.6,0.860194
MFA,2022-02-17,17.36,Q1'22,Q4'21,20.6,0.842718
MFA,2022-02-18,17.6,Q1'22,Q4'21,20.6,0.854369
MFA,2022-02-22,17.08,Q1'22,Q4'21,20.6,0.829126
MFA,2022-02-23,16.24,Q1'22,Q4'21,20.6,0.78835
MFA,2022-02-24,16.32,Q1'22,Q4'21,20.6,0.792233
MFA,2022-02-25,16.28,Q1'22,Q4'21,20.6,0.790291
MFA,2022-02-28,16.24,Q1'22,Q4'21,20.6,0.78835
MFA,2022-03-01,15.76,Q1'22,Q4'21,20.6,0.765049
MFA,2022-03-02,16.24,Q1'22,Q4'21,20.6,0.78835
MFA,2022-03-03,16.24,Q1'22,Q4'21,20.6,0.78835
MFA,2022-03-04,16.0,Q1'22,Q4'21,20.6,0.776699
MFA,2022-03-07,15.6,Q1'22,Q4'21,20.6,0.757282
MFA,2022-03-08,15.84,Q1'22,Q4'21,20.6,0.768932
MFA,2022-03-09,16.24,Q1'22,Q4'21,20.6,0.78835
MFA,2022-03-10,16.24,Q1'22,Q4'21,20.6,0.78835
MFA,2022-03-11,16.6,Q1'22,Q4'21,20.6,0.805825
MFA,2022-03-14,16.8,Q1'22,Q4'21,20.6,0.815534
MFA,2022-03-15,16.88,Q1'22,Q4'21,20.6,0.819417
MFA,2022-03-16,16.92,Q1'22,Q4'21,20.6,0.821359
MFA,2022-03-17,16.84,Q1'22,Q4'21,20.6,0.817476
MFA,2022-03-18,16.96,Q1'22,Q4'21,20.6,0.823301
MFA,2022-03-21,16.4,Q1'22,Q4'21,20.6,0.796116
MFA,2022-03-22,16.56,Q1'22,Q4'21,20.6,0.803883
MFA,2022-03-23,16.24,Q1'22,Q4'21,20.6,0.78835
MFA,2022-03-24,16.36,Q1'22,Q4'21,20.6,0.794175
MFA,2022-03-25,16.28,Q1'22,Q4'21,20.6,0.790291
MFA,2022-03-28,16.32,Q1'22,Q4'21,20.6,0.792233
MFA,2022-03-29,16.52,Q1'22,Q4'21,20.6,0.801942
MFA,2022-03-30,16.24,Q1'22,Q4'21,20.6,0.78835
MFA,2022-03-31,16.12,Q1'22,Q4'21,20.6,0.782524
MFA,2022-04-01,16.08,Q2'22,Q1'22,18.81,0.854864
MFA,2022-04-04,15.72,Q2'22,Q1'22,18.81,0.835726
MFA,2022-04-05,15.51,Q2'22,Q1'22,18.81,0.824561
MFA,2022-04-06,15.23,Q2'22,Q1'22,18.81,0.809676
MFA,2022-04-07,14.82,Q2'22,Q1'22,18.81,0.787879
MFA,2022-04-08,15.11,Q2'22,Q1'22,18.81,0.803296
MFA,2022-04-11,15.1,Q2'22,Q1'22,18.81,0.802765
MFA,2022-04-12,14.89,Q2'22,Q1'22,18.81,0.7916
MFA,2022-04-13,15.02,Q2'22,Q1'22,18.81,0.798511
MFA,2022-04-14,14.99,Q2'22,Q1'22,18.81,0.796917
MFA,2022-04-18,14.85,Q2'22,Q1'22,18.81,0.789474
MFA,2022-04-19,14.18,Q2'22,Q1'22,18.81,0.753854
MFA,2022-04-20,14.46,Q2'22,Q1'22,18.81,0.76874
MFA,2022-04-21,14.08,Q2'22,Q1'22,18.81,0.748538
MFA,2022-04-22,13.61,Q2'22,Q1'22,18.81,0.723551
MFA,2022-04-25,13.65,Q2'22,Q1'22,18.81,0.725678
MFA,2022-04-26,13.45,Q2'22,Q1'22,18.81,0.715045
MFA,2022-04-27,14.03,Q2'22,Q1'22,18.81,0.74588
MFA,2022-04-28,14.53,Q2'22,Q1'22,18.81,0.772461
MFA,2022-04-29,14.25,Q2'22,Q1'22,18.81,0.757576
MFA,2022-05-02,14.4,Q2'22,Q1'22,18.81,0.76555
MFA,2022-05-03,14.9,Q2'22,Q1'22,18.81,0.792132
MFA,2022-05-04,14.89,Q2'22,Q1'22,18.81,0.7916
MFA,2022-05-05,14.72,Q2'22,Q1'22,18.81,0.782562
MFA,2022-05-06,14.64,Q2'22,Q1'22,18.81,0.778309
MFA,2022-05-09,13.59,Q2'22,Q1'22,18.81,0.722488
MFA,2022-05-10,14.02,Q2'22,Q1'22,18.81,0.745348
MFA,2022-05-11,13.94,Q2'22,Q1'22,18.81,0.741095
MFA,2022-05-12,13.33,Q2'22,Q1'22,18.81,0.708666
MFA,2022-05-13,13.42,Q2'22,Q1'22,18.81,0.71345
MFA,2022-05-16,13.5,Q2'22,Q1'22,18.81,0.717703
MFA,2022-05-17,13.72,Q2'22,Q1'22,18.81,0.729399
MFA,2022-05-18,13.15,Q2'22,Q1'22,18.81,0.699096
MFA,2022-05-19,13.23,Q2'22,Q1'22,18.81,0.703349
MFA,2022-05-20,13.14,Q2'22,Q1'22,18.81,0.698565
MFA,2022-05-23,13.27,Q2'22,Q1'22,18.81,0.705476
MFA,2022-05-24,13.24,Q2'22,Q1'22,18.81,0.703881
MFA,2022-05-25,13.23,Q2'22,Q1'22,18.81,0.703349
MFA,2022-05-26,13.35,Q2'22,Q1'22,18.81,0.709729
MFA,2022-05-27,13.43,Q2'22,Q1'22,18.81,0.713982
MFA,2022-05-31,13.52,Q2'22,Q1'22,18.81,0.718767
MFA,2022-06-01,13.9,Q2'22,Q1'22,18.81,0.738969
MFA,2022-06-02,13.95,Q2'22,Q1'22,18.81,0.741627
MFA,2022-06-03,13.82,Q2'22,Q1'22,18.81,0.734716
MFA,2022-06-06,13.95,Q2'22,Q1'22,18.81,0.741627
MFA,2022-06-07,14.06,Q2'22,Q1'22,18.81,0.747475
MFA,2022-06-08,13.67,Q2'22,Q1'22,18.81,0.726741
MFA,2022-06-09,13.62,Q2'22,Q1'22,18.81,0.724083
MFA,2022-06-10,13.25,Q2'22,Q1'22,18.81,0.704413
MFA,2022-06-13,11.5,Q2'22,Q1'22,18.81,0.611377
MFA,2022-06-14,10.88,Q2'22,Q1'22,18.81,0.578416
MFA,2022-06-15,10.93,Q2'22,Q1'22,18.81,0.581074
MFA,2022-06-16,9.92,Q2'22,Q1'22,18.81,0.527379
MFA,2022-06-17,10.53,Q2'22,Q1'22,18.81,0.559809
MFA,2022-06-21,10.74,Q2'22,Q1'22,18.81,0.570973
MFA,2022-06-22,10.8,Q2'22,Q1'22,18.81,0.574163
MFA,2022-06-23,11.13,Q2'22,Q1'22,18.81,0.591707
MFA,2022-06-24,11.62,Q2'22,Q1'22,18.81,0.617757
MFA,2022-06-27,11.56,Q2'22,Q1'22,18.81,0.614567
MFA,2022-06-28,11.45,Q2'22,Q1'22,18.81,0.608719
MFA,2022-06-29,10.81,Q2'22,Q1'22,18.81,0.574694
MFA,2022-06-30,10.75,Q2'22,Q1'22,18.81,0.571505
MFA,2022-07-01,11.15,Q3'22,Q2'22,17.25,0.646377
MFA,2022-07-05,11.41,Q3'22,Q2'22,17.25,0.661449
MFA,2022-07-06,11.17,Q3'22,Q2'22,17.25,0.647536
MFA,2022-07-07,11.25,Q3'22,Q2'22,17.25,0.652174
MFA,2022-07-08,11.26,Q3'22,Q2'22,17.25,0.652754
MFA,2022-07-11,11.09,Q3'22,Q2'22,17.25,0.642899
MFA,2022-07-12,11.17,Q3'22,Q2'22,17.25,0.647536
MFA,2022-07-13,11.41,Q3'22,Q2'22,17.25,0.661449
MFA,2022-07-14,10.98,Q3'22,Q2'22,17.25,0.636522
MFA,2022-07-15,11.21,Q3'22,Q2'22,17.25,0.649855
MFA,2022-07-18,10.7,Q3'22,Q2'22,17.25,0.62029
MFA,2022-07-19,11.33,Q3'22,Q2'22,17.25,0.656812
MFA,2022-07-20,11.35,Q3'22,Q2'22,17.25,0.657971
MFA,2022-07-21,11.5,Q3'22,Q2'22,17.25,0.666667
MFA,2022-07-22,11.42,Q3'22,Q2'22,17.25,0.662029
MFA,2022-07-25,11.48,Q3'22,Q2'22,17.25,0.665507
MFA,2022-07-26,11.53,Q3'22,Q2'22,17.25,0.668406
MFA,2022-07-27,12.19,Q3'22,Q2'22,17.25,0.706667
MFA,2022-07-28,12.85,Q3'22,Q2'22,17.25,0.744928
MFA,2022-07-29,12.96,Q3'22,Q2'22,17.25,0.751304
MFA,2022-08-01,13.17,Q3'22,Q2'22,17.25,0.763478
MFA,2022-08-02,12.66,Q3'22,Q2'22,17.25,0.733913
MFA,2022-08-03,12.64,Q3'22,Q2'22,17.25,0.732754
MFA,2022-08-04,12.03,Q3'22,Q2'22,17.25,0.697391
MFA,2022-08-05,12.02,Q3'22,Q2'22,17.25,0.696812
MFA,2022-08-08,12.07,Q3'22,Q2'22,17.25,0.69971
MFA,2022-08-09,12.0,Q3'22,Q2'22,17.25,0.695652
MFA,2022-08-10,12.09,Q3'22,Q2'22,17.25,0.70087
MFA,2022-08-11,12.14,Q3'22,Q2'22,17.25,0.703768
MFA,2022-08-12,12.13,Q3'22,Q2'22,17.25,0.703188
MFA,2022-08-15,12.01,Q3'22,Q2'22,17.25,0.696232
MFA,2022-08-16,12.08,Q3'22,Q2'22,17.25,0.70029
MFA,2022-08-17,11.82,Q3'22,Q2'22,17.25,0.685217
MFA,2022-08-18,11.86,Q3'22,Q2'22,17.25,0.687536
MFA,2022-08-19,11.73,Q3'22,Q2'22,17.25,0.68
MFA,2022-08-22,11.37,Q3'22,Q2'22,17.25,0.65913
MFA,2022-08-23,11.49,Q3'22,Q2'22,17.25,0.666087
MFA,2022-08-24,11.48,Q3'22,Q2'22,17.25,0.665507
MFA,2022-08-25,11.58,Q3'22,Q2'22,17.25,0.671304
MFA,2022-08-26,11.37,Q3'22,Q2'22,17.25,0.65913
MFA,2022-08-29,11.2,Q3'22,Q2'22,17.25,0.649275
MFA,2022-08-30,10.95,Q3'22,Q2'22,17.25,0.634783
MFA,2022-08-31,10.93,Q3'22,Q2'22,17.25,0.633623
MFA,2022-09-01,10.53,Q3'22,Q2'22,17.25,0.610435
MFA,2022-09-02,10.64,Q3'22,Q2'22,17.25,0.616812
MFA,2022-09-06,10.52,Q3'22,Q2'22,17.25,0.609855
MFA,2022-09-07,10.59,Q3'22,Q2'22,17.25,0.613913
MFA,2022-09-08,10.5,Q3'22,Q2'22,17.25,0.608696
MFA,2022-09-09,10.87,Q3'22,Q2'22,17.25,0.630145
MFA,2022-09-12,10.94,Q3'22,Q2'22,17.25,0.634203
MFA,2022-09-13,10.6,Q3'22,Q2'22,17.25,0.614493
MFA,2022-09-14,10.92,Q3'22,Q2'22,17.25,0.633043
MFA,2022-09-15,10.63,Q3'22,Q2'22,17.25,0.616232
MFA,2022-09-16,11.0,Q3'22,Q2'22,17.25,0.637681
MFA,2022-09-19,10.95,Q3'22,Q2'22,17.25,0.634783
MFA,2022-09-20,10.64,Q3'22,Q2'22,17.25,0.616812
MFA,2022-09-21,10.54,Q3'22,Q2'22,17.25,0.611014
MFA,2022-09-22,10.19,Q3'22,Q2'22,17.25,0.590725
MFA,2022-09-23,9.74,Q3'22,Q2'22,17.25,0.564638
MFA,2022-09-26,9.1,Q3'22,Q2'22,17.25,0.527536
MFA,2022-09-27,8.86,Q3'22,Q2'22,17.25,0.513623
MFA,2022-09-28,9.04,Q3'22,Q2'22,17.25,0.524058
MFA,2022-09-29,8.16,Q3'22,Q2'22,17.25,0.473043
MFA,2022-09-30,7.78,Q3'22,Q2'22,17.25,0.451015
MFA,2022-10-03,7.77,Q4'22,Q3'22,15.82,0.49115
MFA,2022-10-04,8.54,Q4'22,Q3'22,15.82,0.539823
MFA,2022-10-05,7.98,Q4'22,Q3'22,15.82,0.504425
MFA,2022-10-06,7.71,Q4'22,Q3'22,15.82,0.487358
MFA,2022-10-07,7.46,Q4'22,Q3'22,15.82,0.471555
MFA,2022-10-10,7.25,Q4'22,Q3'22,15.82,0.458281
MFA,2022-10-11,8.21,Q4'22,Q3'22,15.82,0.518963
MFA,2022-10-12,8.16,Q4'22,Q3'22,15.82,0.515803
MFA,2022-10-13,8.48,Q4'22,Q3'22,15.82,0.53603
MFA,2022-10-14,8.39,Q4'22,Q3'22,15.82,0.530341
MFA,2022-10-17,8.55,Q4'22,Q3'22,15.82,0.540455
MFA,2022-10-18,9.3,Q4'22,Q3'22,15.82,0.587863
MFA,2022-10-19,8.99,Q4'22,Q3'22,15.82,0.568268
MFA,2022-10-20,8.93,Q4'22,Q3'22,15.82,0.564475
MFA,2022-10-21,9.06,Q4'22,Q3'22,15.82,0.572693
MFA,2022-10-24,9.09,Q4'22,Q3'22,15.82,0.574589
MFA,2022-10-25,9.64,Q4'22,Q3'22,15.82,0.609355
MFA,2022-10-26,9.54,Q4'22,Q3'22,15.82,0.603034
MFA,2022-10-27,9.58,Q4'22,Q3'22,15.82,0.605563
MFA,2022-10-28,10.02,Q4'22,Q3'22,15.82,0.633376
MFA,2022-10-31,9.96,Q4'22,Q3'22,15.82,0.629583
MFA,2022-11-01,9.98,Q4'22,Q3'22,15.82,0.630847
MFA,2022-11-02,9.72,Q4'22,Q3'22,15.82,0.614412
MFA,2022-11-03,9.52,Q4'22,Q3'22,15.82,0.60177
MFA,2022-11-04,10.18,Q4'22,Q3'22,15.82,0.643489
MFA,2022-11-07,10.18,Q4'22,Q3'22,15.82,0.643489
MFA,2022-11-08,10.21,Q4'22,Q3'22,15.82,0.645386
MFA,2022-11-09,10.13,Q4'22,Q3'22,15.82,0.640329
MFA,2022-11-10,10.99,Q4'22,Q3'22,15.82,0.69469
MFA,2022-11-11,11.19,Q4'22,Q3'22,15.82,0.707332
MFA,2022-11-14,10.91,Q4'22,Q3'22,15.82,0.689633
MFA,2022-11-15,11.23,Q4'22,Q3'22,15.82,0.709861
MFA,2022-11-16,11.06,Q4'22,Q3'22,15.82,0.699115
MFA,2022-11-17,10.66,Q4'22,Q3'22,15.82,0.673831
MFA,2022-11-18,10.79,Q4'22,Q3'22,15.82,0.682048
MFA,2022-11-21,10.8,Q4'22,Q3'22,15.82,0.68268
MFA,2022-11-22,10.98,Q4'22,Q3'22,15.82,0.694058
MFA,2022-11-23,10.98,Q4'22,Q3'22,15.82,0.694058
MFA,2022-11-25,11.11,Q4'22,Q3'22,15.82,0.702276
MFA,2022-11-28,10.84,Q4'22,Q3'22,15.82,0.685209
MFA,2022-11-29,10.88,Q4'22,Q3'22,15.82,0.687737
MFA,2022-11-30,11.18,Q4'22,Q3'22,15.82,0.7067
MFA,2022-12-01,11.19,Q4'22,Q3'22,15.82,0.707332
MFA,2022-12-02,11.14,Q4'22,Q3'22,15.82,0.704172
MFA,2022-12-05,10.85,Q4'22,Q3'22,15.82,0.685841
MFA,2022-12-06,10.86,Q4'22,Q3'22,15.82,0.686473
MFA,2022-12-07,11.16,Q4'22,Q3'22,15.82,0.705436
MFA,2022-12-08,11.45,Q4'22,Q3'22,15.82,0.723767
MFA,2022-12-09,11.3,Q4'22,Q3'22,15.82,0.714286
MFA,2022-12-12,11.3,Q4'22,Q3'22,15.82,0.714286
MFA,2022-12-13,11.41,Q4'22,Q3'22,15.82,0.721239
MFA,2022-12-14,11.48,Q4'22,Q3'22,15.82,0.725664
MFA,2022-12-15,11.04,Q4'22,Q3'22,15.82,0.697851
MFA,2022-12-16,10.86,Q4'22,Q3'22,15.82,0.686473
MFA,2022-12-19,10.74,Q4'22,Q3'22,15.82,0.678887
MFA,2022-12-20,10.47,Q4'22,Q3'22,15.82,0.66182
MFA,2022-12-21,10.7,Q4'22,Q3'22,15.82,0.676359
MFA,2022-12-22,10.53,Q4'22,Q3'22,15.82,0.665613
MFA,2022-12-23,10.54,Q4'22,Q3'22,15.82,0.666245
MFA,2022-12-27,10.44,Q4'22,Q3'22,15.82,0.659924
MFA,2022-12-28,10.03,Q4'22,Q3'22,15.82,0.634008
MFA,2022-12-29,9.95,Q4'22,Q3'22,15.82,0.628951
MFA,2022-12-30,9.85,Q4'22,Q3'22,15.82,0.62263
MFA,2023-01-03,10.16,Q1'23,Q4'22,15.55,0.653376
MFA,2023-01-04,10.46,Q1'23,Q4'22,15.55,0.672669
MFA,2023-01-05,10.49,Q1'23,Q4'22,15.55,0.674598
MFA,2023-01-06,10.42,Q1'23,Q4'22,15.55,0.670096
MFA,2023-01-09,10.25,Q1'23,Q4'22,15.55,0.659164
MFA,2023-01-10,10.45,Q1'23,Q4'22,15.55,0.672026
MFA,2023-01-11,10.7,Q1'23,Q4'22,15.55,0.688103
MFA,2023-01-12,10.94,Q1'23,Q4'22,15.55,0.703537
MFA,2023-01-13,11.17,Q1'23,Q4'22,15.55,0.718328
MFA,2023-01-17,11.11,Q1'23,Q4'22,15.55,0.714469
MFA,2023-01-18,11.29,Q1'23,Q4'22,15.55,0.726045
MFA,2023-01-19,11.24,Q1'23,Q4'22,15.55,0.72283
MFA,2023-01-20,11.41,Q1'23,Q4'22,15.55,0.733762
MFA,2023-01-23,11.41,Q1'23,Q4'22,15.55,0.733762
MFA,2023-01-24,11.35,Q1'23,Q4'22,15.55,0.729904
MFA,2023-01-25,11.3,Q1'23,Q4'22,15.55,0.726688
MFA,2023-01-26,11.52,Q1'23,Q4'22,15.55,0.740836
MFA,2023-01-27,11.62,Q1'23,Q4'22,15.55,0.747267
MFA,2023-01-30,11.48,Q1'23,Q4'22,15.55,0.738264
MFA,2023-01-31,11.89,Q1'23,Q4'22,15.55,0.76463
MFA,2023-02-01,12.16,Q1'23,Q4'22,15.55,0.781994
MFA,2023-02-02,12.24,Q1'23,Q4'22,15.55,0.787138
MFA,2023-02-03,12.05,Q1'23,Q4'22,15.55,0.77492
MFA,2023-02-06,11.58,Q1'23,Q4'22,15.55,0.744695
MFA,2023-02-07,11.77,Q1'23,Q4'22,15.55,0.756913
MFA,2023-02-08,11.64,Q1'23,Q4'22,15.55,0.748553
MFA,2023-02-09,11.17,Q1'23,Q4'22,15.55,0.718328
MFA,2023-02-10,11.13,Q1'23,Q4'22,15.55,0.715756
MFA,2023-02-13,11.2,Q1'23,Q4'22,15.55,0.720257
MFA,2023-02-14,11.07,Q1'23,Q4'22,15.55,0.711897
MFA,2023-02-15,11.15,Q1'23,Q4'22,15.55,0.717042
MFA,2023-02-16,11.09,Q1'23,Q4'22,15.55,0.713183
MFA,2023-02-17,11.0,Q1'23,Q4'22,15.55,0.707395
MFA,2023-02-21,10.5,Q1'23,Q4'22,15.55,0.675241
MFA,2023-02-22,10.65,Q1'23,Q4'22,15.55,0.684887
MFA,2023-02-23,10.93,Q1'23,Q4'22,15.55,0.702894
MFA,2023-02-24,10.83,Q1'23,Q4'22,15.55,0.696463
MFA,2023-02-27,10.75,Q1'23,Q4'22,15.55,0.691318
MFA,2023-02-28,10.71,Q1'23,Q4'22,15.55,0.688746
MFA,2023-03-01,10.45,Q1'23,Q4'22,15.55,0.672026
MFA,2023-03-02,10.44,Q1'23,Q4'22,15.55,0.671383
MFA,2023-03-03,10.61,Q1'23,Q4'22,15.55,0.682315
MFA,2023-03-06,10.65,Q1'23,Q4'22,15.55,0.684887
MFA,2023-03-07,10.41,Q1'23,Q4'22,15.55,0.669453
MFA,2023-03-08,10.47,Q1'23,Q4'22,15.55,0.673312
MFA,2023-03-09,10.02,Q1'23,Q4'22,15.55,0.644373
MFA,2023-03-10,9.51,Q1'23,Q4'22,15.55,0.611576
MFA,2023-03-13,9.39,Q1'23,Q4'22,15.55,0.603859
MFA,2023-03-14,9.54,Q1'23,Q4'22,15.55,0.613505
MFA,2023-03-15,9.38,Q1'23,Q4'22,15.55,0.603215
MFA,2023-03-16,9.38,Q1'23,Q4'22,15.55,0.603215
MFA,2023-03-17,9.0,Q1'23,Q4'22,15.55,0.578778
MFA,2023-03-20,9.15,Q1'23,Q4'22,15.55,0.588424
MFA,2023-03-21,9.29,Q1'23,Q4'22,15.55,0.597428
MFA,2023-03-22,8.95,Q1'23,Q4'22,15.55,0.575563
MFA,2023-03-23,8.77,Q1'23,Q4'22,15.55,0.563987
MFA,2023-03-24,9.13,Q1'23,Q4'22,15.55,0.587138
MFA,2023-03-27,9.69,Q1'23,Q4'22,15.55,0.623151
MFA,2023-03-28,9.85,Q1'23,Q4'22,15.55,0.633441
MFA,2023-03-29,10.04,Q1'23,Q4'22,15.55,0.645659
MFA,2023-03-30,9.65,Q1'23,Q4'22,15.55,0.620579
MFA,2023-03-31,9.92,Q1'23,Q4'22,15.55,0.637942
MFA,2023-04-03,9.85,Q2'23,Q1'23,16.02,0.614856
MFA,2023-04-04,9.99,Q2'23,Q1'23,16.02,0.623595
MFA,2023-04-05,10.29,Q2'23,Q1'23,16.02,0.642322
MFA,2023-04-06,10.33,Q2'23,Q1'23,16.02,0.644819
MFA,2023-04-10,10.08,Q2'23,Q1'23,16.02,0.629213
MFA,2023-04-11,10.09,Q2'23,Q1'23,16.02,0.629838
MFA,2023-04-12,10.1,Q2'23,Q1'23,16.02,0.630462
MFA,2023-04-13,10.09,Q2'23,Q1'23,16.02,0.629838
MFA,2023-04-14,9.93,Q2'23,Q1'23,16.02,0.61985
MFA,2023-04-17,10.23,Q2'23,Q1'23,16.02,0.638577
MFA,2023-04-18,9.98,Q2'23,Q1'23,16.02,0.622971
MFA,2023-04-19,10.09,Q2'23,Q1'23,16.02,0.629838
MFA,2023-04-20,10.32,Q2'23,Q1'23,16.02,0.644195
MFA,2023-04-21,10.48,Q2'23,Q1'23,16.02,0.654182
MFA,2023-04-24,10.32,Q2'23,Q1'23,16.02,0.644195
MFA,2023-04-25,10.13,Q2'23,Q1'23,16.02,0.632335
MFA,2023-04-26,10.11,Q2'23,Q1'23,16.02,0.631086
MFA,2023-04-27,10.47,Q2'23,Q1'23,16.02,0.653558
MFA,2023-04-28,10.69,Q2'23,Q1'23,16.02,0.667291
MFA,2023-05-01,10.43,Q2'23,Q1'23,16.02,0.651061
MFA,2023-05-02,10.08,Q2'23,Q1'23,16.02,0.629213
MFA,2023-05-03,10.19,Q2'23,Q1'23,16.02,0.63608
MFA,2023-05-04,10.31,Q2'23,Q1'23,16.02,0.643571
MFA,2023-05-05,10.3,Q2'23,Q1'23,16.02,0.642946
MFA,2023-05-08,10.44,Q2'23,Q1'23,16.02,0.651685
MFA,2023-05-09,10.3,Q2'23,Q1'23,16.02,0.642946
MFA,2023-05-10,10.32,Q2'23,Q1'23,16.02,0.644195
MFA,2023-05-11,10.32,Q2'23,Q1'23,16.02,0.644195
MFA,2023-05-12,10.18,Q2'23,Q1'23,16.02,0.635456
MFA,2023-05-15,10.12,Q2'23,Q1'23,16.02,0.63171
MFA,2023-05-16,10.24,Q2'23,Q1'23,16.02,0.639201
MFA,2023-05-17,10.53,Q2'23,Q1'23,16.02,0.657303
MFA,2023-05-18,10.79,Q2'23,Q1'23,16.02,0.673533
MFA,2023-05-19,10.77,Q2'23,Q1'23,16.02,0.672285
MFA,2023-05-22,10.84,Q2'23,Q1'23,16.02,0.676654
MFA,2023-05-23,10.91,Q2'23,Q1'23,16.02,0.681024
MFA,2023-05-24,10.59,Q2'23,Q1'23,16.02,0.661049
MFA,2023-05-25,10.27,Q2'23,Q1'23,16.02,0.641074
MFA,2023-05-26,10.57,Q2'23,Q1'23,16.02,0.6598
MFA,2023-05-30,10.52,Q2'23,Q1'23,16.02,0.656679
MFA,2023-05-31,10.58,Q2'23,Q1'23,16.02,0.660424
MFA,2023-06-01,10.81,Q2'23,Q1'23,16.02,0.674782
MFA,2023-06-02,11.14,Q2'23,Q1'23,16.02,0.695381
MFA,2023-06-05,10.88,Q2'23,Q1'23,16.02,0.679151
MFA,2023-06-06,11.13,Q2'23,Q1'23,16.02,0.694757
MFA,2023-06-07,11.23,Q2'23,Q1'23,16.02,0.700999
MFA,2023-06-08,11.36,Q2'23,Q1'23,16.02,0.709114
MFA,2023-06-09,11.25,Q2'23,Q1'23,16.02,0.702247
MFA,2023-06-12,11.43,Q2'23,Q1'23,16.02,0.713483
MFA,2023-06-13,11.49,Q2'23,Q1'23,16.02,0.717228
MFA,2023-06-14,11.49,Q2'23,Q1'23,16.02,0.717228
MFA,2023-06-15,11.63,Q2'23,Q1'23,16.02,0.725968
MFA,2023-06-16,11.52,Q2'23,Q1'23,16.02,0.719101
MFA,2023-06-20,11.31,Q2'23,Q1'23,16.02,0.705993
MFA,2023-06-21,11.38,Q2'23,Q1'23,16.02,0.710362
MFA,2023-06-22,11.19,Q2'23,Q1'23,16.02,0.698502
MFA,2023-06-23,10.92,Q2'23,Q1'23,16.02,0.681648
MFA,2023-06-26,11.17,Q2'23,Q1'23,16.02,0.697253
MFA,2023-06-27,11.47,Q2'23,Q1'23,16.02,0.71598
MFA,2023-06-28,11.39,Q2'23,Q1'23,16.02,0.710986
MFA,2023-06-29,11.13,Q2'23,Q1'23,16.02,0.694757
MFA,2023-06-30,11.24,Q2'23,Q1'23,16.02,0.701623
MFA,2023-07-03,11.17,Q3'23,Q2'23,15.12,0.738757
MFA,2023-07-05,10.97,Q3'23,Q2'23,15.12,0.725529
MFA,2023-07-06,10.63,Q3'23,Q2'23,15.12,0.703042
MFA,2023-07-07,10.75,Q3'23,Q2'23,15.12,0.710979
MFA,2023-07-10,10.99,Q3'23,Q2'23,15.12,0.726852
MFA,2023-07-11,11.09,Q3'23,Q2'23,15.12,0.733466
MFA,2023-07-12,11.24,Q3'23,Q2'23,15.12,0.743386
MFA,2023-07-13,11.53,Q3'23,Q2'23,15.12,0.762566
MFA,2023-07-14,11.39,Q3'23,Q2'23,15.12,0.753307
MFA,2023-07-17,11.31,Q3'23,Q2'23,15.12,0.748016
MFA,2023-07-18,11.42,Q3'23,Q2'23,15.12,0.755291
MFA,2023-07-19,11.64,Q3'23,Q2'23,15.12,0.769841
MFA,2023-07-20,11.48,Q3'23,Q2'23,15.12,0.759259
MFA,2023-07-21,11.54,Q3'23,Q2'23,15.12,0.763228
MFA,2023-07-24,11.56,Q3'23,Q2'23,15.12,0.76455
MFA,2023-07-25,11.54,Q3'23,Q2'23,15.12,0.763228
MFA,2023-07-26,11.64,Q3'23,Q2'23,15.12,0.769841
MFA,2023-07-27,11.48,Q3'23,Q2'23,15.12,0.759259
MFA,2023-07-28,11.6,Q3'23,Q2'23,15.12,0.767196
MFA,2023-07-31,11.26,Q3'23,Q2'23,15.12,0.744709
MFA,2023-08-01,11.25,Q3'23,Q2'23,15.12,0.744048
MFA,2023-08-02,11.24,Q3'23,Q2'23,15.12,0.743386
MFA,2023-08-03,10.49,Q3'23,Q2'23,15.12,0.693783
MFA,2023-08-04,10.79,Q3'23,Q2'23,15.12,0.713624
MFA,2023-08-07,10.83,Q3'23,Q2'23,15.12,0.71627
MFA,2023-08-08,10.9,Q3'23,Q2'23,15.12,0.720899
MFA,2023-08-09,10.86,Q3'23,Q2'23,15.12,0.718254
MFA,2023-08-10,10.68,Q3'23,Q2'23,15.12,0.706349
MFA,2023-08-11,10.63,Q3'23,Q2'23,15.12,0.703042
MFA,2023-08-14,10.54,Q3'23,Q2'23,15.12,0.69709
MFA,2023-08-15,10.46,Q3'23,Q2'23,15.12,0.691799
MFA,2023-08-16,10.35,Q3'23,Q2'23,15.12,0.684524
MFA,2023-08-17,10.2,Q3'23,Q2'23,15.12,0.674603
MFA,2023-08-18,10.27,Q3'23,Q2'23,15.12,0.679233
MFA,2023-08-21,10.23,Q3'23,Q2'23,15.12,0.676587
MFA,2023-08-22,10.18,Q3'23,Q2'23,15.12,0.67328
MFA,2023-08-23,10.54,Q3'23,Q2'23,15.12,0.69709
MFA,2023-08-24,10.46,Q3'23,Q2'23,15.12,0.691799
MFA,2023-08-25,10.58,Q3'23,Q2'23,15.12,0.699735
MFA,2023-08-28,10.86,Q3'23,Q2'23,15.12,0.718254
MFA,2023-08-29,10.97,Q3'23,Q2'23,15.12,0.725529
MFA,2023-08-30,11.0,Q3'23,Q2'23,15.12,0.727513
MFA,2023-08-31,10.96,Q3'23,Q2'23,15.12,0.724868
MFA,2023-09-01,10.94,Q3'23,Q2'23,15.12,0.723545
MFA,2023-09-05,10.89,Q3'23,Q2'23,15.12,0.720238
MFA,2023-09-06,10.77,Q3'23,Q2'23,15.12,0.712302
MFA,2023-09-07,10.82,Q3'23,Q2'23,15.12,0.715608
MFA,2023-09-08,10.82,Q3'23,Q2'23,15.12,0.715608
MFA,2023-09-11,10.86,Q3'23,Q2'23,15.12,0.718254
MFA,2023-09-12,10.7,Q3'23,Q2'23,15.12,0.707672
MFA,2023-09-13,10.86,Q3'23,Q2'23,15.12,0.718254
MFA,2023-09-14,10.86,Q3'23,Q2'23,15.12,0.718254
MFA,2023-09-15,10.9,Q3'23,Q2'23,15.12,0.720899
MFA,2023-09-18,10.85,Q3'23,Q2'23,15.12,0.717593
MFA,2023-09-19,10.67,Q3'23,Q2'23,15.12,0.705688
MFA,2023-09-20,10.56,Q3'23,Q2'23,15.12,0.698413
MFA,2023-09-21,10.06,Q3'23,Q2'23,15.12,0.665344
MFA,2023-09-22,10.2,Q3'23,Q2'23,15.12,0.674603
MFA,2023-09-25,10.07,Q3'23,Q2'23,15.12,0.666005
MFA,2023-09-26,9.87,Q3'23,Q2'23,15.12,0.652778
MFA,2023-09-27,9.83,Q3'23,Q2'23,15.12,0.650132
MFA,2023-09-28,9.94,Q3'23,Q2'23,15.12,0.657407
MFA,2023-09-29,9.61,Q3'23,Q2'23,15.12,0.635582
MFA,2023-10-02,9.31,Q4'23,Q3'23,13.84,0.672688
MFA,2023-10-03,8.78,Q4'23,Q3'23,13.84,0.634393
MFA,2023-10-04,8.56,Q4'23,Q3'23,13.84,0.618497
MFA,2023-10-05,8.76,Q4'23,Q3'23,13.84,0.632948
MFA,2023-10-06,8.74,Q4'23,Q3'23,13.84,0.631503
MFA,2023-10-09,8.96,Q4'23,Q3'23,13.84,0.647399
MFA,2023-10-10,9.04,Q4'23,Q3'23,13.84,0.653179
MFA,2023-10-11,9.58,Q4'23,Q3'23,13.84,0.692197
MFA,2023-10-12,9.4,Q4'23,Q3'23,13.84,0.679191
MFA,2023-10-13,9.17,Q4'23,Q3'23,13.84,0.662572
MFA,2023-10-16,9.2,Q4'23,Q3'23,13.84,0.66474
MFA,2023-10-17,9.3,Q4'23,Q3'23,13.84,0.671965
MFA,2023-10-18,9.02,Q4'23,Q3'23,13.84,0.651734
MFA,2023-10-19,8.73,Q4'23,Q3'23,13.84,0.63078
MFA,2023-10-20,8.61,Q4'23,Q3'23,13.84,0.62211
MFA,2023-10-23,8.66,Q4'23,Q3'23,13.84,0.625723
MFA,2023-10-24,8.69,Q4'23,Q3'23,13.84,0.62789
MFA,2023-10-25,8.46,Q4'23,Q3'23,13.84,0.611272
MFA,2023-10-26,8.65,Q4'23,Q3'23,13.84,0.625
MFA,2023-10-27,8.7,Q4'23,Q3'23,13.84,0.628613
MFA,2023-10-30,8.83,Q4'23,Q3'23,13.84,0.638006
MFA,2023-10-31,8.89,Q4'23,Q3'23,13.84,0.642341
MFA,2023-11-01,9.3,Q4'23,Q3'23,13.84,0.671965
MFA,2023-11-02,9.75,Q4'23,Q3'23,13.84,0.70448
MFA,2023-11-03,9.89,Q4'23,Q3'23,13.84,0.714595
MFA,2023-11-06,9.81,Q4'23,Q3'23,13.84,0.708815
MFA,2023-11-07,9.76,Q4'23,Q3'23,13.84,0.705202
MFA,2023-11-08,9.78,Q4'23,Q3'23,13.84,0.706647
MFA,2023-11-09,9.56,Q4'23,Q3'23,13.84,0.690751
MFA,2023-11-10,9.75,Q4'23,Q3'23,13.84,0.70448
MFA,2023-11-13,9.7,Q4'23,Q3'23,13.84,0.700867
MFA,2023-11-14,10.22,Q4'23,Q3'23,13.84,0.738439
MFA,2023-11-15,10.39,Q4'23,Q3'23,13.84,0.750723
MFA,2023-11-16,10.41,Q4'23,Q3'23,13.84,0.752168
MFA,2023-11-17,10.41,Q4'23,Q3'23,13.84,0.752168
MFA,2023-11-20,10.55,Q4'23,Q3'23,13.84,0.762283
MFA,2023-11-21,10.49,Q4'23,Q3'23,13.84,0.757948
MFA,2023-11-22,10.5,Q4'23,Q3'23,13.84,0.758671
MFA,2023-11-24,10.43,Q4'23,Q3'23,13.84,0.753613
MFA,2023-11-27,10.42,Q4'23,Q3'23,13.84,0.75289
MFA,2023-11-28,10.57,Q4'23,Q3'23,13.84,0.763728
MFA,2023-11-29,10.96,Q4'23,Q3'23,13.84,0.791908
MFA,2023-11-30,10.8,Q4'23,Q3'23,13.84,0.780347
MFA,2023-12-01,11.07,Q4'23,Q3'23,13.84,0.799855
MFA,2023-12-04,11.03,Q4'23,Q3'23,13.84,0.796965
MFA,2023-12-05,10.96,Q4'23,Q3'23,13.84,0.791908
MFA,2023-12-06,10.79,Q4'23,Q3'23,13.84,0.779624
MFA,2023-12-07,10.98,Q4'23,Q3'23,13.84,0.793353
MFA,2023-12-08,10.97,Q4'23,Q3'23,13.84,0.79263
MFA,2023-12-11,10.96,Q4'23,Q3'23,13.84,0.791908
MFA,2023-12-12,11.02,Q4'23,Q3'23,13.84,0.796243
MFA,2023-12-13,11.49,Q4'23,Q3'23,13.84,0.830202
MFA,2023-12-14,11.79,Q4'23,Q3'23,13.84,0.851879
MFA,2023-12-15,11.65,Q4'23,Q3'23,13.84,0.841763
MFA,2023-12-18,11.51,Q4'23,Q3'23,13.84,0.831647
MFA,2023-12-19,11.72,Q4'23,Q3'23,13.84,0.846821
MFA,2023-12-20,11.56,Q4'23,Q3'23,13.84,0.83526
MFA,2023-12-21,11.78,Q4'23,Q3'23,13.84,0.851156
MFA,2023-12-22,11.73,Q4'23,Q3'23,13.84,0.847543
MFA,2023-12-26,11.83,Q4'23,Q3'23,13.84,0.854769
MFA,2023-12-27,11.77,Q4'23,Q3'23,13.84,0.850434
MFA,2023-12-28,11.45,Q4'23,Q3'23,13.84,0.827312
MFA,2023-12-29,11.27,Q4'23,Q3'23,13.84,0.814306
MFA,2024-01-02,11.25,Q1'24,Q4'23,14.57,0.772135
MFA,2024-01-03,11.04,Q1'24,Q4'23,14.57,0.757721
MFA,2024-01-04,11.02,Q1'24,Q4'23,14.57,0.756349
MFA,2024-01-05,11.13,Q1'24,Q4'23,14.57,0.763898
MFA,2024-01-08,11.47,Q1'24,Q4'23,14.57,0.787234
MFA,2024-01-09,11.42,Q1'24,Q4'23,14.57,0.783802
MFA,2024-01-10,11.52,Q1'24,Q4'23,14.57,0.790666
MFA,2024-01-11,11.46,Q1'24,Q4'23,14.57,0.786548
MFA,2024-01-12,11.56,Q1'24,Q4'23,14.57,0.793411
MFA,2024-01-16,11.48,Q1'24,Q4'23,14.57,0.78792
MFA,2024-01-17,11.41,Q1'24,Q4'23,14.57,0.783116
MFA,2024-01-18,11.38,Q1'24,Q4'23,14.57,0.781057
MFA,2024-01-19,11.48,Q1'24,Q4'23,14.57,0.78792
MFA,2024-01-22,11.47,Q1'24,Q4'23,14.57,0.787234
MFA,2024-01-23,11.51,Q1'24,Q4'23,14.57,0.789979
MFA,2024-01-24,11.3,Q1'24,Q4'23,14.57,0.775566
MFA,2024-01-25,11.41,Q1'24,Q4'23,14.57,0.783116
MFA,2024-01-26,11.54,Q1'24,Q4'23,14.57,0.792038
MFA,2024-01-29,11.6,Q1'24,Q4'23,14.57,0.796157
MFA,2024-01-30,11.42,Q1'24,Q4'23,14.57,0.783802
MFA,2024-01-31,11.07,Q1'24,Q4'23,14.57,0.75978
MFA,2024-02-01,11.3,Q1'24,Q4'23,14.57,0.775566
MFA,2024-02-02,11.1,Q1'24,Q4'23,14.57,0.761839
MFA,2024-02-05,10.99,Q1'24,Q4'23,14.57,0.75429
MFA,2024-02-06,11.03,Q1'24,Q4'23,14.57,0.757035
MFA,2024-02-07,10.67,Q1'24,Q4'23,14.57,0.732327
MFA,2024-02-08,10.73,Q1'24,Q4'23,14.57,0.736445
MFA,2024-02-09,10.79,Q1'24,Q4'23,14.57,0.740563
MFA,2024-02-12,10.93,Q1'24,Q4'23,14.57,0.750172
MFA,2024-02-13,10.53,Q1'24,Q4'23,14.57,0.722718
MFA,2024-02-14,10.69,Q1'24,Q4'23,14.57,0.733699
MFA,2024-02-15,10.96,Q1'24,Q4'23,14.57,0.752231
MFA,2024-02-16,10.87,Q1'24,Q4'23,14.57,0.746054
MFA,2024-02-20,10.73,Q1'24,Q4'23,14.57,0.736445
MFA,2024-02-21,10.83,Q1'24,Q4'23,14.57,0.743308
MFA,2024-02-22,11.17,Q1'24,Q4'23,14.57,0.766644
MFA,2024-02-23,11.13,Q1'24,Q4'23,14.57,0.763898
MFA,2024-02-26,10.88,Q1'24,Q4'23,14.57,0.74674
MFA,2024-02-27,10.84,Q1'24,Q4'23,14.57,0.743995
MFA,2024-02-28,10.75,Q1'24,Q4'23,14.57,0.737817
MFA,2024-02-29,11.22,Q1'24,Q4'23,14.57,0.770076
MFA,2024-03-01,11.23,Q1'24,Q4'23,14.57,0.770762
MFA,2024-03-04,11.04,Q1'24,Q4'23,14.57,0.757721
MFA,2024-03-05,11.08,Q1'24,Q4'23,14.57,0.760467
MFA,2024-03-06,11.11,Q1'24,Q4'23,14.57,0.762526
MFA,2024-03-07,11.2,Q1'24,Q4'23,14.57,0.768703
MFA,2024-03-08,11.18,Q1'24,Q4'23,14.57,0.76733
MFA,2024-03-11,11.22,Q1'24,Q4'23,14.57,0.770076
MFA,2024-03-12,11.4,Q1'24,Q4'23,14.57,0.78243
MFA,2024-03-13,11.44,Q1'24,Q4'23,14.57,0.785175
MFA,2024-03-14,11.19,Q1'24,Q4'23,14.57,0.768016
MFA,2024-03-15,11.36,Q1'24,Q4'23,14.57,0.779684
MFA,2024-03-18,11.29,Q1'24,Q4'23,14.57,0.77488
MFA,2024-03-19,11.35,Q1'24,Q4'23,14.57,0.778998
MFA,2024-03-20,11.5,Q1'24,Q4'23,14.57,0.789293
MFA,2024-03-21,11.63,Q1'24,Q4'23,14.57,0.798216
MFA,2024-03-22,11.52,Q1'24,Q4'23,14.57,0.790666
MFA,2024-03-25,11.58,Q1'24,Q4'23,14.57,0.794784
MFA,2024-03-26,11.36,Q1'24,Q4'23,14.57,0.779684
MFA,2024-03-27,11.25,Q1'24,Q4'23,14.57,0.772135
MFA,2024-03-28,11.41,Q1'24,Q4'23,14.57,0.783116
MFA,2024-04-01,11.24,Q2'24,Q1'24,14.32,0.784916
MFA,2024-04-02,11.07,Q2'24,Q1'24,14.32,0.773045
MFA,2024-04-03,11.08,Q2'24,Q1'24,14.32,0.773743
MFA,2024-04-04,11.04,Q2'24,Q1'24,14.32,0.77095
MFA,2024-04-05,11.02,Q2'24,Q1'24,14.32,0.769553
MFA,2024-04-08,11.1,Q2'24,Q1'24,14.32,0.77514
MFA,2024-04-09,11.24,Q2'24,Q1'24,14.32,0.784916
MFA,2024-04-10,10.69,Q2'24,Q1'24,14.32,0.746508
MFA,2024-04-11,10.84,Q2'24,Q1'24,14.32,0.756983
MFA,2024-04-12,10.72,Q2'24,Q1'24,14.32,0.748603
MFA,2024-04-15,10.5,Q2'24,Q1'24,14.32,0.73324
MFA,2024-04-16,10.23,Q2'24,Q1'24,14.32,0.714385
MFA,2024-04-17,10.25,Q2'24,Q1'24,14.32,0.715782
MFA,2024-04-18,10.28,Q2'24,Q1'24,14.32,0.717877
MFA,2024-04-19,10.43,Q2'24,Q1'24,14.32,0.728352
MFA,2024-04-22,10.51,Q2'24,Q1'24,14.32,0.733939
MFA,2024-04-23,10.76,Q2'24,Q1'24,14.32,0.751397
MFA,2024-04-24,10.69,Q2'24,Q1'24,14.32,0.746508
MFA,2024-04-25,10.54,Q2'24,Q1'24,14.32,0.736034
MFA,2024-04-26,10.73,Q2'24,Q1'24,14.32,0.749302
MFA,2024-04-29,10.76,Q2'24,Q1'24,14.32,0.751397
MFA,2024-04-30,10.59,Q2'24,Q1'24,14.32,0.739525
MFA,2024-05-01,10.79,Q2'24,Q1'24,14.32,0.753492
MFA,2024-05-02,10.91,Q2'24,Q1'24,14.32,0.761871
MFA,2024-05-03,10.95,Q2'24,Q1'24,14.32,0.764665
MFA,2024-05-06,10.84,Q2'24,Q1'24,14.32,0.756983
MFA,2024-05-07,10.65,Q2'24,Q1'24,14.32,0.743715
MFA,2024-05-08,10.71,Q2'24,Q1'24,14.32,0.747905
MFA,2024-05-09,10.8,Q2'24,Q1'24,14.32,0.75419
MFA,2024-05-10,10.84,Q2'24,Q1'24,14.32,0.756983
MFA,2024-05-13,10.77,Q2'24,Q1'24,14.32,0.752095
MFA,2024-05-14,10.83,Q2'24,Q1'24,14.32,0.756285
MFA,2024-05-15,10.98,Q2'24,Q1'24,14.32,0.76676
MFA,2024-05-16,11.0,Q2'24,Q1'24,14.32,0.768156
MFA,2024-05-17,11.02,Q2'24,Q1'24,14.32,0.769553
MFA,2024-05-20,10.85,Q2'24,Q1'24,14.32,0.757682
MFA,2024-05-21,10.84,Q2'24,Q1'24,14.32,0.756983
MFA,2024-05-22,10.84,Q2'24,Q1'24,14.32,0.756983
MFA,2024-05-23,10.57,Q2'24,Q1'24,14.32,0.738128
MFA,2024-05-24,10.69,Q2'24,Q1'24,14.32,0.746508
MFA,2024-05-28,10.56,Q2'24,Q1'24,14.32,0.73743
MFA,2024-05-29,10.39,Q2'24,Q1'24,14.32,0.725559
MFA,2024-05-30,10.54,Q2'24,Q1'24,14.32,0.736034
MFA,2024-05-31,10.7,Q2'24,Q1'24,14.32,0.747207
MFA,2024-06-03,10.72,Q2'24,Q1'24,14.32,0.748603
MFA,2024-06-04,10.64,Q2'24,Q1'24,14.32,0.743017
MFA,2024-06-05,10.76,Q2'24,Q1'24,14.32,0.751397
MFA,2024-06-06,10.61,Q2'24,Q1'24,14.32,0.740922
MFA,2024-06-07,10.48,Q2'24,Q1'24,14.32,0.731844
MFA,2024-06-10,10.48,Q2'24,Q1'24,14.32,0.731844
MFA,2024-06-11,10.33,Q2'24,Q1'24,14.32,0.721369
MFA,2024-06-12,10.7,Q2'24,Q1'24,14.32,0.747207
MFA,2024-06-13,10.81,Q2'24,Q1'24,14.32,0.754888
MFA,2024-06-14,10.86,Q2'24,Q1'24,14.32,0.75838
MFA,2024-06-17,11.0,Q2'24,Q1'24,14.32,0.768156
MFA,2024-06-18,10.95,Q2'24,Q1'24,14.32,0.764665
MFA,2024-06-20,10.95,Q2'24,Q1'24,14.32,0.764665
MFA,2024-06-21,10.97,Q2'24,Q1'24,14.32,0.766061
MFA,2024-06-24,10.94,Q2'24,Q1'24,14.32,0.763966
MFA,2024-06-25,10.94,Q2'24,Q1'24,14.32,0.763966
MFA,2024-06-26,10.9,Q2'24,Q1'24,14.32,0.761173
MFA,2024-06-27,10.87,Q2'24,Q1'24,14.32,0.759078
MFA,2024-06-28,10.64,Q2'24,Q1'24,14.32,0.743017
MFA,2024-07-01,10.48,Q3'24,Q2'24,14.34,0.730823
MFA,2024-07-02,10.6,Q3'24,Q2'24,14.34,0.739191
MFA,2024-07-03,10.54,Q3'24,Q2'24,14.34,0.735007
MFA,2024-07-05,10.56,Q3'24,Q2'24,14.34,0.736402
MFA,2024-07-08,10.59,Q3'24,Q2'24,14.34,0.738494
MFA,2024-07-09,10.64,Q3'24,Q2'24,14.34,0.74198
MFA,2024-07-10,10.87,Q3'24,Q2'24,14.34,0.75802
MFA,2024-07-11,11.24,Q3'24,Q2'24,14.34,0.783821
MFA,2024-07-12,11.32,Q3'24,Q2'24,14.34,0.7894
MFA,2024-07-15,11.45,Q3'24,Q2'24,14.34,0.798466
MFA,2024-07-16,11.72,Q3'24,Q2'24,14.34,0.817294
MFA,2024-07-17,11.66,Q3'24,Q2'24,14.34,0.81311
MFA,2024-07-18,11.4,Q3'24,Q2'24,14.34,0.794979
MFA,2024-07-19,11.39,Q3'24,Q2'24,14.34,0.794282
MFA,2024-07-22,11.49,Q3'24,Q2'24,14.34,0.801255
MFA,2024-07-23,11.49,Q3'24,Q2'24,14.34,0.801255
MFA,2024-07-24,11.07,Q3'24,Q2'24,14.34,0.771967
MFA,2024-07-25,10.96,Q3'24,Q2'24,14.34,0.764296
MFA,2024-07-26,11.16,Q3'24,Q2'24,14.34,0.778243
MFA,2024-07-29,11.07,Q3'24,Q2'24,14.34,0.771967
MFA,2024-07-30,11.36,Q3'24,Q2'24,14.34,0.79219
MFA,2024-07-31,11.19,Q3'24,Q2'24,14.34,0.780335
MFA,2024-08-01,10.97,Q3'24,Q2'24,14.34,0.764993
MFA,2024-08-02,10.82,Q3'24,Q2'24,14.34,0.754533
MFA,2024-08-05,10.45,Q3'24,Q2'24,14.34,0.728731
MFA,2024-08-06,10.72,Q3'24,Q2'24,14.34,0.747559
MFA,2024-08-07,10.83,Q3'24,Q2'24,14.34,0.75523
MFA,2024-08-08,11.47,Q3'24,Q2'24,14.34,0.799861
MFA,2024-08-09,11.65,Q3'24,Q2'24,14.34,0.812413
MFA,2024-08-12,11.41,Q3'24,Q2'24,14.34,0.795676
MFA,2024-08-13,11.64,Q3'24,Q2'24,14.34,0.811716
MFA,2024-08-14,11.68,Q3'24,Q2'24,14.34,0.814505
MFA,2024-08-15,11.81,Q3'24,Q2'24,14.34,0.82357
MFA,2024-08-16,11.87,Q3'24,Q2'24,14.34,0.827755
MFA,2024-08-19,11.98,Q3'24,Q2'24,14.34,0.835425
MFA,2024-08-20,11.78,Q3'24,Q2'24,14.34,0.821478
MFA,2024-08-21,11.87,Q3'24,Q2'24,14.34,0.827755
MFA,2024-08-22,11.86,Q3'24,Q2'24,14.34,0.827057
MFA,2024-08-23,12.06,Q3'24,Q2'24,14.34,0.841004
MFA,2024-08-26,12.1,Q3'24,Q2'24,14.34,0.843794
MFA,2024-08-27,12.13,Q3'24,Q2'24,14.34,0.845886
MFA,2024-08-28,12.33,Q3'24,Q2'24,14.34,0.859833
MFA,2024-08-29,12.37,Q3'24,Q2'24,14.34,0.862622
MFA,2024-08-30,12.52,Q3'24,Q2'24,14.34,0.873082
MFA,2024-09-03,12.33,Q3'24,Q2'24,14.34,0.859833
MFA,2024-09-04,12.27,Q3'24,Q2'24,14.34,0.855649
MFA,2024-09-05,12.33,Q3'24,Q2'24,14.34,0.859833
MFA,2024-09-06,12.26,Q3'24,Q2'24,14.34,0.854951
MFA,2024-09-09,12.3,Q3'24,Q2'24,14.34,0.857741
MFA,2024-09-10,12.45,Q3'24,Q2'24,14.34,0.868201
MFA,2024-09-11,12.43,Q3'24,Q2'24,14.34,0.866806
MFA,2024-09-12,12.69,Q3'24,Q2'24,14.34,0.884937
MFA,2024-09-13,13.02,Q3'24,Q2'24,14.34,0.90795
MFA,2024-09-16,13.14,Q3'24,Q2'24,14.34,0.916318
MFA,2024-09-17,13.11,Q3'24,Q2'24,14.34,0.914226
MFA,2024-09-18,13.15,Q3'24,Q2'24,14.34,0.917015
MFA,2024-09-19,13.17,Q3'24,Q2'24,14.34,0.91841
MFA,2024-09-20,13.01,Q3'24,Q2'24,14.34,0.907252
MFA,2024-09-23,12.81,Q3'24,Q2'24,14.34,0.893305
MFA,2024-09-24,12.97,Q3'24,Q2'24,14.34,0.904463
MFA,2024-09-25,12.89,Q3'24,Q2'24,14.34,0.898884
MFA,2024-09-26,12.77,Q3'24,Q2'24,14.34,0.890516
MFA,2024-09-27,12.53,Q3'24,Q2'24,14.34,0.87378
MFA,2024-09-30,12.72,Q3'24,Q2'24,14.34,0.887029
MFA,2024-10-01,12.38,Q4'24,Q3'24,14.46,0.856155
MFA,2024-10-02,12.21,Q4'24,Q3'24,14.46,0.844398
MFA,2024-10-03,12.19,Q4'24,Q3'24,14.46,0.843015
MFA,2024-10-04,12.22,Q4'24,Q3'24,14.46,0.84509
MFA,2024-10-07,12.03,Q4'24,Q3'24,14.46,0.83195
MFA,2024-10-08,12.23,Q4'24,Q3'24,14.46,0.845781
MFA,2024-10-09,12.23,Q4'24,Q3'24,14.46,0.845781
MFA,2024-10-10,12.25,Q4'24,Q3'24,14.46,0.847165
MFA,2024-10-11,12.22,Q4'24,Q3'24,14.46,0.84509
MFA,2024-10-14,12.41,Q4'24,Q3'24,14.46,0.85823
MFA,2024-10-15,12.56,Q4'24,Q3'24,14.46,0.868603
MFA,2024-10-16,12.72,Q4'24,Q3'24,14.46,0.879668
MFA,2024-10-17,12.64,Q4'24,Q3'24,14.46,0.874136
MFA,2024-10-18,12.63,Q4'24,Q3'24,14.46,0.873444
MFA,2024-10-21,12.31,Q4'24,Q3'24,14.46,0.851314
MFA,2024-10-22,12.2,Q4'24,Q3'24,14.46,0.843707
MFA,2024-10-23,12.12,Q4'24,Q3'24,14.46,0.838174
MFA,2024-10-24,12.28,Q4'24,Q3'24,14.46,0.849239
MFA,2024-10-25,12.19,Q4'24,Q3'24,14.46,0.843015
MFA,2024-10-28,12.29,Q4'24,Q3'24,14.46,0.849931
MFA,2024-10-29,12.48,Q4'24,Q3'24,14.46,0.863071
MFA,2024-10-30,12.58,Q4'24,Q3'24,14.46,0.869986
MFA,2024-10-31,12.29,Q4'24,Q3'24,14.46,0.849931
MFA,2024-11-01,12.18,Q4'24,Q3'24,14.46,0.842324
MFA,2024-11-04,12.26,Q4'24,Q3'24,14.46,0.847856
MFA,2024-11-05,12.32,Q4'24,Q3'24,14.46,0.852006
MFA,2024-11-06,11.43,Q4'24,Q3'24,14.46,0.790456
MFA,2024-11-07,11.55,Q4'24,Q3'24,14.46,0.798755
MFA,2024-11-08,11.51,Q4'24,Q3'24,14.46,0.795989
MFA,2024-11-11,11.57,Q4'24,Q3'24,14.46,0.800138
MFA,2024-11-12,11.14,Q4'24,Q3'24,14.46,0.770401
MFA,2024-11-13,11.07,Q4'24,Q3'24,14.46,0.76556
MFA,2024-11-14,11.0,Q4'24,Q3'24,14.46,0.760719
MFA,2024-11-15,11.03,Q4'24,Q3'24,14.46,0.762794
MFA,2024-11-18,11.08,Q4'24,Q3'24,14.46,0.766252
MFA,2024-11-19,11.03,Q4'24,Q3'24,14.46,0.762794
MFA,2024-11-20,10.84,Q4'24,Q3'24,14.46,0.749654
MFA,2024-11-21,10.93,Q4'24,Q3'24,14.46,0.755878
MFA,2024-11-22,11.16,Q4'24,Q3'24,14.46,0.771784
MFA,2024-11-25,11.2,Q4'24,Q3'24,14.46,0.77455
MFA,2024-11-26,11.12,Q4'24,Q3'24,14.46,0.769018
MFA,2024-11-27,11.15,Q4'24,Q3'24,14.46,0.771093
MFA,2024-11-29,11.11,Q4'24,Q3'24,14.46,0.768326
MFA,2024-12-02,11.09,Q4'24,Q3'24,14.46,0.766943
MFA,2024-12-03,11.0,Q4'24,Q3'24,14.46,0.760719
MFA,2024-12-04,10.96,Q4'24,Q3'24,14.46,0.757953
MFA,2024-12-05,10.93,Q4'24,Q3'24,14.46,0.755878
MFA,2024-12-06,10.99,Q4'24,Q3'24,14.46,0.760028
MFA,2024-12-09,11.02,Q4'24,Q3'24,14.46,0.762102
MFA,2024-12-10,10.9,Q4'24,Q3'24,14.46,0.753804
MFA,2024-12-11,10.91,Q4'24,Q3'24,14.46,0.754495
MFA,2024-12-12,10.8,Q4'24,Q3'24,14.46,0.746888
MFA,2024-12-13,10.82,Q4'24,Q3'24,14.46,0.748271
MFA,2024-12-16,10.88,Q4'24,Q3'24,14.46,0.75242
MFA,2024-12-17,10.73,Q4'24,Q3'24,14.46,0.742047
MFA,2024-12-18,10.29,Q4'24,Q3'24,14.46,0.711618
MFA,2024-12-19,10.23,Q4'24,Q3'24,14.46,0.707469
MFA,2024-12-20,10.39,Q4'24,Q3'24,14.46,0.718534
MFA,2024-12-23,10.41,Q4'24,Q3'24,14.46,0.719917
MFA,2024-12-24,10.61,Q4'24,Q3'24,14.46,0.733748
MFA,2024-12-26,10.52,Q4'24,Q3'24,14.46,0.727524
MFA,2024-12-27,10.43,Q4'24,Q3'24,14.46,0.7213
MFA,2024-12-30,10.22,Q4'24,Q3'24,14.46,0.706777
MFA,2024-12-31,10.19,Q4'24,Q3'24,14.46,0.704703
MFA,2025-01-02,10.22,Q1'25,Q4'24,13.93,0.733668
MFA,2025-01-03,10.34,Q1'25,Q4'24,13.93,0.742283
MFA,2025-01-06,10.16,Q1'25,Q4'24,13.93,0.729361
MFA,2025-01-07,10.05,Q1'25,Q4'24,13.93,0.721464
MFA,2025-01-08,9.95,Q1'25,Q4'24,13.93,0.714286
MFA,2025-01-10,9.55,Q1'25,Q4'24,13.93,0.685571
MFA,2025-01-13,9.53,Q1'25,Q4'24,13.93,0.684135
MFA,2025-01-14,9.86,Q1'25,Q4'24,13.93,0.707825
MFA,2025-01-15,10.07,Q1'25,Q4'24,13.93,0.7229
MFA,2025-01-16,10.08,Q1'25,Q4'24,13.93,0.723618
MFA,2025-01-17,10.1,Q1'25,Q4'24,13.93,0.725054
MFA,2025-01-21,10.19,Q1'25,Q4'24,13.93,0.731515
MFA,2025-01-22,10.06,Q1'25,Q4'24,13.93,0.722182
MFA,2025-01-23,10.11,Q1'25,Q4'24,13.93,0.725772
MFA,2025-01-24,10.18,Q1'25,Q4'24,13.93,0.730797
MFA,2025-01-27,10.41,Q1'25,Q4'24,13.93,0.747308
MFA,2025-01-28,10.27,Q1'25,Q4'24,13.93,0.737258
MFA,2025-01-29,10.12,Q1'25,Q4'24,13.93,0.72649
MFA,2025-01-30,10.36,Q1'25,Q4'24,13.93,0.743719
MFA,2025-01-31,10.5,Q1'25,Q4'24,13.93,0.753769
MFA,2025-02-03,10.39,Q1'25,Q4'24,13.93,0.745872
MFA,2025-02-04,10.55,Q1'25,Q4'24,13.93,0.757358
MFA,2025-02-05,10.6,Q1'25,Q4'24,13.93,0.760948
MFA,2025-02-06,10.73,Q1'25,Q4'24,13.93,0.77028
MFA,2025-02-07,10.7,Q1'25,Q4'24,13.93,0.768126
MFA,2025-02-10,10.74,Q1'25,Q4'24,13.93,0.770998
MFA,2025-02-11,10.76,Q1'25,Q4'24,13.93,0.772434
MFA,2025-02-12,10.55,Q1'25,Q4'24,13.93,0.757358
MFA,2025-02-13,10.68,Q1'25,Q4'24,13.93,0.766691
MFA,2025-02-14,10.65,Q1'25,Q4'24,13.93,0.764537
MFA,2025-02-18,10.3,Q1'25,Q4'24,13.93,0.739411
MFA,2025-02-19,10.32,Q1'25,Q4'24,13.93,0.740847
MFA,2025-02-20,10.36,Q1'25,Q4'24,13.93,0.743719
MFA,2025-02-21,10.3,Q1'25,Q4'24,13.93,0.739411
MFA,2025-02-24,10.33,Q1'25,Q4'24,13.93,0.741565
MFA,2025-02-25,10.56,Q1'25,Q4'24,13.93,0.758076
MFA,2025-02-26,10.53,Q1'25,Q4'24,13.93,0.755922
MFA,2025-02-27,10.58,Q1'25,Q4'24,13.93,0.759512
MFA,2025-02-28,10.64,Q1'25,Q4'24,13.93,0.763819
MFA,2025-03-03,10.43,Q1'25,Q4'24,13.93,0.748744
MFA,2025-03-04,10.53,Q1'25,Q4'24,13.93,0.755922
MFA,2025-03-05,10.63,Q1'25,Q4'24,13.93,0.763101
MFA,2025-03-06,10.64,Q1'25,Q4'24,13.93,0.763819
MFA,2025-03-07,10.92,Q1'25,Q4'24,13.93,0.78392
MFA,2025-03-10,10.88,Q1'25,Q4'24,13.93,0.781048
MFA,2025-03-11,10.67,Q1'25,Q4'24,13.93,0.765973
MFA,2025-03-12,10.68,Q1'25,Q4'24,13.93,0.766691
MFA,2025-03-13,10.63,Q1'25,Q4'24,13.93,0.763101
MFA,2025-03-14,10.89,Q1'25,Q4'24,13.93,0.781766
MFA,2025-03-17,10.91,Q1'25,Q4'24,13.93,0.783202
MFA,2025-03-18,10.98,Q1'25,Q4'24,13.93,0.788227
MFA,2025-03-19,10.96,Q1'25,Q4'24,13.93,0.786791
MFA,2025-03-20,11.0,Q1'25,Q4'24,13.93,0.789663
MFA,2025-03-21,10.87,Q1'25,Q4'24,13.93,0.78033
MFA,2025-03-24,10.94,Q1'25,Q4'24,13.93,0.785355
MFA,2025-03-25,10.83,Q1'25,Q4'24,13.93,0.777459
MFA,2025-03-26,10.81,Q1'25,Q4'24,13.93,0.776023
MFA,2025-03-27,10.74,Q1'25,Q4'24,13.93,0.770998
MFA,2025-03-28,10.56,Q1'25,Q4'24,13.93,0.758076
MFA,2025-03-31,10.26,Q1'25,Q4'24,13.93,0.73654
MFA,2025-04-01,10.35,Q2'25,Q1'25,13.84,0.747832
MFA,2025-04-02,10.29,Q2'25,Q1'25,13.84,0.743497
MFA,2025-04-03,10.13,Q2'25,Q1'25,13.84,0.731936
MFA,2025-04-04,9.58,Q2'25,Q1'25,13.84,0.692197
MFA,2025-04-07,8.93,Q2'25,Q1'25,13.84,0.645231
MFA,2025-04-08,8.56,Q2'25,Q1'25,13.84,0.618497
MFA,2025-04-09,9.2,Q2'25,Q1'25,13.84,0.66474
MFA,2025-04-10,8.18,Q2'25,Q1'25,13.84,0.59104
MFA,2025-04-11,8.17,Q2'25,Q1'25,13.84,0.590318
MFA,2025-04-14,8.62,Q2'25,Q1'25,13.84,0.622832
MFA,2025-04-15,8.68,Q2'25,Q1'25,13.84,0.627168
MFA,2025-04-16,8.63,Q2'25,Q1'25,13.84,0.623555
MFA,2025-04-17,8.98,Q2'25,Q1'25,13.84,0.648844
MFA,2025-04-21,8.87,Q2'25,Q1'25,13.84,0.640896
MFA,2025-04-22,9.29,Q2'25,Q1'25,13.84,0.671243
MFA,2025-04-23,9.29,Q2'25,Q1'25,13.84,0.671243
MFA,2025-04-24,9.36,Q2'25,Q1'25,13.84,0.676301
MFA,2025-04-25,9.5,Q2'25,Q1'25,13.84,0.686416
MFA,2025-04-28,9.72,Q2'25,Q1'25,13.84,0.702312
MFA,2025-04-29,9.91,Q2'25,Q1'25,13.84,0.71604
MFA,2025-04-30,9.82,Q2'25,Q1'25,13.84,0.709538
MFA,2025-05-01,9.76,Q2'25,Q1'25,13.84,0.705202
MFA,2025-05-02,9.97,Q2'25,Q1'25,13.84,0.720376
MFA,2025-05-05,9.91,Q2'25,Q1'25,13.84,0.71604
MFA,2025-05-06,9.38,Q2'25,Q1'25,13.84,0.677746
MFA,2025-05-07,9.39,Q2'25,Q1'25,13.84,0.678468
MFA,2025-05-08,9.47,Q2'25,Q1'25,13.84,0.684249
MFA,2025-05-09,9.47,Q2'25,Q1'25,13.84,0.684249
MFA,2025-05-12,9.61,Q2'25,Q1'25,13.84,0.694364
MFA,2025-05-13,9.6,Q2'25,Q1'25,13.84,0.693642
MFA,2025-05-14,9.57,Q2'25,Q1'25,13.84,0.691474
MFA,2025-05-15,9.83,Q2'25,Q1'25,13.84,0.71026
MFA,2025-05-16,9.82,Q2'25,Q1'25,13.84,0.709538
MFA,2025-05-19,9.81,Q2'25,Q1'25,13.84,0.708815
MFA,2025-05-20,9.92,Q2'25,Q1'25,13.84,0.716763
MFA,2025-05-21,9.35,Q2'25,Q1'25,13.84,0.675578
MFA,2025-05-22,9.36,Q2'25,Q1'25,13.84,0.676301
MFA,2025-05-23,9.34,Q2'25,Q1'25,13.84,0.674856
MFA,2025-05-27,9.45,Q2'25,Q1'25,13.84,0.682803
MFA,2025-05-28,9.41,Q2'25,Q1'25,13.84,0.679913
MFA,2025-05-29,9.47,Q2'25,Q1'25,13.84,0.684249
MFA,2025-05-30,9.3,Q2'25,Q1'25,13.84,0.671965
MFA,2025-06-02,9.23,Q2'25,Q1'25,13.84,0.666907
MFA,2025-06-03,9.36,Q2'25,Q1'25,13.84,0.676301
MFA,2025-06-04,9.47,Q2'25,Q1'25,13.84,0.684249
MFA,2025-06-05,9.48,Q2'25,Q1'25,13.84,0.684971
MFA,2025-06-06,9.53,Q2'25,Q1'25,13.84,0.688584
MFA,2025-06-09,9.55,Q2'25,Q1'25,13.84,0.690029
MFA,2025-06-10,9.66,Q2'25,Q1'25,13.84,0.697977
MFA,2025-06-11,9.64,Q2'25,Q1'25,13.84,0.696532
MFA,2025-06-12,9.76,Q2'25,Q1'25,13.84,0.705202
MFA,2025-06-13,9.63,Q2'25,Q1'25,13.84,0.695809
MFA,2025-06-16,9.52,Q2'25,Q1'25,13.84,0.687861
MFA,2025-06-17,9.4,Q2'25,Q1'25,13.84,0.679191
MFA,2025-06-18,9.45,Q2'25,Q1'25,13.84,0.682803
MFA,2025-06-20,9.49,Q2'25,Q1'25,13.84,0.685694
MFA,2025-06-23,9.56,Q2'25,Q1'25,13.84,0.690751
MFA,2025-06-24,9.55,Q2'25,Q1'25,13.84,0.690029
MFA,2025-06-25,9.5,Q2'25,Q1'25,13.84,0.686416
MFA,2025-06-26,9.66,Q2'25,Q1'25,13.84,0.697977
MFA,2025-06-27,9.64,Q2'25,Q1'25,13.84,0.696532
MFA,2025-06-30,9.46,Q2'25,Q1'25,13.84,0.683526
MFA,2025-07-01,9.53,Q3'25,Q2'25,13.69,0.696129
MFA,2025-07-02,9.71,Q3'25,Q2'25,13.69,0.709277
MFA,2025-07-03,9.74,Q3'25,Q2'25,13.69,0.711468
MFA,2025-07-07,9.53,Q3'25,Q2'25,13.69,0.696129
MFA,2025-07-08,9.62,Q3'25,Q2'25,13.69,0.702703
MFA,2025-07-09,9.67,Q3'25,Q2'25,13.69,0.706355
MFA,2025-07-10,9.48,Q3'25,Q2'25,13.69,0.692476
MFA,2025-07-11,9.36,Q3'25,Q2'25,13.69,0.683711
MFA,2025-07-14,9.3,Q3'25,Q2'25,13.69,0.679328
MFA,2025-07-15,9.23,Q3'25,Q2'25,13.69,0.674215
MFA,2025-07-16,9.32,Q3'25,Q2'25,13.69,0.680789
MFA,2025-07-17,9.27,Q3'25,Q2'25,13.69,0.677137
MFA,2025-07-18,9.2,Q3'25,Q2'25,13.69,0.672023
MFA,2025-07-21,9.27,Q3'25,Q2'25,13.69,0.677137
MFA,2025-07-22,9.42,Q3'25,Q2'25,13.69,0.688094
MFA,2025-07-23,9.47,Q3'25,Q2'25,13.69,0.691746
MFA,2025-07-24,9.42,Q3'25,Q2'25,13.69,0.688094
MFA,2025-07-25,9.48,Q3'25,Q2'25,13.69,0.692476
MFA,2025-07-28,9.4,Q3'25,Q2'25,13.69,0.686633
MFA,2025-07-29,9.49,Q3'25,Q2'25,13.69,0.693207
MFA,2025-07-30,9.25,Q3'25,Q2'25,13.69,0.675676
MFA,2025-07-31,9.09,Q3'25,Q2'25,13.69,0.663988
MFA,2025-08-01,9.13,Q3'25,Q2'25,13.69,0.66691
MFA,2025-08-04,9.19,Q3'25,Q2'25,13.69,0.671293
MFA,2025-08-05,9.17,Q3'25,Q2'25,13.69,0.669832
MFA,2025-08-06,9.19,Q3'25,Q2'25,13.69,0.671293
MFA,2025-08-07,9.34,Q3'25,Q2'25,13.69,0.68225
MFA,2025-08-08,9.31,Q3'25,Q2'25,13.69,0.680058
MFA,2025-08-11,9.24,Q3'25,Q2'25,13.69,0.674945
MFA,2025-08-12,9.55,Q3'25,Q2'25,13.69,0.697589
MFA,2025-08-13,9.77,Q3'25,Q2'25,13.69,0.71366
MFA,2025-08-14,9.72,Q3'25,Q2'25,13.69,0.710007
MFA,2025-08-15,9.7,Q3'25,Q2'25,13.69,0.708546
MFA,2025-08-18,9.59,Q3'25,Q2'25,13.69,0.700511
MFA,2025-08-19,9.85,Q3'25,Q2'25,13.69,0.719503
MFA,2025-08-20,9.86,Q3'25,Q2'25,13.69,0.720234
MFA,2025-08-21,9.68,Q3'25,Q2'25,13.69,0.707085
MFA,2025-08-22,10.09,Q3'25,Q2'25,13.69,0.737034
MFA,2025-08-25,10.06,Q3'25,Q2'25,13.69,0.734843
MFA,2025-08-26,10.08,Q3'25,Q2'25,13.69,0.736304
MFA,2025-08-27,10.03,Q3'25,Q2'25,13.69,0.732652
MFA,2025-08-28,10.07,Q3'25,Q2'25,13.69,0.735573
MFA,2025-08-29,10.2,Q3'25,Q2'25,13.69,0.745069
MFA,2025-09-02,9.99,Q3'25,Q2'25,13.69,0.72973
MFA,2025-09-03,10.2,Q3'25,Q2'25,13.69,0.745069
MFA,2025-09-04,10.38,Q3'25,Q2'25,13.69,0.758218
MFA,2025-09-05,10.4,Q3'25,Q2'25,13.69,0.759679
MFA,2025-09-08,10.34,Q3'25,Q2'25,13.69,0.755296
MFA,2025-09-09,10.2,Q3'25,Q2'25,13.69,0.745069
MFA,2025-09-10,10.19,Q3'25,Q2'25,13.69,0.744339
MFA,2025-09-11,10.2,Q3'25,Q2'25,13.69,0.745069
MFA,2025-09-12,10.11,Q3'25,Q2'25,13.69,0.738495
MFA,2025-09-15,10.12,Q3'25,Q2'25,13.69,0.739226
MFA,2025-09-16,9.99,Q3'25,Q2'25,13.69,0.72973
MFA,2025-09-17,9.86,Q3'25,Q2'25,13.69,0.720234
MFA,2025-09-18,9.73,Q3'25,Q2'25,13.69,0.710738
MFA,2025-09-19,9.87,Q3'25,Q2'25,13.69,0.720964
MFA,2025-09-22,9.61,Q3'25,Q2'25,13.69,0.701972
MFA,2025-09-23,9.59,Q3'25,Q2'25,13.69,0.700511
MFA,2025-09-24,9.65,Q3'25,Q2'25,13.69,0.704894
MFA,2025-09-25,9.59,Q3'25,Q2'25,13.69,0.700511
MFA,2025-09-26,9.6,Q3'25,Q2'25,13.69,0.701242
MFA,2025-09-29,9.54,Q3'25,Q2'25,13.69,0.696859
MFA,2025-09-30,9.19,Q3'25,Q2'25,13.69,0.671293
MFA,2025-10-01,9.29,Q4'25,Q3'25,13.69,0.678598
MFA,2025-10-02,9.21,Q4'25,Q3'25,13.69,0.672754
MFA,2025-10-03,9.21,Q4'25,Q3'25,13.69,0.672754
MFA,2025-10-06,8.96,Q4'25,Q3'25,13.69,0.654492
MFA,2025-10-07,8.97,Q4'25,Q3'25,13.69,0.655223
MFA,2025-10-08,9.17,Q4'25,Q3'25,13.69,0.669832
MFA,2025-10-09,9.15,Q4'25,Q3'25,13.69,0.668371
MFA,2025-10-10,9.11,Q4'25,Q3'25,13.69,0.665449
MFA,2025-10-13,9.13,Q4'25,Q3'25,13.69,0.66691
MFA,2025-10-14,9.23,Q4'25,Q3'25,13.69,0.674215
MFA,2025-10-15,9.14,Q4'25,Q3'25,13.69,0.667641
MFA,2025-10-16,9.03,Q4'25,Q3'25,13.69,0.659606
MFA,2025-10-17,9.06,Q4'25,Q3'25,13.69,0.661797
MFA,2025-10-20,9.18,Q4'25,Q3'25,13.69,0.670562
MFA,2025-10-21,9.05,Q4'25,Q3'25,13.69,0.661066
MFA,2025-10-22,9.23,Q4'25,Q3'25,13.69,0.674215
MFA,2025-10-23,9.11,Q4'25,Q3'25,13.69,0.665449
MFA,2025-10-24,9.12,Q4'25,Q3'25,13.69,0.66618
MFA,2025-10-27,9.12,Q4'25,Q3'25,13.69,0.66618
MFA,2025-10-28,9.08,Q4'25,Q3'25,13.69,0.663258
MFA,2025-10-29,8.97,Q4'25,Q3'25,13.69,0.655223
MFA,2025-10-30,8.92,Q4'25,Q3'25,13.69,0.65157
MFA,2025-10-31,8.99,Q4'25,Q3'25,13.69,0.656684
MFA,2025-11-03,9.04,Q4'25,Q3'25,13.69,0.660336
MFA,2025-11-04,9.12,Q4'25,Q3'25,13.69,0.66618
MFA,2025-11-05,9.26,Q4'25,Q3'25,13.69,0.676406
MFA,2025-11-06,8.97,Q4'25,Q3'25,13.69,0.655223
MFA,2025-11-07,9.21,Q4'25,Q3'25,13.69,0.672754
MFA,2025-11-10,9.27,Q4'25,Q3'25,13.69,0.677137
MFA,2025-11-11,9.37,Q4'25,Q3'25,13.69,0.684441
MFA,2025-11-12,9.35,Q4'25,Q3'25,13.69,0.68298
MFA,2025-11-13,9.26,Q4'25,Q3'25,13.69,0.676406
MFA,2025-11-14,9.28,Q4'25,Q3'25,13.69,0.677867
MFA,2025-11-17,9.1,Q4'25,Q3'25,13.69,0.664719
MFA,2025-11-18,9.01,Q4'25,Q3'25,13.69,0.658145
MFA,2025-11-19,9.0,Q4'25,Q3'25,13.69,0.657414
MFA,2025-11-20,8.94,Q4'25,Q3'25,13.69,0.653031
MFA,2025-11-21,9.16,Q4'25,Q3'25,13.69,0.669102
MFA,2025-11-24,9.1,Q4'25,Q3'25,13.69,0.664719
MFA,2025-11-25,9.53,Q4'25,Q3'25,13.69,0.696129
MFA,2025-11-26,9.63,Q4'25,Q3'25,13.69,0.703433
MFA,2025-11-28,9.62,Q4'25,Q3'25,13.69,0.702703
MFA,2025-12-01,9.55,Q4'25,Q3'25,13.69,0.697589
MFA,2025-12-02,9.49,Q4'25,Q3'25,13.69,0.693207
MFA,2025-12-03,9.58,Q4'25,Q3'25,13.69,0.699781
MFA,2025-12-04,9.52,Q4'25,Q3'25,13.69,0.695398
MFA,2025-12-05,9.61,Q4'25,Q3'25,13.69,0.701972
MFA,2025-12-08,9.51,Q4'25,Q3'25,13.69,0.694668
MFA,2025-12-09,9.5,Q4'25,Q3'25,13.69,0.693937
MFA,2025-12-10,9.63,Q4'25,Q3'25,13.69,0.703433
MFA,2025-12-11,9.63,Q4'25,Q3'25,13.69,0.703433
MFA,2025-12-12,9.6,Q4'25,Q3'25,13.69,0.701242
MFA,2025-12-15,9.6,Q4'25,Q3'25,13.69,0.701242
MFA,2025-12-16,9.49,Q4'25,Q3'25,13.69,0.693207
MFA,2025-12-17,9.62,Q4'25,Q3'25,13.69,0.702703
MFA,2025-12-18,9.79,Q4'25,Q3'25,13.69,0.715121
MFA,2025-12-19,9.73,Q4'25,Q3'25,13.69,0.710738
MFA,2025-12-22,9.81,Q4'25,Q3'25,13.69,0.716581
MFA,2025-12-23,9.67,Q4'25,Q3'25,13.69,0.706355
MFA,2025-12-24,9.78,Q4'25,Q3'25,13.69,0.71439
MFA,2025-12-26,9.71,Q4'25,Q3'25,13.69,0.709277
MFA,2025-12-29,9.64,Q4'25,Q3'25,13.69,0.704164
MFA,2025-12-30,9.64,Q4'25,Q3'25,13.69,0.704164
MFA,2025-12-31,9.31,Q4'25,Q3'25,13.69,0.680058
MFA,2026-01-02,9.53,Q1'26,Q4'25,13.75,0.693091
MFA,2026-01-05,9.48,Q1'26,Q4'25,13.75,0.689455
MFA,2026-01-06,9.44,Q1'26,Q4'25,13.75,0.686545
MFA,2026-01-07,9.42,Q1'26,Q4'25,13.75,0.685091
MFA,2026-01-08,9.57,Q1'26,Q4'25,13.75,0.696
MFA,2026-01-09,9.69,Q1'26,Q4'25,13.75,0.704727
MFA,2026-01-12,9.69,Q1'26,Q4'25,13.75,0.704727
MFA,2026-01-13,9.68,Q1'26,Q4'25,13.75,0.704
MFA,2026-01-14,9.82,Q1'26,Q4'25,13.75,0.714182
MFA,2026-01-15,9.91,Q1'26,Q4'25,13.75,0.720727
MFA,2026-01-16,10.1,Q1'26,Q4'25,13.75,0.734545
MFA,2026-01-20,9.92,Q1'26,Q4'25,13.75,0.721455
MFA,2026-01-21,9.98,Q1'26,Q4'25,13.75,0.725818
MFA,2026-01-22,9.95,Q1'26,Q4'25,13.75,0.723636
MFA,2026-01-23,10.0,Q1'26,Q4'25,13.75,0.727273
MFA,2026-01-26,9.89,Q1'26,Q4'25,13.75,0.719273
MFA,2026-01-27,10.01,Q1'26,Q4'25,13.75,0.728
MFA,2026-01-28,9.99,Q1'26,Q4'25,13.75,0.726545
MFA,2026-01-29,10.14,Q1'26,Q4'25,13.75,0.737455
MFA,2026-01-30,9.64,Q1'26,Q4'25,13.75,0.701091
MFA,2026-02-02,9.56,Q1'26,Q4'25,13.75,0.695273
MFA,2026-02-03,9.66,Q1'26,Q4'25,13.75,0.702545
MFA,2026-02-04,9.77,Q1'26,Q4'25,13.75,0.710545
MFA,2026-02-05,9.67,Q1'26,Q4'25,13.75,0.703273
MFA,2026-02-06,9.74,Q1'26,Q4'25,13.75,0.708364
MFA,2026-02-09,9.59,Q1'26,Q4'25,13.75,0.697455
MFA,2026-02-10,9.65,Q1'26,Q4'25,13.75,0.701818
MFA,2026-02-11,9.72,Q1'26,Q4'25,13.75,0.706909
MFA,2026-02-12,9.81,Q1'26,Q4'25,13.75,0.713455
MFA,2026-02-13,9.89,Q1'26,Q4'25,13.75,0.719273
MFA,2026-02-17,9.92,Q1'26,Q4'25,13.75,0.721455
MFA,2026-02-18,10.08,Q1'26,Q4'25,13.75,0.733091
MFA,2026-02-19,10.05,Q1'26,Q4'25,13.75,0.730909
MFA,2026-02-20,10.06,Q1'26,Q4'25,13.75,0.731636
MFA,2026-02-23,9.9,Q1'26,Q4'25,13.75,0.72
MFA,2026-02-24,9.92,Q1'26,Q4'25,13.75,0.721455
MFA,2026-02-25,10.04,Q1'26,Q4'25,13.75,0.730182
MFA,2026-02-26,10.23,Q1'26,Q4'25,13.75,0.744
MFA,2026-02-27,10.11,Q1'26,Q4'25,13.75,0.735273
MFA,2026-03-02,10.23,Q1'26,Q4'25,13.75,0.744
MFA,2026-03-03,10.12,Q1'26,Q4'25,13.75,0.736
MFA,2026-03-04,10.19,Q1'26,Q4'25,13.75,0.741091
MFA,2026-03-05,10.17,Q1'26,Q4'25,13.75,0.739636
MFA,2026-03-06,10.1,Q1'26,Q4'25,13.75,0.734545
MFA,2026-03-09,10.11,Q1'26,Q4'25,13.75,0.735273
MFA,2026-03-10,10.2,Q1'26,Q4'25,13.75,0.741818
MFA,2026-03-11,10.19,Q1'26,Q4'25,13.75,0.741091
MFA,2026-03-12,9.96,Q1'26,Q4'25,13.75,0.724364
MFA,2026-03-13,9.82,Q1'26,Q4'25,13.75,0.714182
MFA,2026-03-16,9.94,Q1'26,Q4'25,13.75,0.722909
MFA,2026-03-17,10.06,Q1'26,Q4'25,13.75,0.731636
MFA,2026-03-18,9.93,Q1'26,Q4'25,13.75,0.722182
MFA,2026-03-19,9.87,Q1'26,Q4'25,13.75,0.717818
MFA,2026-03-20,9.48,Q1'26,Q4'25,13.75,0.689455
MFA,2026-03-23,9.75,Q1'26,Q4'25,13.75,0.709091
MFA,2026-03-24,9.67,Q1'26,Q4'25,13.75,0.703273
MFA,2026-03-25,9.84,Q1'26,Q4'25,13.75,0.715636
MFA,2026-03-26,9.74,Q1'26,Q4'25,13.75,0.708364
MFA,2026-03-27,9.44,Q1'26,Q4'25,13.75,0.686545
MFA,2026-03-30,9.64,Q1'26,Q4'25,13.75,0.701091
MFA,2026-03-31,9.58,Q1'26,Q4'25,13.75,0.696727
MFA,2026-04-01,9.58,Q2'26,Q1'26,13.22,0.72466
MFA,2026-04-02,9.7,Q2'26,Q1'26,13.22,0.733737
MFA,2026-04-06,9.79,Q2'26,Q1'26,13.22,0.740545
MFA,2026-04-07,9.64,Q2'26,Q1'26,13.22,0.729198
MFA,2026-04-08,9.84,Q2'26,Q1'26,13.22,0.744327
MFA,2026-04-09,9.98,Q2'26,Q1'26,13.22,0.754917
MFA,2026-04-10,9.99,Q2'26,Q1'26,13.22,0.755673
MFA,2026-04-13,10.04,Q2'26,Q1'26,13.22,0.759455
MFA,2026-04-14,10.08,Q2'26,Q1'26,13.22,0.762481
MFA,2026-04-15,10.13,Q2'26,Q1'26,13.22,0.766263
MFA,2026-04-16,9.94,Q2'26,Q1'26,13.22,0.751891
MFA,2026-04-17,10.23,Q2'26,Q1'26,13.22,0.773827
MFA,2026-04-20,10.12,Q2'26,Q1'26,13.22,0.765507
MFA,2026-04-21,10.07,Q2'26,Q1'26,13.22,0.761725
MFA,2026-04-22,10.21,Q2'26,Q1'26,13.22,0.772315
MFA,2026-04-23,10.17,Q2'26,Q1'26,13.22,0.769289
MFA,2026-04-24,10.21,Q2'26,Q1'26,13.22,0.772315
MFA,2026-04-27,10.35,Q2'26,Q1'26,13.22,0.782905
MFA,2026-04-28,10.29,Q2'26,Q1'26,13.22,0.778366
MFA,2026-04-29,10.17,Q2'26,Q1'26,13.22,0.769289
MFA,2026-04-30,10.25,Q2'26,Q1'26,13.22,0.77534
MFA,2026-05-01,10.39,Q2'26,Q1'26,13.22,0.78593
MFA,2026-05-04,10.16,Q2'26,Q1'26,13.22,0.768533
MFA,2026-05-05,9.55,Q2'26,Q1'26,13.22,0.72239
MFA,2026-05-06,9.77,Q2'26,Q1'26,13.22,0.739032
MFA,2026-05-07,9.75,Q2'26,Q1'26,13.22,0.737519
MFA,2026-05-08,9.9,Q2'26,Q1'26,13.22,0.748865
MFA,2026-05-11,9.63,Q2'26,Q1'26,13.22,0.728442
MFA,2026-05-12,9.57,Q2'26,Q1'26,13.22,0.723903
MFA,2026-05-13,9.52,Q2'26,Q1'26,13.22,0.720121
MFA,2026-05-14,9.54,Q2'26,Q1'26,13.22,0.721634
MFA,2026-05-15,9.31,Q2'26,Q1'26,13.22,0.704236
MFA,2026-05-18,9.43,Q2'26,Q1'26,13.22,0.713313
MFA,2026-05-19,9.33,Q2'26,Q1'26,13.22,0.705749
MFA,2026-05-20,9.51,Q2'26,Q1'26,13.22,0.719365
MFA,2026-05-21,9.5,Q2'26,Q1'26,13.22,0.718608
MFA,2026-05-22,9.45,Q2'26,Q1'26,13.22,0.714826
MFA,2026-05-26,9.56,Q2'26,Q1'26,13.22,0.723147
MFA,2026-05-27,9.6,Q2'26,Q1'26,13.22,0.726172
MFA,2026-05-28,9.6,Q2'26,Q1'26,13.22,0.726172
MFA,2026-05-29,9.6,Q2'26,Q1'26,13.22,0.726172
MFA,2026-06-01,9.4,Q2'26,Q1'26,13.22,0.711044
MFA,2026-06-02,9.47,Q2'26,Q1'26,13.22,0.716339
MFA,2026-06-03,9.15,Q2'26,Q1'26,13.22,0.692133
MFA,2026-06-04,9.26,Q2'26,Q1'26,13.22,0.700454
MFA,2026-06-05,9.28,Q2'26,Q1'26,13.22,0.701967
MFA,2026-06-08,9.12,Q2'26,Q1'26,13.22,0.689864
MFA,2026-06-09,9.36,Q2'26,Q1'26,13.22,0.708018
MFA,2026-06-10,9.21,Q2'26,Q1'26,13.22,0.696672
MFA,2026-06-11,9.29,Q2'26,Q1'26,13.22,0.702723
MFA,2026-06-12,9.42,Q2'26,Q1'26,13.22,0.712557
MFA,2026-06-15,9.35,Q2'26,Q1'26,13.22,0.707262
MFA,2026-06-16,9.38,Q2'26,Q1'26,13.22,0.709531
MFA,2026-06-17,9.38,Q2'26,Q1'26,13.22,0.709531
MFA,2026-06-18,9.53,Q2'26,Q1'26,13.22,0.720877
MFA,2026-06-22,9.36,Q2'26,Q1'26,13.22,0.708018
MFA,2026-06-23,9.42,Q2'26,Q1'26,13.22,0.712557
MFA,2026-06-24,9.61,Q2'26,Q1'26,13.22,0.726929
MFA,2026-06-25,9.63,Q2'26,Q1'26,13.22,0.728442
MFA,2026-06-26,9.81,Q2'26,Q1'26,13.22,0.742058
MFA,2026-06-29,9.87,Q2'26,Q1'26,13.22,0.746596
MFA,2026-06-30,9.69,Q2'26,Q1'26,13.22,0.73298
MFA,2026-07-01,9.58,Q3'26,Q2'26,13.2,0.725758
MFA,2026-07-02,9.48,Q3'26,Q2'26,13.2,0.718182
MFA,2026-07-06,9.33,Q3'26,Q2'26,13.2,0.706818
MFA,2026-07-07,9.36,Q3'26,Q2'26,13.2,0.709091
MFA,2026-07-08,9.27,Q3'26,Q2'26,13.2,0.702273
MFA,2026-07-09,9.43,Q3'26,Q2'26,13.2,0.714394
MFA,2026-07-10,9.5,Q3'26,Q2'26,13.2,0.719697
MFA,2026-07-13,9.41,Q3'26,Q2'26,13.2,0.712879
MFA,2026-07-14,9.46,Q3'26,Q2'26,13.2,0.716667
MFA,2026-07-15,9.45,Q3'26,Q2'26,13.2,0.715909
MFA,2026-07-16,9.62,Q3'26,Q2'26,13.2,0.728788
MFA,2026-07-17,9.45,Q3'26,Q2'26,13.2,0.715909
MFA,2026-07-20,9.29,Q3'26,Q2'26,13.2,0.703788
MFA,2026-07-23,9.07,Q3'26,Q2'26,13.2,0.687121
MFA,2026-07-24,9.14,Q3'26,Q2'26,13.2,0.692424
MFA,2026-07-27,9.12,Q3'26,Q2'26,13.2,0.690909
MFA,2026-07-28,9.2,Q3'26,Q2'26,13.2,0.69697
MFA,2026-07-29,9.17,Q3'26,Q2'26,13.2,0.694697
MFA,2026-07-30,9.2,Q3'26,Q2'26,13.2,0.69697
MFA,2026-08-03,9.16,Q3'26,Q2'26,13.2,0.693939
MFA,2026-08-04,9.09,Q3'26,Q2'26,13.2,0.688636
MFA,2026-08-05,9.06,Q3'26,Q2'26,13.2,0.686364
MFA,2026-08-06,9.05,Q3'26,Q2'26,13.2,0.685606
MFA,2026-08-07,9.23,Q3'26,Q2'26,13.2,0.699242
MFA,2026-08-10,9.09,Q3'26,Q2'26,13.2,0.688636
MFA,2026-08-11,9.18,Q3'26,Q2'26,13.2,0.695455
MFA,2026-08-12,9.15,Q3'26,Q2'26,13.2,0.693182
MFA,2026-08-13,9.21,Q3'26,Q2'26,13.2,0.697727
MFA,2026-08-14,9.16,Q3'26,Q2'26,13.2,0.693939
MFA,2026-08-17,9.11,Q3'26,Q2'26,13.2,0.690151
MFA,2026-08-18,9.0,Q3'26,Q2'26,13.2,0.681818
MFA,2026-08-19,9.1,Q3'26,Q2'26,13.2,0.689394
NLY,2021-07-01,35.68,Q3'21,Q2'21,33.48,1.065711
NLY,2021-07-02,35.48,Q3'21,Q2'21,33.48,1.059737
NLY,2021-07-06,35.36,Q3'21,Q2'21,33.48,1.056153
NLY,2021-07-07,35.32,Q3'21,Q2'21,33.48,1.054958
NLY,2021-07-08,34.8,Q3'21,Q2'21,33.48,1.039427
NLY,2021-07-09,35.64,Q3'21,Q2'21,33.48,1.064516
NLY,2021-07-12,35.72,Q3'21,Q2'21,33.48,1.066906
NLY,2021-07-13,34.16,Q3'21,Q2'21,33.48,1.020311
NLY,2021-07-14,33.68,Q3'21,Q2'21,33.48,1.005974
NLY,2021-07-15,33.88,Q3'21,Q2'21,33.48,1.011947
NLY,2021-07-16,33.88,Q3'21,Q2'21,33.48,1.011947
NLY,2021-07-19,33.12,Q3'21,Q2'21,33.48,0.989247
NLY,2021-07-20,34.2,Q3'21,Q2'21,33.48,1.021505
NLY,2021-07-21,34.4,Q3'21,Q2'21,33.48,1.027479
NLY,2021-07-22,33.76,Q3'21,Q2'21,33.48,1.008363
NLY,2021-07-23,33.56,Q3'21,Q2'21,33.48,1.00239
NLY,2021-07-26,33.88,Q3'21,Q2'21,33.48,1.011947
NLY,2021-07-27,33.88,Q3'21,Q2'21,33.48,1.011947
NLY,2021-07-28,33.68,Q3'21,Q2'21,33.48,1.005974
NLY,2021-07-29,34.48,Q3'21,Q2'21,33.48,1.029869
NLY,2021-07-30,33.96,Q3'21,Q2'21,33.48,1.014337
NLY,2021-08-02,33.68,Q3'21,Q2'21,33.48,1.005974
NLY,2021-08-03,33.68,Q3'21,Q2'21,33.48,1.005974
NLY,2021-08-04,33.12,Q3'21,Q2'21,33.48,0.989247
NLY,2021-08-05,33.6,Q3'21,Q2'21,33.48,1.003584
NLY,2021-08-06,33.8,Q3'21,Q2'21,33.48,1.009558
NLY,2021-08-09,33.76,Q3'21,Q2'21,33.48,1.008363
NLY,2021-08-10,34.04,Q3'21,Q2'21,33.48,1.016726
NLY,2021-08-11,34.36,Q3'21,Q2'21,33.48,1.026284
NLY,2021-08-12,34.4,Q3'21,Q2'21,33.48,1.027479
NLY,2021-08-13,34.52,Q3'21,Q2'21,33.48,1.031063
NLY,2021-08-16,34.4,Q3'21,Q2'21,33.48,1.027479
NLY,2021-08-17,34.4,Q3'21,Q2'21,33.48,1.027479
NLY,2021-08-18,34.2,Q3'21,Q2'21,33.48,1.021505
NLY,2021-08-19,33.68,Q3'21,Q2'21,33.48,1.005974
NLY,2021-08-20,34.12,Q3'21,Q2'21,33.48,1.019116
NLY,2021-08-23,34.4,Q3'21,Q2'21,33.48,1.027479
NLY,2021-08-24,34.8,Q3'21,Q2'21,33.48,1.039427
NLY,2021-08-25,34.88,Q3'21,Q2'21,33.48,1.041816
NLY,2021-08-26,34.6,Q3'21,Q2'21,33.48,1.033453
NLY,2021-08-27,34.96,Q3'21,Q2'21,33.48,1.044205
NLY,2021-08-30,34.76,Q3'21,Q2'21,33.48,1.038232
NLY,2021-08-31,34.76,Q3'21,Q2'21,33.48,1.038232
NLY,2021-09-01,34.92,Q3'21,Q2'21,33.48,1.043011
NLY,2021-09-02,34.76,Q3'21,Q2'21,33.48,1.038232
NLY,2021-09-03,34.56,Q3'21,Q2'21,33.48,1.032258
NLY,2021-09-07,34.2,Q3'21,Q2'21,33.48,1.021505
NLY,2021-09-08,34.08,Q3'21,Q2'21,33.48,1.017921
NLY,2021-09-09,34.2,Q3'21,Q2'21,33.48,1.021505
NLY,2021-09-10,34.08,Q3'21,Q2'21,33.48,1.017921
NLY,2021-09-13,34.4,Q3'21,Q2'21,33.48,1.027479
NLY,2021-09-14,34.56,Q3'21,Q2'21,33.48,1.032258
NLY,2021-09-15,34.64,Q3'21,Q2'21,33.48,1.034648
NLY,2021-09-16,34.68,Q3'21,Q2'21,33.48,1.035842
NLY,2021-09-17,34.64,Q3'21,Q2'21,33.48,1.034648
NLY,2021-09-20,34.48,Q3'21,Q2'21,33.48,1.029869
NLY,2021-09-21,34.68,Q3'21,Q2'21,33.48,1.035842
NLY,2021-09-22,35.44,Q3'21,Q2'21,33.48,1.058542
NLY,2021-09-23,35.44,Q3'21,Q2'21,33.48,1.058542
NLY,2021-09-24,35.4,Q3'21,Q2'21,33.48,1.057348
NLY,2021-09-27,35.6,Q3'21,Q2'21,33.48,1.063321
NLY,2021-09-28,35.24,Q3'21,Q2'21,33.48,1.052569
NLY,2021-09-29,33.92,Q3'21,Q2'21,33.48,1.013142
NLY,2021-09-30,33.68,Q3'21,Q2'21,33.48,1.005974
NLY,2021-10-01,33.84,Q4'21,Q3'21,33.56,1.008343
NLY,2021-10-04,34.0,Q4'21,Q3'21,33.56,1.013111
NLY,2021-10-05,34.24,Q4'21,Q3'21,33.56,1.020262
NLY,2021-10-06,33.88,Q4'21,Q3'21,33.56,1.009535
NLY,2021-10-07,33.88,Q4'21,Q3'21,33.56,1.009535
NLY,2021-10-08,34.0,Q4'21,Q3'21,33.56,1.013111
NLY,2021-10-11,33.88,Q4'21,Q3'21,33.56,1.009535
NLY,2021-10-12,34.04,Q4'21,Q3'21,33.56,1.014303
NLY,2021-10-13,34.12,Q4'21,Q3'21,33.56,1.016686
NLY,2021-10-14,34.28,Q4'21,Q3'21,33.56,1.021454
NLY,2021-10-15,34.32,Q4'21,Q3'21,33.56,1.022646
NLY,2021-10-18,34.32,Q4'21,Q3'21,33.56,1.022646
NLY,2021-10-19,34.64,Q4'21,Q3'21,33.56,1.032181
NLY,2021-10-20,34.92,Q4'21,Q3'21,33.56,1.040524
NLY,2021-10-21,34.84,Q4'21,Q3'21,33.56,1.038141
NLY,2021-10-22,34.76,Q4'21,Q3'21,33.56,1.035757
NLY,2021-10-25,34.88,Q4'21,Q3'21,33.56,1.039333
NLY,2021-10-26,34.76,Q4'21,Q3'21,33.56,1.035757
NLY,2021-10-27,34.4,Q4'21,Q3'21,33.56,1.02503
NLY,2021-10-28,34.28,Q4'21,Q3'21,33.56,1.021454
NLY,2021-10-29,33.84,Q4'21,Q3'21,33.56,1.008343
NLY,2021-11-01,34.48,Q4'21,Q3'21,33.56,1.027414
NLY,2021-11-02,34.0,Q4'21,Q3'21,33.56,1.013111
NLY,2021-11-03,34.0,Q4'21,Q3'21,33.56,1.013111
NLY,2021-11-04,34.08,Q4'21,Q3'21,33.56,1.015495
NLY,2021-11-05,34.8,Q4'21,Q3'21,33.56,1.036949
NLY,2021-11-08,34.6,Q4'21,Q3'21,33.56,1.030989
NLY,2021-11-09,34.48,Q4'21,Q3'21,33.56,1.027414
NLY,2021-11-10,34.32,Q4'21,Q3'21,33.56,1.022646
NLY,2021-11-11,34.36,Q4'21,Q3'21,33.56,1.023838
NLY,2021-11-12,34.32,Q4'21,Q3'21,33.56,1.022646
NLY,2021-11-15,34.16,Q4'21,Q3'21,33.56,1.017878
NLY,2021-11-16,34.12,Q4'21,Q3'21,33.56,1.016686
NLY,2021-11-17,33.68,Q4'21,Q3'21,33.56,1.003576
NLY,2021-11-18,33.76,Q4'21,Q3'21,33.56,1.005959
NLY,2021-11-19,33.56,Q4'21,Q3'21,33.56,1.0
NLY,2021-11-22,33.52,Q4'21,Q3'21,33.56,0.998808
NLY,2021-11-23,33.72,Q4'21,Q3'21,33.56,1.004768
NLY,2021-11-24,33.84,Q4'21,Q3'21,33.56,1.008343
NLY,2021-11-26,33.4,Q4'21,Q3'21,33.56,0.995232
NLY,2021-11-29,33.4,Q4'21,Q3'21,33.56,0.995232
NLY,2021-11-30,32.4,Q4'21,Q3'21,33.56,0.965435
NLY,2021-12-01,31.92,Q4'21,Q3'21,33.56,0.951132
NLY,2021-12-02,32.84,Q4'21,Q3'21,33.56,0.978546
NLY,2021-12-03,32.68,Q4'21,Q3'21,33.56,0.973778
NLY,2021-12-06,33.4,Q4'21,Q3'21,33.56,0.995232
NLY,2021-12-07,33.84,Q4'21,Q3'21,33.56,1.008343
NLY,2021-12-08,34.0,Q4'21,Q3'21,33.56,1.013111
NLY,2021-12-09,33.88,Q4'21,Q3'21,33.56,1.009535
NLY,2021-12-10,33.52,Q4'21,Q3'21,33.56,0.998808
NLY,2021-12-13,32.92,Q4'21,Q3'21,33.56,0.98093
NLY,2021-12-14,32.32,Q4'21,Q3'21,33.56,0.963051
NLY,2021-12-15,32.4,Q4'21,Q3'21,33.56,0.965435
NLY,2021-12-16,32.24,Q4'21,Q3'21,33.56,0.960668
NLY,2021-12-17,31.72,Q4'21,Q3'21,33.56,0.945173
NLY,2021-12-20,31.16,Q4'21,Q3'21,33.56,0.928486
NLY,2021-12-21,32.24,Q4'21,Q3'21,33.56,0.960668
NLY,2021-12-22,32.56,Q4'21,Q3'21,33.56,0.970203
NLY,2021-12-23,32.76,Q4'21,Q3'21,33.56,0.976162
NLY,2021-12-27,32.92,Q4'21,Q3'21,33.56,0.98093
NLY,2021-12-28,32.96,Q4'21,Q3'21,33.56,0.982122
NLY,2021-12-29,32.84,Q4'21,Q3'21,33.56,0.978546
NLY,2021-12-30,31.8,Q4'21,Q3'21,33.56,0.947557
NLY,2021-12-31,31.28,Q4'21,Q3'21,33.56,0.932062
NLY,2022-01-03,32.16,Q1'22,Q4'21,31.88,1.008783
NLY,2022-01-04,32.44,Q1'22,Q4'21,31.88,1.017566
NLY,2022-01-05,31.76,Q1'22,Q4'21,31.88,0.996236
NLY,2022-01-06,31.88,Q1'22,Q4'21,31.88,1.0
NLY,2022-01-07,32.04,Q1'22,Q4'21,31.88,1.005019
NLY,2022-01-10,31.88,Q1'22,Q4'21,31.88,1.0
NLY,2022-01-11,32.32,Q1'22,Q4'21,31.88,1.013802
NLY,2022-01-12,32.32,Q1'22,Q4'21,31.88,1.013802
NLY,2022-01-13,31.96,Q1'22,Q4'21,31.88,1.002509
NLY,2022-01-14,31.76,Q1'22,Q4'21,31.88,0.996236
NLY,2022-01-18,31.36,Q1'22,Q4'21,31.88,0.983689
NLY,2022-01-19,31.16,Q1'22,Q4'21,31.88,0.977415
NLY,2022-01-20,30.84,Q1'22,Q4'21,31.88,0.967378
NLY,2022-01-21,30.36,Q1'22,Q4'21,31.88,0.952321
NLY,2022-01-24,30.36,Q1'22,Q4'21,31.88,0.952321
NLY,2022-01-25,30.92,Q1'22,Q4'21,31.88,0.969887
NLY,2022-01-26,30.88,Q1'22,Q4'21,31.88,0.968632
NLY,2022-01-27,30.84,Q1'22,Q4'21,31.88,0.967378
NLY,2022-01-28,31.12,Q1'22,Q4'21,31.88,0.976161
NLY,2022-01-31,31.6,Q1'22,Q4'21,31.88,0.991217
NLY,2022-02-01,31.56,Q1'22,Q4'21,31.88,0.989962
NLY,2022-02-02,31.04,Q1'22,Q4'21,31.88,0.973651
NLY,2022-02-03,30.48,Q1'22,Q4'21,31.88,0.956085
NLY,2022-02-04,30.28,Q1'22,Q4'21,31.88,0.949812
NLY,2022-02-07,30.52,Q1'22,Q4'21,31.88,0.95734
NLY,2022-02-08,30.32,Q1'22,Q4'21,31.88,0.951066
NLY,2022-02-09,30.4,Q1'22,Q4'21,31.88,0.953576
NLY,2022-02-10,30.04,Q1'22,Q4'21,31.88,0.942284
NLY,2022-02-11,29.48,Q1'22,Q4'21,31.88,0.924718
NLY,2022-02-14,28.76,Q1'22,Q4'21,31.88,0.902133
NLY,2022-02-15,29.04,Q1'22,Q4'21,31.88,0.910916
NLY,2022-02-16,29.12,Q1'22,Q4'21,31.88,0.913425
NLY,2022-02-17,28.32,Q1'22,Q4'21,31.88,0.888331
NLY,2022-02-18,28.44,Q1'22,Q4'21,31.88,0.892095
NLY,2022-02-22,27.76,Q1'22,Q4'21,31.88,0.870765
NLY,2022-02-23,27.16,Q1'22,Q4'21,31.88,0.851945
NLY,2022-02-24,27.8,Q1'22,Q4'21,31.88,0.87202
NLY,2022-02-25,28.08,Q1'22,Q4'21,31.88,0.880803
NLY,2022-02-28,27.84,Q1'22,Q4'21,31.88,0.873275
NLY,2022-03-01,27.88,Q1'22,Q4'21,31.88,0.874529
NLY,2022-03-02,28.48,Q1'22,Q4'21,31.88,0.89335
NLY,2022-03-03,28.36,Q1'22,Q4'21,31.88,0.889586
NLY,2022-03-04,28.24,Q1'22,Q4'21,31.88,0.885822
NLY,2022-03-07,27.92,Q1'22,Q4'21,31.88,0.875784
NLY,2022-03-08,28.4,Q1'22,Q4'21,31.88,0.890841
NLY,2022-03-09,28.56,Q1'22,Q4'21,31.88,0.895859
NLY,2022-03-10,28.64,Q1'22,Q4'21,31.88,0.898369
NLY,2022-03-11,28.36,Q1'22,Q4'21,31.88,0.889586
NLY,2022-03-14,28.08,Q1'22,Q4'21,31.88,0.880803
NLY,2022-03-15,28.36,Q1'22,Q4'21,31.88,0.889586
NLY,2022-03-16,28.32,Q1'22,Q4'21,31.88,0.888331
NLY,2022-03-17,28.36,Q1'22,Q4'21,31.88,0.889586
NLY,2022-03-18,28.92,Q1'22,Q4'21,31.88,0.907152
NLY,2022-03-21,28.48,Q1'22,Q4'21,31.88,0.89335
NLY,2022-03-22,28.88,Q1'22,Q4'21,31.88,0.905897
NLY,2022-03-23,28.72,Q1'22,Q4'21,31.88,0.900878
NLY,2022-03-24,28.84,Q1'22,Q4'21,31.88,0.904642
NLY,2022-03-25,29.08,Q1'22,Q4'21,31.88,0.912171
NLY,2022-03-28,29.28,Q1'22,Q4'21,31.88,0.918444
NLY,2022-03-29,29.72,Q1'22,Q4'21,31.88,0.932246
NLY,2022-03-30,28.36,Q1'22,Q4'21,31.88,0.889586
NLY,2022-03-31,28.16,Q1'22,Q4'21,31.88,0.883312
NLY,2022-04-01,28.24,Q2'22,Q1'22,27.08,1.042836
NLY,2022-04-04,28.12,Q2'22,Q1'22,27.08,1.038405
NLY,2022-04-05,27.4,Q2'22,Q1'22,27.08,1.011817
NLY,2022-04-06,26.84,Q2'22,Q1'22,27.08,0.991137
NLY,2022-04-07,26.76,Q2'22,Q1'22,27.08,0.988183
NLY,2022-04-08,27.0,Q2'22,Q1'22,27.08,0.997046
NLY,2022-04-11,26.84,Q2'22,Q1'22,27.08,0.991137
NLY,2022-04-12,27.04,Q2'22,Q1'22,27.08,0.998523
NLY,2022-04-13,27.16,Q2'22,Q1'22,27.08,1.002954
NLY,2022-04-14,27.08,Q2'22,Q1'22,27.08,1.0
NLY,2022-04-18,26.92,Q2'22,Q1'22,27.08,0.994092
NLY,2022-04-19,26.2,Q2'22,Q1'22,27.08,0.967504
NLY,2022-04-20,26.84,Q2'22,Q1'22,27.08,0.991137
NLY,2022-04-21,26.68,Q2'22,Q1'22,27.08,0.985229
NLY,2022-04-22,26.08,Q2'22,Q1'22,27.08,0.963072
NLY,2022-04-25,26.12,Q2'22,Q1'22,27.08,0.96455
NLY,2022-04-26,25.32,Q2'22,Q1'22,27.08,0.935007
NLY,2022-04-27,25.32,Q2'22,Q1'22,27.08,0.935007
NLY,2022-04-28,26.48,Q2'22,Q1'22,27.08,0.977843
NLY,2022-04-29,25.68,Q2'22,Q1'22,27.08,0.948301
NLY,2022-05-02,26.04,Q2'22,Q1'22,27.08,0.961595
NLY,2022-05-03,26.56,Q2'22,Q1'22,27.08,0.980798
NLY,2022-05-04,27.04,Q2'22,Q1'22,27.08,0.998523
NLY,2022-05-05,26.72,Q2'22,Q1'22,27.08,0.986706
NLY,2022-05-06,27.08,Q2'22,Q1'22,27.08,1.0
NLY,2022-05-09,26.36,Q2'22,Q1'22,27.08,0.973412
NLY,2022-05-10,26.48,Q2'22,Q1'22,27.08,0.977843
NLY,2022-05-11,26.12,Q2'22,Q1'22,27.08,0.96455
NLY,2022-05-12,26.16,Q2'22,Q1'22,27.08,0.966027
NLY,2022-05-13,26.92,Q2'22,Q1'22,27.08,0.994092
NLY,2022-05-16,26.76,Q2'22,Q1'22,27.08,0.988183
NLY,2022-05-17,25.8,Q2'22,Q1'22,27.08,0.952733
NLY,2022-05-18,25.44,Q2'22,Q1'22,27.08,0.939439
NLY,2022-05-19,25.08,Q2'22,Q1'22,27.08,0.926145
NLY,2022-05-20,25.28,Q2'22,Q1'22,27.08,0.93353
NLY,2022-05-23,25.76,Q2'22,Q1'22,27.08,0.951256
NLY,2022-05-24,25.8,Q2'22,Q1'22,27.08,0.952733
NLY,2022-05-25,25.52,Q2'22,Q1'22,27.08,0.942393
NLY,2022-05-26,26.0,Q2'22,Q1'22,27.08,0.960118
NLY,2022-05-27,26.56,Q2'22,Q1'22,27.08,0.980798
NLY,2022-05-31,26.44,Q2'22,Q1'22,27.08,0.976366
NLY,2022-06-01,26.4,Q2'22,Q1'22,27.08,0.974889
NLY,2022-06-02,26.6,Q2'22,Q1'22,27.08,0.982275
NLY,2022-06-03,26.48,Q2'22,Q1'22,27.08,0.977843
NLY,2022-06-06,26.44,Q2'22,Q1'22,27.08,0.976366
NLY,2022-06-07,26.76,Q2'22,Q1'22,27.08,0.988183
NLY,2022-06-08,26.36,Q2'22,Q1'22,27.08,0.973412
NLY,2022-06-09,26.6,Q2'22,Q1'22,27.08,0.982275
NLY,2022-06-10,26.12,Q2'22,Q1'22,27.08,0.96455
NLY,2022-06-13,24.08,Q2'22,Q1'22,27.08,0.889217
NLY,2022-06-14,23.68,Q2'22,Q1'22,27.08,0.874446
NLY,2022-06-15,23.2,Q2'22,Q1'22,27.08,0.856721
NLY,2022-06-16,21.92,Q2'22,Q1'22,27.08,0.809453
NLY,2022-06-17,22.84,Q2'22,Q1'22,27.08,0.843427
NLY,2022-06-21,23.8,Q2'22,Q1'22,27.08,0.878877
NLY,2022-06-22,24.04,Q2'22,Q1'22,27.08,0.88774
NLY,2022-06-23,24.44,Q2'22,Q1'22,27.08,0.902511
NLY,2022-06-24,25.32,Q2'22,Q1'22,27.08,0.935007
NLY,2022-06-27,25.08,Q2'22,Q1'22,27.08,0.926145
NLY,2022-06-28,24.76,Q2'22,Q1'22,27.08,0.914328
NLY,2022-06-29,23.6,Q2'22,Q1'22,27.08,0.871492
NLY,2022-06-30,23.64,Q2'22,Q1'22,27.08,0.872969
NLY,2022-07-01,24.32,Q3'22,Q2'22,23.6,1.030508
NLY,2022-07-05,24.8,Q3'22,Q2'22,23.6,1.050847
NLY,2022-07-06,24.28,Q3'22,Q2'22,23.6,1.028814
NLY,2022-07-07,24.56,Q3'22,Q2'22,23.6,1.040678
NLY,2022-07-08,24.48,Q3'22,Q2'22,23.6,1.037288
NLY,2022-07-11,24.24,Q3'22,Q2'22,23.6,1.027119
NLY,2022-07-12,24.32,Q3'22,Q2'22,23.6,1.030508
NLY,2022-07-13,24.68,Q3'22,Q2'22,23.6,1.045763
NLY,2022-07-14,24.16,Q3'22,Q2'22,23.6,1.023729
NLY,2022-07-15,24.68,Q3'22,Q2'22,23.6,1.045763
NLY,2022-07-18,24.68,Q3'22,Q2'22,23.6,1.045763
NLY,2022-07-19,25.4,Q3'22,Q2'22,23.6,1.076271
NLY,2022-07-20,25.6,Q3'22,Q2'22,23.6,1.084746
NLY,2022-07-21,25.88,Q3'22,Q2'22,23.6,1.09661
NLY,2022-07-22,25.76,Q3'22,Q2'22,23.6,1.091525
NLY,2022-07-25,25.92,Q3'22,Q2'22,23.6,1.098305
NLY,2022-07-26,25.64,Q3'22,Q2'22,23.6,1.086441
NLY,2022-07-27,26.2,Q3'22,Q2'22,23.6,1.11017
NLY,2022-07-28,27.16,Q3'22,Q2'22,23.6,1.150847
NLY,2022-07-29,27.52,Q3'22,Q2'22,23.6,1.166102
NLY,2022-08-01,27.6,Q3'22,Q2'22,23.6,1.169492
NLY,2022-08-02,26.44,Q3'22,Q2'22,23.6,1.120339
NLY,2022-08-03,26.56,Q3'22,Q2'22,23.6,1.125424
NLY,2022-08-04,26.48,Q3'22,Q2'22,23.6,1.122034
NLY,2022-08-05,26.2,Q3'22,Q2'22,23.6,1.11017
NLY,2022-08-08,26.48,Q3'22,Q2'22,23.6,1.122034
NLY,2022-08-09,26.56,Q3'22,Q2'22,23.6,1.125424
NLY,2022-08-10,26.76,Q3'22,Q2'22,23.6,1.133898
NLY,2022-08-11,27.0,Q3'22,Q2'22,23.6,1.144068
NLY,2022-08-12,27.28,Q3'22,Q2'22,23.6,1.155932
NLY,2022-08-15,27.16,Q3'22,Q2'22,23.6,1.150847
NLY,2022-08-16,27.16,Q3'22,Q2'22,23.6,1.150847
NLY,2022-08-17,26.96,Q3'22,Q2'22,23.6,1.142373
NLY,2022-08-18,26.92,Q3'22,Q2'22,23.6,1.140678
NLY,2022-08-19,26.76,Q3'22,Q2'22,23.6,1.133898
NLY,2022-08-22,25.96,Q3'22,Q2'22,23.6,1.1
NLY,2022-08-23,26.2,Q3'22,Q2'22,23.6,1.11017
NLY,2022-08-24,26.52,Q3'22,Q2'22,23.6,1.123729
NLY,2022-08-25,26.8,Q3'22,Q2'22,23.6,1.135593
NLY,2022-08-26,26.24,Q3'22,Q2'22,23.6,1.111864
NLY,2022-08-29,26.16,Q3'22,Q2'22,23.6,1.108475
NLY,2022-08-30,25.76,Q3'22,Q2'22,23.6,1.091525
NLY,2022-08-31,25.8,Q3'22,Q2'22,23.6,1.09322
NLY,2022-09-01,25.52,Q3'22,Q2'22,23.6,1.081356
NLY,2022-09-02,25.52,Q3'22,Q2'22,23.6,1.081356
NLY,2022-09-06,26.12,Q3'22,Q2'22,23.6,1.10678
NLY,2022-09-07,26.36,Q3'22,Q2'22,23.6,1.116949
NLY,2022-09-08,26.64,Q3'22,Q2'22,23.6,1.128814
NLY,2022-09-09,26.6,Q3'22,Q2'22,23.6,1.127119
NLY,2022-09-12,26.56,Q3'22,Q2'22,23.6,1.125424
NLY,2022-09-13,25.76,Q3'22,Q2'22,23.6,1.091525
NLY,2022-09-14,25.64,Q3'22,Q2'22,23.6,1.086441
NLY,2022-09-15,24.56,Q3'22,Q2'22,23.6,1.040678
NLY,2022-09-16,24.16,Q3'22,Q2'22,23.6,1.023729
NLY,2022-09-19,24.68,Q3'22,Q2'22,23.6,1.045763
NLY,2022-09-20,24.32,Q3'22,Q2'22,23.6,1.030508
NLY,2022-09-21,24.04,Q3'22,Q2'22,23.6,1.018644
NLY,2022-09-22,23.48,Q3'22,Q2'22,23.6,0.994915
NLY,2022-09-23,22.6,Q3'22,Q2'22,23.6,0.957627
NLY,2022-09-26,20.6,Q3'22,Q2'22,23.6,0.872881
NLY,2022-09-27,19.4,Q3'22,Q2'22,23.6,0.822034
NLY,2022-09-28,19.42,Q3'22,Q2'22,23.6,0.822881
NLY,2022-09-29,17.51,Q3'22,Q2'22,23.6,0.741949
NLY,2022-09-30,17.16,Q3'22,Q2'22,23.6,0.727119
NLY,2022-10-03,17.38,Q4'22,Q3'22,19.94,0.871615
NLY,2022-10-04,18.68,Q4'22,Q3'22,19.94,0.93681
NLY,2022-10-05,17.34,Q4'22,Q3'22,19.94,0.869609
NLY,2022-10-06,16.69,Q4'22,Q3'22,19.94,0.837011
NLY,2022-10-07,16.27,Q4'22,Q3'22,19.94,0.815948
NLY,2022-10-10,15.12,Q4'22,Q3'22,19.94,0.758275
NLY,2022-10-11,16.88,Q4'22,Q3'22,19.94,0.84654
NLY,2022-10-12,16.96,Q4'22,Q3'22,19.94,0.850552
NLY,2022-10-13,17.0,Q4'22,Q3'22,19.94,0.852558
NLY,2022-10-14,16.64,Q4'22,Q3'22,19.94,0.834503
NLY,2022-10-17,16.96,Q4'22,Q3'22,19.94,0.850552
NLY,2022-10-18,17.16,Q4'22,Q3'22,19.94,0.860582
NLY,2022-10-19,17.03,Q4'22,Q3'22,19.94,0.854062
NLY,2022-10-20,16.71,Q4'22,Q3'22,19.94,0.838014
NLY,2022-10-21,16.82,Q4'22,Q3'22,19.94,0.843531
NLY,2022-10-24,16.69,Q4'22,Q3'22,19.94,0.837011
NLY,2022-10-25,17.68,Q4'22,Q3'22,19.94,0.88666
NLY,2022-10-26,17.84,Q4'22,Q3'22,19.94,0.894684
NLY,2022-10-27,18.11,Q4'22,Q3'22,19.94,0.908225
NLY,2022-10-28,18.45,Q4'22,Q3'22,19.94,0.925276
NLY,2022-10-31,18.55,Q4'22,Q3'22,19.94,0.930291
NLY,2022-11-01,18.42,Q4'22,Q3'22,19.94,0.923771
NLY,2022-11-02,18.17,Q4'22,Q3'22,19.94,0.911234
NLY,2022-11-03,17.61,Q4'22,Q3'22,19.94,0.883149
NLY,2022-11-04,18.22,Q4'22,Q3'22,19.94,0.913741
NLY,2022-11-07,18.62,Q4'22,Q3'22,19.94,0.933801
NLY,2022-11-08,19.04,Q4'22,Q3'22,19.94,0.954865
NLY,2022-11-09,19.12,Q4'22,Q3'22,19.94,0.958877
NLY,2022-11-10,21.07,Q4'22,Q3'22,19.94,1.05667
NLY,2022-11-11,21.54,Q4'22,Q3'22,19.94,1.080241
NLY,2022-11-14,20.93,Q4'22,Q3'22,19.94,1.049649
NLY,2022-11-15,21.01,Q4'22,Q3'22,19.94,1.053661
NLY,2022-11-16,20.46,Q4'22,Q3'22,19.94,1.026078
NLY,2022-11-17,19.91,Q4'22,Q3'22,19.94,0.998495
NLY,2022-11-18,19.91,Q4'22,Q3'22,19.94,0.998495
NLY,2022-11-21,20.51,Q4'22,Q3'22,19.94,1.028586
NLY,2022-11-22,20.79,Q4'22,Q3'22,19.94,1.042628
NLY,2022-11-23,21.15,Q4'22,Q3'22,19.94,1.060682
NLY,2022-11-25,21.65,Q4'22,Q3'22,19.94,1.085757
NLY,2022-11-28,21.05,Q4'22,Q3'22,19.94,1.055667
NLY,2022-11-29,21.21,Q4'22,Q3'22,19.94,1.063691
NLY,2022-11-30,21.67,Q4'22,Q3'22,19.94,1.08676
NLY,2022-12-01,21.88,Q4'22,Q3'22,19.94,1.097292
NLY,2022-12-02,21.79,Q4'22,Q3'22,19.94,1.092778
NLY,2022-12-05,21.26,Q4'22,Q3'22,19.94,1.066199
NLY,2022-12-06,20.98,Q4'22,Q3'22,19.94,1.052156
NLY,2022-12-07,21.31,Q4'22,Q3'22,19.94,1.068706
NLY,2022-12-08,21.53,Q4'22,Q3'22,19.94,1.079739
NLY,2022-12-09,21.67,Q4'22,Q3'22,19.94,1.08676
NLY,2022-12-12,21.83,Q4'22,Q3'22,19.94,1.094784
NLY,2022-12-13,22.06,Q4'22,Q3'22,19.94,1.106319
NLY,2022-12-14,21.98,Q4'22,Q3'22,19.94,1.102307
NLY,2022-12-15,21.86,Q4'22,Q3'22,19.94,1.096289
NLY,2022-12-16,21.39,Q4'22,Q3'22,19.94,1.072718
NLY,2022-12-19,21.38,Q4'22,Q3'22,19.94,1.072217
NLY,2022-12-20,21.73,Q4'22,Q3'22,19.94,1.089769
NLY,2022-12-21,22.28,Q4'22,Q3'22,19.94,1.117352
NLY,2022-12-22,22.33,Q4'22,Q3'22,19.94,1.11986
NLY,2022-12-23,22.49,Q4'22,Q3'22,19.94,1.127884
NLY,2022-12-27,22.49,Q4'22,Q3'22,19.94,1.127884
NLY,2022-12-28,21.85,Q4'22,Q3'22,19.94,1.095787
NLY,2022-12-29,21.38,Q4'22,Q3'22,19.94,1.072217
NLY,2022-12-30,21.08,Q4'22,Q3'22,19.94,1.057172
NLY,2023-01-03,21.44,Q1'23,Q4'22,20.79,1.031265
NLY,2023-01-04,21.69,Q1'23,Q4'22,20.79,1.04329
NLY,2023-01-05,21.65,Q1'23,Q4'22,20.79,1.041366
NLY,2023-01-06,22.14,Q1'23,Q4'22,20.79,1.064935
NLY,2023-01-09,22.04,Q1'23,Q4'22,20.79,1.060125
NLY,2023-01-10,22.23,Q1'23,Q4'22,20.79,1.069264
NLY,2023-01-11,22.54,Q1'23,Q4'22,20.79,1.084175
NLY,2023-01-12,22.73,Q1'23,Q4'22,20.79,1.093314
NLY,2023-01-13,22.7,Q1'23,Q4'22,20.79,1.091871
NLY,2023-01-17,22.5,Q1'23,Q4'22,20.79,1.082251
NLY,2023-01-18,22.57,Q1'23,Q4'22,20.79,1.085618
NLY,2023-01-19,22.46,Q1'23,Q4'22,20.79,1.080327
NLY,2023-01-20,22.74,Q1'23,Q4'22,20.79,1.093795
NLY,2023-01-23,22.61,Q1'23,Q4'22,20.79,1.087542
NLY,2023-01-24,22.41,Q1'23,Q4'22,20.79,1.077922
NLY,2023-01-25,22.26,Q1'23,Q4'22,20.79,1.070707
NLY,2023-01-26,22.79,Q1'23,Q4'22,20.79,1.0962
NLY,2023-01-27,23.34,Q1'23,Q4'22,20.79,1.122655
NLY,2023-01-30,22.9,Q1'23,Q4'22,20.79,1.101491
NLY,2023-01-31,23.47,Q1'23,Q4'22,20.79,1.128908
NLY,2023-02-01,24.0,Q1'23,Q4'22,20.79,1.154401
NLY,2023-02-02,24.12,Q1'23,Q4'22,20.79,1.160173
NLY,2023-02-03,23.75,Q1'23,Q4'22,20.79,1.142376
NLY,2023-02-06,22.99,Q1'23,Q4'22,20.79,1.10582
NLY,2023-02-07,23.33,Q1'23,Q4'22,20.79,1.122174
NLY,2023-02-08,23.11,Q1'23,Q4'22,20.79,1.111592
NLY,2023-02-09,21.77,Q1'23,Q4'22,20.79,1.047138
NLY,2023-02-10,21.66,Q1'23,Q4'22,20.79,1.041847
NLY,2023-02-13,21.93,Q1'23,Q4'22,20.79,1.054834
NLY,2023-02-14,21.71,Q1'23,Q4'22,20.79,1.044252
NLY,2023-02-15,21.69,Q1'23,Q4'22,20.79,1.04329
NLY,2023-02-16,21.71,Q1'23,Q4'22,20.79,1.044252
NLY,2023-02-17,21.59,Q1'23,Q4'22,20.79,1.03848
NLY,2023-02-21,20.88,Q1'23,Q4'22,20.79,1.004329
NLY,2023-02-22,21.24,Q1'23,Q4'22,20.79,1.021645
NLY,2023-02-23,21.09,Q1'23,Q4'22,20.79,1.01443
NLY,2023-02-24,20.82,Q1'23,Q4'22,20.79,1.001443
NLY,2023-02-27,20.71,Q1'23,Q4'22,20.79,0.996152
NLY,2023-02-28,20.68,Q1'23,Q4'22,20.79,0.994709
NLY,2023-03-01,20.14,Q1'23,Q4'22,20.79,0.968735
NLY,2023-03-02,20.0,Q1'23,Q4'22,20.79,0.962001
NLY,2023-03-03,20.33,Q1'23,Q4'22,20.79,0.977874
NLY,2023-03-06,20.34,Q1'23,Q4'22,20.79,0.978355
NLY,2023-03-07,20.11,Q1'23,Q4'22,20.79,0.967292
NLY,2023-03-08,20.37,Q1'23,Q4'22,20.79,0.979798
NLY,2023-03-09,19.25,Q1'23,Q4'22,20.79,0.925926
NLY,2023-03-10,18.4,Q1'23,Q4'22,20.79,0.885041
NLY,2023-03-13,18.49,Q1'23,Q4'22,20.79,0.88937
NLY,2023-03-14,18.92,Q1'23,Q4'22,20.79,0.910053
NLY,2023-03-15,18.68,Q1'23,Q4'22,20.79,0.898509
NLY,2023-03-16,18.87,Q1'23,Q4'22,20.79,0.907648
NLY,2023-03-17,18.4,Q1'23,Q4'22,20.79,0.885041
NLY,2023-03-20,18.35,Q1'23,Q4'22,20.79,0.882636
NLY,2023-03-21,18.59,Q1'23,Q4'22,20.79,0.89418
NLY,2023-03-22,18.25,Q1'23,Q4'22,20.79,0.877826
NLY,2023-03-23,18.35,Q1'23,Q4'22,20.79,0.882636
NLY,2023-03-24,18.93,Q1'23,Q4'22,20.79,0.910534
NLY,2023-03-27,19.13,Q1'23,Q4'22,20.79,0.920154
NLY,2023-03-28,18.92,Q1'23,Q4'22,20.79,0.910053
NLY,2023-03-29,19.29,Q1'23,Q4'22,20.79,0.92785
NLY,2023-03-30,18.81,Q1'23,Q4'22,20.79,0.904762
NLY,2023-03-31,19.11,Q1'23,Q4'22,20.79,0.919192
NLY,2023-04-03,18.85,Q2'23,Q1'23,20.77,0.907559
NLY,2023-04-04,18.99,Q2'23,Q1'23,20.77,0.914299
NLY,2023-04-05,19.31,Q2'23,Q1'23,20.77,0.929706
NLY,2023-04-06,19.18,Q2'23,Q1'23,20.77,0.923447
NLY,2023-04-10,18.83,Q2'23,Q1'23,20.77,0.906596
NLY,2023-04-11,19.15,Q2'23,Q1'23,20.77,0.922003
NLY,2023-04-12,19.18,Q2'23,Q1'23,20.77,0.923447
NLY,2023-04-13,19.35,Q2'23,Q1'23,20.77,0.931632
NLY,2023-04-14,19.2,Q2'23,Q1'23,20.77,0.92441
NLY,2023-04-17,19.44,Q2'23,Q1'23,20.77,0.935965
NLY,2023-04-18,19.19,Q2'23,Q1'23,20.77,0.923929
NLY,2023-04-19,19.21,Q2'23,Q1'23,20.77,0.924892
NLY,2023-04-20,19.25,Q2'23,Q1'23,20.77,0.926818
NLY,2023-04-21,19.35,Q2'23,Q1'23,20.77,0.931632
NLY,2023-04-24,19.46,Q2'23,Q1'23,20.77,0.936928
NLY,2023-04-25,18.98,Q2'23,Q1'23,20.77,0.913818
NLY,2023-04-26,19.06,Q2'23,Q1'23,20.77,0.91767
NLY,2023-04-27,19.73,Q2'23,Q1'23,20.77,0.949928
NLY,2023-04-28,19.98,Q2'23,Q1'23,20.77,0.961964
NLY,2023-05-01,19.32,Q2'23,Q1'23,20.77,0.930188
NLY,2023-05-02,18.88,Q2'23,Q1'23,20.77,0.909003
NLY,2023-05-03,18.97,Q2'23,Q1'23,20.77,0.913337
NLY,2023-05-04,18.58,Q2'23,Q1'23,20.77,0.894559
NLY,2023-05-05,19.07,Q2'23,Q1'23,20.77,0.918151
NLY,2023-05-08,19.01,Q2'23,Q1'23,20.77,0.915262
NLY,2023-05-09,18.73,Q2'23,Q1'23,20.77,0.901781
NLY,2023-05-10,18.83,Q2'23,Q1'23,20.77,0.906596
NLY,2023-05-11,18.92,Q2'23,Q1'23,20.77,0.910929
NLY,2023-05-12,18.74,Q2'23,Q1'23,20.77,0.902263
NLY,2023-05-15,18.83,Q2'23,Q1'23,20.77,0.906596
NLY,2023-05-16,18.65,Q2'23,Q1'23,20.77,0.89793
NLY,2023-05-17,18.98,Q2'23,Q1'23,20.77,0.913818
NLY,2023-05-18,19.11,Q2'23,Q1'23,20.77,0.920077
NLY,2023-05-19,19.16,Q2'23,Q1'23,20.77,0.922484
NLY,2023-05-22,19.1,Q2'23,Q1'23,20.77,0.919596
NLY,2023-05-23,18.73,Q2'23,Q1'23,20.77,0.901781
NLY,2023-05-24,18.21,Q2'23,Q1'23,20.77,0.876745
NLY,2023-05-25,17.79,Q2'23,Q1'23,20.77,0.856524
NLY,2023-05-26,18.44,Q2'23,Q1'23,20.77,0.887819
NLY,2023-05-30,18.91,Q2'23,Q1'23,20.77,0.910448
NLY,2023-05-31,18.88,Q2'23,Q1'23,20.77,0.909003
NLY,2023-06-01,19.43,Q2'23,Q1'23,20.77,0.935484
NLY,2023-06-02,19.61,Q2'23,Q1'23,20.77,0.94415
NLY,2023-06-05,19.58,Q2'23,Q1'23,20.77,0.942706
NLY,2023-06-06,19.91,Q2'23,Q1'23,20.77,0.958594
NLY,2023-06-07,19.8,Q2'23,Q1'23,20.77,0.953298
NLY,2023-06-08,19.92,Q2'23,Q1'23,20.77,0.959076
NLY,2023-06-09,20.0,Q2'23,Q1'23,20.77,0.962927
NLY,2023-06-12,20.54,Q2'23,Q1'23,20.77,0.988926
NLY,2023-06-13,20.73,Q2'23,Q1'23,20.77,0.998074
NLY,2023-06-14,20.65,Q2'23,Q1'23,20.77,0.994222
NLY,2023-06-15,20.89,Q2'23,Q1'23,20.77,1.005778
NLY,2023-06-16,20.59,Q2'23,Q1'23,20.77,0.991334
NLY,2023-06-20,20.53,Q2'23,Q1'23,20.77,0.988445
NLY,2023-06-21,20.6,Q2'23,Q1'23,20.77,0.991815
NLY,2023-06-22,20.44,Q2'23,Q1'23,20.77,0.984112
NLY,2023-06-23,20.12,Q2'23,Q1'23,20.77,0.968705
NLY,2023-06-26,20.32,Q2'23,Q1'23,20.77,0.978334
NLY,2023-06-27,20.6,Q2'23,Q1'23,20.77,0.991815
NLY,2023-06-28,20.68,Q2'23,Q1'23,20.77,0.995667
NLY,2023-06-29,20.01,Q2'23,Q1'23,20.77,0.963409
NLY,2023-06-30,20.01,Q2'23,Q1'23,20.77,0.963409
NLY,2023-07-03,19.76,Q3'23,Q2'23,20.73,0.953208
NLY,2023-07-05,19.32,Q3'23,Q2'23,20.73,0.931983
NLY,2023-07-06,18.78,Q3'23,Q2'23,20.73,0.905933
NLY,2023-07-07,19.23,Q3'23,Q2'23,20.73,0.927641
NLY,2023-07-10,19.54,Q3'23,Q2'23,20.73,0.942595
NLY,2023-07-11,19.66,Q3'23,Q2'23,20.73,0.948384
NLY,2023-07-12,19.86,Q3'23,Q2'23,20.73,0.958032
NLY,2023-07-13,20.16,Q3'23,Q2'23,20.73,0.972504
NLY,2023-07-14,20.0,Q3'23,Q2'23,20.73,0.964785
NLY,2023-07-17,20.11,Q3'23,Q2'23,20.73,0.970092
NLY,2023-07-18,20.37,Q3'23,Q2'23,20.73,0.982634
NLY,2023-07-19,20.53,Q3'23,Q2'23,20.73,0.990352
NLY,2023-07-20,20.19,Q3'23,Q2'23,20.73,0.973951
NLY,2023-07-21,20.09,Q3'23,Q2'23,20.73,0.969127
NLY,2023-07-24,20.34,Q3'23,Q2'23,20.73,0.981187
NLY,2023-07-25,20.58,Q3'23,Q2'23,20.73,0.992764
NLY,2023-07-26,20.8,Q3'23,Q2'23,20.73,1.003377
NLY,2023-07-27,20.07,Q3'23,Q2'23,20.73,0.968162
NLY,2023-07-28,20.35,Q3'23,Q2'23,20.73,0.981669
NLY,2023-07-31,20.09,Q3'23,Q2'23,20.73,0.969127
NLY,2023-08-01,20.02,Q3'23,Q2'23,20.73,0.96575
NLY,2023-08-02,19.86,Q3'23,Q2'23,20.73,0.958032
NLY,2023-08-03,19.44,Q3'23,Q2'23,20.73,0.937771
NLY,2023-08-04,19.83,Q3'23,Q2'23,20.73,0.956585
NLY,2023-08-07,19.96,Q3'23,Q2'23,20.73,0.962856
NLY,2023-08-08,20.03,Q3'23,Q2'23,20.73,0.966233
NLY,2023-08-09,19.97,Q3'23,Q2'23,20.73,0.963338
NLY,2023-08-10,20.0,Q3'23,Q2'23,20.73,0.964785
NLY,2023-08-11,19.87,Q3'23,Q2'23,20.73,0.958514
NLY,2023-08-14,19.41,Q3'23,Q2'23,20.73,0.936324
NLY,2023-08-15,19.3,Q3'23,Q2'23,20.73,0.931018
NLY,2023-08-16,19.17,Q3'23,Q2'23,20.73,0.924747
NLY,2023-08-17,19.08,Q3'23,Q2'23,20.73,0.920405
NLY,2023-08-18,19.1,Q3'23,Q2'23,20.73,0.92137
NLY,2023-08-21,19.09,Q3'23,Q2'23,20.73,0.920888
NLY,2023-08-22,18.93,Q3'23,Q2'23,20.73,0.913169
NLY,2023-08-23,19.55,Q3'23,Q2'23,20.73,0.943078
NLY,2023-08-24,19.66,Q3'23,Q2'23,20.73,0.948384
NLY,2023-08-25,19.71,Q3'23,Q2'23,20.73,0.950796
NLY,2023-08-28,20.26,Q3'23,Q2'23,20.73,0.977328
NLY,2023-08-29,20.48,Q3'23,Q2'23,20.73,0.98794
NLY,2023-08-30,20.26,Q3'23,Q2'23,20.73,0.977328
NLY,2023-08-31,20.27,Q3'23,Q2'23,20.73,0.97781
NLY,2023-09-01,20.36,Q3'23,Q2'23,20.73,0.982152
NLY,2023-09-05,20.09,Q3'23,Q2'23,20.73,0.969127
NLY,2023-09-06,19.89,Q3'23,Q2'23,20.73,0.959479
NLY,2023-09-07,19.75,Q3'23,Q2'23,20.73,0.952726
NLY,2023-09-08,19.89,Q3'23,Q2'23,20.73,0.959479
NLY,2023-09-11,20.17,Q3'23,Q2'23,20.73,0.972986
NLY,2023-09-12,20.07,Q3'23,Q2'23,20.73,0.968162
NLY,2023-09-13,20.35,Q3'23,Q2'23,20.73,0.981669
NLY,2023-09-14,20.59,Q3'23,Q2'23,20.73,0.993247
NLY,2023-09-15,20.57,Q3'23,Q2'23,20.73,0.992282
NLY,2023-09-18,20.66,Q3'23,Q2'23,20.73,0.996623
NLY,2023-09-19,20.68,Q3'23,Q2'23,20.73,0.997588
NLY,2023-09-20,20.53,Q3'23,Q2'23,20.73,0.990352
NLY,2023-09-21,19.74,Q3'23,Q2'23,20.73,0.952243
NLY,2023-09-22,19.88,Q3'23,Q2'23,20.73,0.958997
NLY,2023-09-25,19.72,Q3'23,Q2'23,20.73,0.951278
NLY,2023-09-26,19.31,Q3'23,Q2'23,20.73,0.9315
NLY,2023-09-27,19.21,Q3'23,Q2'23,20.73,0.926676
NLY,2023-09-28,18.74,Q3'23,Q2'23,20.73,0.904004
NLY,2023-09-29,18.81,Q3'23,Q2'23,20.73,0.907381
NLY,2023-10-02,18.32,Q4'23,Q3'23,18.25,1.003836
NLY,2023-10-03,17.87,Q4'23,Q3'23,18.25,0.979178
NLY,2023-10-04,17.48,Q4'23,Q3'23,18.25,0.957808
NLY,2023-10-05,17.84,Q4'23,Q3'23,18.25,0.977534
NLY,2023-10-06,17.72,Q4'23,Q3'23,18.25,0.970959
NLY,2023-10-09,18.07,Q4'23,Q3'23,18.25,0.990137
NLY,2023-10-10,17.98,Q4'23,Q3'23,18.25,0.985205
NLY,2023-10-11,18.09,Q4'23,Q3'23,18.25,0.991233
NLY,2023-10-12,17.78,Q4'23,Q3'23,18.25,0.974247
NLY,2023-10-13,17.53,Q4'23,Q3'23,18.25,0.960548
NLY,2023-10-16,17.74,Q4'23,Q3'23,18.25,0.972055
NLY,2023-10-17,17.58,Q4'23,Q3'23,18.25,0.963288
NLY,2023-10-18,17.03,Q4'23,Q3'23,18.25,0.933151
NLY,2023-10-19,16.34,Q4'23,Q3'23,18.25,0.895342
NLY,2023-10-20,16.24,Q4'23,Q3'23,18.25,0.889863
NLY,2023-10-23,16.09,Q4'23,Q3'23,18.25,0.881644
NLY,2023-10-24,15.67,Q4'23,Q3'23,18.25,0.85863
NLY,2023-10-25,15.07,Q4'23,Q3'23,18.25,0.825753
NLY,2023-10-26,15.07,Q4'23,Q3'23,18.25,0.825753
NLY,2023-10-27,14.73,Q4'23,Q3'23,18.25,0.807123
NLY,2023-10-30,15.07,Q4'23,Q3'23,18.25,0.825753
NLY,2023-10-31,15.61,Q4'23,Q3'23,18.25,0.855342
NLY,2023-11-01,16.25,Q4'23,Q3'23,18.25,0.890411
NLY,2023-11-02,16.9,Q4'23,Q3'23,18.25,0.926027
NLY,2023-11-03,17.18,Q4'23,Q3'23,18.25,0.94137
NLY,2023-11-06,17.06,Q4'23,Q3'23,18.25,0.934794
NLY,2023-11-07,17.35,Q4'23,Q3'23,18.25,0.950685
NLY,2023-11-08,17.39,Q4'23,Q3'23,18.25,0.952877
NLY,2023-11-09,16.86,Q4'23,Q3'23,18.25,0.923836
NLY,2023-11-10,17.01,Q4'23,Q3'23,18.25,0.932055
NLY,2023-11-13,17.12,Q4'23,Q3'23,18.25,0.938082
NLY,2023-11-14,17.7,Q4'23,Q3'23,18.25,0.969863
NLY,2023-11-15,17.83,Q4'23,Q3'23,18.25,0.976986
NLY,2023-11-16,17.75,Q4'23,Q3'23,18.25,0.972603
NLY,2023-11-17,17.81,Q4'23,Q3'23,18.25,0.97589
NLY,2023-11-20,17.77,Q4'23,Q3'23,18.25,0.973699
NLY,2023-11-21,17.73,Q4'23,Q3'23,18.25,0.971507
NLY,2023-11-22,17.71,Q4'23,Q3'23,18.25,0.970411
NLY,2023-11-24,17.55,Q4'23,Q3'23,18.25,0.961644
NLY,2023-11-27,17.44,Q4'23,Q3'23,18.25,0.955616
NLY,2023-11-28,17.69,Q4'23,Q3'23,18.25,0.969315
NLY,2023-11-29,18.1,Q4'23,Q3'23,18.25,0.991781
NLY,2023-11-30,18.07,Q4'23,Q3'23,18.25,0.990137
NLY,2023-12-01,18.5,Q4'23,Q3'23,18.25,1.013699
NLY,2023-12-04,18.53,Q4'23,Q3'23,18.25,1.015343
NLY,2023-12-05,18.36,Q4'23,Q3'23,18.25,1.006027
NLY,2023-12-06,17.93,Q4'23,Q3'23,18.25,0.982466
NLY,2023-12-07,18.05,Q4'23,Q3'23,18.25,0.989041
NLY,2023-12-08,18.31,Q4'23,Q3'23,18.25,1.003288
NLY,2023-12-11,18.3,Q4'23,Q3'23,18.25,1.00274
NLY,2023-12-12,18.38,Q4'23,Q3'23,18.25,1.007123
NLY,2023-12-13,19.28,Q4'23,Q3'23,18.25,1.056438
NLY,2023-12-14,20.13,Q4'23,Q3'23,18.25,1.103014
NLY,2023-12-15,19.95,Q4'23,Q3'23,18.25,1.093151
NLY,2023-12-18,19.9,Q4'23,Q3'23,18.25,1.090411
NLY,2023-12-19,20.19,Q4'23,Q3'23,18.25,1.106301
NLY,2023-12-20,19.98,Q4'23,Q3'23,18.25,1.094794
NLY,2023-12-21,20.3,Q4'23,Q3'23,18.25,1.112329
NLY,2023-12-22,20.26,Q4'23,Q3'23,18.25,1.110137
NLY,2023-12-26,20.5,Q4'23,Q3'23,18.25,1.123288
NLY,2023-12-27,20.53,Q4'23,Q3'23,18.25,1.124932
NLY,2023-12-28,19.88,Q4'23,Q3'23,18.25,1.089315
NLY,2023-12-29,19.37,Q4'23,Q3'23,18.25,1.06137
NLY,2024-01-02,19.26,Q1'24,Q4'23,19.44,0.990741
NLY,2024-01-03,18.92,Q1'24,Q4'23,19.44,0.973251
NLY,2024-01-04,18.69,Q1'24,Q4'23,19.44,0.96142
NLY,2024-01-05,19.1,Q1'24,Q4'23,19.44,0.98251
NLY,2024-01-08,19.6,Q1'24,Q4'23,19.44,1.00823
NLY,2024-01-09,19.52,Q1'24,Q4'23,19.44,1.004115
NLY,2024-01-10,19.51,Q1'24,Q4'23,19.44,1.003601
NLY,2024-01-11,19.56,Q1'24,Q4'23,19.44,1.006173
NLY,2024-01-12,19.64,Q1'24,Q4'23,19.44,1.010288
NLY,2024-01-16,19.34,Q1'24,Q4'23,19.44,0.994856
NLY,2024-01-17,19.07,Q1'24,Q4'23,19.44,0.980967
NLY,2024-01-18,19.19,Q1'24,Q4'23,19.44,0.98714
NLY,2024-01-19,19.3,Q1'24,Q4'23,19.44,0.992798
NLY,2024-01-22,19.24,Q1'24,Q4'23,19.44,0.989712
NLY,2024-01-23,19.38,Q1'24,Q4'23,19.44,0.996914
NLY,2024-01-24,19.45,Q1'24,Q4'23,19.44,1.000514
NLY,2024-01-25,19.64,Q1'24,Q4'23,19.44,1.010288
NLY,2024-01-26,19.61,Q1'24,Q4'23,19.44,1.008745
NLY,2024-01-29,19.91,Q1'24,Q4'23,19.44,1.024177
NLY,2024-01-30,19.6,Q1'24,Q4'23,19.44,1.00823
NLY,2024-01-31,19.19,Q1'24,Q4'23,19.44,0.98714
NLY,2024-02-01,19.57,Q1'24,Q4'23,19.44,1.006687
NLY,2024-02-02,19.26,Q1'24,Q4'23,19.44,0.990741
NLY,2024-02-05,18.9,Q1'24,Q4'23,19.44,0.972222
NLY,2024-02-06,18.91,Q1'24,Q4'23,19.44,0.972737
NLY,2024-02-07,18.58,Q1'24,Q4'23,19.44,0.955761
NLY,2024-02-08,18.81,Q1'24,Q4'23,19.44,0.967593
NLY,2024-02-09,18.92,Q1'24,Q4'23,19.44,0.973251
NLY,2024-02-12,19.08,Q1'24,Q4'23,19.44,0.981481
NLY,2024-02-13,18.37,Q1'24,Q4'23,19.44,0.944959
NLY,2024-02-14,18.36,Q1'24,Q4'23,19.44,0.944444
NLY,2024-02-15,18.88,Q1'24,Q4'23,19.44,0.971193
NLY,2024-02-16,18.66,Q1'24,Q4'23,19.44,0.959877
NLY,2024-02-20,18.7,Q1'24,Q4'23,19.44,0.961934
NLY,2024-02-21,18.74,Q1'24,Q4'23,19.44,0.963992
NLY,2024-02-22,18.71,Q1'24,Q4'23,19.44,0.962449
NLY,2024-02-23,18.88,Q1'24,Q4'23,19.44,0.971193
NLY,2024-02-26,18.83,Q1'24,Q4'23,19.44,0.968621
NLY,2024-02-27,18.91,Q1'24,Q4'23,19.44,0.972737
NLY,2024-02-28,18.75,Q1'24,Q4'23,19.44,0.964506
NLY,2024-02-29,19.09,Q1'24,Q4'23,19.44,0.981996
NLY,2024-03-01,19.29,Q1'24,Q4'23,19.44,0.992284
NLY,2024-03-04,19.13,Q1'24,Q4'23,19.44,0.984053
NLY,2024-03-05,19.21,Q1'24,Q4'23,19.44,0.988169
NLY,2024-03-06,19.42,Q1'24,Q4'23,19.44,0.998971
NLY,2024-03-07,19.62,Q1'24,Q4'23,19.44,1.009259
NLY,2024-03-08,19.64,Q1'24,Q4'23,19.44,1.010288
NLY,2024-03-11,19.81,Q1'24,Q4'23,19.44,1.019033
NLY,2024-03-12,19.77,Q1'24,Q4'23,19.44,1.016975
NLY,2024-03-13,19.93,Q1'24,Q4'23,19.44,1.025206
NLY,2024-03-14,19.41,Q1'24,Q4'23,19.44,0.998457
NLY,2024-03-15,19.48,Q1'24,Q4'23,19.44,1.002058
NLY,2024-03-18,19.48,Q1'24,Q4'23,19.44,1.002058
NLY,2024-03-19,19.61,Q1'24,Q4'23,19.44,1.008745
NLY,2024-03-20,19.85,Q1'24,Q4'23,19.44,1.021091
NLY,2024-03-21,20.01,Q1'24,Q4'23,19.44,1.029321
NLY,2024-03-22,19.96,Q1'24,Q4'23,19.44,1.026749
NLY,2024-03-25,20.12,Q1'24,Q4'23,19.44,1.034979
NLY,2024-03-26,19.73,Q1'24,Q4'23,19.44,1.014918
NLY,2024-03-27,19.44,Q1'24,Q4'23,19.44,1.0
NLY,2024-03-28,19.69,Q1'24,Q4'23,19.44,1.01286
NLY,2024-04-01,19.44,Q2'24,Q1'24,19.73,0.985302
NLY,2024-04-02,19.3,Q2'24,Q1'24,19.73,0.978206
NLY,2024-04-03,19.29,Q2'24,Q1'24,19.73,0.977699
NLY,2024-04-04,19.21,Q2'24,Q1'24,19.73,0.973644
NLY,2024-04-05,19.23,Q2'24,Q1'24,19.73,0.974658
NLY,2024-04-08,19.32,Q2'24,Q1'24,19.73,0.979219
NLY,2024-04-09,19.44,Q2'24,Q1'24,19.73,0.985302
NLY,2024-04-10,18.59,Q2'24,Q1'24,19.73,0.94222
NLY,2024-04-11,18.58,Q2'24,Q1'24,19.73,0.941713
NLY,2024-04-12,18.44,Q2'24,Q1'24,19.73,0.934617
NLY,2024-04-15,18.02,Q2'24,Q1'24,19.73,0.91333
NLY,2024-04-16,17.71,Q2'24,Q1'24,19.73,0.897618
NLY,2024-04-17,17.88,Q2'24,Q1'24,19.73,0.906234
NLY,2024-04-18,17.99,Q2'24,Q1'24,19.73,0.911809
NLY,2024-04-19,18.23,Q2'24,Q1'24,19.73,0.923974
NLY,2024-04-22,18.33,Q2'24,Q1'24,19.73,0.929042
NLY,2024-04-23,18.64,Q2'24,Q1'24,19.73,0.944754
NLY,2024-04-24,18.58,Q2'24,Q1'24,19.73,0.941713
NLY,2024-04-25,18.69,Q2'24,Q1'24,19.73,0.947288
NLY,2024-04-26,18.88,Q2'24,Q1'24,19.73,0.956918
NLY,2024-04-29,19.09,Q2'24,Q1'24,19.73,0.967562
NLY,2024-04-30,18.74,Q2'24,Q1'24,19.73,0.949823
NLY,2024-05-01,18.97,Q2'24,Q1'24,19.73,0.96148
NLY,2024-05-02,19.07,Q2'24,Q1'24,19.73,0.966548
NLY,2024-05-03,19.35,Q2'24,Q1'24,19.73,0.98074
NLY,2024-05-06,19.62,Q2'24,Q1'24,19.73,0.994425
NLY,2024-05-07,19.64,Q2'24,Q1'24,19.73,0.995438
NLY,2024-05-08,19.68,Q2'24,Q1'24,19.73,0.997466
NLY,2024-05-09,19.84,Q2'24,Q1'24,19.73,1.005575
NLY,2024-05-10,19.97,Q2'24,Q1'24,19.73,1.012164
NLY,2024-05-13,19.94,Q2'24,Q1'24,19.73,1.010644
NLY,2024-05-14,20.16,Q2'24,Q1'24,19.73,1.021794
NLY,2024-05-15,20.39,Q2'24,Q1'24,19.73,1.033452
NLY,2024-05-16,20.32,Q2'24,Q1'24,19.73,1.029904
NLY,2024-05-17,20.35,Q2'24,Q1'24,19.73,1.031424
NLY,2024-05-20,20.12,Q2'24,Q1'24,19.73,1.019767
NLY,2024-05-21,20.17,Q2'24,Q1'24,19.73,1.022301
NLY,2024-05-22,19.89,Q2'24,Q1'24,19.73,1.008109
NLY,2024-05-23,19.32,Q2'24,Q1'24,19.73,0.979219
NLY,2024-05-24,19.48,Q2'24,Q1'24,19.73,0.987329
NLY,2024-05-28,19.34,Q2'24,Q1'24,19.73,0.980233
NLY,2024-05-29,19.22,Q2'24,Q1'24,19.73,0.974151
NLY,2024-05-30,19.44,Q2'24,Q1'24,19.73,0.985302
NLY,2024-05-31,19.7,Q2'24,Q1'24,19.73,0.99848
NLY,2024-06-03,19.92,Q2'24,Q1'24,19.73,1.00963
NLY,2024-06-04,19.78,Q2'24,Q1'24,19.73,1.002534
NLY,2024-06-05,19.99,Q2'24,Q1'24,19.73,1.013178
NLY,2024-06-06,19.91,Q2'24,Q1'24,19.73,1.009123
NLY,2024-06-07,19.74,Q2'24,Q1'24,19.73,1.000507
NLY,2024-06-10,19.65,Q2'24,Q1'24,19.73,0.995945
NLY,2024-06-11,19.45,Q2'24,Q1'24,19.73,0.985808
NLY,2024-06-12,19.88,Q2'24,Q1'24,19.73,1.007603
NLY,2024-06-13,20.15,Q2'24,Q1'24,19.73,1.021287
NLY,2024-06-14,20.22,Q2'24,Q1'24,19.73,1.024835
NLY,2024-06-17,20.11,Q2'24,Q1'24,19.73,1.01926
NLY,2024-06-18,19.92,Q2'24,Q1'24,19.73,1.00963
NLY,2024-06-20,19.94,Q2'24,Q1'24,19.73,1.010644
NLY,2024-06-21,19.99,Q2'24,Q1'24,19.73,1.013178
NLY,2024-06-24,20.17,Q2'24,Q1'24,19.73,1.022301
NLY,2024-06-25,20.05,Q2'24,Q1'24,19.73,1.016219
NLY,2024-06-26,19.92,Q2'24,Q1'24,19.73,1.00963
NLY,2024-06-27,19.68,Q2'24,Q1'24,19.73,0.997466
NLY,2024-06-28,19.06,Q2'24,Q1'24,19.73,0.966042
NLY,2024-07-01,18.66,Q3'24,Q2'24,19.25,0.969351
NLY,2024-07-02,18.95,Q3'24,Q2'24,19.25,0.984416
NLY,2024-07-03,18.95,Q3'24,Q2'24,19.25,0.984416
NLY,2024-07-05,19.01,Q3'24,Q2'24,19.25,0.987532
NLY,2024-07-08,18.99,Q3'24,Q2'24,19.25,0.986493
NLY,2024-07-09,19.02,Q3'24,Q2'24,19.25,0.988052
NLY,2024-07-10,19.38,Q3'24,Q2'24,19.25,1.006753
NLY,2024-07-11,19.93,Q3'24,Q2'24,19.25,1.035325
NLY,2024-07-12,20.42,Q3'24,Q2'24,19.25,1.060779
NLY,2024-07-15,20.38,Q3'24,Q2'24,19.25,1.058701
NLY,2024-07-16,20.73,Q3'24,Q2'24,19.25,1.076883
NLY,2024-07-17,20.42,Q3'24,Q2'24,19.25,1.060779
NLY,2024-07-18,20.14,Q3'24,Q2'24,19.25,1.046234
NLY,2024-07-19,20.07,Q3'24,Q2'24,19.25,1.042597
NLY,2024-07-22,20.22,Q3'24,Q2'24,19.25,1.05039
NLY,2024-07-23,20.32,Q3'24,Q2'24,19.25,1.055584
NLY,2024-07-24,19.9,Q3'24,Q2'24,19.25,1.033766
NLY,2024-07-25,19.64,Q3'24,Q2'24,19.25,1.02026
NLY,2024-07-26,19.86,Q3'24,Q2'24,19.25,1.031688
NLY,2024-07-29,19.97,Q3'24,Q2'24,19.25,1.037403
NLY,2024-07-30,20.11,Q3'24,Q2'24,19.25,1.044675
NLY,2024-07-31,19.91,Q3'24,Q2'24,19.25,1.034286
NLY,2024-08-01,19.88,Q3'24,Q2'24,19.25,1.032727
NLY,2024-08-02,19.76,Q3'24,Q2'24,19.25,1.026494
NLY,2024-08-05,19.23,Q3'24,Q2'24,19.25,0.998961
NLY,2024-08-06,19.76,Q3'24,Q2'24,19.25,1.026494
NLY,2024-08-07,19.74,Q3'24,Q2'24,19.25,1.025455
NLY,2024-08-08,20.02,Q3'24,Q2'24,19.25,1.04
NLY,2024-08-09,20.02,Q3'24,Q2'24,19.25,1.04
NLY,2024-08-12,19.74,Q3'24,Q2'24,19.25,1.025455
NLY,2024-08-13,19.83,Q3'24,Q2'24,19.25,1.03013
NLY,2024-08-14,19.88,Q3'24,Q2'24,19.25,1.032727
NLY,2024-08-15,19.96,Q3'24,Q2'24,19.25,1.036883
NLY,2024-08-16,20.11,Q3'24,Q2'24,19.25,1.044675
NLY,2024-08-19,20.31,Q3'24,Q2'24,19.25,1.055065
NLY,2024-08-20,20.15,Q3'24,Q2'24,19.25,1.046753
NLY,2024-08-21,20.06,Q3'24,Q2'24,19.25,1.042078
NLY,2024-08-22,19.88,Q3'24,Q2'24,19.25,1.032727
NLY,2024-08-23,20.01,Q3'24,Q2'24,19.25,1.039481
NLY,2024-08-26,20.13,Q3'24,Q2'24,19.25,1.045714
NLY,2024-08-27,19.95,Q3'24,Q2'24,19.25,1.036364
NLY,2024-08-28,19.99,Q3'24,Q2'24,19.25,1.038442
NLY,2024-08-29,20.05,Q3'24,Q2'24,19.25,1.041558
NLY,2024-08-30,20.16,Q3'24,Q2'24,19.25,1.047273
NLY,2024-09-03,20.1,Q3'24,Q2'24,19.25,1.044156
NLY,2024-09-04,20.0,Q3'24,Q2'24,19.25,1.038961
NLY,2024-09-05,20.14,Q3'24,Q2'24,19.25,1.046234
NLY,2024-09-06,20.17,Q3'24,Q2'24,19.25,1.047792
NLY,2024-09-09,20.22,Q3'24,Q2'24,19.25,1.05039
NLY,2024-09-10,20.3,Q3'24,Q2'24,19.25,1.054545
NLY,2024-09-11,20.22,Q3'24,Q2'24,19.25,1.05039
NLY,2024-09-12,20.32,Q3'24,Q2'24,19.25,1.055584
NLY,2024-09-13,20.45,Q3'24,Q2'24,19.25,1.062338
NLY,2024-09-16,20.84,Q3'24,Q2'24,19.25,1.082597
NLY,2024-09-17,20.71,Q3'24,Q2'24,19.25,1.075844
NLY,2024-09-18,20.82,Q3'24,Q2'24,19.25,1.081558
NLY,2024-09-19,20.8,Q3'24,Q2'24,19.25,1.080519
NLY,2024-09-20,20.88,Q3'24,Q2'24,19.25,1.084675
NLY,2024-09-23,20.31,Q3'24,Q2'24,19.25,1.055065
NLY,2024-09-24,20.57,Q3'24,Q2'24,19.25,1.068571
NLY,2024-09-25,20.3,Q3'24,Q2'24,19.25,1.054545
NLY,2024-09-26,20.4,Q3'24,Q2'24,19.25,1.05974
NLY,2024-09-27,20.66,Q3'24,Q2'24,19.25,1.073247
NLY,2024-09-30,20.07,Q3'24,Q2'24,19.25,1.042597
NLY,2024-10-01,19.65,Q4'24,Q3'24,19.54,1.005629
NLY,2024-10-02,19.59,Q4'24,Q3'24,19.54,1.002559
NLY,2024-10-03,19.67,Q4'24,Q3'24,19.54,1.006653
NLY,2024-10-04,19.63,Q4'24,Q3'24,19.54,1.004606
NLY,2024-10-07,19.36,Q4'24,Q3'24,19.54,0.990788
NLY,2024-10-08,19.67,Q4'24,Q3'24,19.54,1.006653
NLY,2024-10-09,19.67,Q4'24,Q3'24,19.54,1.006653
NLY,2024-10-10,19.82,Q4'24,Q3'24,19.54,1.01433
NLY,2024-10-11,19.63,Q4'24,Q3'24,19.54,1.004606
NLY,2024-10-14,19.77,Q4'24,Q3'24,19.54,1.011771
NLY,2024-10-15,19.96,Q4'24,Q3'24,19.54,1.021494
NLY,2024-10-16,20.16,Q4'24,Q3'24,19.54,1.03173
NLY,2024-10-17,20.15,Q4'24,Q3'24,19.54,1.031218
NLY,2024-10-18,20.28,Q4'24,Q3'24,19.54,1.037871
NLY,2024-10-21,19.86,Q4'24,Q3'24,19.54,1.016377
NLY,2024-10-22,19.64,Q4'24,Q3'24,19.54,1.005118
NLY,2024-10-23,19.55,Q4'24,Q3'24,19.54,1.000512
NLY,2024-10-24,19.7,Q4'24,Q3'24,19.54,1.008188
NLY,2024-10-25,19.49,Q4'24,Q3'24,19.54,0.997441
NLY,2024-10-28,19.18,Q4'24,Q3'24,19.54,0.981576
NLY,2024-10-29,19.18,Q4'24,Q3'24,19.54,0.981576
NLY,2024-10-30,19.33,Q4'24,Q3'24,19.54,0.989253
NLY,2024-10-31,19.01,Q4'24,Q3'24,19.54,0.972876
NLY,2024-11-01,18.96,Q4'24,Q3'24,19.54,0.970317
NLY,2024-11-04,19.04,Q4'24,Q3'24,19.54,0.974412
NLY,2024-11-05,19.27,Q4'24,Q3'24,19.54,0.986182
NLY,2024-11-06,19.05,Q4'24,Q3'24,19.54,0.974923
NLY,2024-11-07,19.47,Q4'24,Q3'24,19.54,0.996418
NLY,2024-11-08,19.83,Q4'24,Q3'24,19.54,1.014841
NLY,2024-11-11,19.83,Q4'24,Q3'24,19.54,1.014841
NLY,2024-11-12,19.48,Q4'24,Q3'24,19.54,0.996929
NLY,2024-11-13,19.62,Q4'24,Q3'24,19.54,1.004094
NLY,2024-11-14,19.59,Q4'24,Q3'24,19.54,1.002559
NLY,2024-11-15,19.69,Q4'24,Q3'24,19.54,1.007677
NLY,2024-11-18,19.72,Q4'24,Q3'24,19.54,1.009212
NLY,2024-11-19,19.75,Q4'24,Q3'24,19.54,1.010747
NLY,2024-11-20,19.47,Q4'24,Q3'24,19.54,0.996418
NLY,2024-11-21,19.78,Q4'24,Q3'24,19.54,1.012283
NLY,2024-11-22,19.81,Q4'24,Q3'24,19.54,1.013818
NLY,2024-11-25,19.89,Q4'24,Q3'24,19.54,1.017912
NLY,2024-11-26,19.71,Q4'24,Q3'24,19.54,1.0087
NLY,2024-11-27,19.82,Q4'24,Q3'24,19.54,1.01433
NLY,2024-11-29,19.93,Q4'24,Q3'24,19.54,1.019959
NLY,2024-12-02,19.92,Q4'24,Q3'24,19.54,1.019447
NLY,2024-12-03,19.74,Q4'24,Q3'24,19.54,1.010235
NLY,2024-12-04,19.63,Q4'24,Q3'24,19.54,1.004606
NLY,2024-12-05,19.6,Q4'24,Q3'24,19.54,1.003071
NLY,2024-12-06,19.84,Q4'24,Q3'24,19.54,1.015353
NLY,2024-12-09,19.89,Q4'24,Q3'24,19.54,1.017912
NLY,2024-12-10,19.81,Q4'24,Q3'24,19.54,1.013818
NLY,2024-12-11,19.76,Q4'24,Q3'24,19.54,1.011259
NLY,2024-12-12,19.76,Q4'24,Q3'24,19.54,1.011259
NLY,2024-12-13,19.78,Q4'24,Q3'24,19.54,1.012283
NLY,2024-12-16,19.76,Q4'24,Q3'24,19.54,1.011259
NLY,2024-12-17,19.48,Q4'24,Q3'24,19.54,0.996929
NLY,2024-12-18,18.84,Q4'24,Q3'24,19.54,0.964176
NLY,2024-12-19,18.77,Q4'24,Q3'24,19.54,0.960594
NLY,2024-12-20,19.02,Q4'24,Q3'24,19.54,0.973388
NLY,2024-12-23,18.94,Q4'24,Q3'24,19.54,0.969294
NLY,2024-12-24,19.14,Q4'24,Q3'24,19.54,0.979529
NLY,2024-12-26,18.98,Q4'24,Q3'24,19.54,0.971341
NLY,2024-12-27,18.94,Q4'24,Q3'24,19.54,0.969294
NLY,2024-12-30,18.71,Q4'24,Q3'24,19.54,0.957523
NLY,2024-12-31,18.3,Q4'24,Q3'24,19.54,0.93654
NLY,2025-01-02,18.38,Q1'25,Q4'24,19.15,0.959791
NLY,2025-01-03,18.98,Q1'25,Q4'24,19.15,0.991123
NLY,2025-01-06,18.8,Q1'25,Q4'24,19.15,0.981723
NLY,2025-01-07,18.64,Q1'25,Q4'24,19.15,0.973368
NLY,2025-01-08,18.51,Q1'25,Q4'24,19.15,0.96658
NLY,2025-01-10,18.14,Q1'25,Q4'24,19.15,0.947258
NLY,2025-01-13,18.12,Q1'25,Q4'24,19.15,0.946214
NLY,2025-01-14,18.39,Q1'25,Q4'24,19.15,0.960313
NLY,2025-01-15,18.73,Q1'25,Q4'24,19.15,0.978068
NLY,2025-01-16,19.16,Q1'25,Q4'24,19.15,1.000522
NLY,2025-01-17,19.32,Q1'25,Q4'24,19.15,1.008877
NLY,2025-01-21,19.49,Q1'25,Q4'24,19.15,1.017755
NLY,2025-01-22,19.35,Q1'25,Q4'24,19.15,1.010444
NLY,2025-01-23,19.35,Q1'25,Q4'24,19.15,1.010444
NLY,2025-01-24,19.48,Q1'25,Q4'24,19.15,1.017232
NLY,2025-01-27,19.84,Q1'25,Q4'24,19.15,1.036031
NLY,2025-01-28,19.9,Q1'25,Q4'24,19.15,1.039164
NLY,2025-01-29,19.76,Q1'25,Q4'24,19.15,1.031854
NLY,2025-01-30,20.47,Q1'25,Q4'24,19.15,1.068929
NLY,2025-01-31,20.41,Q1'25,Q4'24,19.15,1.065796
NLY,2025-02-03,20.21,Q1'25,Q4'24,19.15,1.055352
NLY,2025-02-04,20.5,Q1'25,Q4'24,19.15,1.070496
NLY,2025-02-05,20.54,Q1'25,Q4'24,19.15,1.072585
NLY,2025-02-06,20.69,Q1'25,Q4'24,19.15,1.080418
NLY,2025-02-07,20.53,Q1'25,Q4'24,19.15,1.072063
NLY,2025-02-10,20.69,Q1'25,Q4'24,19.15,1.080418
NLY,2025-02-11,20.76,Q1'25,Q4'24,19.15,1.084073
NLY,2025-02-12,20.7,Q1'25,Q4'24,19.15,1.08094
NLY,2025-02-13,20.93,Q1'25,Q4'24,19.15,1.09295
NLY,2025-02-14,21.23,Q1'25,Q4'24,19.15,1.108616
NLY,2025-02-18,21.41,Q1'25,Q4'24,19.15,1.118016
NLY,2025-02-19,21.55,Q1'25,Q4'24,19.15,1.125326
NLY,2025-02-20,21.73,Q1'25,Q4'24,19.15,1.134726
NLY,2025-02-21,21.63,Q1'25,Q4'24,19.15,1.129504
NLY,2025-02-24,21.58,Q1'25,Q4'24,19.15,1.126893
NLY,2025-02-25,21.66,Q1'25,Q4'24,19.15,1.13107
NLY,2025-02-26,21.88,Q1'25,Q4'24,19.15,1.142559
NLY,2025-02-27,21.73,Q1'25,Q4'24,19.15,1.134726
NLY,2025-02-28,21.96,Q1'25,Q4'24,19.15,1.146736
NLY,2025-03-03,21.64,Q1'25,Q4'24,19.15,1.130026
NLY,2025-03-04,21.41,Q1'25,Q4'24,19.15,1.118016
NLY,2025-03-05,21.69,Q1'25,Q4'24,19.15,1.132637
NLY,2025-03-06,21.31,Q1'25,Q4'24,19.15,1.112794
NLY,2025-03-07,21.85,Q1'25,Q4'24,19.15,1.140992
NLY,2025-03-10,21.67,Q1'25,Q4'24,19.15,1.131593
NLY,2025-03-11,20.97,Q1'25,Q4'24,19.15,1.095039
NLY,2025-03-12,21.17,Q1'25,Q4'24,19.15,1.105483
NLY,2025-03-13,21.1,Q1'25,Q4'24,19.15,1.101828
NLY,2025-03-14,21.61,Q1'25,Q4'24,19.15,1.12846
NLY,2025-03-17,21.84,Q1'25,Q4'24,19.15,1.14047
NLY,2025-03-18,21.92,Q1'25,Q4'24,19.15,1.144648
NLY,2025-03-19,21.8,Q1'25,Q4'24,19.15,1.138381
NLY,2025-03-20,21.76,Q1'25,Q4'24,19.15,1.136292
NLY,2025-03-21,21.68,Q1'25,Q4'24,19.15,1.132115
NLY,2025-03-24,21.61,Q1'25,Q4'24,19.15,1.12846
NLY,2025-03-25,21.39,Q1'25,Q4'24,19.15,1.116971
NLY,2025-03-26,21.15,Q1'25,Q4'24,19.15,1.104439
NLY,2025-03-27,21.09,Q1'25,Q4'24,19.15,1.101305
NLY,2025-03-28,20.66,Q1'25,Q4'24,19.15,1.078851
NLY,2025-03-31,20.31,Q1'25,Q4'24,19.15,1.060574
NLY,2025-04-01,20.09,Q2'25,Q1'25,19.02,1.056257
NLY,2025-04-02,20.12,Q2'25,Q1'25,19.02,1.057834
NLY,2025-04-03,19.63,Q2'25,Q1'25,19.02,1.032071
NLY,2025-04-04,18.83,Q2'25,Q1'25,19.02,0.990011
NLY,2025-04-07,18.13,Q2'25,Q1'25,19.02,0.953207
NLY,2025-04-08,17.85,Q2'25,Q1'25,19.02,0.938486
NLY,2025-04-09,18.82,Q2'25,Q1'25,19.02,0.989485
NLY,2025-04-10,17.3,Q2'25,Q1'25,19.02,0.909569
NLY,2025-04-11,17.5,Q2'25,Q1'25,19.02,0.920084
NLY,2025-04-14,17.83,Q2'25,Q1'25,19.02,0.937434
NLY,2025-04-15,17.96,Q2'25,Q1'25,19.02,0.944269
NLY,2025-04-16,17.63,Q2'25,Q1'25,19.02,0.926919
NLY,2025-04-17,17.9,Q2'25,Q1'25,19.02,0.941115
NLY,2025-04-21,17.59,Q2'25,Q1'25,19.02,0.924816
NLY,2025-04-22,18.34,Q2'25,Q1'25,19.02,0.964248
NLY,2025-04-23,18.66,Q2'25,Q1'25,19.02,0.981073
NLY,2025-04-24,18.92,Q2'25,Q1'25,19.02,0.994742
NLY,2025-04-25,19.21,Q2'25,Q1'25,19.02,1.009989
NLY,2025-04-28,19.49,Q2'25,Q1'25,19.02,1.024711
NLY,2025-04-29,19.62,Q2'25,Q1'25,19.02,1.031546
NLY,2025-04-30,19.6,Q2'25,Q1'25,19.02,1.030494
NLY,2025-05-01,19.42,Q2'25,Q1'25,19.02,1.02103
NLY,2025-05-02,19.32,Q2'25,Q1'25,19.02,1.015773
NLY,2025-05-05,19.26,Q2'25,Q1'25,19.02,1.012618
NLY,2025-05-06,19.02,Q2'25,Q1'25,19.02,1.0
NLY,2025-05-07,19.13,Q2'25,Q1'25,19.02,1.005783
NLY,2025-05-08,19.28,Q2'25,Q1'25,19.02,1.01367
NLY,2025-05-09,19.23,Q2'25,Q1'25,19.02,1.011041
NLY,2025-05-12,19.49,Q2'25,Q1'25,19.02,1.024711
NLY,2025-05-13,19.56,Q2'25,Q1'25,19.02,1.028391
NLY,2025-05-14,19.53,Q2'25,Q1'25,19.02,1.026814
NLY,2025-05-15,19.71,Q2'25,Q1'25,19.02,1.036278
NLY,2025-05-16,19.87,Q2'25,Q1'25,19.02,1.04469
NLY,2025-05-19,19.77,Q2'25,Q1'25,19.02,1.039432
NLY,2025-05-20,19.69,Q2'25,Q1'25,19.02,1.035226
NLY,2025-05-21,18.78,Q2'25,Q1'25,19.02,0.987382
NLY,2025-05-22,18.73,Q2'25,Q1'25,19.02,0.984753
NLY,2025-05-23,18.79,Q2'25,Q1'25,19.02,0.987908
NLY,2025-05-27,19.0,Q2'25,Q1'25,19.02,0.998948
NLY,2025-05-28,19.08,Q2'25,Q1'25,19.02,1.003155
NLY,2025-05-29,19.18,Q2'25,Q1'25,19.02,1.008412
NLY,2025-05-30,18.95,Q2'25,Q1'25,19.02,0.99632
NLY,2025-06-02,18.69,Q2'25,Q1'25,19.02,0.98265
NLY,2025-06-03,18.93,Q2'25,Q1'25,19.02,0.995268
NLY,2025-06-04,18.99,Q2'25,Q1'25,19.02,0.998423
NLY,2025-06-05,18.88,Q2'25,Q1'25,19.02,0.992639
NLY,2025-06-06,19.06,Q2'25,Q1'25,19.02,1.002103
NLY,2025-06-09,19.19,Q2'25,Q1'25,19.02,1.008938
NLY,2025-06-10,19.37,Q2'25,Q1'25,19.02,1.018402
NLY,2025-06-11,19.32,Q2'25,Q1'25,19.02,1.015773
NLY,2025-06-12,19.48,Q2'25,Q1'25,19.02,1.024185
NLY,2025-06-13,19.18,Q2'25,Q1'25,19.02,1.008412
NLY,2025-06-16,19.22,Q2'25,Q1'25,19.02,1.010515
NLY,2025-06-17,19.03,Q2'25,Q1'25,19.02,1.000526
NLY,2025-06-18,19.18,Q2'25,Q1'25,19.02,1.008412
NLY,2025-06-20,19.13,Q2'25,Q1'25,19.02,1.005783
NLY,2025-06-23,19.14,Q2'25,Q1'25,19.02,1.006309
NLY,2025-06-24,19.36,Q2'25,Q1'25,19.02,1.017876
NLY,2025-06-25,19.24,Q2'25,Q1'25,19.02,1.011567
NLY,2025-06-26,19.46,Q2'25,Q1'25,19.02,1.023133
NLY,2025-06-27,19.41,Q2'25,Q1'25,19.02,1.020505
NLY,2025-06-30,18.82,Q2'25,Q1'25,19.02,0.989485
NLY,2025-07-01,19.04,Q3'25,Q2'25,18.45,1.031978
NLY,2025-07-02,19.32,Q3'25,Q2'25,18.45,1.047154
NLY,2025-07-03,19.49,Q3'25,Q2'25,18.45,1.056369
NLY,2025-07-07,19.32,Q3'25,Q2'25,18.45,1.047154
NLY,2025-07-08,19.51,Q3'25,Q2'25,18.45,1.057453
NLY,2025-07-09,19.72,Q3'25,Q2'25,18.45,1.068835
NLY,2025-07-10,19.81,Q3'25,Q2'25,18.45,1.073713
NLY,2025-07-11,19.72,Q3'25,Q2'25,18.45,1.068835
NLY,2025-07-14,19.65,Q3'25,Q2'25,18.45,1.065041
NLY,2025-07-15,19.47,Q3'25,Q2'25,18.45,1.055285
NLY,2025-07-16,19.69,Q3'25,Q2'25,18.45,1.067209
NLY,2025-07-17,19.72,Q3'25,Q2'25,18.45,1.068835
NLY,2025-07-18,19.87,Q3'25,Q2'25,18.45,1.076965
NLY,2025-07-21,19.96,Q3'25,Q2'25,18.45,1.081843
NLY,2025-07-22,20.4,Q3'25,Q2'25,18.45,1.105691
NLY,2025-07-23,20.45,Q3'25,Q2'25,18.45,1.108401
NLY,2025-07-24,20.56,Q3'25,Q2'25,18.45,1.114363
NLY,2025-07-25,20.86,Q3'25,Q2'25,18.45,1.130623
NLY,2025-07-28,20.68,Q3'25,Q2'25,18.45,1.120867
NLY,2025-07-29,20.82,Q3'25,Q2'25,18.45,1.128455
NLY,2025-07-30,20.57,Q3'25,Q2'25,18.45,1.114905
NLY,2025-07-31,20.33,Q3'25,Q2'25,18.45,1.101897
NLY,2025-08-01,20.51,Q3'25,Q2'25,18.45,1.111653
NLY,2025-08-04,20.91,Q3'25,Q2'25,18.45,1.133333
NLY,2025-08-05,20.79,Q3'25,Q2'25,18.45,1.126829
NLY,2025-08-06,20.58,Q3'25,Q2'25,18.45,1.115447
NLY,2025-08-07,20.58,Q3'25,Q2'25,18.45,1.115447
NLY,2025-08-08,20.6,Q3'25,Q2'25,18.45,1.116531
NLY,2025-08-11,20.41,Q3'25,Q2'25,18.45,1.106233
NLY,2025-08-12,20.6,Q3'25,Q2'25,18.45,1.116531
NLY,2025-08-13,20.86,Q3'25,Q2'25,18.45,1.130623
NLY,2025-08-14,20.83,Q3'25,Q2'25,18.45,1.128997
NLY,2025-08-15,20.83,Q3'25,Q2'25,18.45,1.128997
NLY,2025-08-18,20.65,Q3'25,Q2'25,18.45,1.119241
NLY,2025-08-19,20.74,Q3'25,Q2'25,18.45,1.124119
NLY,2025-08-20,20.91,Q3'25,Q2'25,18.45,1.133333
NLY,2025-08-21,20.54,Q3'25,Q2'25,18.45,1.113279
NLY,2025-08-22,21.13,Q3'25,Q2'25,18.45,1.145257
NLY,2025-08-25,21.05,Q3'25,Q2'25,18.45,1.140921
NLY,2025-08-26,21.08,Q3'25,Q2'25,18.45,1.142547
NLY,2025-08-27,20.97,Q3'25,Q2'25,18.45,1.136585
NLY,2025-08-28,20.99,Q3'25,Q2'25,18.45,1.137669
NLY,2025-08-29,21.19,Q3'25,Q2'25,18.45,1.14851
NLY,2025-09-02,21.05,Q3'25,Q2'25,18.45,1.140921
NLY,2025-09-03,21.49,Q3'25,Q2'25,18.45,1.16477
NLY,2025-09-04,21.8,Q3'25,Q2'25,18.45,1.181572
NLY,2025-09-05,22.09,Q3'25,Q2'25,18.45,1.19729
NLY,2025-09-08,22.16,Q3'25,Q2'25,18.45,1.201084
NLY,2025-09-09,22.27,Q3'25,Q2'25,18.45,1.207046
NLY,2025-09-10,22.1,Q3'25,Q2'25,18.45,1.197832
NLY,2025-09-11,22.15,Q3'25,Q2'25,18.45,1.200542
NLY,2025-09-12,22.0,Q3'25,Q2'25,18.45,1.192412
NLY,2025-09-15,22.07,Q3'25,Q2'25,18.45,1.196206
NLY,2025-09-16,21.84,Q3'25,Q2'25,18.45,1.18374
NLY,2025-09-17,21.9,Q3'25,Q2'25,18.45,1.186992
NLY,2025-09-18,21.7,Q3'25,Q2'25,18.45,1.176152
NLY,2025-09-19,21.35,Q3'25,Q2'25,18.45,1.157182
NLY,2025-09-22,20.87,Q3'25,Q2'25,18.45,1.131165
NLY,2025-09-23,20.96,Q3'25,Q2'25,18.45,1.136043
NLY,2025-09-24,20.8,Q3'25,Q2'25,18.45,1.127371
NLY,2025-09-25,20.82,Q3'25,Q2'25,18.45,1.128455
NLY,2025-09-26,21.04,Q3'25,Q2'25,18.45,1.140379
NLY,2025-09-29,20.92,Q3'25,Q2'25,18.45,1.133875
NLY,2025-09-30,20.21,Q3'25,Q2'25,18.45,1.095393
NLY,2025-10-01,20.63,Q4'25,Q3'25,19.25,1.071688
NLY,2025-10-02,20.7,Q4'25,Q3'25,19.25,1.075325
NLY,2025-10-03,20.76,Q4'25,Q3'25,19.25,1.078442
NLY,2025-10-06,20.45,Q4'25,Q3'25,19.25,1.062338
NLY,2025-10-07,20.6,Q4'25,Q3'25,19.25,1.07013
NLY,2025-10-08,20.95,Q4'25,Q3'25,19.25,1.088312
NLY,2025-10-09,20.89,Q4'25,Q3'25,19.25,1.085195
NLY,2025-10-10,20.53,Q4'25,Q3'25,19.25,1.066494
NLY,2025-10-13,20.8,Q4'25,Q3'25,19.25,1.080519
NLY,2025-10-14,20.72,Q4'25,Q3'25,19.25,1.076364
NLY,2025-10-15,20.8,Q4'25,Q3'25,19.25,1.080519
NLY,2025-10-16,20.51,Q4'25,Q3'25,19.25,1.065455
NLY,2025-10-17,20.8,Q4'25,Q3'25,19.25,1.080519
NLY,2025-10-20,21.11,Q4'25,Q3'25,19.25,1.096623
NLY,2025-10-21,21.05,Q4'25,Q3'25,19.25,1.093506
NLY,2025-10-22,21.3,Q4'25,Q3'25,19.25,1.106493
NLY,2025-10-23,20.89,Q4'25,Q3'25,19.25,1.085195
NLY,2025-10-24,20.95,Q4'25,Q3'25,19.25,1.088312
NLY,2025-10-27,21.16,Q4'25,Q3'25,19.25,1.099221
NLY,2025-10-28,21.06,Q4'25,Q3'25,19.25,1.094026
NLY,2025-10-29,20.66,Q4'25,Q3'25,19.25,1.073247
NLY,2025-10-30,20.74,Q4'25,Q3'25,19.25,1.077403
NLY,2025-10-31,21.17,Q4'25,Q3'25,19.25,1.09974
NLY,2025-11-03,21.3,Q4'25,Q3'25,19.25,1.106493
NLY,2025-11-04,21.51,Q4'25,Q3'25,19.25,1.117403
NLY,2025-11-05,21.7,Q4'25,Q3'25,19.25,1.127273
NLY,2025-11-06,21.61,Q4'25,Q3'25,19.25,1.122597
NLY,2025-11-07,21.9,Q4'25,Q3'25,19.25,1.137662
NLY,2025-11-10,21.7,Q4'25,Q3'25,19.25,1.127273
NLY,2025-11-11,22.0,Q4'25,Q3'25,19.25,1.142857
NLY,2025-11-12,21.8,Q4'25,Q3'25,19.25,1.132467
NLY,2025-11-13,21.78,Q4'25,Q3'25,19.25,1.131429
NLY,2025-11-14,21.65,Q4'25,Q3'25,19.25,1.124675
NLY,2025-11-17,21.5,Q4'25,Q3'25,19.25,1.116883
NLY,2025-11-18,21.56,Q4'25,Q3'25,19.25,1.12
NLY,2025-11-19,21.6,Q4'25,Q3'25,19.25,1.122078
NLY,2025-11-20,21.62,Q4'25,Q3'25,19.25,1.123117
NLY,2025-11-21,21.99,Q4'25,Q3'25,19.25,1.142338
NLY,2025-11-24,21.92,Q4'25,Q3'25,19.25,1.138701
NLY,2025-11-25,22.44,Q4'25,Q3'25,19.25,1.165714
NLY,2025-11-26,22.67,Q4'25,Q3'25,19.25,1.177662
NLY,2025-11-28,22.8,Q4'25,Q3'25,19.25,1.184416
NLY,2025-12-01,22.88,Q4'25,Q3'25,19.25,1.188571
NLY,2025-12-02,22.81,Q4'25,Q3'25,19.25,1.184935
NLY,2025-12-03,22.82,Q4'25,Q3'25,19.25,1.185455
NLY,2025-12-04,22.77,Q4'25,Q3'25,19.25,1.182857
NLY,2025-12-05,22.87,Q4'25,Q3'25,19.25,1.188052
NLY,2025-12-08,22.62,Q4'25,Q3'25,19.25,1.175065
NLY,2025-12-09,22.29,Q4'25,Q3'25,19.25,1.157922
NLY,2025-12-10,22.39,Q4'25,Q3'25,19.25,1.163117
NLY,2025-12-11,22.23,Q4'25,Q3'25,19.25,1.154805
NLY,2025-12-12,22.17,Q4'25,Q3'25,19.25,1.151688
NLY,2025-12-15,22.36,Q4'25,Q3'25,19.25,1.161558
NLY,2025-12-16,22.12,Q4'25,Q3'25,19.25,1.149091
NLY,2025-12-17,22.42,Q4'25,Q3'25,19.25,1.164675
NLY,2025-12-18,22.6,Q4'25,Q3'25,19.25,1.174026
NLY,2025-12-19,22.7,Q4'25,Q3'25,19.25,1.179221
NLY,2025-12-22,23.26,Q4'25,Q3'25,19.25,1.208312
NLY,2025-12-23,22.94,Q4'25,Q3'25,19.25,1.191688
NLY,2025-12-24,23.23,Q4'25,Q3'25,19.25,1.206753
NLY,2025-12-26,23.14,Q4'25,Q3'25,19.25,1.202078
NLY,2025-12-29,23.01,Q4'25,Q3'25,19.25,1.195325
NLY,2025-12-30,23.03,Q4'25,Q3'25,19.25,1.196364
NLY,2025-12-31,22.36,Q4'25,Q3'25,19.25,1.161558
NLY,2026-01-02,22.9,Q1'26,Q4'25,20.21,1.133102
NLY,2026-01-05,22.77,Q1'26,Q4'25,20.21,1.12667
NLY,2026-01-06,23.23,Q1'26,Q4'25,20.21,1.149431
NLY,2026-01-07,23.04,Q1'26,Q4'25,20.21,1.14003
NLY,2026-01-08,23.26,Q1'26,Q4'25,20.21,1.150915
NLY,2026-01-09,23.3,Q1'26,Q4'25,20.21,1.152895
NLY,2026-01-12,23.19,Q1'26,Q4'25,20.21,1.147452
NLY,2026-01-13,23.18,Q1'26,Q4'25,20.21,1.146957
NLY,2026-01-14,23.33,Q1'26,Q4'25,20.21,1.154379
NLY,2026-01-15,23.83,Q1'26,Q4'25,20.21,1.179119
NLY,2026-01-16,24.4,Q1'26,Q4'25,20.21,1.207323
NLY,2026-01-20,23.72,Q1'26,Q4'25,20.21,1.173676
NLY,2026-01-21,23.84,Q1'26,Q4'25,20.21,1.179614
NLY,2026-01-22,23.86,Q1'26,Q4'25,20.21,1.180604
NLY,2026-01-23,23.88,Q1'26,Q4'25,20.21,1.181593
NLY,2026-01-26,23.87,Q1'26,Q4'25,20.21,1.181099
NLY,2026-01-27,24.36,Q1'26,Q4'25,20.21,1.205344
NLY,2026-01-28,24.25,Q1'26,Q4'25,20.21,1.199901
NLY,2026-01-29,24.0,Q1'26,Q4'25,20.21,1.187531
NLY,2026-01-30,23.01,Q1'26,Q4'25,20.21,1.138545
NLY,2026-02-02,22.54,Q1'26,Q4'25,20.21,1.11529
NLY,2026-02-03,22.83,Q1'26,Q4'25,20.21,1.129639
NLY,2026-02-04,23.05,Q1'26,Q4'25,20.21,1.140524
NLY,2026-02-05,22.98,Q1'26,Q4'25,20.21,1.137061
NLY,2026-02-06,22.85,Q1'26,Q4'25,20.21,1.130628
NLY,2026-02-09,22.63,Q1'26,Q4'25,20.21,1.119743
NLY,2026-02-10,22.63,Q1'26,Q4'25,20.21,1.119743
NLY,2026-02-11,22.81,Q1'26,Q4'25,20.21,1.128649
NLY,2026-02-12,22.93,Q1'26,Q4'25,20.21,1.134587
NLY,2026-02-13,23.07,Q1'26,Q4'25,20.21,1.141514
NLY,2026-02-17,22.98,Q1'26,Q4'25,20.21,1.137061
NLY,2026-02-18,23.0,Q1'26,Q4'25,20.21,1.13805
NLY,2026-02-19,22.98,Q1'26,Q4'25,20.21,1.137061
NLY,2026-02-20,23.02,Q1'26,Q4'25,20.21,1.13904
NLY,2026-02-23,22.82,Q1'26,Q4'25,20.21,1.129144
NLY,2026-02-24,23.02,Q1'26,Q4'25,20.21,1.13904
NLY,2026-02-25,23.01,Q1'26,Q4'25,20.21,1.138545
NLY,2026-02-26,23.28,Q1'26,Q4'25,20.21,1.151905
NLY,2026-02-27,23.24,Q1'26,Q4'25,20.21,1.149926
NLY,2026-03-02,23.21,Q1'26,Q4'25,20.21,1.148441
NLY,2026-03-03,23.04,Q1'26,Q4'25,20.21,1.14003
NLY,2026-03-04,22.95,Q1'26,Q4'25,20.21,1.135576
NLY,2026-03-05,22.97,Q1'26,Q4'25,20.21,1.136566
NLY,2026-03-06,22.41,Q1'26,Q4'25,20.21,1.108857
NLY,2026-03-09,22.19,Q1'26,Q4'25,20.21,1.097971
NLY,2026-03-10,22.5,Q1'26,Q4'25,20.21,1.11331
NLY,2026-03-11,22.46,Q1'26,Q4'25,20.21,1.111331
NLY,2026-03-12,22.01,Q1'26,Q4'25,20.21,1.089065
NLY,2026-03-13,21.86,Q1'26,Q4'25,20.21,1.081643
NLY,2026-03-16,22.04,Q1'26,Q4'25,20.21,1.090549
NLY,2026-03-17,22.22,Q1'26,Q4'25,20.21,1.099456
NLY,2026-03-18,21.92,Q1'26,Q4'25,20.21,1.084612
NLY,2026-03-19,21.93,Q1'26,Q4'25,20.21,1.085106
NLY,2026-03-20,20.79,Q1'26,Q4'25,20.21,1.028699
NLY,2026-03-23,21.23,Q1'26,Q4'25,20.21,1.05047
NLY,2026-03-24,21.08,Q1'26,Q4'25,20.21,1.043048
NLY,2026-03-25,21.41,Q1'26,Q4'25,20.21,1.059377
NLY,2026-03-26,21.06,Q1'26,Q4'25,20.21,1.042058
NLY,2026-03-27,20.77,Q1'26,Q4'25,20.21,1.027709
NLY,2026-03-30,21.26,Q1'26,Q4'25,20.21,1.051954
NLY,2026-03-31,21.15,Q1'26,Q4'25,20.21,1.046512
NLY,2026-04-01,21.13,Q2'26,Q1'26,19.82,1.066095
NLY,2026-04-02,21.37,Q2'26,Q1'26,19.82,1.078204
NLY,2026-04-06,21.42,Q2'26,Q1'26,19.82,1.080727
NLY,2026-04-07,21.23,Q2'26,Q1'26,19.82,1.07114
NLY,2026-04-08,21.8,Q2'26,Q1'26,19.82,1.099899
NLY,2026-04-09,22.1,Q2'26,Q1'26,19.82,1.115035
NLY,2026-04-10,22.14,Q2'26,Q1'26,19.82,1.117053
NLY,2026-04-13,22.22,Q2'26,Q1'26,19.82,1.12109
NLY,2026-04-14,22.4,Q2'26,Q1'26,19.82,1.130172
NLY,2026-04-15,22.64,Q2'26,Q1'26,19.82,1.14228
NLY,2026-04-16,22.14,Q2'26,Q1'26,19.82,1.117053
NLY,2026-04-17,22.8,Q2'26,Q1'26,19.82,1.150353
NLY,2026-04-20,22.65,Q2'26,Q1'26,19.82,1.142785
NLY,2026-04-21,22.6,Q2'26,Q1'26,19.82,1.140262
NLY,2026-04-22,22.63,Q2'26,Q1'26,19.82,1.141776
NLY,2026-04-23,22.43,Q2'26,Q1'26,19.82,1.131685
NLY,2026-04-24,22.75,Q2'26,Q1'26,19.82,1.14783
NLY,2026-04-27,22.84,Q2'26,Q1'26,19.82,1.152371
NLY,2026-04-28,22.83,Q2'26,Q1'26,19.82,1.151867
NLY,2026-04-29,22.54,Q2'26,Q1'26,19.82,1.137235
NLY,2026-04-30,22.9,Q2'26,Q1'26,19.82,1.155399
NLY,2026-05-01,22.82,Q2'26,Q1'26,19.82,1.151362
NLY,2026-05-04,22.35,Q2'26,Q1'26,19.82,1.127649
NLY,2026-05-05,22.38,Q2'26,Q1'26,19.82,1.129162
NLY,2026-05-06,22.54,Q2'26,Q1'26,19.82,1.137235
NLY,2026-05-07,22.38,Q2'26,Q1'26,19.82,1.129162
NLY,2026-05-08,22.61,Q2'26,Q1'26,19.82,1.140767
NLY,2026-05-11,22.44,Q2'26,Q1'26,19.82,1.13219
NLY,2026-05-12,22.3,Q2'26,Q1'26,19.82,1.125126
NLY,2026-05-13,22.16,Q2'26,Q1'26,19.82,1.118063
NLY,2026-05-14,21.99,Q2'26,Q1'26,19.82,1.109485
NLY,2026-05-15,21.68,Q2'26,Q1'26,19.82,1.093845
NLY,2026-05-18,21.55,Q2'26,Q1'26,19.82,1.087286
NLY,2026-05-19,21.28,Q2'26,Q1'26,19.82,1.073663
NLY,2026-05-20,21.56,Q2'26,Q1'26,19.82,1.08779
NLY,2026-05-21,21.63,Q2'26,Q1'26,19.82,1.091322
NLY,2026-05-22,21.45,Q2'26,Q1'26,19.82,1.08224
NLY,2026-05-26,21.61,Q2'26,Q1'26,19.82,1.090313
NLY,2026-05-27,21.66,Q2'26,Q1'26,19.82,1.092836
NLY,2026-05-28,21.6,Q2'26,Q1'26,19.82,1.089808
NLY,2026-05-29,21.85,Q2'26,Q1'26,19.82,1.102422
NLY,2026-06-01,21.51,Q2'26,Q1'26,19.82,1.085267
NLY,2026-06-02,21.3,Q2'26,Q1'26,19.82,1.074672
NLY,2026-06-03,21.17,Q2'26,Q1'26,19.82,1.068113
NLY,2026-06-04,21.27,Q2'26,Q1'26,19.82,1.073158
NLY,2026-06-05,21.22,Q2'26,Q1'26,19.82,1.070636
NLY,2026-06-08,20.96,Q2'26,Q1'26,19.82,1.057518
NLY,2026-06-09,21.71,Q2'26,Q1'26,19.82,1.095358
NLY,2026-06-10,21.41,Q2'26,Q1'26,19.82,1.080222
NLY,2026-06-11,22.01,Q2'26,Q1'26,19.82,1.110494
NLY,2026-06-12,22.0,Q2'26,Q1'26,19.82,1.10999
NLY,2026-06-15,22.24,Q2'26,Q1'26,19.82,1.122099
NLY,2026-06-16,22.59,Q2'26,Q1'26,19.82,1.139758
NLY,2026-06-17,22.16,Q2'26,Q1'26,19.82,1.118063
NLY,2026-06-18,22.21,Q2'26,Q1'26,19.82,1.120585
NLY,2026-06-22,22.16,Q2'26,Q1'26,19.82,1.118063
NLY,2026-06-23,22.27,Q2'26,Q1'26,19.82,1.123613
NLY,2026-06-24,22.31,Q2'26,Q1'26,19.82,1.125631
NLY,2026-06-25,22.56,Q2'26,Q1'26,19.82,1.138244
NLY,2026-06-26,22.95,Q2'26,Q1'26,19.82,1.157921
NLY,2026-06-29,23.15,Q2'26,Q1'26,19.82,1.168012
NLY,2026-06-30,22.36,Q2'26,Q1'26,19.82,1.128153
NLY,2026-07-01,22.2,Q3'26,Q2'26,20.15,1.101737
NLY,2026-07-02,22.56,Q3'26,Q2'26,20.15,1.119603
NLY,2026-07-06,22.99,Q3'26,Q2'26,20.15,1.140943
NLY,2026-07-07,22.69,Q3'26,Q2'26,20.15,1.126055
NLY,2026-07-08,22.53,Q3'26,Q2'26,20.15,1.118114
NLY,2026-07-09,22.73,Q3'26,Q2'26,20.15,1.12804
NLY,2026-07-10,22.86,Q3'26,Q2'26,20.15,1.134491
NLY,2026-07-13,22.53,Q3'26,Q2'26,20.15,1.118114
NLY,2026-07-14,23.01,Q3'26,Q2'26,20.15,1.141935
NLY,2026-07-15,23.16,Q3'26,Q2'26,20.15,1.14938
NLY,2026-07-16,23.42,Q3'26,Q2'26,20.15,1.162283
NLY,2026-07-17,23.01,Q3'26,Q2'26,20.15,1.141935
NLY,2026-07-20,22.7,Q3'26,Q2'26,20.15,1.126551
NLY,2026-07-21,22.65,Q3'26,Q2'26,20.15,1.124069
NLY,2026-07-22,22.42,Q3'26,Q2'26,20.15,1.112655
NLY,2026-07-23,22.31,Q3'26,Q2'26,20.15,1.107196
NLY,2026-07-24,22.45,Q3'26,Q2'26,20.15,1.114144
NLY,2026-07-27,22.57,Q3'26,Q2'26,20.15,1.120099
NLY,2026-07-28,23.2,Q3'26,Q2'26,20.15,1.151365
NLY,2026-07-29,23.05,Q3'26,Q2'26,20.15,1.143921
NLY,2026-07-30,23.08,Q3'26,Q2'26,20.15,1.145409
NLY,2026-07-31,22.72,Q3'26,Q2'26,20.15,1.127543
NLY,2026-08-03,22.78,Q3'26,Q2'26,20.15,1.130521
NLY,2026-08-04,22.75,Q3'26,Q2'26,20.15,1.129032
NLY,2026-08-05,22.67,Q3'26,Q2'26,20.15,1.125062
NLY,2026-08-06,22.66,Q3'26,Q2'26,20.15,1.124566
NLY,2026-08-07,23.04,Q3'26,Q2'26,20.15,1.143424
NLY,2026-08-10,22.91,Q3'26,Q2'26,20.15,1.136973
NLY,2026-08-11,23.14,Q3'26,Q2'26,20.15,1.148387
NLY,2026-08-12,23.11,Q3'26,Q2'26,20.15,1.146898
NLY,2026-08-13,23.39,Q3'26,Q2'26,20.15,1.160794
NLY,2026-08-14,23.33,Q3'26,Q2'26,20.15,1.157816
NLY,2026-08-17,23.37,Q3'26,Q2'26,20.15,1.159802
NLY,2026-08-18,23.4,Q3'26,Q2'26,20.15,1.16129
NLY,2026-08-19,23.74,Q3'26,Q2'26,20.15,1.178164
ORC,2021-10-01,24.7,Q4'21,Q3'21,23.85,1.035639
ORC,2021-10-04,24.7,Q4'21,Q3'21,23.85,1.035639
ORC,2021-10-05,24.75,Q4'21,Q3'21,23.85,1.037736
ORC,2021-10-06,24.85,Q4'21,Q3'21,23.85,1.041929
ORC,2021-10-07,25.0,Q4'21,Q3'21,23.85,1.048218
ORC,2021-10-08,25.1,Q4'21,Q3'21,23.85,1.052411
ORC,2021-10-11,25.1,Q4'21,Q3'21,23.85,1.052411
ORC,2021-10-12,25.3,Q4'21,Q3'21,23.85,1.060797
ORC,2021-10-13,25.05,Q4'21,Q3'21,23.85,1.050314
ORC,2021-10-14,25.0,Q4'21,Q3'21,23.85,1.048218
ORC,2021-10-15,25.0,Q4'21,Q3'21,23.85,1.048218
ORC,2021-10-18,24.95,Q4'21,Q3'21,23.85,1.046122
ORC,2021-10-19,25.0,Q4'21,Q3'21,23.85,1.048218
ORC,2021-10-20,25.05,Q4'21,Q3'21,23.85,1.050314
ORC,2021-10-21,25.0,Q4'21,Q3'21,23.85,1.048218
ORC,2021-10-22,24.95,Q4'21,Q3'21,23.85,1.046122
ORC,2021-10-25,25.1,Q4'21,Q3'21,23.85,1.052411
ORC,2021-10-26,25.1,Q4'21,Q3'21,23.85,1.052411
ORC,2021-10-27,25.1,Q4'21,Q3'21,23.85,1.052411
ORC,2021-10-28,24.75,Q4'21,Q3'21,23.85,1.037736
ORC,2021-10-29,24.8,Q4'21,Q3'21,23.85,1.039832
ORC,2021-11-01,24.95,Q4'21,Q3'21,23.85,1.046122
ORC,2021-11-02,24.8,Q4'21,Q3'21,23.85,1.039832
ORC,2021-11-03,24.9,Q4'21,Q3'21,23.85,1.044025
ORC,2021-11-04,24.9,Q4'21,Q3'21,23.85,1.044025
ORC,2021-11-05,25.0,Q4'21,Q3'21,23.85,1.048218
ORC,2021-11-08,24.95,Q4'21,Q3'21,23.85,1.046122
ORC,2021-11-09,25.0,Q4'21,Q3'21,23.85,1.048218
ORC,2021-11-10,24.55,Q4'21,Q3'21,23.85,1.02935
ORC,2021-11-11,24.6,Q4'21,Q3'21,23.85,1.031447
ORC,2021-11-12,24.6,Q4'21,Q3'21,23.85,1.031447
ORC,2021-11-15,24.65,Q4'21,Q3'21,23.85,1.033543
ORC,2021-11-16,24.6,Q4'21,Q3'21,23.85,1.031447
ORC,2021-11-17,24.4,Q4'21,Q3'21,23.85,1.023061
ORC,2021-11-18,24.6,Q4'21,Q3'21,23.85,1.031447
ORC,2021-11-19,24.4,Q4'21,Q3'21,23.85,1.023061
ORC,2021-11-22,24.0,Q4'21,Q3'21,23.85,1.006289
ORC,2021-11-23,24.0,Q4'21,Q3'21,23.85,1.006289
ORC,2021-11-24,24.25,Q4'21,Q3'21,23.85,1.016771
ORC,2021-11-26,24.0,Q4'21,Q3'21,23.85,1.006289
ORC,2021-11-29,23.7,Q4'21,Q3'21,23.85,0.993711
ORC,2021-11-30,22.6,Q4'21,Q3'21,23.85,0.947589
ORC,2021-12-01,21.75,Q4'21,Q3'21,23.85,0.91195
ORC,2021-12-02,22.2,Q4'21,Q3'21,23.85,0.930818
ORC,2021-12-03,21.7,Q4'21,Q3'21,23.85,0.909853
ORC,2021-12-06,22.05,Q4'21,Q3'21,23.85,0.924528
ORC,2021-12-07,22.35,Q4'21,Q3'21,23.85,0.937107
ORC,2021-12-08,22.75,Q4'21,Q3'21,23.85,0.953878
ORC,2021-12-09,22.75,Q4'21,Q3'21,23.85,0.953878
ORC,2021-12-10,22.85,Q4'21,Q3'21,23.85,0.958071
ORC,2021-12-13,22.45,Q4'21,Q3'21,23.85,0.9413
ORC,2021-12-14,22.25,Q4'21,Q3'21,23.85,0.932914
ORC,2021-12-15,22.45,Q4'21,Q3'21,23.85,0.9413
ORC,2021-12-16,22.4,Q4'21,Q3'21,23.85,0.939203
ORC,2021-12-17,21.85,Q4'21,Q3'21,23.85,0.916143
ORC,2021-12-20,21.45,Q4'21,Q3'21,23.85,0.899371
ORC,2021-12-21,22.35,Q4'21,Q3'21,23.85,0.937107
ORC,2021-12-22,22.75,Q4'21,Q3'21,23.85,0.953878
ORC,2021-12-23,23.25,Q4'21,Q3'21,23.85,0.974843
ORC,2021-12-27,23.35,Q4'21,Q3'21,23.85,0.979036
ORC,2021-12-28,23.5,Q4'21,Q3'21,23.85,0.985325
ORC,2021-12-29,23.55,Q4'21,Q3'21,23.85,0.987421
ORC,2021-12-30,23.0,Q4'21,Q3'21,23.85,0.964361
ORC,2021-12-31,22.5,Q4'21,Q3'21,23.85,0.943396
ORC,2022-01-03,23.25,Q1'22,Q4'21,21.7,1.071429
ORC,2022-01-04,23.2,Q1'22,Q4'21,21.7,1.069124
ORC,2022-01-05,22.85,Q1'22,Q4'21,21.7,1.052995
ORC,2022-01-06,23.05,Q1'22,Q4'21,21.7,1.062212
ORC,2022-01-07,23.15,Q1'22,Q4'21,21.7,1.06682
ORC,2022-01-10,23.05,Q1'22,Q4'21,21.7,1.062212
ORC,2022-01-11,23.15,Q1'22,Q4'21,21.7,1.06682
ORC,2022-01-12,23.1,Q1'22,Q4'21,21.7,1.064516
ORC,2022-01-13,22.9,Q1'22,Q4'21,21.7,1.0553
ORC,2022-01-14,21.1,Q1'22,Q4'21,21.7,0.97235
ORC,2022-01-18,20.55,Q1'22,Q4'21,21.7,0.947005
ORC,2022-01-19,20.2,Q1'22,Q4'21,21.7,0.930876
ORC,2022-01-20,20.0,Q1'22,Q4'21,21.7,0.921659
ORC,2022-01-21,19.35,Q1'22,Q4'21,21.7,0.891705
ORC,2022-01-24,19.35,Q1'22,Q4'21,21.7,0.891705
ORC,2022-01-25,19.75,Q1'22,Q4'21,21.7,0.910138
ORC,2022-01-26,19.75,Q1'22,Q4'21,21.7,0.910138
ORC,2022-01-27,19.55,Q1'22,Q4'21,21.7,0.900922
ORC,2022-01-28,19.45,Q1'22,Q4'21,21.7,0.896313
ORC,2022-01-31,20.15,Q1'22,Q4'21,21.7,0.928571
ORC,2022-02-01,19.95,Q1'22,Q4'21,21.7,0.919355
ORC,2022-02-02,19.65,Q1'22,Q4'21,21.7,0.90553
ORC,2022-02-03,19.3,Q1'22,Q4'21,21.7,0.889401
ORC,2022-02-04,19.3,Q1'22,Q4'21,21.7,0.889401
ORC,2022-02-07,20.0,Q1'22,Q4'21,21.7,0.921659
ORC,2022-02-08,19.95,Q1'22,Q4'21,21.7,0.919355
ORC,2022-02-09,19.95,Q1'22,Q4'21,21.7,0.919355
ORC,2022-02-10,19.55,Q1'22,Q4'21,21.7,0.900922
ORC,2022-02-11,19.55,Q1'22,Q4'21,21.7,0.900922
ORC,2022-02-14,19.05,Q1'22,Q4'21,21.7,0.87788
ORC,2022-02-15,19.4,Q1'22,Q4'21,21.7,0.894009
ORC,2022-02-16,19.4,Q1'22,Q4'21,21.7,0.894009
ORC,2022-02-17,19.05,Q1'22,Q4'21,21.7,0.87788
ORC,2022-02-18,19.0,Q1'22,Q4'21,21.7,0.875576
ORC,2022-02-22,18.25,Q1'22,Q4'21,21.7,0.841014
ORC,2022-02-23,17.8,Q1'22,Q4'21,21.7,0.820276
ORC,2022-02-24,18.25,Q1'22,Q4'21,21.7,0.841014
ORC,2022-02-25,16.95,Q1'22,Q4'21,21.7,0.781106
ORC,2022-02-28,16.45,Q1'22,Q4'21,21.7,0.758065
ORC,2022-03-01,15.8,Q1'22,Q4'21,21.7,0.728111
ORC,2022-03-02,16.05,Q1'22,Q4'21,21.7,0.739631
ORC,2022-03-03,16.05,Q1'22,Q4'21,21.7,0.739631
ORC,2022-03-04,15.9,Q1'22,Q4'21,21.7,0.732719
ORC,2022-03-07,16.35,Q1'22,Q4'21,21.7,0.753456
ORC,2022-03-08,16.9,Q1'22,Q4'21,21.7,0.778802
ORC,2022-03-09,17.35,Q1'22,Q4'21,21.7,0.799539
ORC,2022-03-10,17.4,Q1'22,Q4'21,21.7,0.801843
ORC,2022-03-11,17.2,Q1'22,Q4'21,21.7,0.792627
ORC,2022-03-14,17.05,Q1'22,Q4'21,21.7,0.785714
ORC,2022-03-15,17.1,Q1'22,Q4'21,21.7,0.788018
ORC,2022-03-16,17.1,Q1'22,Q4'21,21.7,0.788018
ORC,2022-03-17,16.45,Q1'22,Q4'21,21.7,0.758065
ORC,2022-03-18,16.25,Q1'22,Q4'21,21.7,0.748848
ORC,2022-03-21,15.95,Q1'22,Q4'21,21.7,0.735023
ORC,2022-03-22,16.45,Q1'22,Q4'21,21.7,0.758065
ORC,2022-03-23,16.2,Q1'22,Q4'21,21.7,0.746544
ORC,2022-03-24,16.3,Q1'22,Q4'21,21.7,0.751152
ORC,2022-03-25,16.75,Q1'22,Q4'21,21.7,0.771889
ORC,2022-03-28,16.8,Q1'22,Q4'21,21.7,0.774194
ORC,2022-03-29,17.15,Q1'22,Q4'21,21.7,0.790323
ORC,2022-03-30,16.45,Q1'22,Q4'21,21.7,0.758065
ORC,2022-03-31,16.25,Q1'22,Q4'21,21.7,0.748848
ORC,2022-04-01,16.45,Q2'22,Q1'22,16.7,0.98503
ORC,2022-04-04,16.3,Q2'22,Q1'22,16.7,0.976048
ORC,2022-04-05,15.8,Q2'22,Q1'22,16.7,0.946108
ORC,2022-04-06,15.35,Q2'22,Q1'22,16.7,0.919162
ORC,2022-04-07,15.1,Q2'22,Q1'22,16.7,0.904192
ORC,2022-04-08,15.3,Q2'22,Q1'22,16.7,0.916168
ORC,2022-04-11,15.2,Q2'22,Q1'22,16.7,0.91018
ORC,2022-04-12,15.1,Q2'22,Q1'22,16.7,0.904192
ORC,2022-04-13,15.25,Q2'22,Q1'22,16.7,0.913174
ORC,2022-04-14,15.35,Q2'22,Q1'22,16.7,0.919162
ORC,2022-04-18,15.2,Q2'22,Q1'22,16.7,0.91018
ORC,2022-04-19,14.6,Q2'22,Q1'22,16.7,0.874252
ORC,2022-04-20,14.9,Q2'22,Q1'22,16.7,0.892216
ORC,2022-04-21,14.8,Q2'22,Q1'22,16.7,0.886228
ORC,2022-04-22,14.55,Q2'22,Q1'22,16.7,0.871257
ORC,2022-04-25,14.75,Q2'22,Q1'22,16.7,0.883234
ORC,2022-04-26,14.3,Q2'22,Q1'22,16.7,0.856287
ORC,2022-04-27,14.5,Q2'22,Q1'22,16.7,0.868263
ORC,2022-04-28,14.35,Q2'22,Q1'22,16.7,0.859281
ORC,2022-04-29,13.9,Q2'22,Q1'22,16.7,0.832335
ORC,2022-05-02,14.6,Q2'22,Q1'22,16.7,0.874252
ORC,2022-05-03,14.85,Q2'22,Q1'22,16.7,0.889222
ORC,2022-05-04,15.1,Q2'22,Q1'22,16.7,0.904192
ORC,2022-05-05,14.95,Q2'22,Q1'22,16.7,0.89521
ORC,2022-05-06,15.05,Q2'22,Q1'22,16.7,0.901198
ORC,2022-05-09,14.65,Q2'22,Q1'22,16.7,0.877245
ORC,2022-05-10,14.6,Q2'22,Q1'22,16.7,0.874252
ORC,2022-05-11,14.35,Q2'22,Q1'22,16.7,0.859281
ORC,2022-05-12,14.3,Q2'22,Q1'22,16.7,0.856287
ORC,2022-05-13,14.75,Q2'22,Q1'22,16.7,0.883234
ORC,2022-05-16,14.8,Q2'22,Q1'22,16.7,0.886228
ORC,2022-05-17,14.8,Q2'22,Q1'22,16.7,0.886228
ORC,2022-05-18,14.75,Q2'22,Q1'22,16.7,0.883234
ORC,2022-05-19,14.6,Q2'22,Q1'22,16.7,0.874252
ORC,2022-05-20,14.7,Q2'22,Q1'22,16.7,0.88024
ORC,2022-05-23,15.1,Q2'22,Q1'22,16.7,0.904192
ORC,2022-05-24,15.4,Q2'22,Q1'22,16.7,0.922156
ORC,2022-05-25,15.55,Q2'22,Q1'22,16.7,0.931138
ORC,2022-05-26,15.85,Q2'22,Q1'22,16.7,0.949102
ORC,2022-05-27,15.25,Q2'22,Q1'22,16.7,0.913174
ORC,2022-05-31,15.6,Q2'22,Q1'22,16.7,0.934132
ORC,2022-06-01,15.65,Q2'22,Q1'22,16.7,0.937126
ORC,2022-06-02,15.75,Q2'22,Q1'22,16.7,0.943114
ORC,2022-06-03,15.75,Q2'22,Q1'22,16.7,0.943114
ORC,2022-06-06,15.8,Q2'22,Q1'22,16.7,0.946108
ORC,2022-06-07,15.95,Q2'22,Q1'22,16.7,0.95509
ORC,2022-06-08,15.7,Q2'22,Q1'22,16.7,0.94012
ORC,2022-06-09,15.75,Q2'22,Q1'22,16.7,0.943114
ORC,2022-06-10,15.4,Q2'22,Q1'22,16.7,0.922156
ORC,2022-06-13,13.85,Q2'22,Q1'22,16.7,0.829341
ORC,2022-06-14,13.55,Q2'22,Q1'22,16.7,0.811377
ORC,2022-06-15,13.3,Q2'22,Q1'22,16.7,0.796407
ORC,2022-06-16,12.4,Q2'22,Q1'22,16.7,0.742515
ORC,2022-06-17,13.15,Q2'22,Q1'22,16.7,0.787425
ORC,2022-06-21,13.65,Q2'22,Q1'22,16.7,0.817365
ORC,2022-06-22,13.95,Q2'22,Q1'22,16.7,0.835329
ORC,2022-06-23,14.25,Q2'22,Q1'22,16.7,0.853293
ORC,2022-06-24,14.55,Q2'22,Q1'22,16.7,0.871257
ORC,2022-06-27,14.65,Q2'22,Q1'22,16.7,0.877245
ORC,2022-06-28,14.55,Q2'22,Q1'22,16.7,0.871257
ORC,2022-06-29,14.0,Q2'22,Q1'22,16.7,0.838323
ORC,2022-06-30,14.25,Q2'22,Q1'22,16.7,0.853293
ORC,2022-07-01,14.65,Q3'22,Q2'22,14.35,1.020906
ORC,2022-07-05,14.7,Q3'22,Q2'22,14.35,1.02439
ORC,2022-07-06,14.45,Q3'22,Q2'22,14.35,1.006969
ORC,2022-07-07,14.65,Q3'22,Q2'22,14.35,1.020906
ORC,2022-07-08,14.35,Q3'22,Q2'22,14.35,1.0
ORC,2022-07-11,14.1,Q3'22,Q2'22,14.35,0.982578
ORC,2022-07-12,14.35,Q3'22,Q2'22,14.35,1.0
ORC,2022-07-13,14.6,Q3'22,Q2'22,14.35,1.017422
ORC,2022-07-14,14.15,Q3'22,Q2'22,14.35,0.986063
ORC,2022-07-15,14.55,Q3'22,Q2'22,14.35,1.013937
ORC,2022-07-18,14.4,Q3'22,Q2'22,14.35,1.003484
ORC,2022-07-19,14.8,Q3'22,Q2'22,14.35,1.031359
ORC,2022-07-20,15.05,Q3'22,Q2'22,14.35,1.048781
ORC,2022-07-21,15.4,Q3'22,Q2'22,14.35,1.073171
ORC,2022-07-22,15.35,Q3'22,Q2'22,14.35,1.069686
ORC,2022-07-25,15.55,Q3'22,Q2'22,14.35,1.083624
ORC,2022-07-26,15.55,Q3'22,Q2'22,14.35,1.083624
ORC,2022-07-27,16.0,Q3'22,Q2'22,14.35,1.114983
ORC,2022-07-28,16.25,Q3'22,Q2'22,14.35,1.132404
ORC,2022-07-29,16.1,Q3'22,Q2'22,14.35,1.121951
ORC,2022-08-01,16.3,Q3'22,Q2'22,14.35,1.135888
ORC,2022-08-02,16.05,Q3'22,Q2'22,14.35,1.118467
ORC,2022-08-03,16.1,Q3'22,Q2'22,14.35,1.121951
ORC,2022-08-04,15.85,Q3'22,Q2'22,14.35,1.10453
ORC,2022-08-05,15.8,Q3'22,Q2'22,14.35,1.101045
ORC,2022-08-08,15.85,Q3'22,Q2'22,14.35,1.10453
ORC,2022-08-09,15.8,Q3'22,Q2'22,14.35,1.101045
ORC,2022-08-10,16.05,Q3'22,Q2'22,14.35,1.118467
ORC,2022-08-11,16.3,Q3'22,Q2'22,14.35,1.135888
ORC,2022-08-12,16.4,Q3'22,Q2'22,14.35,1.142857
ORC,2022-08-15,16.3,Q3'22,Q2'22,14.35,1.135888
ORC,2022-08-16,16.25,Q3'22,Q2'22,14.35,1.132404
ORC,2022-08-17,16.05,Q3'22,Q2'22,14.35,1.118467
ORC,2022-08-18,14.75,Q3'22,Q2'22,14.35,1.027875
ORC,2022-08-19,14.4,Q3'22,Q2'22,14.35,1.003484
ORC,2022-08-22,13.8,Q3'22,Q2'22,14.35,0.961672
ORC,2022-08-23,14.35,Q3'22,Q2'22,14.35,1.0
ORC,2022-08-24,14.35,Q3'22,Q2'22,14.35,1.0
ORC,2022-08-25,14.35,Q3'22,Q2'22,14.35,1.0
ORC,2022-08-26,14.45,Q3'22,Q2'22,14.35,1.006969
ORC,2022-08-29,14.15,Q3'22,Q2'22,14.35,0.986063
ORC,2022-08-30,13.5,Q3'22,Q2'22,14.35,0.940767
ORC,2022-08-31,13.52,Q3'22,Q2'22,14.35,0.94216
ORC,2022-09-01,13.03,Q3'22,Q2'22,14.35,0.908014
ORC,2022-09-02,12.9,Q3'22,Q2'22,14.35,0.898955
ORC,2022-09-06,12.66,Q3'22,Q2'22,14.35,0.88223
ORC,2022-09-07,12.64,Q3'22,Q2'22,14.35,0.880836
ORC,2022-09-08,12.52,Q3'22,Q2'22,14.35,0.872474
ORC,2022-09-09,12.71,Q3'22,Q2'22,14.35,0.885714
ORC,2022-09-12,12.68,Q3'22,Q2'22,14.35,0.883624
ORC,2022-09-13,12.47,Q3'22,Q2'22,14.35,0.86899
ORC,2022-09-14,12.46,Q3'22,Q2'22,14.35,0.868293
ORC,2022-09-15,12.16,Q3'22,Q2'22,14.35,0.847387
ORC,2022-09-16,12.07,Q3'22,Q2'22,14.35,0.841115
ORC,2022-09-19,11.82,Q3'22,Q2'22,14.35,0.823693
ORC,2022-09-20,11.52,Q3'22,Q2'22,14.35,0.802787
ORC,2022-09-21,11.35,Q3'22,Q2'22,14.35,0.790941
ORC,2022-09-22,10.78,Q3'22,Q2'22,14.35,0.751219
ORC,2022-09-23,10.22,Q3'22,Q2'22,14.35,0.712195
ORC,2022-09-26,9.3,Q3'22,Q2'22,14.35,0.648084
ORC,2022-09-27,9.14,Q3'22,Q2'22,14.35,0.636934
ORC,2022-09-28,9.45,Q3'22,Q2'22,14.35,0.658537
ORC,2022-09-29,8.22,Q3'22,Q2'22,14.35,0.572822
ORC,2022-09-30,8.2,Q3'22,Q2'22,14.35,0.571429
ORC,2022-10-03,8.33,Q4'22,Q3'22,11.42,0.729422
ORC,2022-10-04,9.29,Q4'22,Q3'22,11.42,0.813485
ORC,2022-10-05,8.8,Q4'22,Q3'22,11.42,0.770578
ORC,2022-10-06,8.48,Q4'22,Q3'22,11.42,0.742557
ORC,2022-10-07,8.55,Q4'22,Q3'22,11.42,0.748687
ORC,2022-10-10,8.18,Q4'22,Q3'22,11.42,0.716287
ORC,2022-10-11,9.25,Q4'22,Q3'22,11.42,0.809982
ORC,2022-10-12,9.04,Q4'22,Q3'22,11.42,0.791594
ORC,2022-10-13,9.59,Q4'22,Q3'22,11.42,0.839755
ORC,2022-10-14,9.38,Q4'22,Q3'22,11.42,0.821366
ORC,2022-10-17,9.57,Q4'22,Q3'22,11.42,0.838003
ORC,2022-10-18,9.66,Q4'22,Q3'22,11.42,0.845884
ORC,2022-10-19,9.6,Q4'22,Q3'22,11.42,0.840631
ORC,2022-10-20,9.52,Q4'22,Q3'22,11.42,0.833625
ORC,2022-10-21,9.65,Q4'22,Q3'22,11.42,0.845009
ORC,2022-10-24,9.51,Q4'22,Q3'22,11.42,0.83275
ORC,2022-10-25,9.99,Q4'22,Q3'22,11.42,0.874781
ORC,2022-10-26,10.1,Q4'22,Q3'22,11.42,0.884413
ORC,2022-10-27,10.06,Q4'22,Q3'22,11.42,0.880911
ORC,2022-10-28,10.09,Q4'22,Q3'22,11.42,0.883538
ORC,2022-10-31,10.07,Q4'22,Q3'22,11.42,0.881786
ORC,2022-11-01,10.12,Q4'22,Q3'22,11.42,0.886165
ORC,2022-11-02,9.99,Q4'22,Q3'22,11.42,0.874781
ORC,2022-11-03,9.71,Q4'22,Q3'22,11.42,0.850263
ORC,2022-11-04,10.28,Q4'22,Q3'22,11.42,0.900175
ORC,2022-11-07,10.35,Q4'22,Q3'22,11.42,0.906305
ORC,2022-11-08,10.44,Q4'22,Q3'22,11.42,0.914186
ORC,2022-11-09,10.24,Q4'22,Q3'22,11.42,0.896672
ORC,2022-11-10,10.68,Q4'22,Q3'22,11.42,0.935201
ORC,2022-11-11,10.77,Q4'22,Q3'22,11.42,0.943082
ORC,2022-11-14,10.54,Q4'22,Q3'22,11.42,0.922942
ORC,2022-11-15,10.63,Q4'22,Q3'22,11.42,0.930823
ORC,2022-11-16,10.49,Q4'22,Q3'22,11.42,0.918564
ORC,2022-11-17,10.27,Q4'22,Q3'22,11.42,0.8993
ORC,2022-11-18,10.33,Q4'22,Q3'22,11.42,0.904553
ORC,2022-11-21,10.47,Q4'22,Q3'22,11.42,0.916813
ORC,2022-11-22,10.57,Q4'22,Q3'22,11.42,0.925569
ORC,2022-11-23,10.75,Q4'22,Q3'22,11.42,0.941331
ORC,2022-11-25,10.91,Q4'22,Q3'22,11.42,0.955341
ORC,2022-11-28,10.77,Q4'22,Q3'22,11.42,0.943082
ORC,2022-11-29,10.69,Q4'22,Q3'22,11.42,0.936077
ORC,2022-11-30,10.86,Q4'22,Q3'22,11.42,0.950963
ORC,2022-12-01,10.97,Q4'22,Q3'22,11.42,0.960595
ORC,2022-12-02,10.91,Q4'22,Q3'22,11.42,0.955341
ORC,2022-12-05,10.7,Q4'22,Q3'22,11.42,0.936953
ORC,2022-12-06,10.49,Q4'22,Q3'22,11.42,0.918564
ORC,2022-12-07,10.63,Q4'22,Q3'22,11.42,0.930823
ORC,2022-12-08,10.56,Q4'22,Q3'22,11.42,0.924694
ORC,2022-12-09,10.54,Q4'22,Q3'22,11.42,0.922942
ORC,2022-12-12,10.53,Q4'22,Q3'22,11.42,0.922067
ORC,2022-12-13,10.66,Q4'22,Q3'22,11.42,0.93345
ORC,2022-12-14,10.68,Q4'22,Q3'22,11.42,0.935201
ORC,2022-12-15,10.76,Q4'22,Q3'22,11.42,0.942207
ORC,2022-12-16,10.69,Q4'22,Q3'22,11.42,0.936077
ORC,2022-12-19,10.86,Q4'22,Q3'22,11.42,0.950963
ORC,2022-12-20,10.83,Q4'22,Q3'22,11.42,0.948336
ORC,2022-12-21,10.95,Q4'22,Q3'22,11.42,0.958844
ORC,2022-12-22,11.02,Q4'22,Q3'22,11.42,0.964974
ORC,2022-12-23,11.1,Q4'22,Q3'22,11.42,0.971979
ORC,2022-12-27,11.0,Q4'22,Q3'22,11.42,0.963222
ORC,2022-12-28,10.56,Q4'22,Q3'22,11.42,0.924694
ORC,2022-12-29,10.72,Q4'22,Q3'22,11.42,0.938704
ORC,2022-12-30,10.5,Q4'22,Q3'22,11.42,0.91944
ORC,2023-01-03,10.68,Q1'23,Q4'22,11.93,0.895222
ORC,2023-01-04,10.91,Q1'23,Q4'22,11.93,0.914501
ORC,2023-01-05,10.93,Q1'23,Q4'22,11.93,0.916178
ORC,2023-01-06,11.05,Q1'23,Q4'22,11.93,0.926236
ORC,2023-01-09,11.26,Q1'23,Q4'22,11.93,0.943839
ORC,2023-01-10,11.51,Q1'23,Q4'22,11.93,0.964795
ORC,2023-01-11,11.78,Q1'23,Q4'22,11.93,0.987427
ORC,2023-01-12,11.93,Q1'23,Q4'22,11.93,1.0
ORC,2023-01-13,12.01,Q1'23,Q4'22,11.93,1.006706
ORC,2023-01-17,11.98,Q1'23,Q4'22,11.93,1.004191
ORC,2023-01-18,11.96,Q1'23,Q4'22,11.93,1.002515
ORC,2023-01-19,12.05,Q1'23,Q4'22,11.93,1.010059
ORC,2023-01-20,12.1,Q1'23,Q4'22,11.93,1.01425
ORC,2023-01-23,12.0,Q1'23,Q4'22,11.93,1.005868
ORC,2023-01-24,12.01,Q1'23,Q4'22,11.93,1.006706
ORC,2023-01-25,12.03,Q1'23,Q4'22,11.93,1.008382
ORC,2023-01-26,12.2,Q1'23,Q4'22,11.93,1.022632
ORC,2023-01-27,12.4,Q1'23,Q4'22,11.93,1.039396
ORC,2023-01-30,11.86,Q1'23,Q4'22,11.93,0.994132
ORC,2023-01-31,12.19,Q1'23,Q4'22,11.93,1.021794
ORC,2023-02-01,12.47,Q1'23,Q4'22,11.93,1.045264
ORC,2023-02-02,12.53,Q1'23,Q4'22,11.93,1.050293
ORC,2023-02-03,12.42,Q1'23,Q4'22,11.93,1.041073
ORC,2023-02-06,11.99,Q1'23,Q4'22,11.93,1.005029
ORC,2023-02-07,12.09,Q1'23,Q4'22,11.93,1.013412
ORC,2023-02-08,12.08,Q1'23,Q4'22,11.93,1.012573
ORC,2023-02-09,11.65,Q1'23,Q4'22,11.93,0.97653
ORC,2023-02-10,11.65,Q1'23,Q4'22,11.93,0.97653
ORC,2023-02-13,11.73,Q1'23,Q4'22,11.93,0.983236
ORC,2023-02-14,11.65,Q1'23,Q4'22,11.93,0.97653
ORC,2023-02-15,11.6,Q1'23,Q4'22,11.93,0.972339
ORC,2023-02-16,11.66,Q1'23,Q4'22,11.93,0.977368
ORC,2023-02-17,11.71,Q1'23,Q4'22,11.93,0.981559
ORC,2023-02-21,11.32,Q1'23,Q4'22,11.93,0.948868
ORC,2023-02-22,11.43,Q1'23,Q4'22,11.93,0.958089
ORC,2023-02-23,11.45,Q1'23,Q4'22,11.93,0.959765
ORC,2023-02-24,11.62,Q1'23,Q4'22,11.93,0.974015
ORC,2023-02-27,11.37,Q1'23,Q4'22,11.93,0.95306
ORC,2023-02-28,11.36,Q1'23,Q4'22,11.93,0.952221
ORC,2023-03-01,10.89,Q1'23,Q4'22,11.93,0.912825
ORC,2023-03-02,10.89,Q1'23,Q4'22,11.93,0.912825
ORC,2023-03-03,10.96,Q1'23,Q4'22,11.93,0.918692
ORC,2023-03-06,11.09,Q1'23,Q4'22,11.93,0.929589
ORC,2023-03-07,10.87,Q1'23,Q4'22,11.93,0.911148
ORC,2023-03-08,10.83,Q1'23,Q4'22,11.93,0.907795
ORC,2023-03-09,10.47,Q1'23,Q4'22,11.93,0.877619
ORC,2023-03-10,10.07,Q1'23,Q4'22,11.93,0.844091
ORC,2023-03-13,9.81,Q1'23,Q4'22,11.93,0.822297
ORC,2023-03-14,10.15,Q1'23,Q4'22,11.93,0.850796
ORC,2023-03-15,10.04,Q1'23,Q4'22,11.93,0.841576
ORC,2023-03-16,10.25,Q1'23,Q4'22,11.93,0.859179
ORC,2023-03-17,9.97,Q1'23,Q4'22,11.93,0.835708
ORC,2023-03-20,10.08,Q1'23,Q4'22,11.93,0.844929
ORC,2023-03-21,10.24,Q1'23,Q4'22,11.93,0.85834
ORC,2023-03-22,10.08,Q1'23,Q4'22,11.93,0.844929
ORC,2023-03-23,10.08,Q1'23,Q4'22,11.93,0.844929
ORC,2023-03-24,10.41,Q1'23,Q4'22,11.93,0.87259
ORC,2023-03-27,10.56,Q1'23,Q4'22,11.93,0.885163
ORC,2023-03-28,10.4,Q1'23,Q4'22,11.93,0.871752
ORC,2023-03-29,10.56,Q1'23,Q4'22,11.93,0.885163
ORC,2023-03-30,10.51,Q1'23,Q4'22,11.93,0.880972
ORC,2023-03-31,10.73,Q1'23,Q4'22,11.93,0.899413
ORC,2023-04-03,10.64,Q2'23,Q1'23,11.55,0.921212
ORC,2023-04-04,10.78,Q2'23,Q1'23,11.55,0.933333
ORC,2023-04-05,11.0,Q2'23,Q1'23,11.55,0.952381
ORC,2023-04-06,11.05,Q2'23,Q1'23,11.55,0.95671
ORC,2023-04-10,10.94,Q2'23,Q1'23,11.55,0.947186
ORC,2023-04-11,10.95,Q2'23,Q1'23,11.55,0.948052
ORC,2023-04-12,10.99,Q2'23,Q1'23,11.55,0.951515
ORC,2023-04-13,11.06,Q2'23,Q1'23,11.55,0.957576
ORC,2023-04-14,10.97,Q2'23,Q1'23,11.55,0.949784
ORC,2023-04-17,11.08,Q2'23,Q1'23,11.55,0.959307
ORC,2023-04-18,10.93,Q2'23,Q1'23,11.55,0.94632
ORC,2023-04-19,11.03,Q2'23,Q1'23,11.55,0.954978
ORC,2023-04-20,11.02,Q2'23,Q1'23,11.55,0.954113
ORC,2023-04-21,11.0,Q2'23,Q1'23,11.55,0.952381
ORC,2023-04-24,11.01,Q2'23,Q1'23,11.55,0.953247
ORC,2023-04-25,10.86,Q2'23,Q1'23,11.55,0.94026
ORC,2023-04-26,10.9,Q2'23,Q1'23,11.55,0.943723
ORC,2023-04-27,10.67,Q2'23,Q1'23,11.55,0.92381
ORC,2023-04-28,10.7,Q2'23,Q1'23,11.55,0.926407
ORC,2023-05-01,10.03,Q2'23,Q1'23,11.55,0.868398
ORC,2023-05-02,9.5,Q2'23,Q1'23,11.55,0.822511
ORC,2023-05-03,9.74,Q2'23,Q1'23,11.55,0.84329
ORC,2023-05-04,9.56,Q2'23,Q1'23,11.55,0.827706
ORC,2023-05-05,9.82,Q2'23,Q1'23,11.55,0.850216
ORC,2023-05-08,9.88,Q2'23,Q1'23,11.55,0.855411
ORC,2023-05-09,9.92,Q2'23,Q1'23,11.55,0.858874
ORC,2023-05-10,9.98,Q2'23,Q1'23,11.55,0.864069
ORC,2023-05-11,10.06,Q2'23,Q1'23,11.55,0.870996
ORC,2023-05-12,9.97,Q2'23,Q1'23,11.55,0.863203
ORC,2023-05-15,10.1,Q2'23,Q1'23,11.55,0.874459
ORC,2023-05-16,9.9,Q2'23,Q1'23,11.55,0.857143
ORC,2023-05-17,9.98,Q2'23,Q1'23,11.55,0.864069
ORC,2023-05-18,10.07,Q2'23,Q1'23,11.55,0.871861
ORC,2023-05-19,10.01,Q2'23,Q1'23,11.55,0.866667
ORC,2023-05-22,10.1,Q2'23,Q1'23,11.55,0.874459
ORC,2023-05-23,10.07,Q2'23,Q1'23,11.55,0.871861
ORC,2023-05-24,9.9,Q2'23,Q1'23,11.55,0.857143
ORC,2023-05-25,9.64,Q2'23,Q1'23,11.55,0.834632
ORC,2023-05-26,10.08,Q2'23,Q1'23,11.55,0.872727
ORC,2023-05-30,10.13,Q2'23,Q1'23,11.55,0.877056
ORC,2023-05-31,9.97,Q2'23,Q1'23,11.55,0.863203
ORC,2023-06-01,10.26,Q2'23,Q1'23,11.55,0.888312
ORC,2023-06-02,10.32,Q2'23,Q1'23,11.55,0.893506
ORC,2023-06-05,10.26,Q2'23,Q1'23,11.55,0.888312
ORC,2023-06-06,10.24,Q2'23,Q1'23,11.55,0.88658
ORC,2023-06-07,10.22,Q2'23,Q1'23,11.55,0.884849
ORC,2023-06-08,10.08,Q2'23,Q1'23,11.55,0.872727
ORC,2023-06-09,10.04,Q2'23,Q1'23,11.55,0.869264
ORC,2023-06-12,10.18,Q2'23,Q1'23,11.55,0.881385
ORC,2023-06-13,10.32,Q2'23,Q1'23,11.55,0.893506
ORC,2023-06-14,10.24,Q2'23,Q1'23,11.55,0.88658
ORC,2023-06-15,10.31,Q2'23,Q1'23,11.55,0.892641
ORC,2023-06-16,10.27,Q2'23,Q1'23,11.55,0.889178
ORC,2023-06-20,10.34,Q2'23,Q1'23,11.55,0.895238
ORC,2023-06-21,10.24,Q2'23,Q1'23,11.55,0.88658
ORC,2023-06-22,10.08,Q2'23,Q1'23,11.55,0.872727
ORC,2023-06-23,9.97,Q2'23,Q1'23,11.55,0.863203
ORC,2023-06-26,10.07,Q2'23,Q1'23,11.55,0.871861
ORC,2023-06-27,10.3,Q2'23,Q1'23,11.55,0.891775
ORC,2023-06-28,10.52,Q2'23,Q1'23,11.55,0.910823
ORC,2023-06-29,10.26,Q2'23,Q1'23,11.55,0.888312
ORC,2023-06-30,10.35,Q2'23,Q1'23,11.55,0.896104
ORC,2023-07-03,10.25,Q3'23,Q2'23,11.16,0.918459
ORC,2023-07-05,10.14,Q3'23,Q2'23,11.16,0.908602
ORC,2023-07-06,9.73,Q3'23,Q2'23,11.16,0.871864
ORC,2023-07-07,9.98,Q3'23,Q2'23,11.16,0.894265
ORC,2023-07-10,10.11,Q3'23,Q2'23,11.16,0.905914
ORC,2023-07-11,10.03,Q3'23,Q2'23,11.16,0.898745
ORC,2023-07-12,10.13,Q3'23,Q2'23,11.16,0.907706
ORC,2023-07-13,10.27,Q3'23,Q2'23,11.16,0.920251
ORC,2023-07-14,10.25,Q3'23,Q2'23,11.16,0.918459
ORC,2023-07-17,10.32,Q3'23,Q2'23,11.16,0.924731
ORC,2023-07-18,10.51,Q3'23,Q2'23,11.16,0.941756
ORC,2023-07-19,10.63,Q3'23,Q2'23,11.16,0.952509
ORC,2023-07-20,10.63,Q3'23,Q2'23,11.16,0.952509
ORC,2023-07-21,10.69,Q3'23,Q2'23,11.16,0.957885
ORC,2023-07-24,10.9,Q3'23,Q2'23,11.16,0.976702
ORC,2023-07-25,10.99,Q3'23,Q2'23,11.16,0.984767
ORC,2023-07-26,11.15,Q3'23,Q2'23,11.16,0.999104
ORC,2023-07-27,10.89,Q3'23,Q2'23,11.16,0.975806
ORC,2023-07-28,10.7,Q3'23,Q2'23,11.16,0.958781
ORC,2023-07-31,10.42,Q3'23,Q2'23,11.16,0.933692
ORC,2023-08-01,10.47,Q3'23,Q2'23,11.16,0.938172
ORC,2023-08-02,10.4,Q3'23,Q2'23,11.16,0.9319
ORC,2023-08-03,10.05,Q3'23,Q2'23,11.16,0.900538
ORC,2023-08-04,10.03,Q3'23,Q2'23,11.16,0.898745
ORC,2023-08-07,10.2,Q3'23,Q2'23,11.16,0.913978
ORC,2023-08-08,10.17,Q3'23,Q2'23,11.16,0.91129
ORC,2023-08-09,10.09,Q3'23,Q2'23,11.16,0.904122
ORC,2023-08-10,10.08,Q3'23,Q2'23,11.16,0.903226
ORC,2023-08-11,10.04,Q3'23,Q2'23,11.16,0.899642
ORC,2023-08-14,9.91,Q3'23,Q2'23,11.16,0.887993
ORC,2023-08-15,9.75,Q3'23,Q2'23,11.16,0.873656
ORC,2023-08-16,9.64,Q3'23,Q2'23,11.16,0.863799
ORC,2023-08-17,9.48,Q3'23,Q2'23,11.16,0.849462
ORC,2023-08-18,9.56,Q3'23,Q2'23,11.16,0.856631
ORC,2023-08-21,9.55,Q3'23,Q2'23,11.16,0.855735
ORC,2023-08-22,9.37,Q3'23,Q2'23,11.16,0.839606
ORC,2023-08-23,9.53,Q3'23,Q2'23,11.16,0.853943
ORC,2023-08-24,9.55,Q3'23,Q2'23,11.16,0.855735
ORC,2023-08-25,9.53,Q3'23,Q2'23,11.16,0.853943
ORC,2023-08-28,9.75,Q3'23,Q2'23,11.16,0.873656
ORC,2023-08-29,9.86,Q3'23,Q2'23,11.16,0.883513
ORC,2023-08-30,9.61,Q3'23,Q2'23,11.16,0.861111
ORC,2023-08-31,9.59,Q3'23,Q2'23,11.16,0.859319
ORC,2023-09-01,9.51,Q3'23,Q2'23,11.16,0.852151
ORC,2023-09-05,9.29,Q3'23,Q2'23,11.16,0.832437
ORC,2023-09-06,9.24,Q3'23,Q2'23,11.16,0.827957
ORC,2023-09-07,9.22,Q3'23,Q2'23,11.16,0.826165
ORC,2023-09-08,9.26,Q3'23,Q2'23,11.16,0.829749
ORC,2023-09-11,9.34,Q3'23,Q2'23,11.16,0.836918
ORC,2023-09-12,9.32,Q3'23,Q2'23,11.16,0.835125
ORC,2023-09-13,9.36,Q3'23,Q2'23,11.16,0.83871
ORC,2023-09-14,9.5,Q3'23,Q2'23,11.16,0.851254
ORC,2023-09-15,9.55,Q3'23,Q2'23,11.16,0.855735
ORC,2023-09-18,9.49,Q3'23,Q2'23,11.16,0.850358
ORC,2023-09-19,9.41,Q3'23,Q2'23,11.16,0.84319
ORC,2023-09-20,9.37,Q3'23,Q2'23,11.16,0.839606
ORC,2023-09-21,8.93,Q3'23,Q2'23,11.16,0.800179
ORC,2023-09-22,9.04,Q3'23,Q2'23,11.16,0.810036
ORC,2023-09-25,8.99,Q3'23,Q2'23,11.16,0.805556
ORC,2023-09-26,8.68,Q3'23,Q2'23,11.16,0.777778
ORC,2023-09-27,8.6,Q3'23,Q2'23,11.16,0.770609
ORC,2023-09-28,8.41,Q3'23,Q2'23,11.16,0.753584
ORC,2023-09-29,8.51,Q3'23,Q2'23,11.16,0.762545
ORC,2023-10-02,7.99,Q4'23,Q3'23,8.92,0.89574
ORC,2023-10-03,7.64,Q4'23,Q3'23,8.92,0.856502
ORC,2023-10-04,7.73,Q4'23,Q3'23,8.92,0.866592
ORC,2023-10-05,7.83,Q4'23,Q3'23,8.92,0.877803
ORC,2023-10-06,7.83,Q4'23,Q3'23,8.92,0.877803
ORC,2023-10-09,7.93,Q4'23,Q3'23,8.92,0.889013
ORC,2023-10-10,7.89,Q4'23,Q3'23,8.92,0.884529
ORC,2023-10-11,7.96,Q4'23,Q3'23,8.92,0.892377
ORC,2023-10-12,7.47,Q4'23,Q3'23,8.92,0.837444
ORC,2023-10-13,7.44,Q4'23,Q3'23,8.92,0.834081
ORC,2023-10-16,7.57,Q4'23,Q3'23,8.92,0.848655
ORC,2023-10-17,7.38,Q4'23,Q3'23,8.92,0.827354
ORC,2023-10-18,6.97,Q4'23,Q3'23,8.92,0.78139
ORC,2023-10-19,6.59,Q4'23,Q3'23,8.92,0.738789
ORC,2023-10-20,6.46,Q4'23,Q3'23,8.92,0.724215
ORC,2023-10-23,6.41,Q4'23,Q3'23,8.92,0.71861
ORC,2023-10-24,6.35,Q4'23,Q3'23,8.92,0.711883
ORC,2023-10-25,6.12,Q4'23,Q3'23,8.92,0.686099
ORC,2023-10-26,6.13,Q4'23,Q3'23,8.92,0.68722
ORC,2023-10-27,6.04,Q4'23,Q3'23,8.92,0.67713
ORC,2023-10-30,5.95,Q4'23,Q3'23,8.92,0.66704
ORC,2023-10-31,6.28,Q4'23,Q3'23,8.92,0.704036
ORC,2023-11-01,6.49,Q4'23,Q3'23,8.92,0.727578
ORC,2023-11-02,6.76,Q4'23,Q3'23,8.92,0.757848
ORC,2023-11-03,6.89,Q4'23,Q3'23,8.92,0.772422
ORC,2023-11-06,6.88,Q4'23,Q3'23,8.92,0.7713
ORC,2023-11-07,7.04,Q4'23,Q3'23,8.92,0.789238
ORC,2023-11-08,7.05,Q4'23,Q3'23,8.92,0.790359
ORC,2023-11-09,6.77,Q4'23,Q3'23,8.92,0.758969
ORC,2023-11-10,6.9,Q4'23,Q3'23,8.92,0.773543
ORC,2023-11-13,6.82,Q4'23,Q3'23,8.92,0.764574
ORC,2023-11-14,7.13,Q4'23,Q3'23,8.92,0.799327
ORC,2023-11-15,7.17,Q4'23,Q3'23,8.92,0.803812
ORC,2023-11-16,7.09,Q4'23,Q3'23,8.92,0.794843
ORC,2023-11-17,7.26,Q4'23,Q3'23,8.92,0.813901
ORC,2023-11-20,7.37,Q4'23,Q3'23,8.92,0.826233
ORC,2023-11-21,7.34,Q4'23,Q3'23,8.92,0.82287
ORC,2023-11-22,7.45,Q4'23,Q3'23,8.92,0.835202
ORC,2023-11-24,7.39,Q4'23,Q3'23,8.92,0.828475
ORC,2023-11-27,7.39,Q4'23,Q3'23,8.92,0.828475
ORC,2023-11-28,7.5,Q4'23,Q3'23,8.92,0.840807
ORC,2023-11-29,7.41,Q4'23,Q3'23,8.92,0.830717
ORC,2023-11-30,7.37,Q4'23,Q3'23,8.92,0.826233
ORC,2023-12-01,7.69,Q4'23,Q3'23,8.92,0.862108
ORC,2023-12-04,7.86,Q4'23,Q3'23,8.92,0.881166
ORC,2023-12-05,7.79,Q4'23,Q3'23,8.92,0.873318
ORC,2023-12-06,7.71,Q4'23,Q3'23,8.92,0.86435
ORC,2023-12-07,7.78,Q4'23,Q3'23,8.92,0.872197
ORC,2023-12-08,7.9,Q4'23,Q3'23,8.92,0.88565
ORC,2023-12-11,7.7,Q4'23,Q3'23,8.92,0.863229
ORC,2023-12-12,7.78,Q4'23,Q3'23,8.92,0.872197
ORC,2023-12-13,8.23,Q4'23,Q3'23,8.92,0.922646
ORC,2023-12-14,8.47,Q4'23,Q3'23,8.92,0.949552
ORC,2023-12-15,8.4,Q4'23,Q3'23,8.92,0.941704
ORC,2023-12-18,8.27,Q4'23,Q3'23,8.92,0.92713
ORC,2023-12-19,8.47,Q4'23,Q3'23,8.92,0.949552
ORC,2023-12-20,8.41,Q4'23,Q3'23,8.92,0.942825
ORC,2023-12-21,8.62,Q4'23,Q3'23,8.92,0.966368
ORC,2023-12-22,8.6,Q4'23,Q3'23,8.92,0.964126
ORC,2023-12-26,8.77,Q4'23,Q3'23,8.92,0.983184
ORC,2023-12-27,8.8,Q4'23,Q3'23,8.92,0.986547
ORC,2023-12-28,8.65,Q4'23,Q3'23,8.92,0.969731
ORC,2023-12-29,8.43,Q4'23,Q3'23,8.92,0.945067
ORC,2024-01-02,8.33,Q1'24,Q4'23,9.1,0.915385
ORC,2024-01-03,8.21,Q1'24,Q4'23,9.1,0.902198
ORC,2024-01-04,8.22,Q1'24,Q4'23,9.1,0.903297
ORC,2024-01-05,8.3,Q1'24,Q4'23,9.1,0.912088
ORC,2024-01-08,8.68,Q1'24,Q4'23,9.1,0.953846
ORC,2024-01-09,8.68,Q1'24,Q4'23,9.1,0.953846
ORC,2024-01-10,8.74,Q1'24,Q4'23,9.1,0.96044
ORC,2024-01-11,8.67,Q1'24,Q4'23,9.1,0.952747
ORC,2024-01-12,8.8,Q1'24,Q4'23,9.1,0.967033
ORC,2024-01-16,8.69,Q1'24,Q4'23,9.1,0.954945
ORC,2024-01-17,8.54,Q1'24,Q4'23,9.1,0.938462
ORC,2024-01-18,8.53,Q1'24,Q4'23,9.1,0.937363
ORC,2024-01-19,8.47,Q1'24,Q4'23,9.1,0.930769
ORC,2024-01-22,8.4,Q1'24,Q4'23,9.1,0.923077
ORC,2024-01-23,8.49,Q1'24,Q4'23,9.1,0.932967
ORC,2024-01-24,8.47,Q1'24,Q4'23,9.1,0.930769
ORC,2024-01-25,8.65,Q1'24,Q4'23,9.1,0.950549
ORC,2024-01-26,8.64,Q1'24,Q4'23,9.1,0.949451
ORC,2024-01-29,8.71,Q1'24,Q4'23,9.1,0.957143
ORC,2024-01-30,8.16,Q1'24,Q4'23,9.1,0.896703
ORC,2024-01-31,7.98,Q1'24,Q4'23,9.1,0.876923
ORC,2024-02-01,8.27,Q1'24,Q4'23,9.1,0.908791
ORC,2024-02-02,8.58,Q1'24,Q4'23,9.1,0.942857
ORC,2024-02-05,8.24,Q1'24,Q4'23,9.1,0.905494
ORC,2024-02-06,8.25,Q1'24,Q4'23,9.1,0.906593
ORC,2024-02-07,7.98,Q1'24,Q4'23,9.1,0.876923
ORC,2024-02-08,7.99,Q1'24,Q4'23,9.1,0.878022
ORC,2024-02-09,8.24,Q1'24,Q4'23,9.1,0.905494
ORC,2024-02-12,8.27,Q1'24,Q4'23,9.1,0.908791
ORC,2024-02-13,7.9,Q1'24,Q4'23,9.1,0.868132
ORC,2024-02-14,8.02,Q1'24,Q4'23,9.1,0.881319
ORC,2024-02-15,8.42,Q1'24,Q4'23,9.1,0.925275
ORC,2024-02-16,8.36,Q1'24,Q4'23,9.1,0.918681
ORC,2024-02-20,8.3,Q1'24,Q4'23,9.1,0.912088
ORC,2024-02-21,8.37,Q1'24,Q4'23,9.1,0.91978
ORC,2024-02-22,8.5,Q1'24,Q4'23,9.1,0.934066
ORC,2024-02-23,8.55,Q1'24,Q4'23,9.1,0.93956
ORC,2024-02-26,8.52,Q1'24,Q4'23,9.1,0.936264
ORC,2024-02-27,8.53,Q1'24,Q4'23,9.1,0.937363
ORC,2024-02-28,8.4,Q1'24,Q4'23,9.1,0.923077
ORC,2024-02-29,8.6,Q1'24,Q4'23,9.1,0.945055
ORC,2024-03-01,8.66,Q1'24,Q4'23,9.1,0.951648
ORC,2024-03-04,8.52,Q1'24,Q4'23,9.1,0.936264
ORC,2024-03-05,8.42,Q1'24,Q4'23,9.1,0.925275
ORC,2024-03-06,8.5,Q1'24,Q4'23,9.1,0.934066
ORC,2024-03-07,8.56,Q1'24,Q4'23,9.1,0.940659
ORC,2024-03-08,8.62,Q1'24,Q4'23,9.1,0.947253
ORC,2024-03-11,8.67,Q1'24,Q4'23,9.1,0.952747
ORC,2024-03-12,8.73,Q1'24,Q4'23,9.1,0.959341
ORC,2024-03-13,8.83,Q1'24,Q4'23,9.1,0.97033
ORC,2024-03-14,8.56,Q1'24,Q4'23,9.1,0.940659
ORC,2024-03-15,8.62,Q1'24,Q4'23,9.1,0.947253
ORC,2024-03-18,8.64,Q1'24,Q4'23,9.1,0.949451
ORC,2024-03-19,8.77,Q1'24,Q4'23,9.1,0.963736
ORC,2024-03-20,8.9,Q1'24,Q4'23,9.1,0.978022
ORC,2024-03-21,8.93,Q1'24,Q4'23,9.1,0.981319
ORC,2024-03-22,8.95,Q1'24,Q4'23,9.1,0.983516
ORC,2024-03-25,9.0,Q1'24,Q4'23,9.1,0.989011
ORC,2024-03-26,8.77,Q1'24,Q4'23,9.1,0.963736
ORC,2024-03-27,8.84,Q1'24,Q4'23,9.1,0.971429
ORC,2024-03-28,8.93,Q1'24,Q4'23,9.1,0.981319
ORC,2024-04-01,8.9,Q2'24,Q1'24,9.12,0.975877
ORC,2024-04-02,8.74,Q2'24,Q1'24,9.12,0.958333
ORC,2024-04-03,8.72,Q2'24,Q1'24,9.12,0.95614
ORC,2024-04-04,8.67,Q2'24,Q1'24,9.12,0.950658
ORC,2024-04-05,8.7,Q2'24,Q1'24,9.12,0.953947
ORC,2024-04-08,8.65,Q2'24,Q1'24,9.12,0.948465
ORC,2024-04-09,8.68,Q2'24,Q1'24,9.12,0.951754
ORC,2024-04-10,8.27,Q2'24,Q1'24,9.12,0.906798
ORC,2024-04-11,8.47,Q2'24,Q1'24,9.12,0.928728
ORC,2024-04-12,8.39,Q2'24,Q1'24,9.12,0.919956
ORC,2024-04-15,8.11,Q2'24,Q1'24,9.12,0.889254
ORC,2024-04-16,8.1,Q2'24,Q1'24,9.12,0.888158
ORC,2024-04-17,8.16,Q2'24,Q1'24,9.12,0.894737
ORC,2024-04-18,8.14,Q2'24,Q1'24,9.12,0.892544
ORC,2024-04-19,8.26,Q2'24,Q1'24,9.12,0.905702
ORC,2024-04-22,8.31,Q2'24,Q1'24,9.12,0.911184
ORC,2024-04-23,8.62,Q2'24,Q1'24,9.12,0.945175
ORC,2024-04-24,8.63,Q2'24,Q1'24,9.12,0.946272
ORC,2024-04-25,8.39,Q2'24,Q1'24,9.12,0.919956
ORC,2024-04-26,8.72,Q2'24,Q1'24,9.12,0.95614
ORC,2024-04-29,8.44,Q2'24,Q1'24,9.12,0.925439
ORC,2024-04-30,8.33,Q2'24,Q1'24,9.12,0.913377
ORC,2024-05-01,8.42,Q2'24,Q1'24,9.12,0.923246
ORC,2024-05-02,8.53,Q2'24,Q1'24,9.12,0.935307
ORC,2024-05-03,8.55,Q2'24,Q1'24,9.12,0.9375
ORC,2024-05-06,8.49,Q2'24,Q1'24,9.12,0.930921
ORC,2024-05-07,8.52,Q2'24,Q1'24,9.12,0.934211
ORC,2024-05-08,8.56,Q2'24,Q1'24,9.12,0.938597
ORC,2024-05-09,8.58,Q2'24,Q1'24,9.12,0.940789
ORC,2024-05-10,8.53,Q2'24,Q1'24,9.12,0.935307
ORC,2024-05-13,8.58,Q2'24,Q1'24,9.12,0.940789
ORC,2024-05-14,8.58,Q2'24,Q1'24,9.12,0.940789
ORC,2024-05-15,8.6,Q2'24,Q1'24,9.12,0.942982
ORC,2024-05-16,8.66,Q2'24,Q1'24,9.12,0.949561
ORC,2024-05-17,8.7,Q2'24,Q1'24,9.12,0.953947
ORC,2024-05-20,8.63,Q2'24,Q1'24,9.12,0.946272
ORC,2024-05-21,8.66,Q2'24,Q1'24,9.12,0.949561
ORC,2024-05-22,8.62,Q2'24,Q1'24,9.12,0.945175
ORC,2024-05-23,8.41,Q2'24,Q1'24,9.12,0.922149
ORC,2024-05-24,8.57,Q2'24,Q1'24,9.12,0.939693
ORC,2024-05-28,8.54,Q2'24,Q1'24,9.12,0.936404
ORC,2024-05-29,8.51,Q2'24,Q1'24,9.12,0.933114
ORC,2024-05-30,8.52,Q2'24,Q1'24,9.12,0.934211
ORC,2024-05-31,8.5,Q2'24,Q1'24,9.12,0.932018
ORC,2024-06-03,8.49,Q2'24,Q1'24,9.12,0.930921
ORC,2024-06-04,8.43,Q2'24,Q1'24,9.12,0.924342
ORC,2024-06-05,8.61,Q2'24,Q1'24,9.12,0.944079
ORC,2024-06-06,8.45,Q2'24,Q1'24,9.12,0.926535
ORC,2024-06-07,8.4,Q2'24,Q1'24,9.12,0.921053
ORC,2024-06-10,8.36,Q2'24,Q1'24,9.12,0.916667
ORC,2024-06-11,8.23,Q2'24,Q1'24,9.12,0.902412
ORC,2024-06-12,8.37,Q2'24,Q1'24,9.12,0.917763
ORC,2024-06-13,8.47,Q2'24,Q1'24,9.12,0.928728
ORC,2024-06-14,8.45,Q2'24,Q1'24,9.12,0.926535
ORC,2024-06-17,8.51,Q2'24,Q1'24,9.12,0.933114
ORC,2024-06-18,8.46,Q2'24,Q1'24,9.12,0.927632
ORC,2024-06-20,8.5,Q2'24,Q1'24,9.12,0.932018
ORC,2024-06-21,8.45,Q2'24,Q1'24,9.12,0.926535
ORC,2024-06-24,8.48,Q2'24,Q1'24,9.12,0.929825
ORC,2024-06-25,8.41,Q2'24,Q1'24,9.12,0.922149
ORC,2024-06-26,8.47,Q2'24,Q1'24,9.12,0.928728
ORC,2024-06-27,8.4,Q2'24,Q1'24,9.12,0.921053
ORC,2024-06-28,8.34,Q2'24,Q1'24,9.12,0.914474
ORC,2024-07-01,8.3,Q3'24,Q2'24,8.58,0.967366
ORC,2024-07-02,8.33,Q3'24,Q2'24,8.58,0.970862
ORC,2024-07-03,8.33,Q3'24,Q2'24,8.58,0.970862
ORC,2024-07-05,8.32,Q3'24,Q2'24,8.58,0.969697
ORC,2024-07-08,8.28,Q3'24,Q2'24,8.58,0.965035
ORC,2024-07-09,8.28,Q3'24,Q2'24,8.58,0.965035
ORC,2024-07-10,8.52,Q3'24,Q2'24,8.58,0.993007
ORC,2024-07-11,8.59,Q3'24,Q2'24,8.58,1.001166
ORC,2024-07-12,8.68,Q3'24,Q2'24,8.58,1.011655
ORC,2024-07-15,8.66,Q3'24,Q2'24,8.58,1.009324
ORC,2024-07-16,8.82,Q3'24,Q2'24,8.58,1.027972
ORC,2024-07-17,8.76,Q3'24,Q2'24,8.58,1.020979
ORC,2024-07-18,8.58,Q3'24,Q2'24,8.58,1.0
ORC,2024-07-19,8.48,Q3'24,Q2'24,8.58,0.988345
ORC,2024-07-22,8.55,Q3'24,Q2'24,8.58,0.996504
ORC,2024-07-23,8.59,Q3'24,Q2'24,8.58,1.001166
ORC,2024-07-24,8.3,Q3'24,Q2'24,8.58,0.967366
ORC,2024-07-25,8.26,Q3'24,Q2'24,8.58,0.962704
ORC,2024-07-26,8.24,Q3'24,Q2'24,8.58,0.960373
ORC,2024-07-29,8.15,Q3'24,Q2'24,8.58,0.949883
ORC,2024-07-30,8.19,Q3'24,Q2'24,8.58,0.954545
ORC,2024-07-31,8.04,Q3'24,Q2'24,8.58,0.937063
ORC,2024-08-01,8.04,Q3'24,Q2'24,8.58,0.937063
ORC,2024-08-02,8.03,Q3'24,Q2'24,8.58,0.935897
ORC,2024-08-05,7.66,Q3'24,Q2'24,8.58,0.892774
ORC,2024-08-06,7.92,Q3'24,Q2'24,8.58,0.923077
ORC,2024-08-07,7.95,Q3'24,Q2'24,8.58,0.926573
ORC,2024-08-08,8.08,Q3'24,Q2'24,8.58,0.941725
ORC,2024-08-09,8.09,Q3'24,Q2'24,8.58,0.94289
ORC,2024-08-12,7.95,Q3'24,Q2'24,8.58,0.926573
ORC,2024-08-13,7.96,Q3'24,Q2'24,8.58,0.927739
ORC,2024-08-14,7.96,Q3'24,Q2'24,8.58,0.927739
ORC,2024-08-15,8.06,Q3'24,Q2'24,8.58,0.939394
ORC,2024-08-16,8.13,Q3'24,Q2'24,8.58,0.947552
ORC,2024-08-19,8.22,Q3'24,Q2'24,8.58,0.958042
ORC,2024-08-20,8.21,Q3'24,Q2'24,8.58,0.956876
ORC,2024-08-21,8.19,Q3'24,Q2'24,8.58,0.954545
ORC,2024-08-22,8.15,Q3'24,Q2'24,8.58,0.949883
ORC,2024-08-23,8.25,Q3'24,Q2'24,8.58,0.961538
ORC,2024-08-26,8.32,Q3'24,Q2'24,8.58,0.969697
ORC,2024-08-27,8.29,Q3'24,Q2'24,8.58,0.9662
ORC,2024-08-28,8.28,Q3'24,Q2'24,8.58,0.965035
ORC,2024-08-29,8.28,Q3'24,Q2'24,8.58,0.965035
ORC,2024-08-30,8.2,Q3'24,Q2'24,8.58,0.955711
ORC,2024-09-03,8.16,Q3'24,Q2'24,8.58,0.951049
ORC,2024-09-04,8.15,Q3'24,Q2'24,8.58,0.949883
ORC,2024-09-05,8.15,Q3'24,Q2'24,8.58,0.949883
ORC,2024-09-06,8.16,Q3'24,Q2'24,8.58,0.951049
ORC,2024-09-09,8.18,Q3'24,Q2'24,8.58,0.95338
ORC,2024-09-10,8.19,Q3'24,Q2'24,8.58,0.954545
ORC,2024-09-11,8.17,Q3'24,Q2'24,8.58,0.952214
ORC,2024-09-12,8.21,Q3'24,Q2'24,8.58,0.956876
ORC,2024-09-13,8.32,Q3'24,Q2'24,8.58,0.969697
ORC,2024-09-16,8.33,Q3'24,Q2'24,8.58,0.970862
ORC,2024-09-17,8.31,Q3'24,Q2'24,8.58,0.968532
ORC,2024-09-18,8.35,Q3'24,Q2'24,8.58,0.973194
ORC,2024-09-19,8.39,Q3'24,Q2'24,8.58,0.977856
ORC,2024-09-20,8.35,Q3'24,Q2'24,8.58,0.973194
ORC,2024-09-23,7.92,Q3'24,Q2'24,8.58,0.923077
ORC,2024-09-24,8.11,Q3'24,Q2'24,8.58,0.945221
ORC,2024-09-25,8.05,Q3'24,Q2'24,8.58,0.938228
ORC,2024-09-26,8.18,Q3'24,Q2'24,8.58,0.95338
ORC,2024-09-27,8.25,Q3'24,Q2'24,8.58,0.961538
ORC,2024-09-30,8.22,Q3'24,Q2'24,8.58,0.958042
ORC,2024-10-01,7.99,Q4'24,Q3'24,8.4,0.95119
ORC,2024-10-02,8.02,Q4'24,Q3'24,8.4,0.954762
ORC,2024-10-03,7.93,Q4'24,Q3'24,8.4,0.944048
ORC,2024-10-04,7.83,Q4'24,Q3'24,8.4,0.932143
ORC,2024-10-07,7.77,Q4'24,Q3'24,8.4,0.925
ORC,2024-10-08,7.83,Q4'24,Q3'24,8.4,0.932143
ORC,2024-10-09,7.85,Q4'24,Q3'24,8.4,0.934524
ORC,2024-10-10,7.86,Q4'24,Q3'24,8.4,0.935714
ORC,2024-10-11,7.79,Q4'24,Q3'24,8.4,0.927381
ORC,2024-10-14,7.86,Q4'24,Q3'24,8.4,0.935714
ORC,2024-10-15,7.92,Q4'24,Q3'24,8.4,0.942857
ORC,2024-10-16,8.03,Q4'24,Q3'24,8.4,0.955952
ORC,2024-10-17,8.06,Q4'24,Q3'24,8.4,0.959524
ORC,2024-10-18,8.16,Q4'24,Q3'24,8.4,0.971429
ORC,2024-10-21,7.99,Q4'24,Q3'24,8.4,0.95119
ORC,2024-10-22,7.86,Q4'24,Q3'24,8.4,0.935714
ORC,2024-10-23,7.8,Q4'24,Q3'24,8.4,0.928571
ORC,2024-10-24,7.88,Q4'24,Q3'24,8.4,0.938095
ORC,2024-10-25,7.91,Q4'24,Q3'24,8.4,0.941667
ORC,2024-10-28,7.81,Q4'24,Q3'24,8.4,0.929762
ORC,2024-10-29,7.9,Q4'24,Q3'24,8.4,0.940476
ORC,2024-10-30,7.86,Q4'24,Q3'24,8.4,0.935714
ORC,2024-10-31,7.57,Q4'24,Q3'24,8.4,0.90119
ORC,2024-11-01,7.52,Q4'24,Q3'24,8.4,0.895238
ORC,2024-11-04,7.52,Q4'24,Q3'24,8.4,0.895238
ORC,2024-11-05,7.61,Q4'24,Q3'24,8.4,0.905952
ORC,2024-11-06,7.59,Q4'24,Q3'24,8.4,0.903571
ORC,2024-11-07,7.74,Q4'24,Q3'24,8.4,0.921429
ORC,2024-11-08,7.91,Q4'24,Q3'24,8.4,0.941667
ORC,2024-11-11,7.87,Q4'24,Q3'24,8.4,0.936905
ORC,2024-11-12,7.72,Q4'24,Q3'24,8.4,0.919048
ORC,2024-11-13,7.79,Q4'24,Q3'24,8.4,0.927381
ORC,2024-11-14,7.76,Q4'24,Q3'24,8.4,0.92381
ORC,2024-11-15,7.81,Q4'24,Q3'24,8.4,0.929762
ORC,2024-11-18,7.86,Q4'24,Q3'24,8.4,0.935714
ORC,2024-11-19,7.85,Q4'24,Q3'24,8.4,0.934524
ORC,2024-11-20,7.82,Q4'24,Q3'24,8.4,0.930952
ORC,2024-11-21,7.87,Q4'24,Q3'24,8.4,0.936905
ORC,2024-11-22,7.9,Q4'24,Q3'24,8.4,0.940476
ORC,2024-11-25,7.93,Q4'24,Q3'24,8.4,0.944048
ORC,2024-11-26,7.88,Q4'24,Q3'24,8.4,0.938095
ORC,2024-11-27,7.92,Q4'24,Q3'24,8.4,0.942857
ORC,2024-11-29,7.79,Q4'24,Q3'24,8.4,0.927381
ORC,2024-12-02,7.85,Q4'24,Q3'24,8.4,0.934524
ORC,2024-12-03,7.8,Q4'24,Q3'24,8.4,0.928571
ORC,2024-12-04,7.78,Q4'24,Q3'24,8.4,0.926191
ORC,2024-12-05,7.81,Q4'24,Q3'24,8.4,0.929762
ORC,2024-12-06,7.93,Q4'24,Q3'24,8.4,0.944048
ORC,2024-12-09,7.98,Q4'24,Q3'24,8.4,0.95
ORC,2024-12-10,8.02,Q4'24,Q3'24,8.4,0.954762
ORC,2024-12-11,8.06,Q4'24,Q3'24,8.4,0.959524
ORC,2024-12-12,8.06,Q4'24,Q3'24,8.4,0.959524
ORC,2024-12-13,8.04,Q4'24,Q3'24,8.4,0.957143
ORC,2024-12-16,8.08,Q4'24,Q3'24,8.4,0.961905
ORC,2024-12-17,7.99,Q4'24,Q3'24,8.4,0.95119
ORC,2024-12-18,7.83,Q4'24,Q3'24,8.4,0.932143
ORC,2024-12-19,7.84,Q4'24,Q3'24,8.4,0.933333
ORC,2024-12-20,7.93,Q4'24,Q3'24,8.4,0.944048
ORC,2024-12-23,7.8,Q4'24,Q3'24,8.4,0.928571
ORC,2024-12-24,7.87,Q4'24,Q3'24,8.4,0.936905
ORC,2024-12-26,7.85,Q4'24,Q3'24,8.4,0.934524
ORC,2024-12-27,7.88,Q4'24,Q3'24,8.4,0.938095
ORC,2024-12-30,7.81,Q4'24,Q3'24,8.4,0.929762
ORC,2024-12-31,7.78,Q4'24,Q3'24,8.4,0.926191
ORC,2025-01-02,7.87,Q1'25,Q4'24,8.09,0.972806
ORC,2025-01-03,7.93,Q1'25,Q4'24,8.09,0.980222
ORC,2025-01-06,7.88,Q1'25,Q4'24,8.09,0.974042
ORC,2025-01-07,7.85,Q1'25,Q4'24,8.09,0.970334
ORC,2025-01-08,7.81,Q1'25,Q4'24,8.09,0.965389
ORC,2025-01-10,7.75,Q1'25,Q4'24,8.09,0.957973
ORC,2025-01-13,7.62,Q1'25,Q4'24,8.09,0.941904
ORC,2025-01-14,7.72,Q1'25,Q4'24,8.09,0.954264
ORC,2025-01-15,7.82,Q1'25,Q4'24,8.09,0.966625
ORC,2025-01-16,7.93,Q1'25,Q4'24,8.09,0.980222
ORC,2025-01-17,8.01,Q1'25,Q4'24,8.09,0.990111
ORC,2025-01-21,8.02,Q1'25,Q4'24,8.09,0.991347
ORC,2025-01-22,7.94,Q1'25,Q4'24,8.09,0.981459
ORC,2025-01-23,8.0,Q1'25,Q4'24,8.09,0.988875
ORC,2025-01-24,7.93,Q1'25,Q4'24,8.09,0.980222
ORC,2025-01-27,7.9,Q1'25,Q4'24,8.09,0.976514
ORC,2025-01-28,7.97,Q1'25,Q4'24,8.09,0.985167
ORC,2025-01-29,7.88,Q1'25,Q4'24,8.09,0.974042
ORC,2025-01-30,8.03,Q1'25,Q4'24,8.09,0.992583
ORC,2025-01-31,8.35,Q1'25,Q4'24,8.09,1.032138
ORC,2025-02-03,8.25,Q1'25,Q4'24,8.09,1.019778
ORC,2025-02-04,8.29,Q1'25,Q4'24,8.09,1.024722
ORC,2025-02-05,8.3,Q1'25,Q4'24,8.09,1.025958
ORC,2025-02-06,8.31,Q1'25,Q4'24,8.09,1.027194
ORC,2025-02-07,8.28,Q1'25,Q4'24,8.09,1.023486
ORC,2025-02-10,8.33,Q1'25,Q4'24,8.09,1.029666
ORC,2025-02-11,8.34,Q1'25,Q4'24,8.09,1.030902
ORC,2025-02-12,8.35,Q1'25,Q4'24,8.09,1.032138
ORC,2025-02-13,8.56,Q1'25,Q4'24,8.09,1.058096
ORC,2025-02-14,8.77,Q1'25,Q4'24,8.09,1.084054
ORC,2025-02-18,8.75,Q1'25,Q4'24,8.09,1.081582
ORC,2025-02-19,8.86,Q1'25,Q4'24,8.09,1.095179
ORC,2025-02-20,8.87,Q1'25,Q4'24,8.09,1.096415
ORC,2025-02-21,8.92,Q1'25,Q4'24,8.09,1.102596
ORC,2025-02-24,8.84,Q1'25,Q4'24,8.09,1.092707
ORC,2025-02-25,8.79,Q1'25,Q4'24,8.09,1.086527
ORC,2025-02-26,8.83,Q1'25,Q4'24,8.09,1.091471
ORC,2025-02-27,8.73,Q1'25,Q4'24,8.09,1.07911
ORC,2025-02-28,8.55,Q1'25,Q4'24,8.09,1.05686
ORC,2025-03-03,8.43,Q1'25,Q4'24,8.09,1.042027
ORC,2025-03-04,8.28,Q1'25,Q4'24,8.09,1.023486
ORC,2025-03-05,8.37,Q1'25,Q4'24,8.09,1.034611
ORC,2025-03-06,8.31,Q1'25,Q4'24,8.09,1.027194
ORC,2025-03-07,8.47,Q1'25,Q4'24,8.09,1.046972
ORC,2025-03-10,8.36,Q1'25,Q4'24,8.09,1.033374
ORC,2025-03-11,8.13,Q1'25,Q4'24,8.09,1.004944
ORC,2025-03-12,8.18,Q1'25,Q4'24,8.09,1.011125
ORC,2025-03-13,8.17,Q1'25,Q4'24,8.09,1.009889
ORC,2025-03-14,8.31,Q1'25,Q4'24,8.09,1.027194
ORC,2025-03-17,8.37,Q1'25,Q4'24,8.09,1.034611
ORC,2025-03-18,8.39,Q1'25,Q4'24,8.09,1.037083
ORC,2025-03-19,8.33,Q1'25,Q4'24,8.09,1.029666
ORC,2025-03-20,8.23,Q1'25,Q4'24,8.09,1.017305
ORC,2025-03-21,8.21,Q1'25,Q4'24,8.09,1.014833
ORC,2025-03-24,8.22,Q1'25,Q4'24,8.09,1.016069
ORC,2025-03-25,8.14,Q1'25,Q4'24,8.09,1.006181
ORC,2025-03-26,7.98,Q1'25,Q4'24,8.09,0.986403
ORC,2025-03-27,7.95,Q1'25,Q4'24,8.09,0.982695
ORC,2025-03-28,7.66,Q1'25,Q4'24,8.09,0.946848
ORC,2025-03-31,7.52,Q1'25,Q4'24,8.09,0.929543
ORC,2025-04-01,7.46,Q2'25,Q1'25,7.94,0.939547
ORC,2025-04-02,7.23,Q2'25,Q1'25,7.94,0.910579
ORC,2025-04-03,7.16,Q2'25,Q1'25,7.94,0.901763
ORC,2025-04-04,6.64,Q2'25,Q1'25,7.94,0.836272
ORC,2025-04-07,6.22,Q2'25,Q1'25,7.94,0.783375
ORC,2025-04-08,6.17,Q2'25,Q1'25,7.94,0.777078
ORC,2025-04-09,6.46,Q2'25,Q1'25,7.94,0.813602
ORC,2025-04-10,6.05,Q2'25,Q1'25,7.94,0.761965
ORC,2025-04-11,6.13,Q2'25,Q1'25,7.94,0.77204
ORC,2025-04-14,6.3,Q2'25,Q1'25,7.94,0.793451
ORC,2025-04-15,6.35,Q2'25,Q1'25,7.94,0.799748
ORC,2025-04-16,6.39,Q2'25,Q1'25,7.94,0.804786
ORC,2025-04-17,6.55,Q2'25,Q1'25,7.94,0.824937
ORC,2025-04-21,6.47,Q2'25,Q1'25,7.94,0.814861
ORC,2025-04-22,6.8,Q2'25,Q1'25,7.94,0.856423
ORC,2025-04-23,6.89,Q2'25,Q1'25,7.94,0.867758
ORC,2025-04-24,6.93,Q2'25,Q1'25,7.94,0.872796
ORC,2025-04-25,7.28,Q2'25,Q1'25,7.94,0.916877
ORC,2025-04-28,7.34,Q2'25,Q1'25,7.94,0.924433
ORC,2025-04-29,7.33,Q2'25,Q1'25,7.94,0.923174
ORC,2025-04-30,7.15,Q2'25,Q1'25,7.94,0.900504
ORC,2025-05-01,7.08,Q2'25,Q1'25,7.94,0.891688
ORC,2025-05-02,7.0,Q2'25,Q1'25,7.94,0.881612
ORC,2025-05-05,6.96,Q2'25,Q1'25,7.94,0.876574
ORC,2025-05-06,6.96,Q2'25,Q1'25,7.94,0.876574
ORC,2025-05-07,7.13,Q2'25,Q1'25,7.94,0.897985
ORC,2025-05-08,7.17,Q2'25,Q1'25,7.94,0.903023
ORC,2025-05-09,7.16,Q2'25,Q1'25,7.94,0.901763
ORC,2025-05-12,7.22,Q2'25,Q1'25,7.94,0.90932
ORC,2025-05-13,7.25,Q2'25,Q1'25,7.94,0.913098
ORC,2025-05-14,7.18,Q2'25,Q1'25,7.94,0.904282
ORC,2025-05-15,7.15,Q2'25,Q1'25,7.94,0.900504
ORC,2025-05-16,7.17,Q2'25,Q1'25,7.94,0.903023
ORC,2025-05-19,7.18,Q2'25,Q1'25,7.94,0.904282
ORC,2025-05-20,7.16,Q2'25,Q1'25,7.94,0.901763
ORC,2025-05-21,6.9,Q2'25,Q1'25,7.94,0.869018
ORC,2025-05-22,6.89,Q2'25,Q1'25,7.94,0.867758
ORC,2025-05-23,6.92,Q2'25,Q1'25,7.94,0.871537
ORC,2025-05-27,7.0,Q2'25,Q1'25,7.94,0.881612
ORC,2025-05-28,7.0,Q2'25,Q1'25,7.94,0.881612
ORC,2025-05-29,7.04,Q2'25,Q1'25,7.94,0.88665
ORC,2025-05-30,6.83,Q2'25,Q1'25,7.94,0.860202
ORC,2025-06-02,6.76,Q2'25,Q1'25,7.94,0.851385
ORC,2025-06-03,6.9,Q2'25,Q1'25,7.94,0.869018
ORC,2025-06-04,6.94,Q2'25,Q1'25,7.94,0.874055
ORC,2025-06-05,6.94,Q2'25,Q1'25,7.94,0.874055
ORC,2025-06-06,6.94,Q2'25,Q1'25,7.94,0.874055
ORC,2025-06-09,7.03,Q2'25,Q1'25,7.94,0.88539
ORC,2025-06-10,7.08,Q2'25,Q1'25,7.94,0.891688
ORC,2025-06-11,7.02,Q2'25,Q1'25,7.94,0.884131
ORC,2025-06-12,7.1,Q2'25,Q1'25,7.94,0.894207
ORC,2025-06-13,7.04,Q2'25,Q1'25,7.94,0.88665
ORC,2025-06-16,7.04,Q2'25,Q1'25,7.94,0.88665
ORC,2025-06-17,6.94,Q2'25,Q1'25,7.94,0.874055
ORC,2025-06-18,7.05,Q2'25,Q1'25,7.94,0.887909
ORC,2025-06-20,7.04,Q2'25,Q1'25,7.94,0.88665
ORC,2025-06-23,7.0,Q2'25,Q1'25,7.94,0.881612
ORC,2025-06-24,7.06,Q2'25,Q1'25,7.94,0.889169
ORC,2025-06-25,7.01,Q2'25,Q1'25,7.94,0.882872
ORC,2025-06-26,7.09,Q2'25,Q1'25,7.94,0.892947
ORC,2025-06-27,7.03,Q2'25,Q1'25,7.94,0.88539
ORC,2025-06-30,7.01,Q2'25,Q1'25,7.94,0.882872
ORC,2025-07-01,7.04,Q3'25,Q2'25,7.21,0.976422
ORC,2025-07-02,7.1,Q3'25,Q2'25,7.21,0.984743
ORC,2025-07-03,7.17,Q3'25,Q2'25,7.21,0.994452
ORC,2025-07-07,7.12,Q3'25,Q2'25,7.21,0.987517
ORC,2025-07-08,7.17,Q3'25,Q2'25,7.21,0.994452
ORC,2025-07-09,7.27,Q3'25,Q2'25,7.21,1.008322
ORC,2025-07-10,7.2,Q3'25,Q2'25,7.21,0.998613
ORC,2025-07-11,7.15,Q3'25,Q2'25,7.21,0.991678
ORC,2025-07-14,7.08,Q3'25,Q2'25,7.21,0.981969
ORC,2025-07-15,7.02,Q3'25,Q2'25,7.21,0.973648
ORC,2025-07-16,7.12,Q3'25,Q2'25,7.21,0.987517
ORC,2025-07-17,7.08,Q3'25,Q2'25,7.21,0.981969
ORC,2025-07-18,7.06,Q3'25,Q2'25,7.21,0.979196
ORC,2025-07-21,7.06,Q3'25,Q2'25,7.21,0.979196
ORC,2025-07-22,7.2,Q3'25,Q2'25,7.21,0.998613
ORC,2025-07-23,7.34,Q3'25,Q2'25,7.21,1.018031
ORC,2025-07-24,7.3,Q3'25,Q2'25,7.21,1.012483
ORC,2025-07-25,7.41,Q3'25,Q2'25,7.21,1.027739
ORC,2025-07-28,7.33,Q3'25,Q2'25,7.21,1.016644
ORC,2025-07-29,7.28,Q3'25,Q2'25,7.21,1.009709
ORC,2025-07-30,7.15,Q3'25,Q2'25,7.21,0.991678
ORC,2025-07-31,6.96,Q3'25,Q2'25,7.21,0.965326
ORC,2025-08-01,7.03,Q3'25,Q2'25,7.21,0.975035
ORC,2025-08-04,7.17,Q3'25,Q2'25,7.21,0.994452
ORC,2025-08-05,7.12,Q3'25,Q2'25,7.21,0.987517
ORC,2025-08-06,6.99,Q3'25,Q2'25,7.21,0.969487
ORC,2025-08-07,7.04,Q3'25,Q2'25,7.21,0.976422
ORC,2025-08-08,7.14,Q3'25,Q2'25,7.21,0.990291
ORC,2025-08-11,7.04,Q3'25,Q2'25,7.21,0.976422
ORC,2025-08-12,7.14,Q3'25,Q2'25,7.21,0.990291
ORC,2025-08-13,7.16,Q3'25,Q2'25,7.21,0.993065
ORC,2025-08-14,7.15,Q3'25,Q2'25,7.21,0.991678
ORC,2025-08-15,7.15,Q3'25,Q2'25,7.21,0.991678
ORC,2025-08-18,7.09,Q3'25,Q2'25,7.21,0.983356
ORC,2025-08-19,7.05,Q3'25,Q2'25,7.21,0.977809
ORC,2025-08-20,7.1,Q3'25,Q2'25,7.21,0.984743
ORC,2025-08-21,7.05,Q3'25,Q2'25,7.21,0.977809
ORC,2025-08-22,7.13,Q3'25,Q2'25,7.21,0.988904
ORC,2025-08-25,7.1,Q3'25,Q2'25,7.21,0.984743
ORC,2025-08-26,7.13,Q3'25,Q2'25,7.21,0.988904
ORC,2025-08-27,7.05,Q3'25,Q2'25,7.21,0.977809
ORC,2025-08-28,7.07,Q3'25,Q2'25,7.21,0.980583
ORC,2025-08-29,7.06,Q3'25,Q2'25,7.21,0.979196
ORC,2025-09-02,6.99,Q3'25,Q2'25,7.21,0.969487
ORC,2025-09-03,7.14,Q3'25,Q2'25,7.21,0.990291
ORC,2025-09-04,7.2,Q3'25,Q2'25,7.21,0.998613
ORC,2025-09-05,7.19,Q3'25,Q2'25,7.21,0.997226
ORC,2025-09-08,7.22,Q3'25,Q2'25,7.21,1.001387
ORC,2025-09-09,7.2,Q3'25,Q2'25,7.21,0.998613
ORC,2025-09-10,7.14,Q3'25,Q2'25,7.21,0.990291
ORC,2025-09-11,7.07,Q3'25,Q2'25,7.21,0.980583
ORC,2025-09-12,7.09,Q3'25,Q2'25,7.21,0.983356
ORC,2025-09-15,7.13,Q3'25,Q2'25,7.21,0.988904
ORC,2025-09-16,7.11,Q3'25,Q2'25,7.21,0.98613
ORC,2025-09-17,7.16,Q3'25,Q2'25,7.21,0.993065
ORC,2025-09-18,7.08,Q3'25,Q2'25,7.21,0.981969
ORC,2025-09-19,7.0,Q3'25,Q2'25,7.21,0.970874
ORC,2025-09-22,6.84,Q3'25,Q2'25,7.21,0.948682
ORC,2025-09-23,7.01,Q3'25,Q2'25,7.21,0.972261
ORC,2025-09-24,6.96,Q3'25,Q2'25,7.21,0.965326
ORC,2025-09-25,6.99,Q3'25,Q2'25,7.21,0.969487
ORC,2025-09-26,7.05,Q3'25,Q2'25,7.21,0.977809
ORC,2025-09-29,7.03,Q3'25,Q2'25,7.21,0.975035
ORC,2025-09-30,7.01,Q3'25,Q2'25,7.21,0.972261
ORC,2025-10-01,7.19,Q4'25,Q3'25,7.33,0.9809
ORC,2025-10-02,7.17,Q4'25,Q3'25,7.33,0.978172
ORC,2025-10-03,7.13,Q4'25,Q3'25,7.33,0.972715
ORC,2025-10-06,7.07,Q4'25,Q3'25,7.33,0.964529
ORC,2025-10-07,7.14,Q4'25,Q3'25,7.33,0.974079
ORC,2025-10-08,7.24,Q4'25,Q3'25,7.33,0.987722
ORC,2025-10-09,7.17,Q4'25,Q3'25,7.33,0.978172
ORC,2025-10-10,7.08,Q4'25,Q3'25,7.33,0.965894
ORC,2025-10-13,7.19,Q4'25,Q3'25,7.33,0.9809
ORC,2025-10-14,7.27,Q4'25,Q3'25,7.33,0.991814
ORC,2025-10-15,7.26,Q4'25,Q3'25,7.33,0.99045
ORC,2025-10-16,7.3,Q4'25,Q3'25,7.33,0.995907
ORC,2025-10-17,7.33,Q4'25,Q3'25,7.33,1.0
ORC,2025-10-20,7.51,Q4'25,Q3'25,7.33,1.024557
ORC,2025-10-21,7.48,Q4'25,Q3'25,7.33,1.020464
ORC,2025-10-22,7.47,Q4'25,Q3'25,7.33,1.0191
ORC,2025-10-23,7.44,Q4'25,Q3'25,7.33,1.015007
ORC,2025-10-24,7.64,Q4'25,Q3'25,7.33,1.042292
ORC,2025-10-27,7.66,Q4'25,Q3'25,7.33,1.04502
ORC,2025-10-28,7.55,Q4'25,Q3'25,7.33,1.030014
ORC,2025-10-29,7.4,Q4'25,Q3'25,7.33,1.00955
ORC,2025-10-30,7.31,Q4'25,Q3'25,7.33,0.997271
ORC,2025-10-31,7.23,Q4'25,Q3'25,7.33,0.986357
ORC,2025-11-03,7.26,Q4'25,Q3'25,7.33,0.99045
ORC,2025-11-04,7.39,Q4'25,Q3'25,7.33,1.008186
ORC,2025-11-05,7.37,Q4'25,Q3'25,7.33,1.005457
ORC,2025-11-06,7.32,Q4'25,Q3'25,7.33,0.998636
ORC,2025-11-07,7.4,Q4'25,Q3'25,7.33,1.00955
ORC,2025-11-10,7.3,Q4'25,Q3'25,7.33,0.995907
ORC,2025-11-11,7.35,Q4'25,Q3'25,7.33,1.002728
ORC,2025-11-12,7.31,Q4'25,Q3'25,7.33,0.997271
ORC,2025-11-13,7.29,Q4'25,Q3'25,7.33,0.994543
ORC,2025-11-14,7.24,Q4'25,Q3'25,7.33,0.987722
ORC,2025-11-17,7.18,Q4'25,Q3'25,7.33,0.979536
ORC,2025-11-18,7.22,Q4'25,Q3'25,7.33,0.984993
ORC,2025-11-19,7.15,Q4'25,Q3'25,7.33,0.975443
ORC,2025-11-20,7.08,Q4'25,Q3'25,7.33,0.965894
ORC,2025-11-21,7.2,Q4'25,Q3'25,7.33,0.982265
ORC,2025-11-24,7.2,Q4'25,Q3'25,7.33,0.982265
ORC,2025-11-25,7.23,Q4'25,Q3'25,7.33,0.986357
ORC,2025-11-26,7.29,Q4'25,Q3'25,7.33,0.994543
ORC,2025-11-28,7.23,Q4'25,Q3'25,7.33,0.986357
ORC,2025-12-01,7.18,Q4'25,Q3'25,7.33,0.979536
ORC,2025-12-02,7.21,Q4'25,Q3'25,7.33,0.983629
ORC,2025-12-03,7.34,Q4'25,Q3'25,7.33,1.001364
ORC,2025-12-04,7.31,Q4'25,Q3'25,7.33,0.997271
ORC,2025-12-05,7.35,Q4'25,Q3'25,7.33,1.002728
ORC,2025-12-08,7.25,Q4'25,Q3'25,7.33,0.989086
ORC,2025-12-09,7.19,Q4'25,Q3'25,7.33,0.9809
ORC,2025-12-10,7.19,Q4'25,Q3'25,7.33,0.9809
ORC,2025-12-11,7.1,Q4'25,Q3'25,7.33,0.968622
ORC,2025-12-12,7.13,Q4'25,Q3'25,7.33,0.972715
ORC,2025-12-15,7.17,Q4'25,Q3'25,7.33,0.978172
ORC,2025-12-16,7.28,Q4'25,Q3'25,7.33,0.993179
ORC,2025-12-17,7.27,Q4'25,Q3'25,7.33,0.991814
ORC,2025-12-18,7.38,Q4'25,Q3'25,7.33,1.006821
ORC,2025-12-19,7.34,Q4'25,Q3'25,7.33,1.001364
ORC,2025-12-22,7.38,Q4'25,Q3'25,7.33,1.006821
ORC,2025-12-23,7.28,Q4'25,Q3'25,7.33,0.993179
ORC,2025-12-24,7.35,Q4'25,Q3'25,7.33,1.002728
ORC,2025-12-26,7.32,Q4'25,Q3'25,7.33,0.998636
ORC,2025-12-29,7.25,Q4'25,Q3'25,7.33,0.989086
ORC,2025-12-30,7.28,Q4'25,Q3'25,7.33,0.993179
ORC,2025-12-31,7.2,Q4'25,Q3'25,7.33,0.982265
ORC,2026-01-02,7.37,Q1'26,Q4'25,7.54,0.977454
ORC,2026-01-05,7.38,Q1'26,Q4'25,7.54,0.97878
ORC,2026-01-06,7.5,Q1'26,Q4'25,7.54,0.994695
ORC,2026-01-07,7.5,Q1'26,Q4'25,7.54,0.994695
ORC,2026-01-08,7.47,Q1'26,Q4'25,7.54,0.990716
ORC,2026-01-09,7.6,Q1'26,Q4'25,7.54,1.007958
ORC,2026-01-12,7.76,Q1'26,Q4'25,7.54,1.029178
ORC,2026-01-13,7.82,Q1'26,Q4'25,7.54,1.037135
ORC,2026-01-14,7.9,Q1'26,Q4'25,7.54,1.047745
ORC,2026-01-15,8.12,Q1'26,Q4'25,7.54,1.076923
ORC,2026-01-16,8.33,Q1'26,Q4'25,7.54,1.104775
ORC,2026-01-20,8.16,Q1'26,Q4'25,7.54,1.082228
ORC,2026-01-21,8.16,Q1'26,Q4'25,7.54,1.082228
ORC,2026-01-22,8.22,Q1'26,Q4'25,7.54,1.090186
ORC,2026-01-23,8.16,Q1'26,Q4'25,7.54,1.082228
ORC,2026-01-26,8.17,Q1'26,Q4'25,7.54,1.083554
ORC,2026-01-27,8.35,Q1'26,Q4'25,7.54,1.107427
ORC,2026-01-28,8.32,Q1'26,Q4'25,7.54,1.103448
ORC,2026-01-29,8.27,Q1'26,Q4'25,7.54,1.096817
ORC,2026-01-30,7.8,Q1'26,Q4'25,7.54,1.034483
ORC,2026-02-02,7.69,Q1'26,Q4'25,7.54,1.019894
ORC,2026-02-03,7.81,Q1'26,Q4'25,7.54,1.035809
ORC,2026-02-04,7.66,Q1'26,Q4'25,7.54,1.015915
ORC,2026-02-05,7.61,Q1'26,Q4'25,7.54,1.009284
ORC,2026-02-06,7.61,Q1'26,Q4'25,7.54,1.009284
ORC,2026-02-09,7.47,Q1'26,Q4'25,7.54,0.990716
ORC,2026-02-10,7.48,Q1'26,Q4'25,7.54,0.992042
ORC,2026-02-11,7.5,Q1'26,Q4'25,7.54,0.994695
ORC,2026-02-12,7.54,Q1'26,Q4'25,7.54,1.0
ORC,2026-02-13,7.53,Q1'26,Q4'25,7.54,0.998674
ORC,2026-02-17,7.5,Q1'26,Q4'25,7.54,0.994695
ORC,2026-02-18,7.53,Q1'26,Q4'25,7.54,0.998674
ORC,2026-02-19,7.49,Q1'26,Q4'25,7.54,0.993369
ORC,2026-02-20,7.58,Q1'26,Q4'25,7.54,1.005305
ORC,2026-02-23,7.59,Q1'26,Q4'25,7.54,1.006631
ORC,2026-02-24,7.59,Q1'26,Q4'25,7.54,1.006631
ORC,2026-02-25,7.59,Q1'26,Q4'25,7.54,1.006631
ORC,2026-02-26,7.6,Q1'26,Q4'25,7.54,1.007958
ORC,2026-02-27,7.44,Q1'26,Q4'25,7.54,0.986737
ORC,2026-03-02,7.46,Q1'26,Q4'25,7.54,0.98939
ORC,2026-03-03,7.37,Q1'26,Q4'25,7.54,0.977454
ORC,2026-03-04,7.4,Q1'26,Q4'25,7.54,0.981432
ORC,2026-03-05,7.4,Q1'26,Q4'25,7.54,0.981432
ORC,2026-03-06,7.28,Q1'26,Q4'25,7.54,0.965517
ORC,2026-03-09,7.26,Q1'26,Q4'25,7.54,0.962865
ORC,2026-03-10,7.45,Q1'26,Q4'25,7.54,0.988064
ORC,2026-03-11,7.43,Q1'26,Q4'25,7.54,0.985411
ORC,2026-03-12,7.31,Q1'26,Q4'25,7.54,0.969496
ORC,2026-03-13,7.22,Q1'26,Q4'25,7.54,0.95756
ORC,2026-03-16,7.27,Q1'26,Q4'25,7.54,0.964191
ORC,2026-03-17,7.24,Q1'26,Q4'25,7.54,0.960212
ORC,2026-03-18,7.13,Q1'26,Q4'25,7.54,0.945623
ORC,2026-03-19,7.14,Q1'26,Q4'25,7.54,0.94695
ORC,2026-03-20,6.82,Q1'26,Q4'25,7.54,0.904509
ORC,2026-03-23,6.9,Q1'26,Q4'25,7.54,0.915119
ORC,2026-03-24,6.95,Q1'26,Q4'25,7.54,0.921751
ORC,2026-03-25,7.15,Q1'26,Q4'25,7.54,0.948276
ORC,2026-03-26,6.99,Q1'26,Q4'25,7.54,0.927056
ORC,2026-03-27,6.87,Q1'26,Q4'25,7.54,0.911141
ORC,2026-03-30,6.91,Q1'26,Q4'25,7.54,0.916446
ORC,2026-03-31,7.03,Q1'26,Q4'25,7.54,0.932361
ORC,2026-04-01,6.97,Q2'26,Q1'26,7.08,0.984463
ORC,2026-04-02,7.05,Q2'26,Q1'26,7.08,0.995763
ORC,2026-04-06,7.18,Q2'26,Q1'26,7.08,1.014124
ORC,2026-04-07,7.06,Q2'26,Q1'26,7.08,0.997175
ORC,2026-04-08,7.18,Q2'26,Q1'26,7.08,1.014124
ORC,2026-04-09,7.19,Q2'26,Q1'26,7.08,1.015537
ORC,2026-04-10,7.2,Q2'26,Q1'26,7.08,1.016949
ORC,2026-04-13,7.19,Q2'26,Q1'26,7.08,1.015537
ORC,2026-04-14,7.3,Q2'26,Q1'26,7.08,1.031073
ORC,2026-04-15,7.36,Q2'26,Q1'26,7.08,1.039548
ORC,2026-04-16,6.8,Q2'26,Q1'26,7.08,0.960452
ORC,2026-04-17,7.04,Q2'26,Q1'26,7.08,0.99435
ORC,2026-04-20,7.01,Q2'26,Q1'26,7.08,0.990113
ORC,2026-04-21,6.9,Q2'26,Q1'26,7.08,0.974576
ORC,2026-04-22,6.95,Q2'26,Q1'26,7.08,0.981638
ORC,2026-04-23,6.84,Q2'26,Q1'26,7.08,0.966102
ORC,2026-04-24,7.05,Q2'26,Q1'26,7.08,0.995763
ORC,2026-04-27,7.15,Q2'26,Q1'26,7.08,1.009887
ORC,2026-04-28,7.13,Q2'26,Q1'26,7.08,1.007062
ORC,2026-04-29,7.03,Q2'26,Q1'26,7.08,0.992938
ORC,2026-04-30,7.03,Q2'26,Q1'26,7.08,0.992938
ORC,2026-05-01,7.08,Q2'26,Q1'26,7.08,1.0
ORC,2026-05-04,6.93,Q2'26,Q1'26,7.08,0.978814
ORC,2026-05-05,6.93,Q2'26,Q1'26,7.08,0.978814
ORC,2026-05-06,6.96,Q2'26,Q1'26,7.08,0.983051
ORC,2026-05-07,6.95,Q2'26,Q1'26,7.08,0.981638
ORC,2026-05-08,7.05,Q2'26,Q1'26,7.08,0.995763
ORC,2026-05-11,7.02,Q2'26,Q1'26,7.08,0.991525
ORC,2026-05-12,6.96,Q2'26,Q1'26,7.08,0.983051
ORC,2026-05-13,6.96,Q2'26,Q1'26,7.08,0.983051
ORC,2026-05-14,6.92,Q2'26,Q1'26,7.08,0.977401
ORC,2026-05-15,6.86,Q2'26,Q1'26,7.08,0.968927
ORC,2026-05-18,6.8,Q2'26,Q1'26,7.08,0.960452
ORC,2026-05-19,6.73,Q2'26,Q1'26,7.08,0.950565
ORC,2026-05-20,6.78,Q2'26,Q1'26,7.08,0.957627
ORC,2026-05-21,6.83,Q2'26,Q1'26,7.08,0.964689
ORC,2026-05-22,6.76,Q2'26,Q1'26,7.08,0.954802
ORC,2026-05-26,6.85,Q2'26,Q1'26,7.08,0.967514
ORC,2026-05-27,6.91,Q2'26,Q1'26,7.08,0.975989
ORC,2026-05-28,6.95,Q2'26,Q1'26,7.08,0.981638
ORC,2026-05-29,6.78,Q2'26,Q1'26,7.08,0.957627
ORC,2026-06-01,6.78,Q2'26,Q1'26,7.08,0.957627
ORC,2026-06-02,6.74,Q2'26,Q1'26,7.08,0.951977
ORC,2026-06-03,6.6,Q2'26,Q1'26,7.08,0.932203
ORC,2026-06-04,6.68,Q2'26,Q1'26,7.08,0.943503
ORC,2026-06-05,6.65,Q2'26,Q1'26,7.08,0.939266
ORC,2026-06-08,6.45,Q2'26,Q1'26,7.08,0.911017
ORC,2026-06-09,6.64,Q2'26,Q1'26,7.08,0.937853
ORC,2026-06-10,6.55,Q2'26,Q1'26,7.08,0.925141
ORC,2026-06-11,6.58,Q2'26,Q1'26,7.08,0.929379
ORC,2026-06-12,6.52,Q2'26,Q1'26,7.08,0.920904
ORC,2026-06-15,6.6,Q2'26,Q1'26,7.08,0.932203
ORC,2026-06-16,6.68,Q2'26,Q1'26,7.08,0.943503
ORC,2026-06-17,6.61,Q2'26,Q1'26,7.08,0.933616
ORC,2026-06-18,6.7,Q2'26,Q1'26,7.08,0.946328
ORC,2026-06-22,6.62,Q2'26,Q1'26,7.08,0.935028
ORC,2026-06-23,6.77,Q2'26,Q1'26,7.08,0.956215
ORC,2026-06-24,6.81,Q2'26,Q1'26,7.08,0.961864
ORC,2026-06-25,6.86,Q2'26,Q1'26,7.08,0.968927
ORC,2026-06-26,6.95,Q2'26,Q1'26,7.08,0.981638
ORC,2026-06-29,6.97,Q2'26,Q1'26,7.08,0.984463
ORC,2026-06-30,6.97,Q2'26,Q1'26,7.08,0.984463
ORC,2026-07-01,6.92,Q3'26,Q2'26,7.22,0.958449
ORC,2026-07-02,6.92,Q3'26,Q2'26,7.22,0.958449
ORC,2026-07-06,6.89,Q3'26,Q2'26,7.22,0.954294
ORC,2026-07-07,6.77,Q3'26,Q2'26,7.22,0.937673
ORC,2026-07-08,6.74,Q3'26,Q2'26,7.22,0.933518
ORC,2026-07-09,6.82,Q3'26,Q2'26,7.22,0.944598
ORC,2026-07-10,6.81,Q3'26,Q2'26,7.22,0.943213
ORC,2026-07-13,6.72,Q3'26,Q2'26,7.22,0.930748
ORC,2026-07-14,6.83,Q3'26,Q2'26,7.22,0.945983
ORC,2026-07-15,6.92,Q3'26,Q2'26,7.22,0.958449
ORC,2026-07-16,6.99,Q3'26,Q2'26,7.22,0.968144
ORC,2026-07-17,6.85,Q3'26,Q2'26,7.22,0.948753
ORC,2026-07-20,6.71,Q3'26,Q2'26,7.22,0.929363
ORC,2026-07-21,6.77,Q3'26,Q2'26,7.22,0.937673
ORC,2026-07-22,6.69,Q3'26,Q2'26,7.22,0.926593
ORC,2026-07-23,6.61,Q3'26,Q2'26,7.22,0.915512
ORC,2026-07-24,6.54,Q3'26,Q2'26,7.22,0.905817
ORC,2026-07-27,6.49,Q3'26,Q2'26,7.22,0.898892
ORC,2026-07-28,6.57,Q3'26,Q2'26,7.22,0.909972
ORC,2026-07-29,6.56,Q3'26,Q2'26,7.22,0.908587
ORC,2026-07-30,6.63,Q3'26,Q2'26,7.22,0.918283
ORC,2026-07-31,6.49,Q3'26,Q2'26,7.22,0.898892
ORC,2026-08-03,6.47,Q3'26,Q2'26,7.22,0.896122
ORC,2026-08-04,6.38,Q3'26,Q2'26,7.22,0.883657
ORC,2026-08-05,6.42,Q3'26,Q2'26,7.22,0.889197
ORC,2026-08-06,6.42,Q3'26,Q2'26,7.22,0.889197
ORC,2026-08-07,6.56,Q3'26,Q2'26,7.22,0.908587
ORC,2026-08-10,6.5,Q3'26,Q2'26,7.22,0.900277
ORC,2026-08-11,6.57,Q3'26,Q2'26,7.22,0.909972
ORC,2026-08-12,6.62,Q3'26,Q2'26,7.22,0.916897
ORC,2026-08-13,6.63,Q3'26,Q2'26,7.22,0.918283
ORC,2026-08-14,6.65,Q3'26,Q2'26,7.22,0.921053
ORC,2026-08-17,6.67,Q3'26,Q2'26,7.22,0.923823
ORC,2026-08-18,6.67,Q3'26,Q2'26,7.22,0.923823
ORC,2026-08-19,6.78,Q3'26,Q2'26,7.22,0.939058
PFSI,2021-07-01,60.27,Q3'21,Q2'21,54.49,1.106075
PFSI,2021-07-02,60.12,Q3'21,Q2'21,54.49,1.103322
PFSI,2021-07-06,60.07,Q3'21,Q2'21,54.49,1.102404
PFSI,2021-07-07,60.71,Q3'21,Q2'21,54.49,1.114149
PFSI,2021-07-08,60.42,Q3'21,Q2'21,54.49,1.108827
PFSI,2021-07-09,60.66,Q3'21,Q2'21,54.49,1.113232
PFSI,2021-07-12,60.29,Q3'21,Q2'21,54.49,1.106442
PFSI,2021-07-13,58.9,Q3'21,Q2'21,54.49,1.080932
PFSI,2021-07-14,58.89,Q3'21,Q2'21,54.49,1.080749
PFSI,2021-07-15,59.32,Q3'21,Q2'21,54.49,1.08864
PFSI,2021-07-16,59.01,Q3'21,Q2'21,54.49,1.082951
PFSI,2021-07-19,58.12,Q3'21,Q2'21,54.49,1.066618
PFSI,2021-07-20,58.67,Q3'21,Q2'21,54.49,1.076711
PFSI,2021-07-21,59.86,Q3'21,Q2'21,54.49,1.09855
PFSI,2021-07-22,59.62,Q3'21,Q2'21,54.49,1.094146
PFSI,2021-07-23,60.32,Q3'21,Q2'21,54.49,1.106992
PFSI,2021-07-26,59.79,Q3'21,Q2'21,54.49,1.097266
PFSI,2021-07-27,59.93,Q3'21,Q2'21,54.49,1.099835
PFSI,2021-07-28,61.05,Q3'21,Q2'21,54.49,1.120389
PFSI,2021-07-29,62.26,Q3'21,Q2'21,54.49,1.142595
PFSI,2021-07-30,62.89,Q3'21,Q2'21,54.49,1.154157
PFSI,2021-08-02,64.57,Q3'21,Q2'21,54.49,1.184988
PFSI,2021-08-03,63.07,Q3'21,Q2'21,54.49,1.15746
PFSI,2021-08-04,62.74,Q3'21,Q2'21,54.49,1.151404
PFSI,2021-08-05,63.48,Q3'21,Q2'21,54.49,1.164984
PFSI,2021-08-06,69.6,Q3'21,Q2'21,54.49,1.277299
PFSI,2021-08-09,67.71,Q3'21,Q2'21,54.49,1.242613
PFSI,2021-08-10,67.52,Q3'21,Q2'21,54.49,1.239126
PFSI,2021-08-11,67.47,Q3'21,Q2'21,54.49,1.238209
PFSI,2021-08-12,66.98,Q3'21,Q2'21,54.49,1.229216
PFSI,2021-08-13,67.24,Q3'21,Q2'21,54.49,1.233988
PFSI,2021-08-16,67.79,Q3'21,Q2'21,54.49,1.244081
PFSI,2021-08-17,67.62,Q3'21,Q2'21,54.49,1.240962
PFSI,2021-08-18,67.35,Q3'21,Q2'21,54.49,1.236007
PFSI,2021-08-19,66.18,Q3'21,Q2'21,54.49,1.214535
PFSI,2021-08-20,66.51,Q3'21,Q2'21,54.49,1.220591
PFSI,2021-08-23,66.03,Q3'21,Q2'21,54.49,1.211782
PFSI,2021-08-24,66.26,Q3'21,Q2'21,54.49,1.216003
PFSI,2021-08-25,66.82,Q3'21,Q2'21,54.49,1.22628
PFSI,2021-08-26,66.4,Q3'21,Q2'21,54.49,1.218572
PFSI,2021-08-27,67.22,Q3'21,Q2'21,54.49,1.233621
PFSI,2021-08-30,66.66,Q3'21,Q2'21,54.49,1.223344
PFSI,2021-08-31,66.55,Q3'21,Q2'21,54.49,1.221325
PFSI,2021-09-01,66.01,Q3'21,Q2'21,54.49,1.211415
PFSI,2021-09-02,66.28,Q3'21,Q2'21,54.49,1.21637
PFSI,2021-09-03,66.08,Q3'21,Q2'21,54.49,1.2127
PFSI,2021-09-07,64.71,Q3'21,Q2'21,54.49,1.187557
PFSI,2021-09-08,64.26,Q3'21,Q2'21,54.49,1.179299
PFSI,2021-09-09,64.19,Q3'21,Q2'21,54.49,1.178014
PFSI,2021-09-10,63.91,Q3'21,Q2'21,54.49,1.172876
PFSI,2021-09-13,65.3,Q3'21,Q2'21,54.49,1.198385
PFSI,2021-09-14,64.85,Q3'21,Q2'21,54.49,1.190127
PFSI,2021-09-15,65.19,Q3'21,Q2'21,54.49,1.196366
PFSI,2021-09-16,64.57,Q3'21,Q2'21,54.49,1.184988
PFSI,2021-09-17,64.55,Q3'21,Q2'21,54.49,1.184621
PFSI,2021-09-20,64.34,Q3'21,Q2'21,54.49,1.180767
PFSI,2021-09-21,63.22,Q3'21,Q2'21,54.49,1.160213
PFSI,2021-09-22,63.3,Q3'21,Q2'21,54.49,1.161681
PFSI,2021-09-23,63.46,Q3'21,Q2'21,54.49,1.164617
PFSI,2021-09-24,62.65,Q3'21,Q2'21,54.49,1.149752
PFSI,2021-09-27,62.2,Q3'21,Q2'21,54.49,1.141494
PFSI,2021-09-28,60.36,Q3'21,Q2'21,54.49,1.107726
PFSI,2021-09-29,60.47,Q3'21,Q2'21,54.49,1.109745
PFSI,2021-09-30,61.13,Q3'21,Q2'21,54.49,1.121857
PFSI,2021-10-01,61.53,Q4'21,Q3'21,58.0,1.060862
PFSI,2021-10-04,61.32,Q4'21,Q3'21,58.0,1.057241
PFSI,2021-10-05,61.8,Q4'21,Q3'21,58.0,1.065517
PFSI,2021-10-06,62.43,Q4'21,Q3'21,58.0,1.076379
PFSI,2021-10-07,62.57,Q4'21,Q3'21,58.0,1.078793
PFSI,2021-10-08,62.62,Q4'21,Q3'21,58.0,1.079655
PFSI,2021-10-11,63.29,Q4'21,Q3'21,58.0,1.091207
PFSI,2021-10-12,64.11,Q4'21,Q3'21,58.0,1.105345
PFSI,2021-10-13,66.4,Q4'21,Q3'21,58.0,1.144828
PFSI,2021-10-14,67.03,Q4'21,Q3'21,58.0,1.15569
PFSI,2021-10-15,66.32,Q4'21,Q3'21,58.0,1.143448
PFSI,2021-10-18,66.42,Q4'21,Q3'21,58.0,1.145172
PFSI,2021-10-19,67.38,Q4'21,Q3'21,58.0,1.161724
PFSI,2021-10-20,67.44,Q4'21,Q3'21,58.0,1.162759
PFSI,2021-10-21,67.53,Q4'21,Q3'21,58.0,1.16431
PFSI,2021-10-22,66.56,Q4'21,Q3'21,58.0,1.147586
PFSI,2021-10-25,66.01,Q4'21,Q3'21,58.0,1.138103
PFSI,2021-10-26,63.13,Q4'21,Q3'21,58.0,1.088448
PFSI,2021-10-27,62.61,Q4'21,Q3'21,58.0,1.079483
PFSI,2021-10-28,62.24,Q4'21,Q3'21,58.0,1.073103
PFSI,2021-10-29,62.06,Q4'21,Q3'21,58.0,1.07
PFSI,2021-11-01,64.28,Q4'21,Q3'21,58.0,1.108276
PFSI,2021-11-02,65.03,Q4'21,Q3'21,58.0,1.121207
PFSI,2021-11-03,64.99,Q4'21,Q3'21,58.0,1.120517
PFSI,2021-11-04,64.6,Q4'21,Q3'21,58.0,1.113793
PFSI,2021-11-05,66.95,Q4'21,Q3'21,58.0,1.15431
PFSI,2021-11-08,67.72,Q4'21,Q3'21,58.0,1.167586
PFSI,2021-11-09,66.57,Q4'21,Q3'21,58.0,1.147759
PFSI,2021-11-10,66.01,Q4'21,Q3'21,58.0,1.138103
PFSI,2021-11-11,65.92,Q4'21,Q3'21,58.0,1.136552
PFSI,2021-11-12,65.17,Q4'21,Q3'21,58.0,1.123621
PFSI,2021-11-15,62.92,Q4'21,Q3'21,58.0,1.084828
PFSI,2021-11-16,63.1,Q4'21,Q3'21,58.0,1.087931
PFSI,2021-11-17,62.9,Q4'21,Q3'21,58.0,1.084483
PFSI,2021-11-18,62.74,Q4'21,Q3'21,58.0,1.081724
PFSI,2021-11-19,64.03,Q4'21,Q3'21,58.0,1.103965
PFSI,2021-11-22,65.0,Q4'21,Q3'21,58.0,1.12069
PFSI,2021-11-23,64.97,Q4'21,Q3'21,58.0,1.120172
PFSI,2021-11-24,65.76,Q4'21,Q3'21,58.0,1.133793
PFSI,2021-11-26,65.04,Q4'21,Q3'21,58.0,1.121379
PFSI,2021-11-29,64.98,Q4'21,Q3'21,58.0,1.120345
PFSI,2021-11-30,63.33,Q4'21,Q3'21,58.0,1.091897
PFSI,2021-12-01,64.97,Q4'21,Q3'21,58.0,1.120172
PFSI,2021-12-02,68.44,Q4'21,Q3'21,58.0,1.18
PFSI,2021-12-03,67.81,Q4'21,Q3'21,58.0,1.169138
PFSI,2021-12-06,68.89,Q4'21,Q3'21,58.0,1.187759
PFSI,2021-12-07,68.82,Q4'21,Q3'21,58.0,1.186552
PFSI,2021-12-08,69.31,Q4'21,Q3'21,58.0,1.195
PFSI,2021-12-09,69.2,Q4'21,Q3'21,58.0,1.193103
PFSI,2021-12-10,68.95,Q4'21,Q3'21,58.0,1.188793
PFSI,2021-12-13,68.57,Q4'21,Q3'21,58.0,1.182241
PFSI,2021-12-14,67.59,Q4'21,Q3'21,58.0,1.165345
PFSI,2021-12-15,67.46,Q4'21,Q3'21,58.0,1.163103
PFSI,2021-12-16,67.7,Q4'21,Q3'21,58.0,1.167241
PFSI,2021-12-17,68.05,Q4'21,Q3'21,58.0,1.173276
PFSI,2021-12-20,67.13,Q4'21,Q3'21,58.0,1.157414
PFSI,2021-12-21,68.69,Q4'21,Q3'21,58.0,1.18431
PFSI,2021-12-22,69.42,Q4'21,Q3'21,58.0,1.196897
PFSI,2021-12-23,69.96,Q4'21,Q3'21,58.0,1.206207
PFSI,2021-12-27,70.08,Q4'21,Q3'21,58.0,1.208276
PFSI,2021-12-28,69.54,Q4'21,Q3'21,58.0,1.198966
PFSI,2021-12-29,69.75,Q4'21,Q3'21,58.0,1.202586
PFSI,2021-12-30,70.57,Q4'21,Q3'21,58.0,1.216724
PFSI,2021-12-31,69.78,Q4'21,Q3'21,58.0,1.203103
PFSI,2022-01-03,70.1,Q1'22,Q4'21,60.11,1.166195
PFSI,2022-01-04,69.44,Q1'22,Q4'21,60.11,1.155215
PFSI,2022-01-05,68.25,Q1'22,Q4'21,60.11,1.135418
PFSI,2022-01-06,68.5,Q1'22,Q4'21,60.11,1.139577
PFSI,2022-01-07,67.79,Q1'22,Q4'21,60.11,1.127766
PFSI,2022-01-10,67.21,Q1'22,Q4'21,60.11,1.118117
PFSI,2022-01-11,67.74,Q1'22,Q4'21,60.11,1.126934
PFSI,2022-01-12,68.93,Q1'22,Q4'21,60.11,1.146731
PFSI,2022-01-13,69.56,Q1'22,Q4'21,60.11,1.157212
PFSI,2022-01-14,68.9,Q1'22,Q4'21,60.11,1.146232
PFSI,2022-01-18,68.27,Q1'22,Q4'21,60.11,1.135751
PFSI,2022-01-19,67.43,Q1'22,Q4'21,60.11,1.121777
PFSI,2022-01-20,65.57,Q1'22,Q4'21,60.11,1.090833
PFSI,2022-01-21,64.98,Q1'22,Q4'21,60.11,1.081018
PFSI,2022-01-24,65.4,Q1'22,Q4'21,60.11,1.088005
PFSI,2022-01-25,65.61,Q1'22,Q4'21,60.11,1.091499
PFSI,2022-01-26,64.62,Q1'22,Q4'21,60.11,1.075029
PFSI,2022-01-27,61.41,Q1'22,Q4'21,60.11,1.021627
PFSI,2022-01-28,61.71,Q1'22,Q4'21,60.11,1.026618
PFSI,2022-01-31,62.7,Q1'22,Q4'21,60.11,1.043088
PFSI,2022-02-01,60.98,Q1'22,Q4'21,60.11,1.014473
PFSI,2022-02-02,59.66,Q1'22,Q4'21,60.11,0.992514
PFSI,2022-02-03,58.71,Q1'22,Q4'21,60.11,0.976709
PFSI,2022-02-04,59.2,Q1'22,Q4'21,60.11,0.984861
PFSI,2022-02-07,58.76,Q1'22,Q4'21,60.11,0.977541
PFSI,2022-02-08,60.89,Q1'22,Q4'21,60.11,1.012976
PFSI,2022-02-09,60.29,Q1'22,Q4'21,60.11,1.002995
PFSI,2022-02-10,60.03,Q1'22,Q4'21,60.11,0.998669
PFSI,2022-02-11,61.09,Q1'22,Q4'21,60.11,1.016303
PFSI,2022-02-14,60.6,Q1'22,Q4'21,60.11,1.008152
PFSI,2022-02-15,61.32,Q1'22,Q4'21,60.11,1.02013
PFSI,2022-02-16,61.24,Q1'22,Q4'21,60.11,1.018799
PFSI,2022-02-17,60.23,Q1'22,Q4'21,60.11,1.001996
PFSI,2022-02-18,59.36,Q1'22,Q4'21,60.11,0.987523
PFSI,2022-02-22,58.05,Q1'22,Q4'21,60.11,0.965729
PFSI,2022-02-23,57.1,Q1'22,Q4'21,60.11,0.949925
PFSI,2022-02-24,57.06,Q1'22,Q4'21,60.11,0.94926
PFSI,2022-02-25,58.65,Q1'22,Q4'21,60.11,0.975711
PFSI,2022-02-28,57.75,Q1'22,Q4'21,60.11,0.960739
PFSI,2022-03-01,57.95,Q1'22,Q4'21,60.11,0.964066
PFSI,2022-03-02,59.18,Q1'22,Q4'21,60.11,0.984528
PFSI,2022-03-03,58.92,Q1'22,Q4'21,60.11,0.980203
PFSI,2022-03-04,59.11,Q1'22,Q4'21,60.11,0.983364
PFSI,2022-03-07,57.72,Q1'22,Q4'21,60.11,0.96024
PFSI,2022-03-08,56.0,Q1'22,Q4'21,60.11,0.931625
PFSI,2022-03-09,56.29,Q1'22,Q4'21,60.11,0.93645
PFSI,2022-03-10,55.46,Q1'22,Q4'21,60.11,0.922642
PFSI,2022-03-11,55.39,Q1'22,Q4'21,60.11,0.921477
PFSI,2022-03-14,54.14,Q1'22,Q4'21,60.11,0.900682
PFSI,2022-03-15,54.34,Q1'22,Q4'21,60.11,0.904009
PFSI,2022-03-16,55.79,Q1'22,Q4'21,60.11,0.928132
PFSI,2022-03-17,55.18,Q1'22,Q4'21,60.11,0.917984
PFSI,2022-03-18,55.36,Q1'22,Q4'21,60.11,0.920978
PFSI,2022-03-21,54.57,Q1'22,Q4'21,60.11,0.907836
PFSI,2022-03-22,55.48,Q1'22,Q4'21,60.11,0.922975
PFSI,2022-03-23,55.47,Q1'22,Q4'21,60.11,0.922808
PFSI,2022-03-24,55.11,Q1'22,Q4'21,60.11,0.916819
PFSI,2022-03-25,53.73,Q1'22,Q4'21,60.11,0.893861
PFSI,2022-03-28,54.42,Q1'22,Q4'21,60.11,0.90534
PFSI,2022-03-29,55.25,Q1'22,Q4'21,60.11,0.919148
PFSI,2022-03-30,54.3,Q1'22,Q4'21,60.11,0.903344
PFSI,2022-03-31,53.2,Q1'22,Q4'21,60.11,0.885044
PFSI,2022-04-01,53.07,Q2'22,Q1'22,62.19,0.853353
PFSI,2022-04-04,52.45,Q2'22,Q1'22,62.19,0.843383
PFSI,2022-04-05,50.68,Q2'22,Q1'22,62.19,0.814922
PFSI,2022-04-06,48.25,Q2'22,Q1'22,62.19,0.775848
PFSI,2022-04-07,47.18,Q2'22,Q1'22,62.19,0.758643
PFSI,2022-04-08,47.2,Q2'22,Q1'22,62.19,0.758964
PFSI,2022-04-11,47.3,Q2'22,Q1'22,62.19,0.760572
PFSI,2022-04-12,46.41,Q2'22,Q1'22,62.19,0.746261
PFSI,2022-04-13,48.65,Q2'22,Q1'22,62.19,0.78228
PFSI,2022-04-14,47.71,Q2'22,Q1'22,62.19,0.767165
PFSI,2022-04-18,47.4,Q2'22,Q1'22,62.19,0.76218
PFSI,2022-04-19,48.37,Q2'22,Q1'22,62.19,0.777778
PFSI,2022-04-20,49.95,Q2'22,Q1'22,62.19,0.803184
PFSI,2022-04-21,50.14,Q2'22,Q1'22,62.19,0.806239
PFSI,2022-04-22,48.4,Q2'22,Q1'22,62.19,0.77826
PFSI,2022-04-25,49.91,Q2'22,Q1'22,62.19,0.802541
PFSI,2022-04-26,47.03,Q2'22,Q1'22,62.19,0.756231
PFSI,2022-04-27,47.17,Q2'22,Q1'22,62.19,0.758482
PFSI,2022-04-28,49.6,Q2'22,Q1'22,62.19,0.797556
PFSI,2022-04-29,48.56,Q2'22,Q1'22,62.19,0.780833
PFSI,2022-05-02,48.33,Q2'22,Q1'22,62.19,0.777135
PFSI,2022-05-03,49.76,Q2'22,Q1'22,62.19,0.800129
PFSI,2022-05-04,50.81,Q2'22,Q1'22,62.19,0.817012
PFSI,2022-05-05,48.37,Q2'22,Q1'22,62.19,0.777778
PFSI,2022-05-06,48.41,Q2'22,Q1'22,62.19,0.778421
PFSI,2022-05-09,47.53,Q2'22,Q1'22,62.19,0.764271
PFSI,2022-05-10,46.65,Q2'22,Q1'22,62.19,0.750121
PFSI,2022-05-11,44.89,Q2'22,Q1'22,62.19,0.72182
PFSI,2022-05-12,45.07,Q2'22,Q1'22,62.19,0.724715
PFSI,2022-05-13,45.96,Q2'22,Q1'22,62.19,0.739026
PFSI,2022-05-16,45.55,Q2'22,Q1'22,62.19,0.732433
PFSI,2022-05-17,47.2,Q2'22,Q1'22,62.19,0.758964
PFSI,2022-05-18,46.49,Q2'22,Q1'22,62.19,0.747548
PFSI,2022-05-19,46.43,Q2'22,Q1'22,62.19,0.746583
PFSI,2022-05-20,47.65,Q2'22,Q1'22,62.19,0.7662
PFSI,2022-05-23,49.4,Q2'22,Q1'22,62.19,0.79434
PFSI,2022-05-24,49.56,Q2'22,Q1'22,62.19,0.796913
PFSI,2022-05-25,48.23,Q2'22,Q1'22,62.19,0.775527
PFSI,2022-05-26,50.22,Q2'22,Q1'22,62.19,0.807525
PFSI,2022-05-27,50.27,Q2'22,Q1'22,62.19,0.808329
PFSI,2022-05-31,49.02,Q2'22,Q1'22,62.19,0.78823
PFSI,2022-06-01,48.94,Q2'22,Q1'22,62.19,0.786943
PFSI,2022-06-02,50.48,Q2'22,Q1'22,62.19,0.811706
PFSI,2022-06-03,48.81,Q2'22,Q1'22,62.19,0.784853
PFSI,2022-06-06,49.3,Q2'22,Q1'22,62.19,0.792732
PFSI,2022-06-07,49.58,Q2'22,Q1'22,62.19,0.797234
PFSI,2022-06-08,49.3,Q2'22,Q1'22,62.19,0.792732
PFSI,2022-06-09,49.29,Q2'22,Q1'22,62.19,0.792571
PFSI,2022-06-10,46.36,Q2'22,Q1'22,62.19,0.745457
PFSI,2022-06-13,43.31,Q2'22,Q1'22,62.19,0.696414
PFSI,2022-06-14,42.02,Q2'22,Q1'22,62.19,0.675671
PFSI,2022-06-15,41.86,Q2'22,Q1'22,62.19,0.673099
PFSI,2022-06-16,39.73,Q2'22,Q1'22,62.19,0.638849
PFSI,2022-06-17,41.11,Q2'22,Q1'22,62.19,0.661039
PFSI,2022-06-21,42.1,Q2'22,Q1'22,62.19,0.676958
PFSI,2022-06-22,42.25,Q2'22,Q1'22,62.19,0.67937
PFSI,2022-06-23,43.02,Q2'22,Q1'22,62.19,0.691751
PFSI,2022-06-24,43.96,Q2'22,Q1'22,62.19,0.706866
PFSI,2022-06-27,44.39,Q2'22,Q1'22,62.19,0.71378
PFSI,2022-06-28,43.69,Q2'22,Q1'22,62.19,0.702524
PFSI,2022-06-29,43.67,Q2'22,Q1'22,62.19,0.702203
PFSI,2022-06-30,43.71,Q2'22,Q1'22,62.19,0.702846
PFSI,2022-07-01,45.61,Q3'22,Q2'22,65.38,0.697614
PFSI,2022-07-05,46.37,Q3'22,Q2'22,65.38,0.709238
PFSI,2022-07-06,45.67,Q3'22,Q2'22,65.38,0.698532
PFSI,2022-07-07,46.83,Q3'22,Q2'22,65.38,0.716274
PFSI,2022-07-08,47.26,Q3'22,Q2'22,65.38,0.722851
PFSI,2022-07-11,46.61,Q3'22,Q2'22,65.38,0.712909
PFSI,2022-07-12,47.88,Q3'22,Q2'22,65.38,0.732334
PFSI,2022-07-13,48.15,Q3'22,Q2'22,65.38,0.736464
PFSI,2022-07-14,47.38,Q3'22,Q2'22,65.38,0.724686
PFSI,2022-07-15,47.92,Q3'22,Q2'22,65.38,0.732946
PFSI,2022-07-18,48.29,Q3'22,Q2'22,65.38,0.738605
PFSI,2022-07-19,49.99,Q3'22,Q2'22,65.38,0.764607
PFSI,2022-07-20,50.96,Q3'22,Q2'22,65.38,0.779443
PFSI,2022-07-21,52.03,Q3'22,Q2'22,65.38,0.795809
PFSI,2022-07-22,52.09,Q3'22,Q2'22,65.38,0.796727
PFSI,2022-07-25,52.38,Q3'22,Q2'22,65.38,0.801162
PFSI,2022-07-26,51.97,Q3'22,Q2'22,65.38,0.794891
PFSI,2022-07-27,53.97,Q3'22,Q2'22,65.38,0.825482
PFSI,2022-07-28,55.02,Q3'22,Q2'22,65.38,0.841542
PFSI,2022-07-29,54.79,Q3'22,Q2'22,65.38,0.838024
PFSI,2022-08-01,54.85,Q3'22,Q2'22,65.38,0.838942
PFSI,2022-08-02,52.65,Q3'22,Q2'22,65.38,0.805292
PFSI,2022-08-03,57.11,Q3'22,Q2'22,65.38,0.873509
PFSI,2022-08-04,56.02,Q3'22,Q2'22,65.38,0.856837
PFSI,2022-08-05,55.41,Q3'22,Q2'22,65.38,0.847507
PFSI,2022-08-08,56.86,Q3'22,Q2'22,65.38,0.869685
PFSI,2022-08-09,56.74,Q3'22,Q2'22,65.38,0.86785
PFSI,2022-08-10,58.32,Q3'22,Q2'22,65.38,0.892016
PFSI,2022-08-11,57.93,Q3'22,Q2'22,65.38,0.886051
PFSI,2022-08-12,58.52,Q3'22,Q2'22,65.38,0.895075
PFSI,2022-08-15,59.17,Q3'22,Q2'22,65.38,0.905017
PFSI,2022-08-16,59.67,Q3'22,Q2'22,65.38,0.912664
PFSI,2022-08-17,58.13,Q3'22,Q2'22,65.38,0.88911
PFSI,2022-08-18,57.94,Q3'22,Q2'22,65.38,0.886204
PFSI,2022-08-19,56.39,Q3'22,Q2'22,65.38,0.862496
PFSI,2022-08-22,54.46,Q3'22,Q2'22,65.38,0.832976
PFSI,2022-08-23,54.89,Q3'22,Q2'22,65.38,0.839553
PFSI,2022-08-24,54.52,Q3'22,Q2'22,65.38,0.833894
PFSI,2022-08-25,56.03,Q3'22,Q2'22,65.38,0.85699
PFSI,2022-08-26,54.44,Q3'22,Q2'22,65.38,0.832671
PFSI,2022-08-29,53.91,Q3'22,Q2'22,65.38,0.824564
PFSI,2022-08-30,53.76,Q3'22,Q2'22,65.38,0.82227
PFSI,2022-08-31,53.12,Q3'22,Q2'22,65.38,0.812481
PFSI,2022-09-01,51.51,Q3'22,Q2'22,65.38,0.787856
PFSI,2022-09-02,51.54,Q3'22,Q2'22,65.38,0.788314
PFSI,2022-09-06,51.18,Q3'22,Q2'22,65.38,0.782808
PFSI,2022-09-07,52.09,Q3'22,Q2'22,65.38,0.796727
PFSI,2022-09-08,52.64,Q3'22,Q2'22,65.38,0.805139
PFSI,2022-09-09,54.87,Q3'22,Q2'22,65.38,0.839247
PFSI,2022-09-12,55.26,Q3'22,Q2'22,65.38,0.845213
PFSI,2022-09-13,53.17,Q3'22,Q2'22,65.38,0.813246
PFSI,2022-09-14,54.57,Q3'22,Q2'22,65.38,0.834659
PFSI,2022-09-15,54.2,Q3'22,Q2'22,65.38,0.829
PFSI,2022-09-16,53.68,Q3'22,Q2'22,65.38,0.821046
PFSI,2022-09-19,54.07,Q3'22,Q2'22,65.38,0.827011
PFSI,2022-09-20,51.79,Q3'22,Q2'22,65.38,0.792138
PFSI,2022-09-21,51.74,Q3'22,Q2'22,65.38,0.791374
PFSI,2022-09-22,49.53,Q3'22,Q2'22,65.38,0.757571
PFSI,2022-09-23,48.3,Q3'22,Q2'22,65.38,0.738758
PFSI,2022-09-26,45.38,Q3'22,Q2'22,65.38,0.694096
PFSI,2022-09-27,45.0,Q3'22,Q2'22,65.38,0.688284
PFSI,2022-09-28,45.49,Q3'22,Q2'22,65.38,0.695779
PFSI,2022-09-29,44.35,Q3'22,Q2'22,65.38,0.678342
PFSI,2022-09-30,42.9,Q3'22,Q2'22,65.38,0.656164
PFSI,2022-10-03,44.75,Q4'22,Q3'22,68.26,0.655582
PFSI,2022-10-04,47.36,Q4'22,Q3'22,68.26,0.693818
PFSI,2022-10-05,47.13,Q4'22,Q3'22,68.26,0.690448
PFSI,2022-10-06,46.07,Q4'22,Q3'22,68.26,0.674919
PFSI,2022-10-07,45.9,Q4'22,Q3'22,68.26,0.672429
PFSI,2022-10-10,43.7,Q4'22,Q3'22,68.26,0.640199
PFSI,2022-10-11,44.64,Q4'22,Q3'22,68.26,0.65397
PFSI,2022-10-12,45.19,Q4'22,Q3'22,68.26,0.662028
PFSI,2022-10-13,45.16,Q4'22,Q3'22,68.26,0.661588
PFSI,2022-10-14,44.21,Q4'22,Q3'22,68.26,0.647671
PFSI,2022-10-17,45.13,Q4'22,Q3'22,68.26,0.661149
PFSI,2022-10-18,46.69,Q4'22,Q3'22,68.26,0.684002
PFSI,2022-10-19,45.25,Q4'22,Q3'22,68.26,0.662907
PFSI,2022-10-20,44.37,Q4'22,Q3'22,68.26,0.650015
PFSI,2022-10-21,45.77,Q4'22,Q3'22,68.26,0.670524
PFSI,2022-10-24,46.74,Q4'22,Q3'22,68.26,0.684735
PFSI,2022-10-25,48.68,Q4'22,Q3'22,68.26,0.713156
PFSI,2022-10-26,47.21,Q4'22,Q3'22,68.26,0.69162
PFSI,2022-10-27,47.22,Q4'22,Q3'22,68.26,0.691767
PFSI,2022-10-28,55.18,Q4'22,Q3'22,68.26,0.80838
PFSI,2022-10-31,53.32,Q4'22,Q3'22,68.26,0.781131
PFSI,2022-11-01,52.4,Q4'22,Q3'22,68.26,0.767653
PFSI,2022-11-02,51.38,Q4'22,Q3'22,68.26,0.75271
PFSI,2022-11-03,50.14,Q4'22,Q3'22,68.26,0.734544
PFSI,2022-11-04,51.5,Q4'22,Q3'22,68.26,0.754468
PFSI,2022-11-07,51.52,Q4'22,Q3'22,68.26,0.754761
PFSI,2022-11-08,51.83,Q4'22,Q3'22,68.26,0.759303
PFSI,2022-11-09,50.98,Q4'22,Q3'22,68.26,0.74685
PFSI,2022-11-10,56.23,Q4'22,Q3'22,68.26,0.823762
PFSI,2022-11-11,57.27,Q4'22,Q3'22,68.26,0.838998
PFSI,2022-11-14,56.36,Q4'22,Q3'22,68.26,0.825667
PFSI,2022-11-15,56.46,Q4'22,Q3'22,68.26,0.827132
PFSI,2022-11-16,56.05,Q4'22,Q3'22,68.26,0.821125
PFSI,2022-11-17,54.76,Q4'22,Q3'22,68.26,0.802227
PFSI,2022-11-18,54.74,Q4'22,Q3'22,68.26,0.801934
PFSI,2022-11-21,54.86,Q4'22,Q3'22,68.26,0.803692
PFSI,2022-11-22,56.38,Q4'22,Q3'22,68.26,0.82596
PFSI,2022-11-23,57.39,Q4'22,Q3'22,68.26,0.840756
PFSI,2022-11-25,57.79,Q4'22,Q3'22,68.26,0.846616
PFSI,2022-11-28,57.17,Q4'22,Q3'22,68.26,0.837533
PFSI,2022-11-29,57.83,Q4'22,Q3'22,68.26,0.847202
PFSI,2022-11-30,59.66,Q4'22,Q3'22,68.26,0.874011
PFSI,2022-12-01,59.07,Q4'22,Q3'22,68.26,0.865368
PFSI,2022-12-02,59.19,Q4'22,Q3'22,68.26,0.867126
PFSI,2022-12-05,57.09,Q4'22,Q3'22,68.26,0.836361
PFSI,2022-12-06,58.59,Q4'22,Q3'22,68.26,0.858336
PFSI,2022-12-07,58.65,Q4'22,Q3'22,68.26,0.859215
PFSI,2022-12-08,59.6,Q4'22,Q3'22,68.26,0.873132
PFSI,2022-12-09,58.5,Q4'22,Q3'22,68.26,0.857017
PFSI,2022-12-12,57.84,Q4'22,Q3'22,68.26,0.847348
PFSI,2022-12-13,58.9,Q4'22,Q3'22,68.26,0.862877
PFSI,2022-12-14,58.38,Q4'22,Q3'22,68.26,0.855259
PFSI,2022-12-15,55.73,Q4'22,Q3'22,68.26,0.816437
PFSI,2022-12-16,56.0,Q4'22,Q3'22,68.26,0.820393
PFSI,2022-12-19,55.18,Q4'22,Q3'22,68.26,0.80838
PFSI,2022-12-20,55.55,Q4'22,Q3'22,68.26,0.8138
PFSI,2022-12-21,57.19,Q4'22,Q3'22,68.26,0.837826
PFSI,2022-12-22,55.94,Q4'22,Q3'22,68.26,0.819514
PFSI,2022-12-23,56.75,Q4'22,Q3'22,68.26,0.83138
PFSI,2022-12-27,56.65,Q4'22,Q3'22,68.26,0.829915
PFSI,2022-12-28,55.37,Q4'22,Q3'22,68.26,0.811163
PFSI,2022-12-29,57.25,Q4'22,Q3'22,68.26,0.838705
PFSI,2022-12-30,56.66,Q4'22,Q3'22,68.26,0.830062
PFSI,2023-01-03,57.74,Q1'23,Q4'22,69.44,0.831509
PFSI,2023-01-04,58.66,Q1'23,Q4'22,69.44,0.844758
PFSI,2023-01-05,58.55,Q1'23,Q4'22,69.44,0.843174
PFSI,2023-01-06,58.69,Q1'23,Q4'22,69.44,0.84519
PFSI,2023-01-09,59.35,Q1'23,Q4'22,69.44,0.854695
PFSI,2023-01-10,60.15,Q1'23,Q4'22,69.44,0.866215
PFSI,2023-01-11,62.67,Q1'23,Q4'22,69.44,0.902506
PFSI,2023-01-12,63.52,Q1'23,Q4'22,69.44,0.914747
PFSI,2023-01-13,63.09,Q1'23,Q4'22,69.44,0.908554
PFSI,2023-01-17,64.19,Q1'23,Q4'22,69.44,0.924395
PFSI,2023-01-18,63.65,Q1'23,Q4'22,69.44,0.916619
PFSI,2023-01-19,62.59,Q1'23,Q4'22,69.44,0.901354
PFSI,2023-01-20,64.76,Q1'23,Q4'22,69.44,0.932604
PFSI,2023-01-23,65.58,Q1'23,Q4'22,69.44,0.944412
PFSI,2023-01-24,64.16,Q1'23,Q4'22,69.44,0.923963
PFSI,2023-01-25,64.26,Q1'23,Q4'22,69.44,0.925403
PFSI,2023-01-26,65.85,Q1'23,Q4'22,69.44,0.948301
PFSI,2023-01-27,65.97,Q1'23,Q4'22,69.44,0.950029
PFSI,2023-01-30,65.96,Q1'23,Q4'22,69.44,0.949885
PFSI,2023-01-31,67.42,Q1'23,Q4'22,69.44,0.97091
PFSI,2023-02-01,68.96,Q1'23,Q4'22,69.44,0.993088
PFSI,2023-02-02,72.55,Q1'23,Q4'22,69.44,1.044787
PFSI,2023-02-03,66.29,Q1'23,Q4'22,69.44,0.954637
PFSI,2023-02-06,64.65,Q1'23,Q4'22,69.44,0.93102
PFSI,2023-02-07,66.29,Q1'23,Q4'22,69.44,0.954637
PFSI,2023-02-08,66.93,Q1'23,Q4'22,69.44,0.963854
PFSI,2023-02-09,65.97,Q1'23,Q4'22,69.44,0.950029
PFSI,2023-02-10,65.57,Q1'23,Q4'22,69.44,0.944268
PFSI,2023-02-13,66.07,Q1'23,Q4'22,69.44,0.951469
PFSI,2023-02-14,66.23,Q1'23,Q4'22,69.44,0.953773
PFSI,2023-02-15,66.58,Q1'23,Q4'22,69.44,0.958813
PFSI,2023-02-16,65.24,Q1'23,Q4'22,69.44,0.939516
PFSI,2023-02-17,64.43,Q1'23,Q4'22,69.44,0.927851
PFSI,2023-02-21,61.71,Q1'23,Q4'22,69.44,0.888681
PFSI,2023-02-22,60.97,Q1'23,Q4'22,69.44,0.878024
PFSI,2023-02-23,61.81,Q1'23,Q4'22,69.44,0.890121
PFSI,2023-02-24,60.74,Q1'23,Q4'22,69.44,0.874712
PFSI,2023-02-27,60.7,Q1'23,Q4'22,69.44,0.874136
PFSI,2023-02-28,60.47,Q1'23,Q4'22,69.44,0.870824
PFSI,2023-03-01,61.42,Q1'23,Q4'22,69.44,0.884505
PFSI,2023-03-02,61.78,Q1'23,Q4'22,69.44,0.889689
PFSI,2023-03-03,62.98,Q1'23,Q4'22,69.44,0.90697
PFSI,2023-03-06,62.18,Q1'23,Q4'22,69.44,0.895449
PFSI,2023-03-07,60.65,Q1'23,Q4'22,69.44,0.873416
PFSI,2023-03-08,61.63,Q1'23,Q4'22,69.44,0.887529
PFSI,2023-03-09,59.5,Q1'23,Q4'22,69.44,0.856855
PFSI,2023-03-10,57.82,Q1'23,Q4'22,69.44,0.832661
PFSI,2023-03-13,57.71,Q1'23,Q4'22,69.44,0.831077
PFSI,2023-03-14,57.66,Q1'23,Q4'22,69.44,0.830357
PFSI,2023-03-15,56.4,Q1'23,Q4'22,69.44,0.812212
PFSI,2023-03-16,57.97,Q1'23,Q4'22,69.44,0.834821
PFSI,2023-03-17,56.75,Q1'23,Q4'22,69.44,0.817252
PFSI,2023-03-20,56.75,Q1'23,Q4'22,69.44,0.817252
PFSI,2023-03-21,57.77,Q1'23,Q4'22,69.44,0.831941
PFSI,2023-03-22,55.94,Q1'23,Q4'22,69.44,0.805588
PFSI,2023-03-23,55.82,Q1'23,Q4'22,69.44,0.803859
PFSI,2023-03-24,57.4,Q1'23,Q4'22,69.44,0.826613
PFSI,2023-03-27,57.33,Q1'23,Q4'22,69.44,0.825605
PFSI,2023-03-28,56.98,Q1'23,Q4'22,69.44,0.820565
PFSI,2023-03-29,58.2,Q1'23,Q4'22,69.44,0.838134
PFSI,2023-03-30,58.31,Q1'23,Q4'22,69.44,0.839718
PFSI,2023-03-31,59.61,Q1'23,Q4'22,69.44,0.858439
PFSI,2023-04-03,60.77,Q2'23,Q1'23,68.91,0.881875
PFSI,2023-04-04,60.0,Q2'23,Q1'23,68.91,0.870701
PFSI,2023-04-05,60.38,Q2'23,Q1'23,68.91,0.876215
PFSI,2023-04-06,59.66,Q2'23,Q1'23,68.91,0.865767
PFSI,2023-04-10,59.46,Q2'23,Q1'23,68.91,0.862865
PFSI,2023-04-11,61.82,Q2'23,Q1'23,68.91,0.897112
PFSI,2023-04-12,61.71,Q2'23,Q1'23,68.91,0.895516
PFSI,2023-04-13,63.03,Q2'23,Q1'23,68.91,0.914671
PFSI,2023-04-14,63.27,Q2'23,Q1'23,68.91,0.918154
PFSI,2023-04-17,62.65,Q2'23,Q1'23,68.91,0.909157
PFSI,2023-04-18,62.72,Q2'23,Q1'23,68.91,0.910173
PFSI,2023-04-19,63.4,Q2'23,Q1'23,68.91,0.920041
PFSI,2023-04-20,63.33,Q2'23,Q1'23,68.91,0.919025
PFSI,2023-04-21,63.6,Q2'23,Q1'23,68.91,0.922943
PFSI,2023-04-24,63.98,Q2'23,Q1'23,68.91,0.928457
PFSI,2023-04-25,63.88,Q2'23,Q1'23,68.91,0.927006
PFSI,2023-04-26,64.01,Q2'23,Q1'23,68.91,0.928893
PFSI,2023-04-27,65.92,Q2'23,Q1'23,68.91,0.95661
PFSI,2023-04-28,62.49,Q2'23,Q1'23,68.91,0.906835
PFSI,2023-05-01,60.74,Q2'23,Q1'23,68.91,0.88144
PFSI,2023-05-02,59.85,Q2'23,Q1'23,68.91,0.868524
PFSI,2023-05-03,59.02,Q2'23,Q1'23,68.91,0.856479
PFSI,2023-05-04,57.2,Q2'23,Q1'23,68.91,0.830068
PFSI,2023-05-05,58.48,Q2'23,Q1'23,68.91,0.848643
PFSI,2023-05-08,57.62,Q2'23,Q1'23,68.91,0.836163
PFSI,2023-05-09,56.59,Q2'23,Q1'23,68.91,0.821216
PFSI,2023-05-10,57.33,Q2'23,Q1'23,68.91,0.831955
PFSI,2023-05-11,58.66,Q2'23,Q1'23,68.91,0.851255
PFSI,2023-05-12,59.54,Q2'23,Q1'23,68.91,0.864026
PFSI,2023-05-15,60.85,Q2'23,Q1'23,68.91,0.883036
PFSI,2023-05-16,61.09,Q2'23,Q1'23,68.91,0.886519
PFSI,2023-05-17,62.59,Q2'23,Q1'23,68.91,0.908286
PFSI,2023-05-18,64.68,Q2'23,Q1'23,68.91,0.938616
PFSI,2023-05-19,63.23,Q2'23,Q1'23,68.91,0.917574
PFSI,2023-05-22,61.99,Q2'23,Q1'23,68.91,0.899579
PFSI,2023-05-23,61.27,Q2'23,Q1'23,68.91,0.889131
PFSI,2023-05-24,60.64,Q2'23,Q1'23,68.91,0.879988
PFSI,2023-05-25,58.94,Q2'23,Q1'23,68.91,0.855319
PFSI,2023-05-26,60.4,Q2'23,Q1'23,68.91,0.876506
PFSI,2023-05-30,60.93,Q2'23,Q1'23,68.91,0.884197
PFSI,2023-05-31,61.04,Q2'23,Q1'23,68.91,0.885793
PFSI,2023-06-01,61.79,Q2'23,Q1'23,68.91,0.896677
PFSI,2023-06-02,63.76,Q2'23,Q1'23,68.91,0.925265
PFSI,2023-06-05,62.96,Q2'23,Q1'23,68.91,0.913655
PFSI,2023-06-06,63.93,Q2'23,Q1'23,68.91,0.927732
PFSI,2023-06-07,65.1,Q2'23,Q1'23,68.91,0.94471
PFSI,2023-06-08,65.32,Q2'23,Q1'23,68.91,0.947903
PFSI,2023-06-09,65.58,Q2'23,Q1'23,68.91,0.951676
PFSI,2023-06-12,66.53,Q2'23,Q1'23,68.91,0.965462
PFSI,2023-06-13,69.43,Q2'23,Q1'23,68.91,1.007546
PFSI,2023-06-14,69.37,Q2'23,Q1'23,68.91,1.006675
PFSI,2023-06-15,69.93,Q2'23,Q1'23,68.91,1.014802
PFSI,2023-06-16,68.38,Q2'23,Q1'23,68.91,0.992309
PFSI,2023-06-20,69.12,Q2'23,Q1'23,68.91,1.003047
PFSI,2023-06-21,69.39,Q2'23,Q1'23,68.91,1.006966
PFSI,2023-06-22,67.98,Q2'23,Q1'23,68.91,0.986504
PFSI,2023-06-23,67.68,Q2'23,Q1'23,68.91,0.982151
PFSI,2023-06-26,67.74,Q2'23,Q1'23,68.91,0.983021
PFSI,2023-06-27,70.47,Q2'23,Q1'23,68.91,1.022638
PFSI,2023-06-28,71.9,Q2'23,Q1'23,68.91,1.04339
PFSI,2023-06-29,71.09,Q2'23,Q1'23,68.91,1.031635
PFSI,2023-06-30,70.31,Q2'23,Q1'23,68.91,1.020316
PFSI,2023-07-03,70.21,Q3'23,Q2'23,69.77,1.006306
PFSI,2023-07-05,68.64,Q3'23,Q2'23,69.77,0.983804
PFSI,2023-07-06,66.46,Q3'23,Q2'23,69.77,0.952558
PFSI,2023-07-07,67.34,Q3'23,Q2'23,69.77,0.965171
PFSI,2023-07-10,69.45,Q3'23,Q2'23,69.77,0.995413
PFSI,2023-07-11,70.73,Q3'23,Q2'23,69.77,1.01376
PFSI,2023-07-12,72.4,Q3'23,Q2'23,69.77,1.037695
PFSI,2023-07-13,73.63,Q3'23,Q2'23,69.77,1.055325
PFSI,2023-07-14,73.74,Q3'23,Q2'23,69.77,1.056901
PFSI,2023-07-17,76.07,Q3'23,Q2'23,69.77,1.090297
PFSI,2023-07-18,78.62,Q3'23,Q2'23,69.77,1.126845
PFSI,2023-07-19,81.52,Q3'23,Q2'23,69.77,1.16841
PFSI,2023-07-20,80.8,Q3'23,Q2'23,69.77,1.158091
PFSI,2023-07-21,80.02,Q3'23,Q2'23,69.77,1.146911
PFSI,2023-07-24,80.53,Q3'23,Q2'23,69.77,1.154221
PFSI,2023-07-25,80.22,Q3'23,Q2'23,69.77,1.149778
PFSI,2023-07-26,81.71,Q3'23,Q2'23,69.77,1.171134
PFSI,2023-07-27,80.2,Q3'23,Q2'23,69.77,1.149491
PFSI,2023-07-28,76.1,Q3'23,Q2'23,69.77,1.090727
PFSI,2023-07-31,75.23,Q3'23,Q2'23,69.77,1.078257
PFSI,2023-08-01,74.76,Q3'23,Q2'23,69.77,1.071521
PFSI,2023-08-02,74.31,Q3'23,Q2'23,69.77,1.065071
PFSI,2023-08-03,73.76,Q3'23,Q2'23,69.77,1.057188
PFSI,2023-08-04,75.48,Q3'23,Q2'23,69.77,1.08184
PFSI,2023-08-07,77.14,Q3'23,Q2'23,69.77,1.105633
PFSI,2023-08-08,75.79,Q3'23,Q2'23,69.77,1.086284
PFSI,2023-08-09,75.33,Q3'23,Q2'23,69.77,1.07969
PFSI,2023-08-10,74.48,Q3'23,Q2'23,69.77,1.067508
PFSI,2023-08-11,73.94,Q3'23,Q2'23,69.77,1.059768
PFSI,2023-08-14,73.21,Q3'23,Q2'23,69.77,1.049305
PFSI,2023-08-15,72.58,Q3'23,Q2'23,69.77,1.040275
PFSI,2023-08-16,71.27,Q3'23,Q2'23,69.77,1.021499
PFSI,2023-08-17,70.07,Q3'23,Q2'23,69.77,1.0043
PFSI,2023-08-18,69.32,Q3'23,Q2'23,69.77,0.99355
PFSI,2023-08-21,68.67,Q3'23,Q2'23,69.77,0.984234
PFSI,2023-08-22,67.24,Q3'23,Q2'23,69.77,0.963738
PFSI,2023-08-23,69.42,Q3'23,Q2'23,69.77,0.994983
PFSI,2023-08-24,69.02,Q3'23,Q2'23,69.77,0.98925
PFSI,2023-08-25,68.97,Q3'23,Q2'23,69.77,0.988534
PFSI,2023-08-28,69.0,Q3'23,Q2'23,69.77,0.988964
PFSI,2023-08-29,69.55,Q3'23,Q2'23,69.77,0.996847
PFSI,2023-08-30,70.76,Q3'23,Q2'23,69.77,1.01419
PFSI,2023-08-31,71.77,Q3'23,Q2'23,69.77,1.028666
PFSI,2023-09-01,72.77,Q3'23,Q2'23,69.77,1.042998
PFSI,2023-09-05,71.0,Q3'23,Q2'23,69.77,1.017629
PFSI,2023-09-06,70.0,Q3'23,Q2'23,69.77,1.003297
PFSI,2023-09-07,70.1,Q3'23,Q2'23,69.77,1.00473
PFSI,2023-09-08,69.3,Q3'23,Q2'23,69.77,0.993264
PFSI,2023-09-11,71.29,Q3'23,Q2'23,69.77,1.021786
PFSI,2023-09-12,69.68,Q3'23,Q2'23,69.77,0.99871
PFSI,2023-09-13,68.24,Q3'23,Q2'23,69.77,0.978071
PFSI,2023-09-14,69.52,Q3'23,Q2'23,69.77,0.996417
PFSI,2023-09-15,68.7,Q3'23,Q2'23,69.77,0.984664
PFSI,2023-09-18,68.23,Q3'23,Q2'23,69.77,0.977928
PFSI,2023-09-19,68.26,Q3'23,Q2'23,69.77,0.978357
PFSI,2023-09-20,68.7,Q3'23,Q2'23,69.77,0.984664
PFSI,2023-09-21,67.15,Q3'23,Q2'23,69.77,0.962448
PFSI,2023-09-22,66.93,Q3'23,Q2'23,69.77,0.959295
PFSI,2023-09-25,66.88,Q3'23,Q2'23,69.77,0.958578
PFSI,2023-09-26,65.73,Q3'23,Q2'23,69.77,0.942096
PFSI,2023-09-27,65.92,Q3'23,Q2'23,69.77,0.944819
PFSI,2023-09-28,66.45,Q3'23,Q2'23,69.77,0.952415
PFSI,2023-09-29,66.6,Q3'23,Q2'23,69.77,0.954565
PFSI,2023-10-02,65.79,Q4'23,Q3'23,71.56,0.919368
PFSI,2023-10-03,63.63,Q4'23,Q3'23,71.56,0.889184
PFSI,2023-10-04,65.25,Q4'23,Q3'23,71.56,0.911822
PFSI,2023-10-05,66.55,Q4'23,Q3'23,71.56,0.929989
PFSI,2023-10-06,66.39,Q4'23,Q3'23,71.56,0.927753
PFSI,2023-10-09,67.36,Q4'23,Q3'23,71.56,0.941308
PFSI,2023-10-10,68.53,Q4'23,Q3'23,71.56,0.957658
PFSI,2023-10-11,68.69,Q4'23,Q3'23,71.56,0.959894
PFSI,2023-10-12,66.64,Q4'23,Q3'23,71.56,0.931246
PFSI,2023-10-13,66.62,Q4'23,Q3'23,71.56,0.930967
PFSI,2023-10-16,67.16,Q4'23,Q3'23,71.56,0.938513
PFSI,2023-10-17,67.4,Q4'23,Q3'23,71.56,0.941867
PFSI,2023-10-18,65.5,Q4'23,Q3'23,71.56,0.915316
PFSI,2023-10-19,63.38,Q4'23,Q3'23,71.56,0.88569
PFSI,2023-10-20,63.5,Q4'23,Q3'23,71.56,0.887367
PFSI,2023-10-23,63.66,Q4'23,Q3'23,71.56,0.889603
PFSI,2023-10-24,63.14,Q4'23,Q3'23,71.56,0.882336
PFSI,2023-10-25,63.0,Q4'23,Q3'23,71.56,0.88038
PFSI,2023-10-26,64.09,Q4'23,Q3'23,71.56,0.895612
PFSI,2023-10-27,69.58,Q4'23,Q3'23,71.56,0.972331
PFSI,2023-10-30,67.95,Q4'23,Q3'23,71.56,0.949553
PFSI,2023-10-31,67.2,Q4'23,Q3'23,71.56,0.939072
PFSI,2023-11-01,68.78,Q4'23,Q3'23,71.56,0.961151
PFSI,2023-11-02,71.24,Q4'23,Q3'23,71.56,0.995528
PFSI,2023-11-03,72.56,Q4'23,Q3'23,71.56,1.013974
PFSI,2023-11-06,71.9,Q4'23,Q3'23,71.56,1.004751
PFSI,2023-11-07,71.15,Q4'23,Q3'23,71.56,0.994271
PFSI,2023-11-08,72.37,Q4'23,Q3'23,71.56,1.011319
PFSI,2023-11-09,71.25,Q4'23,Q3'23,71.56,0.995668
PFSI,2023-11-10,71.97,Q4'23,Q3'23,71.56,1.005729
PFSI,2023-11-13,71.48,Q4'23,Q3'23,71.56,0.998882
PFSI,2023-11-14,76.65,Q4'23,Q3'23,71.56,1.071129
PFSI,2023-11-15,76.87,Q4'23,Q3'23,71.56,1.074204
PFSI,2023-11-16,75.36,Q4'23,Q3'23,71.56,1.053102
PFSI,2023-11-17,75.65,Q4'23,Q3'23,71.56,1.057155
PFSI,2023-11-20,78.23,Q4'23,Q3'23,71.56,1.093209
PFSI,2023-11-21,78.0,Q4'23,Q3'23,71.56,1.089994
PFSI,2023-11-22,78.22,Q4'23,Q3'23,71.56,1.093069
PFSI,2023-11-24,77.3,Q4'23,Q3'23,71.56,1.080212
PFSI,2023-11-27,77.26,Q4'23,Q3'23,71.56,1.079653
PFSI,2023-11-28,77.79,Q4'23,Q3'23,71.56,1.08706
PFSI,2023-11-29,78.7,Q4'23,Q3'23,71.56,1.099776
PFSI,2023-11-30,77.79,Q4'23,Q3'23,71.56,1.08706
PFSI,2023-12-01,79.78,Q4'23,Q3'23,71.56,1.114869
PFSI,2023-12-04,80.84,Q4'23,Q3'23,71.56,1.129681
PFSI,2023-12-05,80.22,Q4'23,Q3'23,71.56,1.121017
PFSI,2023-12-06,80.0,Q4'23,Q3'23,71.56,1.117943
PFSI,2023-12-07,80.51,Q4'23,Q3'23,71.56,1.12507
PFSI,2023-12-08,80.15,Q4'23,Q3'23,71.56,1.120039
PFSI,2023-12-11,81.23,Q4'23,Q3'23,71.56,1.135131
PFSI,2023-12-12,82.85,Q4'23,Q3'23,71.56,1.15777
PFSI,2023-12-13,86.51,Q4'23,Q3'23,71.56,1.208916
PFSI,2023-12-14,92.93,Q4'23,Q3'23,71.56,1.298631
PFSI,2023-12-15,89.52,Q4'23,Q3'23,71.56,1.250978
PFSI,2023-12-18,88.32,Q4'23,Q3'23,71.56,1.234209
PFSI,2023-12-19,88.51,Q4'23,Q3'23,71.56,1.236864
PFSI,2023-12-20,86.79,Q4'23,Q3'23,71.56,1.212828
PFSI,2023-12-21,87.41,Q4'23,Q3'23,71.56,1.221493
PFSI,2023-12-22,88.29,Q4'23,Q3'23,71.56,1.23379
PFSI,2023-12-26,88.71,Q4'23,Q3'23,71.56,1.239659
PFSI,2023-12-27,89.14,Q4'23,Q3'23,71.56,1.245668
PFSI,2023-12-28,89.02,Q4'23,Q3'23,71.56,1.243991
PFSI,2023-12-29,88.37,Q4'23,Q3'23,71.56,1.234908
PFSI,2024-01-02,87.8,Q1'24,Q4'23,70.52,1.245037
PFSI,2024-01-03,85.03,Q1'24,Q4'23,70.52,1.205757
PFSI,2024-01-04,84.66,Q1'24,Q4'23,70.52,1.200511
PFSI,2024-01-05,84.31,Q1'24,Q4'23,70.52,1.195547
PFSI,2024-01-08,87.35,Q1'24,Q4'23,70.52,1.238656
PFSI,2024-01-09,86.28,Q1'24,Q4'23,70.52,1.223483
PFSI,2024-01-10,87.4,Q1'24,Q4'23,70.52,1.239365
PFSI,2024-01-11,86.6,Q1'24,Q4'23,70.52,1.22802
PFSI,2024-01-12,86.26,Q1'24,Q4'23,70.52,1.223199
PFSI,2024-01-16,83.67,Q1'24,Q4'23,70.52,1.186472
PFSI,2024-01-17,83.31,Q1'24,Q4'23,70.52,1.181367
PFSI,2024-01-18,83.53,Q1'24,Q4'23,70.52,1.184487
PFSI,2024-01-19,85.6,Q1'24,Q4'23,70.52,1.21384
PFSI,2024-01-22,87.06,Q1'24,Q4'23,70.52,1.234543
PFSI,2024-01-23,86.66,Q1'24,Q4'23,70.52,1.228871
PFSI,2024-01-24,85.96,Q1'24,Q4'23,70.52,1.218945
PFSI,2024-01-25,87.63,Q1'24,Q4'23,70.52,1.242626
PFSI,2024-01-26,87.63,Q1'24,Q4'23,70.52,1.242626
PFSI,2024-01-29,89.26,Q1'24,Q4'23,70.52,1.26574
PFSI,2024-01-30,89.26,Q1'24,Q4'23,70.52,1.26574
PFSI,2024-01-31,87.22,Q1'24,Q4'23,70.52,1.236812
PFSI,2024-02-01,89.02,Q1'24,Q4'23,70.52,1.262337
PFSI,2024-02-02,93.24,Q1'24,Q4'23,70.52,1.322178
PFSI,2024-02-05,89.67,Q1'24,Q4'23,70.52,1.271554
PFSI,2024-02-06,89.73,Q1'24,Q4'23,70.52,1.272405
PFSI,2024-02-07,89.37,Q1'24,Q4'23,70.52,1.2673
PFSI,2024-02-08,90.27,Q1'24,Q4'23,70.52,1.280062
PFSI,2024-02-09,91.21,Q1'24,Q4'23,70.52,1.293392
PFSI,2024-02-12,92.09,Q1'24,Q4'23,70.52,1.305871
PFSI,2024-02-13,85.73,Q1'24,Q4'23,70.52,1.215684
PFSI,2024-02-14,88.39,Q1'24,Q4'23,70.52,1.253403
PFSI,2024-02-15,90.86,Q1'24,Q4'23,70.52,1.288429
PFSI,2024-02-16,88.46,Q1'24,Q4'23,70.52,1.254396
PFSI,2024-02-20,87.06,Q1'24,Q4'23,70.52,1.234543
PFSI,2024-02-21,87.05,Q1'24,Q4'23,70.52,1.234402
PFSI,2024-02-22,86.77,Q1'24,Q4'23,70.52,1.230431
PFSI,2024-02-23,87.06,Q1'24,Q4'23,70.52,1.234543
PFSI,2024-02-26,85.87,Q1'24,Q4'23,70.52,1.217669
PFSI,2024-02-27,85.55,Q1'24,Q4'23,70.52,1.213131
PFSI,2024-02-28,83.87,Q1'24,Q4'23,70.52,1.189308
PFSI,2024-02-29,84.93,Q1'24,Q4'23,70.52,1.204339
PFSI,2024-03-01,85.4,Q1'24,Q4'23,70.52,1.211004
PFSI,2024-03-04,84.73,Q1'24,Q4'23,70.52,1.201503
PFSI,2024-03-05,86.04,Q1'24,Q4'23,70.52,1.220079
PFSI,2024-03-06,85.96,Q1'24,Q4'23,70.52,1.218945
PFSI,2024-03-07,88.34,Q1'24,Q4'23,70.52,1.252694
PFSI,2024-03-08,86.88,Q1'24,Q4'23,70.52,1.231991
PFSI,2024-03-11,86.04,Q1'24,Q4'23,70.52,1.220079
PFSI,2024-03-12,85.82,Q1'24,Q4'23,70.52,1.21696
PFSI,2024-03-13,86.75,Q1'24,Q4'23,70.52,1.230147
PFSI,2024-03-14,85.05,Q1'24,Q4'23,70.52,1.206041
PFSI,2024-03-15,84.64,Q1'24,Q4'23,70.52,1.200227
PFSI,2024-03-18,85.06,Q1'24,Q4'23,70.52,1.206183
PFSI,2024-03-19,87.13,Q1'24,Q4'23,70.52,1.235536
PFSI,2024-03-20,89.45,Q1'24,Q4'23,70.52,1.268434
PFSI,2024-03-21,91.89,Q1'24,Q4'23,70.52,1.303035
PFSI,2024-03-22,90.13,Q1'24,Q4'23,70.52,1.278077
PFSI,2024-03-25,90.3,Q1'24,Q4'23,70.52,1.280488
PFSI,2024-03-26,88.95,Q1'24,Q4'23,70.52,1.261344
PFSI,2024-03-27,91.71,Q1'24,Q4'23,70.52,1.300482
PFSI,2024-03-28,91.09,Q1'24,Q4'23,70.52,1.29169
PFSI,2024-04-01,89.73,Q2'24,Q1'24,70.13,1.279481
PFSI,2024-04-02,88.14,Q2'24,Q1'24,70.13,1.256809
PFSI,2024-04-03,88.35,Q2'24,Q1'24,70.13,1.259803
PFSI,2024-04-04,87.92,Q2'24,Q1'24,70.13,1.253672
PFSI,2024-04-05,89.11,Q2'24,Q1'24,70.13,1.27064
PFSI,2024-04-08,90.04,Q2'24,Q1'24,70.13,1.283901
PFSI,2024-04-09,91.09,Q2'24,Q1'24,70.13,1.298873
PFSI,2024-04-10,87.6,Q2'24,Q1'24,70.13,1.249109
PFSI,2024-04-11,89.21,Q2'24,Q1'24,70.13,1.272066
PFSI,2024-04-12,87.93,Q2'24,Q1'24,70.13,1.253814
PFSI,2024-04-15,87.11,Q2'24,Q1'24,70.13,1.242122
PFSI,2024-04-16,86.17,Q2'24,Q1'24,70.13,1.228718
PFSI,2024-04-17,86.35,Q2'24,Q1'24,70.13,1.231285
PFSI,2024-04-18,87.0,Q2'24,Q1'24,70.13,1.240553
PFSI,2024-04-19,87.96,Q2'24,Q1'24,70.13,1.254242
PFSI,2024-04-22,90.46,Q2'24,Q1'24,70.13,1.28989
PFSI,2024-04-23,92.78,Q2'24,Q1'24,70.13,1.322972
PFSI,2024-04-24,92.07,Q2'24,Q1'24,70.13,1.312848
PFSI,2024-04-25,86.2,Q2'24,Q1'24,70.13,1.229146
PFSI,2024-04-26,87.0,Q2'24,Q1'24,70.13,1.240553
PFSI,2024-04-29,87.4,Q2'24,Q1'24,70.13,1.246257
PFSI,2024-04-30,85.64,Q2'24,Q1'24,70.13,1.221161
PFSI,2024-05-01,86.21,Q2'24,Q1'24,70.13,1.229288
PFSI,2024-05-02,87.92,Q2'24,Q1'24,70.13,1.253672
PFSI,2024-05-03,90.84,Q2'24,Q1'24,70.13,1.295309
PFSI,2024-05-06,92.89,Q2'24,Q1'24,70.13,1.32454
PFSI,2024-05-07,92.1,Q2'24,Q1'24,70.13,1.313275
PFSI,2024-05-08,91.76,Q2'24,Q1'24,70.13,1.308427
PFSI,2024-05-09,93.7,Q2'24,Q1'24,70.13,1.33609
PFSI,2024-05-10,93.31,Q2'24,Q1'24,70.13,1.330529
PFSI,2024-05-13,90.44,Q2'24,Q1'24,70.13,1.289605
PFSI,2024-05-14,91.36,Q2'24,Q1'24,70.13,1.302724
PFSI,2024-05-15,93.88,Q2'24,Q1'24,70.13,1.338657
PFSI,2024-05-16,93.28,Q2'24,Q1'24,70.13,1.330101
PFSI,2024-05-17,93.37,Q2'24,Q1'24,70.13,1.331385
PFSI,2024-05-20,94.03,Q2'24,Q1'24,70.13,1.340796
PFSI,2024-05-21,93.92,Q2'24,Q1'24,70.13,1.339227
PFSI,2024-05-22,91.08,Q2'24,Q1'24,70.13,1.298731
PFSI,2024-05-23,90.1,Q2'24,Q1'24,70.13,1.284757
PFSI,2024-05-24,91.29,Q2'24,Q1'24,70.13,1.301725
PFSI,2024-05-28,90.85,Q2'24,Q1'24,70.13,1.295451
PFSI,2024-05-29,89.16,Q2'24,Q1'24,70.13,1.271353
PFSI,2024-05-30,90.53,Q2'24,Q1'24,70.13,1.290888
PFSI,2024-05-31,90.65,Q2'24,Q1'24,70.13,1.292599
PFSI,2024-06-03,90.9,Q2'24,Q1'24,70.13,1.296164
PFSI,2024-06-04,90.54,Q2'24,Q1'24,70.13,1.291031
PFSI,2024-06-05,92.25,Q2'24,Q1'24,70.13,1.315414
PFSI,2024-06-06,90.57,Q2'24,Q1'24,70.13,1.291459
PFSI,2024-06-07,89.34,Q2'24,Q1'24,70.13,1.27392
PFSI,2024-06-10,89.0,Q2'24,Q1'24,70.13,1.269072
PFSI,2024-06-11,88.45,Q2'24,Q1'24,70.13,1.261229
PFSI,2024-06-12,92.78,Q2'24,Q1'24,70.13,1.322972
PFSI,2024-06-13,92.73,Q2'24,Q1'24,70.13,1.322259
PFSI,2024-06-14,91.44,Q2'24,Q1'24,70.13,1.303864
PFSI,2024-06-17,92.13,Q2'24,Q1'24,70.13,1.313703
PFSI,2024-06-18,92.68,Q2'24,Q1'24,70.13,1.321546
PFSI,2024-06-20,91.88,Q2'24,Q1'24,70.13,1.310138
PFSI,2024-06-21,92.34,Q2'24,Q1'24,70.13,1.316698
PFSI,2024-06-24,93.27,Q2'24,Q1'24,70.13,1.329959
PFSI,2024-06-25,92.87,Q2'24,Q1'24,70.13,1.324255
PFSI,2024-06-26,91.83,Q2'24,Q1'24,70.13,1.309425
PFSI,2024-06-27,92.67,Q2'24,Q1'24,70.13,1.321403
PFSI,2024-06-28,94.6,Q2'24,Q1'24,70.13,1.348923
PFSI,2024-07-01,92.3,Q3'24,Q2'24,71.76,1.286232
PFSI,2024-07-02,92.95,Q3'24,Q2'24,71.76,1.29529
PFSI,2024-07-03,93.93,Q3'24,Q2'24,71.76,1.308946
PFSI,2024-07-05,92.51,Q3'24,Q2'24,71.76,1.289158
PFSI,2024-07-08,91.89,Q3'24,Q2'24,71.76,1.280518
PFSI,2024-07-09,90.98,Q3'24,Q2'24,71.76,1.267837
PFSI,2024-07-10,92.66,Q3'24,Q2'24,71.76,1.291249
PFSI,2024-07-11,98.46,Q3'24,Q2'24,71.76,1.372074
PFSI,2024-07-12,100.12,Q3'24,Q2'24,71.76,1.395206
PFSI,2024-07-15,100.76,Q3'24,Q2'24,71.76,1.404125
PFSI,2024-07-16,103.26,Q3'24,Q2'24,71.76,1.438963
PFSI,2024-07-17,102.48,Q3'24,Q2'24,71.76,1.428094
PFSI,2024-07-18,101.8,Q3'24,Q2'24,71.76,1.418618
PFSI,2024-07-19,101.09,Q3'24,Q2'24,71.76,1.408723
PFSI,2024-07-22,99.22,Q3'24,Q2'24,71.76,1.382664
PFSI,2024-07-23,100.4,Q3'24,Q2'24,71.76,1.399108
PFSI,2024-07-24,96.57,Q3'24,Q2'24,71.76,1.345736
PFSI,2024-07-25,99.3,Q3'24,Q2'24,71.76,1.383779
PFSI,2024-07-26,99.91,Q3'24,Q2'24,71.76,1.39228
PFSI,2024-07-29,99.08,Q3'24,Q2'24,71.76,1.380714
PFSI,2024-07-30,98.39,Q3'24,Q2'24,71.76,1.371098
PFSI,2024-07-31,98.12,Q3'24,Q2'24,71.76,1.367336
PFSI,2024-08-01,95.32,Q3'24,Q2'24,71.76,1.328317
PFSI,2024-08-02,97.99,Q3'24,Q2'24,71.76,1.365524
PFSI,2024-08-05,95.11,Q3'24,Q2'24,71.76,1.32539
PFSI,2024-08-06,95.09,Q3'24,Q2'24,71.76,1.325111
PFSI,2024-08-07,93.7,Q3'24,Q2'24,71.76,1.305741
PFSI,2024-08-08,95.8,Q3'24,Q2'24,71.76,1.335006
PFSI,2024-08-09,97.08,Q3'24,Q2'24,71.76,1.352843
PFSI,2024-08-12,95.51,Q3'24,Q2'24,71.76,1.330964
PFSI,2024-08-13,97.86,Q3'24,Q2'24,71.76,1.363712
PFSI,2024-08-14,99.52,Q3'24,Q2'24,71.76,1.386845
PFSI,2024-08-15,98.04,Q3'24,Q2'24,71.76,1.366221
PFSI,2024-08-16,97.75,Q3'24,Q2'24,71.76,1.362179
PFSI,2024-08-19,99.08,Q3'24,Q2'24,71.76,1.380714
PFSI,2024-08-20,98.66,Q3'24,Q2'24,71.76,1.374861
PFSI,2024-08-21,99.46,Q3'24,Q2'24,71.76,1.386009
PFSI,2024-08-22,99.51,Q3'24,Q2'24,71.76,1.386706
PFSI,2024-08-23,102.39,Q3'24,Q2'24,71.76,1.426839
PFSI,2024-08-26,103.04,Q3'24,Q2'24,71.76,1.435897
PFSI,2024-08-27,103.14,Q3'24,Q2'24,71.76,1.437291
PFSI,2024-08-28,102.94,Q3'24,Q2'24,71.76,1.434504
PFSI,2024-08-29,105.25,Q3'24,Q2'24,71.76,1.466695
PFSI,2024-08-30,108.0,Q3'24,Q2'24,71.76,1.505017
PFSI,2024-09-03,105.97,Q3'24,Q2'24,71.76,1.476728
PFSI,2024-09-04,107.37,Q3'24,Q2'24,71.76,1.496237
PFSI,2024-09-05,108.14,Q3'24,Q2'24,71.76,1.506968
PFSI,2024-09-06,106.63,Q3'24,Q2'24,71.76,1.485925
PFSI,2024-09-09,107.42,Q3'24,Q2'24,71.76,1.496934
PFSI,2024-09-10,107.52,Q3'24,Q2'24,71.76,1.498328
PFSI,2024-09-11,107.28,Q3'24,Q2'24,71.76,1.494983
PFSI,2024-09-12,111.16,Q3'24,Q2'24,71.76,1.549052
PFSI,2024-09-13,115.24,Q3'24,Q2'24,71.76,1.605909
PFSI,2024-09-16,116.58,Q3'24,Q2'24,71.76,1.624582
PFSI,2024-09-17,116.56,Q3'24,Q2'24,71.76,1.624303
PFSI,2024-09-18,116.17,Q3'24,Q2'24,71.76,1.618868
PFSI,2024-09-19,113.65,Q3'24,Q2'24,71.76,1.583751
PFSI,2024-09-20,111.8,Q3'24,Q2'24,71.76,1.557971
PFSI,2024-09-23,112.41,Q3'24,Q2'24,71.76,1.566472
PFSI,2024-09-24,111.7,Q3'24,Q2'24,71.76,1.556577
PFSI,2024-09-25,112.92,Q3'24,Q2'24,71.76,1.573579
PFSI,2024-09-26,112.25,Q3'24,Q2'24,71.76,1.564242
PFSI,2024-09-27,113.8,Q3'24,Q2'24,71.76,1.585842
PFSI,2024-09-30,113.97,Q3'24,Q2'24,71.76,1.588211
PFSI,2024-10-01,112.14,Q4'24,Q3'24,72.95,1.537217
PFSI,2024-10-02,111.32,Q4'24,Q3'24,72.95,1.525977
PFSI,2024-10-03,110.4,Q4'24,Q3'24,72.95,1.513365
PFSI,2024-10-04,106.66,Q4'24,Q3'24,72.95,1.462097
PFSI,2024-10-07,106.11,Q4'24,Q3'24,72.95,1.454558
PFSI,2024-10-08,106.97,Q4'24,Q3'24,72.95,1.466347
PFSI,2024-10-09,106.27,Q4'24,Q3'24,72.95,1.456751
PFSI,2024-10-10,106.18,Q4'24,Q3'24,72.95,1.455517
PFSI,2024-10-11,106.27,Q4'24,Q3'24,72.95,1.456751
PFSI,2024-10-14,108.16,Q4'24,Q3'24,72.95,1.482659
PFSI,2024-10-15,108.95,Q4'24,Q3'24,72.95,1.493489
PFSI,2024-10-16,110.89,Q4'24,Q3'24,72.95,1.520082
PFSI,2024-10-17,110.77,Q4'24,Q3'24,72.95,1.518437
PFSI,2024-10-18,109.32,Q4'24,Q3'24,72.95,1.498561
PFSI,2024-10-21,104.94,Q4'24,Q3'24,72.95,1.43852
PFSI,2024-10-22,103.64,Q4'24,Q3'24,72.95,1.420699
PFSI,2024-10-23,100.02,Q4'24,Q3'24,72.95,1.371076
PFSI,2024-10-24,101.08,Q4'24,Q3'24,72.95,1.385607
PFSI,2024-10-25,100.88,Q4'24,Q3'24,72.95,1.382865
PFSI,2024-10-28,102.33,Q4'24,Q3'24,72.95,1.402742
PFSI,2024-10-29,102.44,Q4'24,Q3'24,72.95,1.40425
PFSI,2024-10-30,100.7,Q4'24,Q3'24,72.95,1.380397
PFSI,2024-10-31,99.68,Q4'24,Q3'24,72.95,1.366415
PFSI,2024-11-01,99.39,Q4'24,Q3'24,72.95,1.36244
PFSI,2024-11-04,100.56,Q4'24,Q3'24,72.95,1.378478
PFSI,2024-11-05,102.36,Q4'24,Q3'24,72.95,1.403153
PFSI,2024-11-06,101.77,Q4'24,Q3'24,72.95,1.395065
PFSI,2024-11-07,103.63,Q4'24,Q3'24,72.95,1.420562
PFSI,2024-11-08,105.27,Q4'24,Q3'24,72.95,1.443043
PFSI,2024-11-11,106.1,Q4'24,Q3'24,72.95,1.454421
PFSI,2024-11-12,104.8,Q4'24,Q3'24,72.95,1.4366
PFSI,2024-11-13,102.73,Q4'24,Q3'24,72.95,1.408225
PFSI,2024-11-14,101.24,Q4'24,Q3'24,72.95,1.3878
PFSI,2024-11-15,102.47,Q4'24,Q3'24,72.95,1.404661
PFSI,2024-11-18,102.48,Q4'24,Q3'24,72.95,1.404798
PFSI,2024-11-19,104.87,Q4'24,Q3'24,72.95,1.43756
PFSI,2024-11-20,102.72,Q4'24,Q3'24,72.95,1.408088
PFSI,2024-11-21,103.95,Q4'24,Q3'24,72.95,1.424949
PFSI,2024-11-22,105.62,Q4'24,Q3'24,72.95,1.447841
PFSI,2024-11-25,107.79,Q4'24,Q3'24,72.95,1.477587
PFSI,2024-11-26,106.36,Q4'24,Q3'24,72.95,1.457985
PFSI,2024-11-27,106.87,Q4'24,Q3'24,72.95,1.464976
PFSI,2024-11-29,107.13,Q4'24,Q3'24,72.95,1.46854
PFSI,2024-12-02,106.7,Q4'24,Q3'24,72.95,1.462646
PFSI,2024-12-03,106.15,Q4'24,Q3'24,72.95,1.455106
PFSI,2024-12-04,105.64,Q4'24,Q3'24,72.95,1.448115
PFSI,2024-12-05,105.82,Q4'24,Q3'24,72.95,1.450583
PFSI,2024-12-06,107.07,Q4'24,Q3'24,72.95,1.467718
PFSI,2024-12-09,105.29,Q4'24,Q3'24,72.95,1.443317
PFSI,2024-12-10,104.02,Q4'24,Q3'24,72.95,1.425908
PFSI,2024-12-11,105.76,Q4'24,Q3'24,72.95,1.44976
PFSI,2024-12-12,105.07,Q4'24,Q3'24,72.95,1.440302
PFSI,2024-12-13,104.45,Q4'24,Q3'24,72.95,1.431803
PFSI,2024-12-16,105.03,Q4'24,Q3'24,72.95,1.439753
PFSI,2024-12-17,103.69,Q4'24,Q3'24,72.95,1.421385
PFSI,2024-12-18,99.6,Q4'24,Q3'24,72.95,1.365319
PFSI,2024-12-19,100.1,Q4'24,Q3'24,72.95,1.372173
PFSI,2024-12-20,101.66,Q4'24,Q3'24,72.95,1.393557
PFSI,2024-12-23,101.01,Q4'24,Q3'24,72.95,1.384647
PFSI,2024-12-24,102.18,Q4'24,Q3'24,72.95,1.400685
PFSI,2024-12-26,102.97,Q4'24,Q3'24,72.95,1.411515
PFSI,2024-12-27,102.07,Q4'24,Q3'24,72.95,1.399178
PFSI,2024-12-30,101.38,Q4'24,Q3'24,72.95,1.389719
PFSI,2024-12-31,102.14,Q4'24,Q3'24,72.95,1.400137
PFSI,2025-01-02,99.84,Q1'25,Q4'24,74.54,1.339415
PFSI,2025-01-03,100.75,Q1'25,Q4'24,74.54,1.351623
PFSI,2025-01-06,99.86,Q1'25,Q4'24,74.54,1.339683
PFSI,2025-01-07,100.13,Q1'25,Q4'24,74.54,1.343306
PFSI,2025-01-08,99.52,Q1'25,Q4'24,74.54,1.335122
PFSI,2025-01-10,96.22,Q1'25,Q4'24,74.54,1.290851
PFSI,2025-01-13,97.66,Q1'25,Q4'24,74.54,1.310169
PFSI,2025-01-14,101.41,Q1'25,Q4'24,74.54,1.360478
PFSI,2025-01-15,103.78,Q1'25,Q4'24,74.54,1.392273
PFSI,2025-01-16,106.65,Q1'25,Q4'24,74.54,1.430775
PFSI,2025-01-17,107.62,Q1'25,Q4'24,74.54,1.443789
PFSI,2025-01-21,108.76,Q1'25,Q4'24,74.54,1.459082
PFSI,2025-01-22,109.66,Q1'25,Q4'24,74.54,1.471156
PFSI,2025-01-23,109.24,Q1'25,Q4'24,74.54,1.465522
PFSI,2025-01-24,109.36,Q1'25,Q4'24,74.54,1.467132
PFSI,2025-01-27,113.66,Q1'25,Q4'24,74.54,1.524819
PFSI,2025-01-28,111.67,Q1'25,Q4'24,74.54,1.498122
PFSI,2025-01-29,112.1,Q1'25,Q4'24,74.54,1.503891
PFSI,2025-01-30,114.82,Q1'25,Q4'24,74.54,1.540381
PFSI,2025-01-31,104.69,Q1'25,Q4'24,74.54,1.404481
PFSI,2025-02-03,101.63,Q1'25,Q4'24,74.54,1.363429
PFSI,2025-02-04,104.81,Q1'25,Q4'24,74.54,1.406091
PFSI,2025-02-05,105.26,Q1'25,Q4'24,74.54,1.412128
PFSI,2025-02-06,105.18,Q1'25,Q4'24,74.54,1.411054
PFSI,2025-02-07,104.15,Q1'25,Q4'24,74.54,1.397236
PFSI,2025-02-10,102.97,Q1'25,Q4'24,74.54,1.381406
PFSI,2025-02-11,102.62,Q1'25,Q4'24,74.54,1.376711
PFSI,2025-02-12,99.86,Q1'25,Q4'24,74.54,1.339683
PFSI,2025-02-13,101.03,Q1'25,Q4'24,74.54,1.35538
PFSI,2025-02-14,101.76,Q1'25,Q4'24,74.54,1.365173
PFSI,2025-02-18,101.81,Q1'25,Q4'24,74.54,1.365844
PFSI,2025-02-19,102.05,Q1'25,Q4'24,74.54,1.369064
PFSI,2025-02-20,100.92,Q1'25,Q4'24,74.54,1.353904
PFSI,2025-02-21,101.25,Q1'25,Q4'24,74.54,1.358331
PFSI,2025-02-24,99.35,Q1'25,Q4'24,74.54,1.332841
PFSI,2025-02-25,102.78,Q1'25,Q4'24,74.54,1.378857
PFSI,2025-02-26,103.18,Q1'25,Q4'24,74.54,1.384223
PFSI,2025-02-27,102.09,Q1'25,Q4'24,74.54,1.3696
PFSI,2025-02-28,103.65,Q1'25,Q4'24,74.54,1.390529
PFSI,2025-03-03,103.62,Q1'25,Q4'24,74.54,1.390126
PFSI,2025-03-04,101.79,Q1'25,Q4'24,74.54,1.365576
PFSI,2025-03-05,102.84,Q1'25,Q4'24,74.54,1.379662
PFSI,2025-03-06,101.01,Q1'25,Q4'24,74.54,1.355111
PFSI,2025-03-07,101.72,Q1'25,Q4'24,74.54,1.364636
PFSI,2025-03-10,95.81,Q1'25,Q4'24,74.54,1.28535
PFSI,2025-03-11,96.64,Q1'25,Q4'24,74.54,1.296485
PFSI,2025-03-12,95.98,Q1'25,Q4'24,74.54,1.287631
PFSI,2025-03-13,94.63,Q1'25,Q4'24,74.54,1.26952
PFSI,2025-03-14,96.95,Q1'25,Q4'24,74.54,1.300644
PFSI,2025-03-17,98.0,Q1'25,Q4'24,74.54,1.31473
PFSI,2025-03-18,99.02,Q1'25,Q4'24,74.54,1.328414
PFSI,2025-03-19,99.51,Q1'25,Q4'24,74.54,1.334988
PFSI,2025-03-20,101.58,Q1'25,Q4'24,74.54,1.362758
PFSI,2025-03-21,101.01,Q1'25,Q4'24,74.54,1.355111
PFSI,2025-03-24,103.01,Q1'25,Q4'24,74.54,1.381943
PFSI,2025-03-25,102.51,Q1'25,Q4'24,74.54,1.375235
PFSI,2025-03-26,102.11,Q1'25,Q4'24,74.54,1.369869
PFSI,2025-03-27,101.23,Q1'25,Q4'24,74.54,1.358063
PFSI,2025-03-28,100.35,Q1'25,Q4'24,74.54,1.346257
PFSI,2025-03-31,100.11,Q1'25,Q4'24,74.54,1.343037
PFSI,2025-04-01,100.01,Q2'25,Q1'25,75.57,1.323409
PFSI,2025-04-02,103.61,Q2'25,Q1'25,75.57,1.371047
PFSI,2025-04-03,102.88,Q2'25,Q1'25,75.57,1.361387
PFSI,2025-04-04,103.69,Q2'25,Q1'25,75.57,1.372105
PFSI,2025-04-07,95.92,Q2'25,Q1'25,75.57,1.269287
PFSI,2025-04-08,92.41,Q2'25,Q1'25,75.57,1.22284
PFSI,2025-04-09,94.48,Q2'25,Q1'25,75.57,1.250232
PFSI,2025-04-10,89.28,Q2'25,Q1'25,75.57,1.181421
PFSI,2025-04-11,93.31,Q2'25,Q1'25,75.57,1.234749
PFSI,2025-04-14,97.36,Q2'25,Q1'25,75.57,1.288342
PFSI,2025-04-15,96.45,Q2'25,Q1'25,75.57,1.2763
PFSI,2025-04-16,95.57,Q2'25,Q1'25,75.57,1.264655
PFSI,2025-04-17,97.06,Q2'25,Q1'25,75.57,1.284372
PFSI,2025-04-21,94.22,Q2'25,Q1'25,75.57,1.246791
PFSI,2025-04-22,96.4,Q2'25,Q1'25,75.57,1.275639
PFSI,2025-04-23,93.74,Q2'25,Q1'25,75.57,1.240439
PFSI,2025-04-24,95.11,Q2'25,Q1'25,75.57,1.258568
PFSI,2025-04-25,93.6,Q2'25,Q1'25,75.57,1.238587
PFSI,2025-04-28,94.78,Q2'25,Q1'25,75.57,1.254201
PFSI,2025-04-29,96.0,Q2'25,Q1'25,75.57,1.270345
PFSI,2025-04-30,97.44,Q2'25,Q1'25,75.57,1.289401
PFSI,2025-05-01,97.01,Q2'25,Q1'25,75.57,1.28371
PFSI,2025-05-02,98.11,Q2'25,Q1'25,75.57,1.298267
PFSI,2025-05-05,97.63,Q2'25,Q1'25,75.57,1.291915
PFSI,2025-05-06,95.82,Q2'25,Q1'25,75.57,1.267963
PFSI,2025-05-07,97.68,Q2'25,Q1'25,75.57,1.292576
PFSI,2025-05-08,98.38,Q2'25,Q1'25,75.57,1.301839
PFSI,2025-05-09,97.61,Q2'25,Q1'25,75.57,1.29165
PFSI,2025-05-12,99.04,Q2'25,Q1'25,75.57,1.310573
PFSI,2025-05-13,99.59,Q2'25,Q1'25,75.57,1.317851
PFSI,2025-05-14,98.78,Q2'25,Q1'25,75.57,1.307132
PFSI,2025-05-15,100.76,Q2'25,Q1'25,75.57,1.333333
PFSI,2025-05-16,101.77,Q2'25,Q1'25,75.57,1.346698
PFSI,2025-05-19,100.52,Q2'25,Q1'25,75.57,1.330157
PFSI,2025-05-20,101.14,Q2'25,Q1'25,75.57,1.338362
PFSI,2025-05-21,96.2,Q2'25,Q1'25,75.57,1.272992
PFSI,2025-05-22,95.35,Q2'25,Q1'25,75.57,1.261744
PFSI,2025-05-23,94.71,Q2'25,Q1'25,75.57,1.253275
PFSI,2025-05-27,96.79,Q2'25,Q1'25,75.57,1.280799
PFSI,2025-05-28,95.95,Q2'25,Q1'25,75.57,1.269684
PFSI,2025-05-29,96.68,Q2'25,Q1'25,75.57,1.279344
PFSI,2025-05-30,96.0,Q2'25,Q1'25,75.57,1.270345
PFSI,2025-06-02,93.7,Q2'25,Q1'25,75.57,1.23991
PFSI,2025-06-03,95.3,Q2'25,Q1'25,75.57,1.261082
PFSI,2025-06-04,94.95,Q2'25,Q1'25,75.57,1.256451
PFSI,2025-06-05,94.99,Q2'25,Q1'25,75.57,1.25698
PFSI,2025-06-06,95.69,Q2'25,Q1'25,75.57,1.266243
PFSI,2025-06-09,95.98,Q2'25,Q1'25,75.57,1.270081
PFSI,2025-06-10,96.95,Q2'25,Q1'25,75.57,1.282916
PFSI,2025-06-11,97.3,Q2'25,Q1'25,75.57,1.287548
PFSI,2025-06-12,98.52,Q2'25,Q1'25,75.57,1.303692
PFSI,2025-06-13,95.88,Q2'25,Q1'25,75.57,1.268757
PFSI,2025-06-16,95.41,Q2'25,Q1'25,75.57,1.262538
PFSI,2025-06-17,92.86,Q2'25,Q1'25,75.57,1.228795
PFSI,2025-06-18,94.66,Q2'25,Q1'25,75.57,1.252614
PFSI,2025-06-20,95.4,Q2'25,Q1'25,75.57,1.262406
PFSI,2025-06-23,97.0,Q2'25,Q1'25,75.57,1.283578
PFSI,2025-06-24,98.7,Q2'25,Q1'25,75.57,1.306074
PFSI,2025-06-25,97.55,Q2'25,Q1'25,75.57,1.290856
PFSI,2025-06-26,99.86,Q2'25,Q1'25,75.57,1.321424
PFSI,2025-06-27,99.14,Q2'25,Q1'25,75.57,1.311896
PFSI,2025-06-30,99.64,Q2'25,Q1'25,75.57,1.318513
PFSI,2025-07-01,101.47,Q3'25,Q2'25,78.04,1.300231
PFSI,2025-07-02,102.71,Q3'25,Q2'25,78.04,1.31612
PFSI,2025-07-03,102.41,Q3'25,Q2'25,78.04,1.312276
PFSI,2025-07-07,100.13,Q3'25,Q2'25,78.04,1.28306
PFSI,2025-07-08,100.57,Q3'25,Q2'25,78.04,1.288698
PFSI,2025-07-09,102.29,Q3'25,Q2'25,78.04,1.310738
PFSI,2025-07-10,101.25,Q3'25,Q2'25,78.04,1.297412
PFSI,2025-07-11,100.06,Q3'25,Q2'25,78.04,1.282163
PFSI,2025-07-14,100.92,Q3'25,Q2'25,78.04,1.293183
PFSI,2025-07-15,98.56,Q3'25,Q2'25,78.04,1.262942
PFSI,2025-07-16,99.53,Q3'25,Q2'25,78.04,1.275372
PFSI,2025-07-17,100.94,Q3'25,Q2'25,78.04,1.293439
PFSI,2025-07-18,100.85,Q3'25,Q2'25,78.04,1.292286
PFSI,2025-07-21,101.94,Q3'25,Q2'25,78.04,1.306253
PFSI,2025-07-22,104.25,Q3'25,Q2'25,78.04,1.335853
PFSI,2025-07-23,96.56,Q3'25,Q2'25,78.04,1.237314
PFSI,2025-07-24,93.26,Q3'25,Q2'25,78.04,1.195028
PFSI,2025-07-25,94.07,Q3'25,Q2'25,78.04,1.205407
PFSI,2025-07-28,93.41,Q3'25,Q2'25,78.04,1.19695
PFSI,2025-07-29,94.97,Q3'25,Q2'25,78.04,1.21694
PFSI,2025-07-30,94.06,Q3'25,Q2'25,78.04,1.205279
PFSI,2025-07-31,93.14,Q3'25,Q2'25,78.04,1.193491
PFSI,2025-08-01,95.85,Q3'25,Q2'25,78.04,1.228216
PFSI,2025-08-04,97.63,Q3'25,Q2'25,78.04,1.251025
PFSI,2025-08-05,99.24,Q3'25,Q2'25,78.04,1.271656
PFSI,2025-08-06,98.82,Q3'25,Q2'25,78.04,1.266274
PFSI,2025-08-07,98.18,Q3'25,Q2'25,78.04,1.258073
PFSI,2025-08-08,98.12,Q3'25,Q2'25,78.04,1.257304
PFSI,2025-08-11,99.66,Q3'25,Q2'25,78.04,1.277037
PFSI,2025-08-12,102.71,Q3'25,Q2'25,78.04,1.31612
PFSI,2025-08-13,108.33,Q3'25,Q2'25,78.04,1.388134
PFSI,2025-08-14,108.41,Q3'25,Q2'25,78.04,1.389159
PFSI,2025-08-15,107.01,Q3'25,Q2'25,78.04,1.37122
PFSI,2025-08-18,105.51,Q3'25,Q2'25,78.04,1.351999
PFSI,2025-08-19,106.97,Q3'25,Q2'25,78.04,1.370707
PFSI,2025-08-20,105.29,Q3'25,Q2'25,78.04,1.34918
PFSI,2025-08-21,103.39,Q3'25,Q2'25,78.04,1.324833
PFSI,2025-08-22,109.72,Q3'25,Q2'25,78.04,1.405946
PFSI,2025-08-25,109.54,Q3'25,Q2'25,78.04,1.403639
PFSI,2025-08-26,109.04,Q3'25,Q2'25,78.04,1.397232
PFSI,2025-08-27,108.51,Q3'25,Q2'25,78.04,1.390441
PFSI,2025-08-28,108.86,Q3'25,Q2'25,78.04,1.394926
PFSI,2025-08-29,110.1,Q3'25,Q2'25,78.04,1.410815
PFSI,2025-09-02,109.33,Q3'25,Q2'25,78.04,1.400948
PFSI,2025-09-03,112.83,Q3'25,Q2'25,78.04,1.445797
PFSI,2025-09-04,115.28,Q3'25,Q2'25,78.04,1.477191
PFSI,2025-09-05,117.49,Q3'25,Q2'25,78.04,1.50551
PFSI,2025-09-08,121.05,Q3'25,Q2'25,78.04,1.551128
PFSI,2025-09-09,120.82,Q3'25,Q2'25,78.04,1.54818
PFSI,2025-09-10,120.34,Q3'25,Q2'25,78.04,1.54203
PFSI,2025-09-11,124.41,Q3'25,Q2'25,78.04,1.594183
PFSI,2025-09-12,124.51,Q3'25,Q2'25,78.04,1.595464
PFSI,2025-09-15,124.34,Q3'25,Q2'25,78.04,1.593285
PFSI,2025-09-16,124.02,Q3'25,Q2'25,78.04,1.589185
PFSI,2025-09-17,126.16,Q3'25,Q2'25,78.04,1.616607
PFSI,2025-09-18,127.13,Q3'25,Q2'25,78.04,1.629036
PFSI,2025-09-19,125.02,Q3'25,Q2'25,78.04,1.601999
PFSI,2025-09-22,121.8,Q3'25,Q2'25,78.04,1.560738
PFSI,2025-09-23,123.13,Q3'25,Q2'25,78.04,1.577781
PFSI,2025-09-24,123.32,Q3'25,Q2'25,78.04,1.580215
PFSI,2025-09-25,122.59,Q3'25,Q2'25,78.04,1.570861
PFSI,2025-09-26,124.04,Q3'25,Q2'25,78.04,1.589441
PFSI,2025-09-29,124.71,Q3'25,Q2'25,78.04,1.598027
PFSI,2025-09-30,123.88,Q3'25,Q2'25,78.04,1.587391
PFSI,2025-10-01,125.86,Q4'25,Q3'25,81.12,1.551529
PFSI,2025-10-02,123.17,Q4'25,Q3'25,81.12,1.518368
PFSI,2025-10-03,123.15,Q4'25,Q3'25,81.12,1.518121
PFSI,2025-10-06,118.33,Q4'25,Q3'25,81.12,1.458703
PFSI,2025-10-07,116.57,Q4'25,Q3'25,81.12,1.437007
PFSI,2025-10-08,117.5,Q4'25,Q3'25,81.12,1.448471
PFSI,2025-10-09,114.57,Q4'25,Q3'25,81.12,1.412352
PFSI,2025-10-10,117.11,Q4'25,Q3'25,81.12,1.443664
PFSI,2025-10-13,116.85,Q4'25,Q3'25,81.12,1.440459
PFSI,2025-10-14,119.7,Q4'25,Q3'25,81.12,1.475592
PFSI,2025-10-15,118.85,Q4'25,Q3'25,81.12,1.465113
PFSI,2025-10-16,117.43,Q4'25,Q3'25,81.12,1.447608
PFSI,2025-10-17,120.01,Q4'25,Q3'25,81.12,1.479413
PFSI,2025-10-20,121.4,Q4'25,Q3'25,81.12,1.496548
PFSI,2025-10-21,120.91,Q4'25,Q3'25,81.12,1.490508
PFSI,2025-10-22,129.57,Q4'25,Q3'25,81.12,1.597263
PFSI,2025-10-23,128.55,Q4'25,Q3'25,81.12,1.584689
PFSI,2025-10-24,132.67,Q4'25,Q3'25,81.12,1.635478
PFSI,2025-10-27,132.96,Q4'25,Q3'25,81.12,1.639053
PFSI,2025-10-28,130.19,Q4'25,Q3'25,81.12,1.604906
PFSI,2025-10-29,126.11,Q4'25,Q3'25,81.12,1.55461
PFSI,2025-10-30,125.3,Q4'25,Q3'25,81.12,1.544625
PFSI,2025-10-31,125.81,Q4'25,Q3'25,81.12,1.550912
PFSI,2025-11-03,126.84,Q4'25,Q3'25,81.12,1.563609
PFSI,2025-11-04,126.86,Q4'25,Q3'25,81.12,1.563856
PFSI,2025-11-05,125.02,Q4'25,Q3'25,81.12,1.541174
PFSI,2025-11-06,124.45,Q4'25,Q3'25,81.12,1.534147
PFSI,2025-11-07,126.0,Q4'25,Q3'25,81.12,1.553254
PFSI,2025-11-10,127.26,Q4'25,Q3'25,81.12,1.568787
PFSI,2025-11-11,129.5,Q4'25,Q3'25,81.12,1.5964
PFSI,2025-11-12,129.15,Q4'25,Q3'25,81.12,1.592086
PFSI,2025-11-13,127.04,Q4'25,Q3'25,81.12,1.566075
PFSI,2025-11-14,127.02,Q4'25,Q3'25,81.12,1.565828
PFSI,2025-11-17,124.47,Q4'25,Q3'25,81.12,1.534394
PFSI,2025-11-18,124.93,Q4'25,Q3'25,81.12,1.540064
PFSI,2025-11-19,124.53,Q4'25,Q3'25,81.12,1.535133
PFSI,2025-11-20,123.94,Q4'25,Q3'25,81.12,1.52786
PFSI,2025-11-21,126.26,Q4'25,Q3'25,81.12,1.55646
PFSI,2025-11-24,127.68,Q4'25,Q3'25,81.12,1.573965
PFSI,2025-11-25,133.68,Q4'25,Q3'25,81.12,1.647929
PFSI,2025-11-26,136.06,Q4'25,Q3'25,81.12,1.677268
PFSI,2025-11-28,134.57,Q4'25,Q3'25,81.12,1.6589
PFSI,2025-12-01,134.09,Q4'25,Q3'25,81.12,1.652983
PFSI,2025-12-02,131.82,Q4'25,Q3'25,81.12,1.625
PFSI,2025-12-03,133.86,Q4'25,Q3'25,81.12,1.650148
PFSI,2025-12-04,132.58,Q4'25,Q3'25,81.12,1.634369
PFSI,2025-12-05,130.91,Q4'25,Q3'25,81.12,1.613782
PFSI,2025-12-08,129.04,Q4'25,Q3'25,81.12,1.59073
PFSI,2025-12-09,128.47,Q4'25,Q3'25,81.12,1.583703
PFSI,2025-12-10,130.99,Q4'25,Q3'25,81.12,1.614768
PFSI,2025-12-11,131.82,Q4'25,Q3'25,81.12,1.625
PFSI,2025-12-12,130.48,Q4'25,Q3'25,81.12,1.608481
PFSI,2025-12-15,130.48,Q4'25,Q3'25,81.12,1.608481
PFSI,2025-12-16,130.44,Q4'25,Q3'25,81.12,1.607988
PFSI,2025-12-17,130.19,Q4'25,Q3'25,81.12,1.604906
PFSI,2025-12-18,132.41,Q4'25,Q3'25,81.12,1.632273
PFSI,2025-12-19,134.62,Q4'25,Q3'25,81.12,1.659517
PFSI,2025-12-22,134.71,Q4'25,Q3'25,81.12,1.660626
PFSI,2025-12-23,133.12,Q4'25,Q3'25,81.12,1.641026
PFSI,2025-12-24,133.98,Q4'25,Q3'25,81.12,1.651627
PFSI,2025-12-26,133.89,Q4'25,Q3'25,81.12,1.650518
PFSI,2025-12-29,133.52,Q4'25,Q3'25,81.12,1.645957
PFSI,2025-12-30,133.26,Q4'25,Q3'25,81.12,1.642751
PFSI,2025-12-31,131.84,Q4'25,Q3'25,81.12,1.625247
PFSI,2026-01-02,131.51,Q1'26,Q4'25,82.77,1.588861
PFSI,2026-01-05,134.26,Q1'26,Q4'25,82.77,1.622085
PFSI,2026-01-06,135.01,Q1'26,Q4'25,82.77,1.631146
PFSI,2026-01-07,136.28,Q1'26,Q4'25,82.77,1.64649
PFSI,2026-01-08,137.39,Q1'26,Q4'25,82.77,1.659901
PFSI,2026-01-09,146.19,Q1'26,Q4'25,82.77,1.76622
PFSI,2026-01-12,146.36,Q1'26,Q4'25,82.77,1.768274
PFSI,2026-01-13,145.59,Q1'26,Q4'25,82.77,1.758971
PFSI,2026-01-14,147.37,Q1'26,Q4'25,82.77,1.780476
PFSI,2026-01-15,150.7,Q1'26,Q4'25,82.77,1.820708
PFSI,2026-01-16,159.46,Q1'26,Q4'25,82.77,1.926544
PFSI,2026-01-20,150.56,Q1'26,Q4'25,82.77,1.819017
PFSI,2026-01-21,152.3,Q1'26,Q4'25,82.77,1.840039
PFSI,2026-01-22,151.67,Q1'26,Q4'25,82.77,1.832427
PFSI,2026-01-23,150.89,Q1'26,Q4'25,82.77,1.823003
PFSI,2026-01-26,151.96,Q1'26,Q4'25,82.77,1.835931
PFSI,2026-01-27,149.46,Q1'26,Q4'25,82.77,1.805727
PFSI,2026-01-28,146.98,Q1'26,Q4'25,82.77,1.775764
PFSI,2026-01-29,149.7,Q1'26,Q4'25,82.77,1.808626
PFSI,2026-01-30,99.92,Q1'26,Q4'25,82.77,1.207201
PFSI,2026-02-02,93.07,Q1'26,Q4'25,82.77,1.124441
PFSI,2026-02-03,93.15,Q1'26,Q4'25,82.77,1.125408
PFSI,2026-02-04,96.08,Q1'26,Q4'25,82.77,1.160807
PFSI,2026-02-05,97.52,Q1'26,Q4'25,82.77,1.178205
PFSI,2026-02-06,95.6,Q1'26,Q4'25,82.77,1.155008
PFSI,2026-02-09,94.81,Q1'26,Q4'25,82.77,1.145463
PFSI,2026-02-10,94.45,Q1'26,Q4'25,82.77,1.141114
PFSI,2026-02-11,90.4,Q1'26,Q4'25,82.77,1.092183
PFSI,2026-02-12,91.49,Q1'26,Q4'25,82.77,1.105352
PFSI,2026-02-13,92.01,Q1'26,Q4'25,82.77,1.111635
PFSI,2026-02-17,93.88,Q1'26,Q4'25,82.77,1.134227
PFSI,2026-02-18,96.06,Q1'26,Q4'25,82.77,1.160565
PFSI,2026-02-19,94.33,Q1'26,Q4'25,82.77,1.139664
PFSI,2026-02-20,92.23,Q1'26,Q4'25,82.77,1.114293
PFSI,2026-02-23,90.33,Q1'26,Q4'25,82.77,1.091337
PFSI,2026-02-24,91.2,Q1'26,Q4'25,82.77,1.101848
PFSI,2026-02-25,92.74,Q1'26,Q4'25,82.77,1.120454
PFSI,2026-02-26,92.93,Q1'26,Q4'25,82.77,1.12275
PFSI,2026-02-27,91.93,Q1'26,Q4'25,82.77,1.110668
PFSI,2026-03-02,90.38,Q1'26,Q4'25,82.77,1.091941
PFSI,2026-03-03,89.76,Q1'26,Q4'25,82.77,1.084451
PFSI,2026-03-04,90.67,Q1'26,Q4'25,82.77,1.095445
PFSI,2026-03-05,88.53,Q1'26,Q4'25,82.77,1.06959
PFSI,2026-03-06,86.2,Q1'26,Q4'25,82.77,1.04144
PFSI,2026-03-09,87.01,Q1'26,Q4'25,82.77,1.051226
PFSI,2026-03-10,89.59,Q1'26,Q4'25,82.77,1.082397
PFSI,2026-03-11,87.65,Q1'26,Q4'25,82.77,1.058959
PFSI,2026-03-12,84.61,Q1'26,Q4'25,82.77,1.02223
PFSI,2026-03-13,84.14,Q1'26,Q4'25,82.77,1.016552
PFSI,2026-03-16,86.48,Q1'26,Q4'25,82.77,1.044823
PFSI,2026-03-17,87.35,Q1'26,Q4'25,82.77,1.055334
PFSI,2026-03-18,87.21,Q1'26,Q4'25,82.77,1.053643
PFSI,2026-03-19,88.03,Q1'26,Q4'25,82.77,1.06355
PFSI,2026-03-20,84.45,Q1'26,Q4'25,82.77,1.020297
PFSI,2026-03-23,85.5,Q1'26,Q4'25,82.77,1.032983
PFSI,2026-03-24,84.3,Q1'26,Q4'25,82.77,1.018485
PFSI,2026-03-25,86.43,Q1'26,Q4'25,82.77,1.044219
PFSI,2026-03-26,86.44,Q1'26,Q4'25,82.77,1.04434
PFSI,2026-03-27,85.47,Q1'26,Q4'25,82.77,1.032621
PFSI,2026-03-30,84.9,Q1'26,Q4'25,82.77,1.025734
PFSI,2026-03-31,87.4,Q1'26,Q4'25,82.77,1.055938
PFSI,2026-04-01,87.7,Q2'26,Q1'26,83.31,1.052695
PFSI,2026-04-02,90.1,Q2'26,Q1'26,83.31,1.081503
PFSI,2026-04-06,90.38,Q2'26,Q1'26,83.31,1.084864
PFSI,2026-04-07,88.45,Q2'26,Q1'26,83.31,1.061697
PFSI,2026-04-08,91.61,Q2'26,Q1'26,83.31,1.099628
PFSI,2026-04-09,91.77,Q2'26,Q1'26,83.31,1.101548
PFSI,2026-04-10,91.41,Q2'26,Q1'26,83.31,1.097227
PFSI,2026-04-13,93.03,Q2'26,Q1'26,83.31,1.116673
PFSI,2026-04-14,92.67,Q2'26,Q1'26,83.31,1.112351
PFSI,2026-04-15,91.74,Q2'26,Q1'26,83.31,1.101188
PFSI,2026-04-16,91.73,Q2'26,Q1'26,83.31,1.101068
PFSI,2026-04-17,94.57,Q2'26,Q1'26,83.31,1.135158
PFSI,2026-04-20,94.3,Q2'26,Q1'26,83.31,1.131917
PFSI,2026-04-21,90.64,Q2'26,Q1'26,83.31,1.087985
PFSI,2026-04-22,90.46,Q2'26,Q1'26,83.31,1.085824
PFSI,2026-04-23,89.85,Q2'26,Q1'26,83.31,1.078502
PFSI,2026-04-24,91.39,Q2'26,Q1'26,83.31,1.096987
PFSI,2026-04-27,90.89,Q2'26,Q1'26,83.31,1.090985
PFSI,2026-04-28,91.18,Q2'26,Q1'26,83.31,1.094466
PFSI,2026-04-29,89.18,Q2'26,Q1'26,83.31,1.07046
PFSI,2026-04-30,90.29,Q2'26,Q1'26,83.31,1.083783
PFSI,2026-05-01,92.13,Q2'26,Q1'26,83.31,1.10587
PFSI,2026-05-04,89.89,Q2'26,Q1'26,83.31,1.078982
PFSI,2026-05-05,87.48,Q2'26,Q1'26,83.31,1.050054
PFSI,2026-05-06,87.07,Q2'26,Q1'26,83.31,1.045133
PFSI,2026-05-07,88.66,Q2'26,Q1'26,83.31,1.064218
PFSI,2026-05-08,90.54,Q2'26,Q1'26,83.31,1.086784
PFSI,2026-05-11,88.35,Q2'26,Q1'26,83.31,1.060497
PFSI,2026-05-12,88.63,Q2'26,Q1'26,83.31,1.063858
PFSI,2026-05-13,87.74,Q2'26,Q1'26,83.31,1.053175
PFSI,2026-05-14,87.82,Q2'26,Q1'26,83.31,1.054135
PFSI,2026-05-15,85.69,Q2'26,Q1'26,83.31,1.028568
PFSI,2026-05-18,86.47,Q2'26,Q1'26,83.31,1.037931
PFSI,2026-05-19,84.44,Q2'26,Q1'26,83.31,1.013564
PFSI,2026-05-20,87.09,Q2'26,Q1'26,83.31,1.045373
PFSI,2026-05-21,87.02,Q2'26,Q1'26,83.31,1.044532
PFSI,2026-05-22,85.88,Q2'26,Q1'26,83.31,1.030849
PFSI,2026-05-26,86.12,Q2'26,Q1'26,83.31,1.033729
PFSI,2026-05-27,87.39,Q2'26,Q1'26,83.31,1.048974
PFSI,2026-05-28,86.38,Q2'26,Q1'26,83.31,1.03685
PFSI,2026-05-29,83.87,Q2'26,Q1'26,83.31,1.006722
PFSI,2026-06-01,82.49,Q2'26,Q1'26,83.31,0.990157
PFSI,2026-06-02,84.04,Q2'26,Q1'26,83.31,1.008762
PFSI,2026-06-03,80.6,Q2'26,Q1'26,83.31,0.967471
PFSI,2026-06-04,81.53,Q2'26,Q1'26,83.31,0.978634
PFSI,2026-06-05,81.24,Q2'26,Q1'26,83.31,0.975153
PFSI,2026-06-08,79.56,Q2'26,Q1'26,83.31,0.954987
PFSI,2026-06-09,81.76,Q2'26,Q1'26,83.31,0.981395
PFSI,2026-06-10,80.08,Q2'26,Q1'26,83.31,0.961229
PFSI,2026-06-11,80.68,Q2'26,Q1'26,83.31,0.968431
PFSI,2026-06-12,81.66,Q2'26,Q1'26,83.31,0.980194
PFSI,2026-06-15,82.41,Q2'26,Q1'26,83.31,0.989197
PFSI,2026-06-16,83.6,Q2'26,Q1'26,83.31,1.003481
PFSI,2026-06-17,81.2,Q2'26,Q1'26,83.31,0.974673
PFSI,2026-06-18,82.38,Q2'26,Q1'26,83.31,0.988837
PFSI,2026-06-22,79.81,Q2'26,Q1'26,83.31,0.957988
PFSI,2026-06-23,80.24,Q2'26,Q1'26,83.31,0.96315
PFSI,2026-06-24,83.35,Q2'26,Q1'26,83.31,1.00048
PFSI,2026-06-25,84.3,Q2'26,Q1'26,83.31,1.011883
PFSI,2026-06-26,86.08,Q2'26,Q1'26,83.31,1.033249
PFSI,2026-06-29,86.15,Q2'26,Q1'26,83.31,1.03409
PFSI,2026-06-30,87.1,Q2'26,Q1'26,83.31,1.045493
PFSI,2026-07-01,84.83,Q3'26,Q2'26,83.49,1.01605
PFSI,2026-07-02,83.47,Q3'26,Q2'26,83.49,0.99976
PFSI,2026-07-06,83.75,Q3'26,Q2'26,83.49,1.003114
PFSI,2026-07-07,81.11,Q3'26,Q2'26,83.49,0.971494
PFSI,2026-07-08,80.92,Q3'26,Q2'26,83.49,0.969218
PFSI,2026-07-09,81.94,Q3'26,Q2'26,83.49,0.981435
PFSI,2026-07-10,82.35,Q3'26,Q2'26,83.49,0.986346
PFSI,2026-07-13,81.48,Q3'26,Q2'26,83.49,0.975925
PFSI,2026-07-14,82.91,Q3'26,Q2'26,83.49,0.993053
PFSI,2026-07-15,84.98,Q3'26,Q2'26,83.49,1.017846
PFSI,2026-07-16,86.82,Q3'26,Q2'26,83.49,1.039885
PFSI,2026-07-17,85.29,Q3'26,Q2'26,83.49,1.021559
PFSI,2026-07-20,83.58,Q3'26,Q2'26,83.49,1.001078
PFSI,2026-07-23,82.61,Q3'26,Q2'26,83.49,0.98946
PFSI,2026-07-24,84.35,Q3'26,Q2'26,83.49,1.010301
PFSI,2026-07-27,84.47,Q3'26,Q2'26,83.49,1.011738
PFSI,2026-07-28,85.7,Q3'26,Q2'26,83.49,1.02647
PFSI,2026-07-29,86.04,Q3'26,Q2'26,83.49,1.030543
PFSI,2026-07-30,75.87,Q3'26,Q2'26,83.49,0.908732
PFSI,2026-08-03,76.4,Q3'26,Q2'26,83.49,0.91508
PFSI,2026-08-04,76.99,Q3'26,Q2'26,83.49,0.922146
PFSI,2026-08-05,75.89,Q3'26,Q2'26,83.49,0.908971
PFSI,2026-08-06,77.02,Q3'26,Q2'26,83.49,0.922506
PFSI,2026-08-07,77.41,Q3'26,Q2'26,83.49,0.927177
PFSI,2026-08-10,75.85,Q3'26,Q2'26,83.49,0.908492
PFSI,2026-08-11,76.59,Q3'26,Q2'26,83.49,0.917355
PFSI,2026-08-12,76.98,Q3'26,Q2'26,83.49,0.922027
PFSI,2026-08-13,79.48,Q3'26,Q2'26,83.49,0.95197
PFSI,2026-08-14,78.03,Q3'26,Q2'26,83.49,0.934603
PFSI,2026-08-17,76.31,Q3'26,Q2'26,83.49,0.914002
PFSI,2026-08-18,75.3,Q3'26,Q2'26,83.49,0.901904
PFSI,2026-08-19,76.84,Q3'26,Q2'26,83.49,0.92035
PMT,2021-07-01,21.07,Q3'21,Q2'21,20.77,1.014444
PMT,2021-07-02,21.0,Q3'21,Q2'21,20.77,1.011074
PMT,2021-07-06,20.88,Q3'21,Q2'21,20.77,1.005296
PMT,2021-07-07,20.6,Q3'21,Q2'21,20.77,0.991815
PMT,2021-07-08,20.39,Q3'21,Q2'21,20.77,0.981704
PMT,2021-07-09,21.01,Q3'21,Q2'21,20.77,1.011555
PMT,2021-07-12,20.97,Q3'21,Q2'21,20.77,1.009629
PMT,2021-07-13,20.51,Q3'21,Q2'21,20.77,0.987482
PMT,2021-07-14,19.5,Q3'21,Q2'21,20.77,0.938854
PMT,2021-07-15,19.62,Q3'21,Q2'21,20.77,0.944632
PMT,2021-07-16,19.59,Q3'21,Q2'21,20.77,0.943187
PMT,2021-07-19,19.38,Q3'21,Q2'21,20.77,0.933077
PMT,2021-07-20,19.56,Q3'21,Q2'21,20.77,0.941743
PMT,2021-07-21,19.87,Q3'21,Q2'21,20.77,0.956668
PMT,2021-07-22,19.54,Q3'21,Q2'21,20.77,0.94078
PMT,2021-07-23,19.43,Q3'21,Q2'21,20.77,0.935484
PMT,2021-07-26,19.69,Q3'21,Q2'21,20.77,0.948002
PMT,2021-07-27,19.61,Q3'21,Q2'21,20.77,0.94415
PMT,2021-07-28,19.65,Q3'21,Q2'21,20.77,0.946076
PMT,2021-07-29,19.92,Q3'21,Q2'21,20.77,0.959076
PMT,2021-07-30,19.72,Q3'21,Q2'21,20.77,0.949446
PMT,2021-08-02,19.67,Q3'21,Q2'21,20.77,0.947039
PMT,2021-08-03,19.75,Q3'21,Q2'21,20.77,0.950891
PMT,2021-08-04,19.5,Q3'21,Q2'21,20.77,0.938854
PMT,2021-08-05,19.6,Q3'21,Q2'21,20.77,0.943669
PMT,2021-08-06,19.25,Q3'21,Q2'21,20.77,0.926818
PMT,2021-08-09,19.03,Q3'21,Q2'21,20.77,0.916225
PMT,2021-08-10,18.8,Q3'21,Q2'21,20.77,0.905152
PMT,2021-08-11,18.85,Q3'21,Q2'21,20.77,0.907559
PMT,2021-08-12,18.87,Q3'21,Q2'21,20.77,0.908522
PMT,2021-08-13,18.91,Q3'21,Q2'21,20.77,0.910448
PMT,2021-08-16,18.83,Q3'21,Q2'21,20.77,0.906596
PMT,2021-08-17,18.81,Q3'21,Q2'21,20.77,0.905633
PMT,2021-08-18,18.6,Q3'21,Q2'21,20.77,0.895522
PMT,2021-08-19,18.39,Q3'21,Q2'21,20.77,0.885412
PMT,2021-08-20,18.77,Q3'21,Q2'21,20.77,0.903707
PMT,2021-08-23,18.91,Q3'21,Q2'21,20.77,0.910448
PMT,2021-08-24,19.17,Q3'21,Q2'21,20.77,0.922966
PMT,2021-08-25,19.25,Q3'21,Q2'21,20.77,0.926818
PMT,2021-08-26,19.11,Q3'21,Q2'21,20.77,0.920077
PMT,2021-08-27,19.44,Q3'21,Q2'21,20.77,0.935965
PMT,2021-08-30,19.2,Q3'21,Q2'21,20.77,0.92441
PMT,2021-08-31,19.41,Q3'21,Q2'21,20.77,0.934521
PMT,2021-09-01,19.5,Q3'21,Q2'21,20.77,0.938854
PMT,2021-09-02,19.48,Q3'21,Q2'21,20.77,0.937891
PMT,2021-09-03,19.53,Q3'21,Q2'21,20.77,0.940299
PMT,2021-09-07,19.35,Q3'21,Q2'21,20.77,0.931632
PMT,2021-09-08,19.32,Q3'21,Q2'21,20.77,0.930188
PMT,2021-09-09,19.66,Q3'21,Q2'21,20.77,0.946558
PMT,2021-09-10,19.49,Q3'21,Q2'21,20.77,0.938373
PMT,2021-09-13,19.81,Q3'21,Q2'21,20.77,0.953779
PMT,2021-09-14,19.83,Q3'21,Q2'21,20.77,0.954742
PMT,2021-09-15,19.85,Q3'21,Q2'21,20.77,0.955705
PMT,2021-09-16,19.71,Q3'21,Q2'21,20.77,0.948965
PMT,2021-09-17,19.77,Q3'21,Q2'21,20.77,0.951854
PMT,2021-09-20,19.48,Q3'21,Q2'21,20.77,0.937891
PMT,2021-09-21,19.65,Q3'21,Q2'21,20.77,0.946076
PMT,2021-09-22,19.93,Q3'21,Q2'21,20.77,0.959557
PMT,2021-09-23,19.75,Q3'21,Q2'21,20.77,0.950891
PMT,2021-09-24,19.64,Q3'21,Q2'21,20.77,0.945595
PMT,2021-09-27,19.9,Q3'21,Q2'21,20.77,0.958113
PMT,2021-09-28,19.72,Q3'21,Q2'21,20.77,0.949446
PMT,2021-09-29,19.75,Q3'21,Q2'21,20.77,0.950891
PMT,2021-09-30,19.69,Q3'21,Q2'21,20.77,0.948002
PMT,2021-10-01,19.92,Q4'21,Q3'21,19.79,1.006569
PMT,2021-10-04,19.92,Q4'21,Q3'21,19.79,1.006569
PMT,2021-10-05,20.07,Q4'21,Q3'21,19.79,1.014149
PMT,2021-10-06,20.07,Q4'21,Q3'21,19.79,1.014149
PMT,2021-10-07,20.25,Q4'21,Q3'21,19.79,1.023244
PMT,2021-10-08,20.27,Q4'21,Q3'21,19.79,1.024255
PMT,2021-10-11,20.38,Q4'21,Q3'21,19.79,1.029813
PMT,2021-10-12,20.58,Q4'21,Q3'21,19.79,1.039919
PMT,2021-10-13,20.6,Q4'21,Q3'21,19.79,1.04093
PMT,2021-10-14,20.02,Q4'21,Q3'21,19.79,1.011622
PMT,2021-10-15,19.95,Q4'21,Q3'21,19.79,1.008085
PMT,2021-10-18,20.07,Q4'21,Q3'21,19.79,1.014149
PMT,2021-10-19,20.17,Q4'21,Q3'21,19.79,1.019202
PMT,2021-10-20,20.22,Q4'21,Q3'21,19.79,1.021728
PMT,2021-10-21,20.44,Q4'21,Q3'21,19.79,1.032845
PMT,2021-10-22,20.33,Q4'21,Q3'21,19.79,1.027287
PMT,2021-10-25,20.42,Q4'21,Q3'21,19.79,1.031834
PMT,2021-10-26,20.16,Q4'21,Q3'21,19.79,1.018696
PMT,2021-10-27,20.1,Q4'21,Q3'21,19.79,1.015664
PMT,2021-10-28,20.18,Q4'21,Q3'21,19.79,1.019707
PMT,2021-10-29,20.15,Q4'21,Q3'21,19.79,1.018191
PMT,2021-11-01,20.35,Q4'21,Q3'21,19.79,1.028297
PMT,2021-11-02,20.13,Q4'21,Q3'21,19.79,1.01718
PMT,2021-11-03,20.11,Q4'21,Q3'21,19.79,1.01617
PMT,2021-11-04,20.1,Q4'21,Q3'21,19.79,1.015664
PMT,2021-11-05,19.26,Q4'21,Q3'21,19.79,0.973219
PMT,2021-11-08,19.3,Q4'21,Q3'21,19.79,0.97524
PMT,2021-11-09,18.79,Q4'21,Q3'21,19.79,0.949469
PMT,2021-11-10,18.88,Q4'21,Q3'21,19.79,0.954017
PMT,2021-11-11,19.01,Q4'21,Q3'21,19.79,0.960586
PMT,2021-11-12,18.77,Q4'21,Q3'21,19.79,0.948459
PMT,2021-11-15,18.7,Q4'21,Q3'21,19.79,0.944922
PMT,2021-11-16,18.71,Q4'21,Q3'21,19.79,0.945427
PMT,2021-11-17,18.42,Q4'21,Q3'21,19.79,0.930773
PMT,2021-11-18,18.31,Q4'21,Q3'21,19.79,0.925215
PMT,2021-11-19,18.27,Q4'21,Q3'21,19.79,0.923194
PMT,2021-11-22,18.28,Q4'21,Q3'21,19.79,0.923699
PMT,2021-11-23,18.47,Q4'21,Q3'21,19.79,0.9333
PMT,2021-11-24,18.56,Q4'21,Q3'21,19.79,0.937847
PMT,2021-11-26,18.38,Q4'21,Q3'21,19.79,0.928752
PMT,2021-11-29,18.18,Q4'21,Q3'21,19.79,0.918646
PMT,2021-11-30,17.37,Q4'21,Q3'21,19.79,0.877716
PMT,2021-12-01,17.58,Q4'21,Q3'21,19.79,0.888327
PMT,2021-12-02,18.03,Q4'21,Q3'21,19.79,0.911066
PMT,2021-12-03,17.86,Q4'21,Q3'21,19.79,0.902476
PMT,2021-12-06,18.23,Q4'21,Q3'21,19.79,0.921172
PMT,2021-12-07,18.31,Q4'21,Q3'21,19.79,0.925215
PMT,2021-12-08,18.38,Q4'21,Q3'21,19.79,0.928752
PMT,2021-12-09,18.25,Q4'21,Q3'21,19.79,0.922183
PMT,2021-12-10,18.14,Q4'21,Q3'21,19.79,0.916625
PMT,2021-12-13,17.89,Q4'21,Q3'21,19.79,0.903992
PMT,2021-12-14,17.64,Q4'21,Q3'21,19.79,0.891359
PMT,2021-12-15,17.81,Q4'21,Q3'21,19.79,0.899949
PMT,2021-12-16,17.51,Q4'21,Q3'21,19.79,0.88479
PMT,2021-12-17,17.43,Q4'21,Q3'21,19.79,0.880748
PMT,2021-12-20,17.01,Q4'21,Q3'21,19.79,0.859525
PMT,2021-12-21,17.54,Q4'21,Q3'21,19.79,0.886306
PMT,2021-12-22,17.64,Q4'21,Q3'21,19.79,0.891359
PMT,2021-12-23,17.83,Q4'21,Q3'21,19.79,0.90096
PMT,2021-12-27,17.95,Q4'21,Q3'21,19.79,0.907024
PMT,2021-12-28,17.93,Q4'21,Q3'21,19.79,0.906013
PMT,2021-12-29,17.8,Q4'21,Q3'21,19.79,0.899444
PMT,2021-12-30,17.51,Q4'21,Q3'21,19.79,0.88479
PMT,2021-12-31,17.33,Q4'21,Q3'21,19.79,0.875695
PMT,2022-01-03,17.74,Q1'22,Q4'21,19.05,0.931234
PMT,2022-01-04,17.75,Q1'22,Q4'21,19.05,0.931759
PMT,2022-01-05,17.38,Q1'22,Q4'21,19.05,0.912336
PMT,2022-01-06,17.55,Q1'22,Q4'21,19.05,0.92126
PMT,2022-01-07,18.04,Q1'22,Q4'21,19.05,0.946982
PMT,2022-01-10,18.07,Q1'22,Q4'21,19.05,0.948556
PMT,2022-01-11,18.23,Q1'22,Q4'21,19.05,0.956955
PMT,2022-01-12,18.29,Q1'22,Q4'21,19.05,0.960105
PMT,2022-01-13,18.24,Q1'22,Q4'21,19.05,0.95748
PMT,2022-01-14,18.31,Q1'22,Q4'21,19.05,0.961155
PMT,2022-01-18,18.1,Q1'22,Q4'21,19.05,0.950131
PMT,2022-01-19,17.82,Q1'22,Q4'21,19.05,0.935433
PMT,2022-01-20,17.47,Q1'22,Q4'21,19.05,0.91706
PMT,2022-01-21,17.2,Q1'22,Q4'21,19.05,0.902887
PMT,2022-01-24,17.27,Q1'22,Q4'21,19.05,0.906562
PMT,2022-01-25,17.51,Q1'22,Q4'21,19.05,0.91916
PMT,2022-01-26,17.46,Q1'22,Q4'21,19.05,0.916535
PMT,2022-01-27,17.18,Q1'22,Q4'21,19.05,0.901837
PMT,2022-01-28,17.35,Q1'22,Q4'21,19.05,0.910761
PMT,2022-01-31,17.82,Q1'22,Q4'21,19.05,0.935433
PMT,2022-02-01,17.62,Q1'22,Q4'21,19.05,0.924934
PMT,2022-02-02,17.39,Q1'22,Q4'21,19.05,0.912861
PMT,2022-02-03,16.91,Q1'22,Q4'21,19.05,0.887664
PMT,2022-02-04,16.32,Q1'22,Q4'21,19.05,0.856693
PMT,2022-02-07,16.27,Q1'22,Q4'21,19.05,0.854068
PMT,2022-02-08,16.7,Q1'22,Q4'21,19.05,0.87664
PMT,2022-02-09,16.42,Q1'22,Q4'21,19.05,0.861942
PMT,2022-02-10,16.02,Q1'22,Q4'21,19.05,0.840945
PMT,2022-02-11,16.05,Q1'22,Q4'21,19.05,0.84252
PMT,2022-02-14,15.81,Q1'22,Q4'21,19.05,0.829921
PMT,2022-02-15,16.09,Q1'22,Q4'21,19.05,0.844619
PMT,2022-02-16,16.1,Q1'22,Q4'21,19.05,0.845144
PMT,2022-02-17,15.86,Q1'22,Q4'21,19.05,0.832546
PMT,2022-02-18,15.82,Q1'22,Q4'21,19.05,0.830446
PMT,2022-02-22,15.45,Q1'22,Q4'21,19.05,0.811024
PMT,2022-02-23,15.24,Q1'22,Q4'21,19.05,0.8
PMT,2022-02-24,15.63,Q1'22,Q4'21,19.05,0.820472
PMT,2022-02-25,15.66,Q1'22,Q4'21,19.05,0.822047
PMT,2022-02-28,15.6,Q1'22,Q4'21,19.05,0.818898
PMT,2022-03-01,15.64,Q1'22,Q4'21,19.05,0.820997
PMT,2022-03-02,15.9,Q1'22,Q4'21,19.05,0.834646
PMT,2022-03-03,15.85,Q1'22,Q4'21,19.05,0.832021
PMT,2022-03-04,15.78,Q1'22,Q4'21,19.05,0.828346
PMT,2022-03-07,15.83,Q1'22,Q4'21,19.05,0.830971
PMT,2022-03-08,16.15,Q1'22,Q4'21,19.05,0.847769
PMT,2022-03-09,16.26,Q1'22,Q4'21,19.05,0.853543
PMT,2022-03-10,16.26,Q1'22,Q4'21,19.05,0.853543
PMT,2022-03-11,16.29,Q1'22,Q4'21,19.05,0.855118
PMT,2022-03-14,16.08,Q1'22,Q4'21,19.05,0.844094
PMT,2022-03-15,16.28,Q1'22,Q4'21,19.05,0.854593
PMT,2022-03-16,16.26,Q1'22,Q4'21,19.05,0.853543
PMT,2022-03-17,16.38,Q1'22,Q4'21,19.05,0.859842
PMT,2022-03-18,16.59,Q1'22,Q4'21,19.05,0.870866
PMT,2022-03-21,16.24,Q1'22,Q4'21,19.05,0.852493
PMT,2022-03-22,16.66,Q1'22,Q4'21,19.05,0.874541
PMT,2022-03-23,16.65,Q1'22,Q4'21,19.05,0.874016
PMT,2022-03-24,16.84,Q1'22,Q4'21,19.05,0.88399
PMT,2022-03-25,16.97,Q1'22,Q4'21,19.05,0.890814
PMT,2022-03-28,16.91,Q1'22,Q4'21,19.05,0.887664
PMT,2022-03-29,17.2,Q1'22,Q4'21,19.05,0.902887
PMT,2022-03-30,16.88,Q1'22,Q4'21,19.05,0.886089
PMT,2022-03-31,16.89,Q1'22,Q4'21,19.05,0.886614
PMT,2022-04-01,16.95,Q2'22,Q1'22,17.87,0.948517
PMT,2022-04-04,16.92,Q2'22,Q1'22,17.87,0.946838
PMT,2022-04-05,16.78,Q2'22,Q1'22,17.87,0.939004
PMT,2022-04-06,16.39,Q2'22,Q1'22,17.87,0.91718
PMT,2022-04-07,16.0,Q2'22,Q1'22,17.87,0.895355
PMT,2022-04-08,16.18,Q2'22,Q1'22,17.87,0.905428
PMT,2022-04-11,16.07,Q2'22,Q1'22,17.87,0.899273
PMT,2022-04-12,15.95,Q2'22,Q1'22,17.87,0.892557
PMT,2022-04-13,15.5,Q2'22,Q1'22,17.87,0.867375
PMT,2022-04-14,15.44,Q2'22,Q1'22,17.87,0.864018
PMT,2022-04-18,15.15,Q2'22,Q1'22,17.87,0.84779
PMT,2022-04-19,14.74,Q2'22,Q1'22,17.87,0.824846
PMT,2022-04-20,15.06,Q2'22,Q1'22,17.87,0.842753
PMT,2022-04-21,15.28,Q2'22,Q1'22,17.87,0.855064
PMT,2022-04-22,15.06,Q2'22,Q1'22,17.87,0.842753
PMT,2022-04-25,15.23,Q2'22,Q1'22,17.87,0.852266
PMT,2022-04-26,14.89,Q2'22,Q1'22,17.87,0.83324
PMT,2022-04-27,15.11,Q2'22,Q1'22,17.87,0.845551
PMT,2022-04-28,15.63,Q2'22,Q1'22,17.87,0.87465
PMT,2022-04-29,15.34,Q2'22,Q1'22,17.87,0.858422
PMT,2022-05-02,15.24,Q2'22,Q1'22,17.87,0.852826
PMT,2022-05-03,15.93,Q2'22,Q1'22,17.87,0.891438
PMT,2022-05-04,16.16,Q2'22,Q1'22,17.87,0.904309
PMT,2022-05-05,15.74,Q2'22,Q1'22,17.87,0.880806
PMT,2022-05-06,15.67,Q2'22,Q1'22,17.87,0.876889
PMT,2022-05-09,15.47,Q2'22,Q1'22,17.87,0.865697
PMT,2022-05-10,15.53,Q2'22,Q1'22,17.87,0.869054
PMT,2022-05-11,15.48,Q2'22,Q1'22,17.87,0.866256
PMT,2022-05-12,15.07,Q2'22,Q1'22,17.87,0.843313
PMT,2022-05-13,15.36,Q2'22,Q1'22,17.87,0.859541
PMT,2022-05-16,15.29,Q2'22,Q1'22,17.87,0.855624
PMT,2022-05-17,15.87,Q2'22,Q1'22,17.87,0.888081
PMT,2022-05-18,15.56,Q2'22,Q1'22,17.87,0.870733
PMT,2022-05-19,15.5,Q2'22,Q1'22,17.87,0.867375
PMT,2022-05-20,15.57,Q2'22,Q1'22,17.87,0.871293
PMT,2022-05-23,15.74,Q2'22,Q1'22,17.87,0.880806
PMT,2022-05-24,15.89,Q2'22,Q1'22,17.87,0.8892
PMT,2022-05-25,15.88,Q2'22,Q1'22,17.87,0.88864
PMT,2022-05-26,16.06,Q2'22,Q1'22,17.87,0.898713
PMT,2022-05-27,16.17,Q2'22,Q1'22,17.87,0.904868
PMT,2022-05-31,16.18,Q2'22,Q1'22,17.87,0.905428
PMT,2022-06-01,16.28,Q2'22,Q1'22,17.87,0.911024
PMT,2022-06-02,16.27,Q2'22,Q1'22,17.87,0.910464
PMT,2022-06-03,16.27,Q2'22,Q1'22,17.87,0.910464
PMT,2022-06-06,16.35,Q2'22,Q1'22,17.87,0.914941
PMT,2022-06-07,16.53,Q2'22,Q1'22,17.87,0.925014
PMT,2022-06-08,16.13,Q2'22,Q1'22,17.87,0.90263
PMT,2022-06-09,16.15,Q2'22,Q1'22,17.87,0.903749
PMT,2022-06-10,15.78,Q2'22,Q1'22,17.87,0.883044
PMT,2022-06-13,13.86,Q2'22,Q1'22,17.87,0.775602
PMT,2022-06-14,13.59,Q2'22,Q1'22,17.87,0.760492
PMT,2022-06-15,13.01,Q2'22,Q1'22,17.87,0.728036
PMT,2022-06-16,11.93,Q2'22,Q1'22,17.87,0.667599
PMT,2022-06-17,12.4,Q2'22,Q1'22,17.87,0.6939
PMT,2022-06-21,12.82,Q2'22,Q1'22,17.87,0.717403
PMT,2022-06-22,12.9,Q2'22,Q1'22,17.87,0.72188
PMT,2022-06-23,13.19,Q2'22,Q1'22,17.87,0.738109
PMT,2022-06-24,14.06,Q2'22,Q1'22,17.87,0.786794
PMT,2022-06-27,14.04,Q2'22,Q1'22,17.87,0.785674
PMT,2022-06-28,14.11,Q2'22,Q1'22,17.87,0.789591
PMT,2022-06-29,13.92,Q2'22,Q1'22,17.87,0.778959
PMT,2022-06-30,13.83,Q2'22,Q1'22,17.87,0.773923
PMT,2022-07-01,14.34,Q3'22,Q2'22,16.59,0.864376
PMT,2022-07-05,14.58,Q3'22,Q2'22,16.59,0.878843
PMT,2022-07-06,14.49,Q3'22,Q2'22,16.59,0.873418
PMT,2022-07-07,14.98,Q3'22,Q2'22,16.59,0.902954
PMT,2022-07-08,14.96,Q3'22,Q2'22,16.59,0.901748
PMT,2022-07-11,14.67,Q3'22,Q2'22,16.59,0.884268
PMT,2022-07-12,14.58,Q3'22,Q2'22,16.59,0.878843
PMT,2022-07-13,14.14,Q3'22,Q2'22,16.59,0.852321
PMT,2022-07-14,13.62,Q3'22,Q2'22,16.59,0.820976
PMT,2022-07-15,13.98,Q3'22,Q2'22,16.59,0.842676
PMT,2022-07-18,13.83,Q3'22,Q2'22,16.59,0.833635
PMT,2022-07-19,14.3,Q3'22,Q2'22,16.59,0.861965
PMT,2022-07-20,14.39,Q3'22,Q2'22,16.59,0.86739
PMT,2022-07-21,14.63,Q3'22,Q2'22,16.59,0.881857
PMT,2022-07-22,14.49,Q3'22,Q2'22,16.59,0.873418
PMT,2022-07-25,14.52,Q3'22,Q2'22,16.59,0.875226
PMT,2022-07-26,14.5,Q3'22,Q2'22,16.59,0.87402
PMT,2022-07-27,14.91,Q3'22,Q2'22,16.59,0.898734
PMT,2022-07-28,15.4,Q3'22,Q2'22,16.59,0.92827
PMT,2022-07-29,15.36,Q3'22,Q2'22,16.59,0.925859
PMT,2022-08-01,15.51,Q3'22,Q2'22,16.59,0.934901
PMT,2022-08-02,14.91,Q3'22,Q2'22,16.59,0.898734
PMT,2022-08-03,15.14,Q3'22,Q2'22,16.59,0.912598
PMT,2022-08-04,15.2,Q3'22,Q2'22,16.59,0.916215
PMT,2022-08-05,15.48,Q3'22,Q2'22,16.59,0.933092
PMT,2022-08-08,15.29,Q3'22,Q2'22,16.59,0.92164
PMT,2022-08-09,15.25,Q3'22,Q2'22,16.59,0.919228
PMT,2022-08-10,15.53,Q3'22,Q2'22,16.59,0.936106
PMT,2022-08-11,15.45,Q3'22,Q2'22,16.59,0.931284
PMT,2022-08-12,15.48,Q3'22,Q2'22,16.59,0.933092
PMT,2022-08-15,15.71,Q3'22,Q2'22,16.59,0.946956
PMT,2022-08-16,15.68,Q3'22,Q2'22,16.59,0.945148
PMT,2022-08-17,15.57,Q3'22,Q2'22,16.59,0.938517
PMT,2022-08-18,15.42,Q3'22,Q2'22,16.59,0.929476
PMT,2022-08-19,15.23,Q3'22,Q2'22,16.59,0.918023
PMT,2022-08-22,14.85,Q3'22,Q2'22,16.59,0.895118
PMT,2022-08-23,14.98,Q3'22,Q2'22,16.59,0.902954
PMT,2022-08-24,15.05,Q3'22,Q2'22,16.59,0.907173
PMT,2022-08-25,15.46,Q3'22,Q2'22,16.59,0.931887
PMT,2022-08-26,15.25,Q3'22,Q2'22,16.59,0.919228
PMT,2022-08-29,15.2,Q3'22,Q2'22,16.59,0.916215
PMT,2022-08-30,14.79,Q3'22,Q2'22,16.59,0.891501
PMT,2022-08-31,14.85,Q3'22,Q2'22,16.59,0.895118
PMT,2022-09-01,14.22,Q3'22,Q2'22,16.59,0.857143
PMT,2022-09-02,14.33,Q3'22,Q2'22,16.59,0.863773
PMT,2022-09-06,13.41,Q3'22,Q2'22,16.59,0.808318
PMT,2022-09-07,13.75,Q3'22,Q2'22,16.59,0.828813
PMT,2022-09-08,13.79,Q3'22,Q2'22,16.59,0.831224
PMT,2022-09-09,14.86,Q3'22,Q2'22,16.59,0.89572
PMT,2022-09-12,14.94,Q3'22,Q2'22,16.59,0.900542
PMT,2022-09-13,14.61,Q3'22,Q2'22,16.59,0.880651
PMT,2022-09-14,14.81,Q3'22,Q2'22,16.59,0.892706
PMT,2022-09-15,14.54,Q3'22,Q2'22,16.59,0.876432
PMT,2022-09-16,14.86,Q3'22,Q2'22,16.59,0.89572
PMT,2022-09-19,14.87,Q3'22,Q2'22,16.59,0.896323
PMT,2022-09-20,14.74,Q3'22,Q2'22,16.59,0.888487
PMT,2022-09-21,14.7,Q3'22,Q2'22,16.59,0.886076
PMT,2022-09-22,14.21,Q3'22,Q2'22,16.59,0.85654
PMT,2022-09-23,13.74,Q3'22,Q2'22,16.59,0.82821
PMT,2022-09-26,12.96,Q3'22,Q2'22,16.59,0.781193
PMT,2022-09-27,12.8,Q3'22,Q2'22,16.59,0.771549
PMT,2022-09-28,13.15,Q3'22,Q2'22,16.59,0.792646
PMT,2022-09-29,12.08,Q3'22,Q2'22,16.59,0.728149
PMT,2022-09-30,11.78,Q3'22,Q2'22,16.59,0.710066
PMT,2022-10-03,11.58,Q4'22,Q3'22,16.18,0.715698
PMT,2022-10-04,12.68,Q4'22,Q3'22,16.18,0.783684
PMT,2022-10-05,12.34,Q4'22,Q3'22,16.18,0.76267
PMT,2022-10-06,11.86,Q4'22,Q3'22,16.18,0.733004
PMT,2022-10-07,11.64,Q4'22,Q3'22,16.18,0.719407
PMT,2022-10-10,11.25,Q4'22,Q3'22,16.18,0.695303
PMT,2022-10-11,11.9,Q4'22,Q3'22,16.18,0.735476
PMT,2022-10-12,11.65,Q4'22,Q3'22,16.18,0.720025
PMT,2022-10-13,11.53,Q4'22,Q3'22,16.18,0.712608
PMT,2022-10-14,11.38,Q4'22,Q3'22,16.18,0.703337
PMT,2022-10-17,11.44,Q4'22,Q3'22,16.18,0.707046
PMT,2022-10-18,11.74,Q4'22,Q3'22,16.18,0.725587
PMT,2022-10-19,11.47,Q4'22,Q3'22,16.18,0.7089
PMT,2022-10-20,11.54,Q4'22,Q3'22,16.18,0.713226
PMT,2022-10-21,12.04,Q4'22,Q3'22,16.18,0.744129
PMT,2022-10-24,12.21,Q4'22,Q3'22,16.18,0.754635
PMT,2022-10-25,12.65,Q4'22,Q3'22,16.18,0.781829
PMT,2022-10-26,12.6,Q4'22,Q3'22,16.18,0.778739
PMT,2022-10-27,12.64,Q4'22,Q3'22,16.18,0.781211
PMT,2022-10-28,13.93,Q4'22,Q3'22,16.18,0.860939
PMT,2022-10-31,13.87,Q4'22,Q3'22,16.18,0.857231
PMT,2022-11-01,13.7,Q4'22,Q3'22,16.18,0.846724
PMT,2022-11-02,13.5,Q4'22,Q3'22,16.18,0.834363
PMT,2022-11-03,13.5,Q4'22,Q3'22,16.18,0.834363
PMT,2022-11-04,13.85,Q4'22,Q3'22,16.18,0.855995
PMT,2022-11-07,14.14,Q4'22,Q3'22,16.18,0.873918
PMT,2022-11-08,14.01,Q4'22,Q3'22,16.18,0.865884
PMT,2022-11-09,14.01,Q4'22,Q3'22,16.18,0.865884
PMT,2022-11-10,15.22,Q4'22,Q3'22,16.18,0.940668
PMT,2022-11-11,15.43,Q4'22,Q3'22,16.18,0.953646
PMT,2022-11-14,15.24,Q4'22,Q3'22,16.18,0.941904
PMT,2022-11-15,15.37,Q4'22,Q3'22,16.18,0.949938
PMT,2022-11-16,15.25,Q4'22,Q3'22,16.18,0.942522
PMT,2022-11-17,15.02,Q4'22,Q3'22,16.18,0.928307
PMT,2022-11-18,15.04,Q4'22,Q3'22,16.18,0.929543
PMT,2022-11-21,15.2,Q4'22,Q3'22,16.18,0.939431
PMT,2022-11-22,15.35,Q4'22,Q3'22,16.18,0.948702
PMT,2022-11-23,15.33,Q4'22,Q3'22,16.18,0.947466
PMT,2022-11-25,15.26,Q4'22,Q3'22,16.18,0.94314
PMT,2022-11-28,14.94,Q4'22,Q3'22,16.18,0.923362
PMT,2022-11-29,15.08,Q4'22,Q3'22,16.18,0.932015
PMT,2022-11-30,15.27,Q4'22,Q3'22,16.18,0.943758
PMT,2022-12-01,15.26,Q4'22,Q3'22,16.18,0.94314
PMT,2022-12-02,15.18,Q4'22,Q3'22,16.18,0.938195
PMT,2022-12-05,14.89,Q4'22,Q3'22,16.18,0.920272
PMT,2022-12-06,14.73,Q4'22,Q3'22,16.18,0.910383
PMT,2022-12-07,14.93,Q4'22,Q3'22,16.18,0.922744
PMT,2022-12-08,14.88,Q4'22,Q3'22,16.18,0.919654
PMT,2022-12-09,14.71,Q4'22,Q3'22,16.18,0.909147
PMT,2022-12-12,14.45,Q4'22,Q3'22,16.18,0.893078
PMT,2022-12-13,14.58,Q4'22,Q3'22,16.18,0.901112
PMT,2022-12-14,14.37,Q4'22,Q3'22,16.18,0.888133
PMT,2022-12-15,14.2,Q4'22,Q3'22,16.18,0.877627
PMT,2022-12-16,13.4,Q4'22,Q3'22,16.18,0.828183
PMT,2022-12-19,13.55,Q4'22,Q3'22,16.18,0.837454
PMT,2022-12-20,13.24,Q4'22,Q3'22,16.18,0.818294
PMT,2022-12-21,13.52,Q4'22,Q3'22,16.18,0.8356
PMT,2022-12-22,13.35,Q4'22,Q3'22,16.18,0.825093
PMT,2022-12-23,13.2,Q4'22,Q3'22,16.18,0.815822
PMT,2022-12-27,13.15,Q4'22,Q3'22,16.18,0.812732
PMT,2022-12-28,12.56,Q4'22,Q3'22,16.18,0.776267
PMT,2022-12-29,12.42,Q4'22,Q3'22,16.18,0.767614
PMT,2022-12-30,12.39,Q4'22,Q3'22,16.18,0.76576
PMT,2023-01-03,12.74,Q1'23,Q4'22,15.78,0.807351
PMT,2023-01-04,13.3,Q1'23,Q4'22,15.78,0.842839
PMT,2023-01-05,13.53,Q1'23,Q4'22,15.78,0.857414
PMT,2023-01-06,13.44,Q1'23,Q4'22,15.78,0.851711
PMT,2023-01-09,13.51,Q1'23,Q4'22,15.78,0.856147
PMT,2023-01-10,13.58,Q1'23,Q4'22,15.78,0.860583
PMT,2023-01-11,13.79,Q1'23,Q4'22,15.78,0.873891
PMT,2023-01-12,13.92,Q1'23,Q4'22,15.78,0.882129
PMT,2023-01-13,14.42,Q1'23,Q4'22,15.78,0.913815
PMT,2023-01-17,14.55,Q1'23,Q4'22,15.78,0.922053
PMT,2023-01-18,14.6,Q1'23,Q4'22,15.78,0.925222
PMT,2023-01-19,14.55,Q1'23,Q4'22,15.78,0.922053
PMT,2023-01-20,14.83,Q1'23,Q4'22,15.78,0.939797
PMT,2023-01-23,14.86,Q1'23,Q4'22,15.78,0.941698
PMT,2023-01-24,14.77,Q1'23,Q4'22,15.78,0.935995
PMT,2023-01-25,14.74,Q1'23,Q4'22,15.78,0.934094
PMT,2023-01-26,15.11,Q1'23,Q4'22,15.78,0.957541
PMT,2023-01-27,15.12,Q1'23,Q4'22,15.78,0.958175
PMT,2023-01-30,14.99,Q1'23,Q4'22,15.78,0.949937
PMT,2023-01-31,15.25,Q1'23,Q4'22,15.78,0.966413
PMT,2023-02-01,15.4,Q1'23,Q4'22,15.78,0.975919
PMT,2023-02-02,15.48,Q1'23,Q4'22,15.78,0.980989
PMT,2023-02-03,14.93,Q1'23,Q4'22,15.78,0.946134
PMT,2023-02-06,14.23,Q1'23,Q4'22,15.78,0.901774
PMT,2023-02-07,14.37,Q1'23,Q4'22,15.78,0.910646
PMT,2023-02-08,14.42,Q1'23,Q4'22,15.78,0.913815
PMT,2023-02-09,14.52,Q1'23,Q4'22,15.78,0.920152
PMT,2023-02-10,14.45,Q1'23,Q4'22,15.78,0.915716
PMT,2023-02-13,14.55,Q1'23,Q4'22,15.78,0.922053
PMT,2023-02-14,14.22,Q1'23,Q4'22,15.78,0.901141
PMT,2023-02-15,14.26,Q1'23,Q4'22,15.78,0.903676
PMT,2023-02-16,14.25,Q1'23,Q4'22,15.78,0.903042
PMT,2023-02-17,14.09,Q1'23,Q4'22,15.78,0.892902
PMT,2023-02-21,13.46,Q1'23,Q4'22,15.78,0.852978
PMT,2023-02-22,13.53,Q1'23,Q4'22,15.78,0.857414
PMT,2023-02-23,13.43,Q1'23,Q4'22,15.78,0.851077
PMT,2023-02-24,13.15,Q1'23,Q4'22,15.78,0.833333
PMT,2023-02-27,13.16,Q1'23,Q4'22,15.78,0.833967
PMT,2023-02-28,13.03,Q1'23,Q4'22,15.78,0.825729
PMT,2023-03-01,12.99,Q1'23,Q4'22,15.78,0.823194
PMT,2023-03-02,13.01,Q1'23,Q4'22,15.78,0.824461
PMT,2023-03-03,13.13,Q1'23,Q4'22,15.78,0.832066
PMT,2023-03-06,13.13,Q1'23,Q4'22,15.78,0.832066
PMT,2023-03-07,12.83,Q1'23,Q4'22,15.78,0.813054
PMT,2023-03-08,12.95,Q1'23,Q4'22,15.78,0.820659
PMT,2023-03-09,12.5,Q1'23,Q4'22,15.78,0.792142
PMT,2023-03-10,12.08,Q1'23,Q4'22,15.78,0.765526
PMT,2023-03-13,11.92,Q1'23,Q4'22,15.78,0.755387
PMT,2023-03-14,12.24,Q1'23,Q4'22,15.78,0.775665
PMT,2023-03-15,11.95,Q1'23,Q4'22,15.78,0.757288
PMT,2023-03-16,11.99,Q1'23,Q4'22,15.78,0.759823
PMT,2023-03-17,11.36,Q1'23,Q4'22,15.78,0.719899
PMT,2023-03-20,11.54,Q1'23,Q4'22,15.78,0.731305
PMT,2023-03-21,11.67,Q1'23,Q4'22,15.78,0.739544
PMT,2023-03-22,11.34,Q1'23,Q4'22,15.78,0.718631
PMT,2023-03-23,11.12,Q1'23,Q4'22,15.78,0.704689
PMT,2023-03-24,11.57,Q1'23,Q4'22,15.78,0.733207
PMT,2023-03-27,11.68,Q1'23,Q4'22,15.78,0.740177
PMT,2023-03-28,11.68,Q1'23,Q4'22,15.78,0.740177
PMT,2023-03-29,11.98,Q1'23,Q4'22,15.78,0.759189
PMT,2023-03-30,12.01,Q1'23,Q4'22,15.78,0.76109
PMT,2023-03-31,12.33,Q1'23,Q4'22,15.78,0.781369
PMT,2023-04-03,12.2,Q2'23,Q1'23,15.96,0.764411
PMT,2023-04-04,12.18,Q2'23,Q1'23,15.96,0.763158
PMT,2023-04-05,12.24,Q2'23,Q1'23,15.96,0.766917
PMT,2023-04-06,12.27,Q2'23,Q1'23,15.96,0.768797
PMT,2023-04-10,12.34,Q2'23,Q1'23,15.96,0.773183
PMT,2023-04-11,12.52,Q2'23,Q1'23,15.96,0.784461
PMT,2023-04-12,12.4,Q2'23,Q1'23,15.96,0.776942
PMT,2023-04-13,11.96,Q2'23,Q1'23,15.96,0.749373
PMT,2023-04-14,11.85,Q2'23,Q1'23,15.96,0.742481
PMT,2023-04-17,12.07,Q2'23,Q1'23,15.96,0.756266
PMT,2023-04-18,11.87,Q2'23,Q1'23,15.96,0.743734
PMT,2023-04-19,12.05,Q2'23,Q1'23,15.96,0.755013
PMT,2023-04-20,11.98,Q2'23,Q1'23,15.96,0.750627
PMT,2023-04-21,11.95,Q2'23,Q1'23,15.96,0.748747
PMT,2023-04-24,11.98,Q2'23,Q1'23,15.96,0.750627
PMT,2023-04-25,11.67,Q2'23,Q1'23,15.96,0.731203
PMT,2023-04-26,11.58,Q2'23,Q1'23,15.96,0.725564
PMT,2023-04-27,11.76,Q2'23,Q1'23,15.96,0.736842
PMT,2023-04-28,12.43,Q2'23,Q1'23,15.96,0.778822
PMT,2023-05-01,12.31,Q2'23,Q1'23,15.96,0.771303
PMT,2023-05-02,11.78,Q2'23,Q1'23,15.96,0.738095
PMT,2023-05-03,11.73,Q2'23,Q1'23,15.96,0.734962
PMT,2023-05-04,11.67,Q2'23,Q1'23,15.96,0.731203
PMT,2023-05-05,11.75,Q2'23,Q1'23,15.96,0.736216
PMT,2023-05-08,11.63,Q2'23,Q1'23,15.96,0.728697
PMT,2023-05-09,11.4,Q2'23,Q1'23,15.96,0.714286
PMT,2023-05-10,11.57,Q2'23,Q1'23,15.96,0.724937
PMT,2023-05-11,11.74,Q2'23,Q1'23,15.96,0.735589
PMT,2023-05-12,11.7,Q2'23,Q1'23,15.96,0.733083
PMT,2023-05-15,11.61,Q2'23,Q1'23,15.96,0.727444
PMT,2023-05-16,11.47,Q2'23,Q1'23,15.96,0.718672
PMT,2023-05-17,11.79,Q2'23,Q1'23,15.96,0.738722
PMT,2023-05-18,11.92,Q2'23,Q1'23,15.96,0.746867
PMT,2023-05-19,11.83,Q2'23,Q1'23,15.96,0.741228
PMT,2023-05-22,11.74,Q2'23,Q1'23,15.96,0.735589
PMT,2023-05-23,11.74,Q2'23,Q1'23,15.96,0.735589
PMT,2023-05-24,11.57,Q2'23,Q1'23,15.96,0.724937
PMT,2023-05-25,11.1,Q2'23,Q1'23,15.96,0.695489
PMT,2023-05-26,11.44,Q2'23,Q1'23,15.96,0.716792
PMT,2023-05-30,11.71,Q2'23,Q1'23,15.96,0.733709
PMT,2023-05-31,11.64,Q2'23,Q1'23,15.96,0.729323
PMT,2023-06-01,11.95,Q2'23,Q1'23,15.96,0.748747
PMT,2023-06-02,12.44,Q2'23,Q1'23,15.96,0.779449
PMT,2023-06-05,12.23,Q2'23,Q1'23,15.96,0.766291
PMT,2023-06-06,12.49,Q2'23,Q1'23,15.96,0.782581
PMT,2023-06-07,12.67,Q2'23,Q1'23,15.96,0.79386
PMT,2023-06-08,12.82,Q2'23,Q1'23,15.96,0.803258
PMT,2023-06-09,12.69,Q2'23,Q1'23,15.96,0.795113
PMT,2023-06-12,12.88,Q2'23,Q1'23,15.96,0.807018
PMT,2023-06-13,13.05,Q2'23,Q1'23,15.96,0.817669
PMT,2023-06-14,13.13,Q2'23,Q1'23,15.96,0.822682
PMT,2023-06-15,13.34,Q2'23,Q1'23,15.96,0.83584
PMT,2023-06-16,13.29,Q2'23,Q1'23,15.96,0.832707
PMT,2023-06-20,13.17,Q2'23,Q1'23,15.96,0.825188
PMT,2023-06-21,13.32,Q2'23,Q1'23,15.96,0.834586
PMT,2023-06-22,13.23,Q2'23,Q1'23,15.96,0.828947
PMT,2023-06-23,12.78,Q2'23,Q1'23,15.96,0.800752
PMT,2023-06-26,12.94,Q2'23,Q1'23,15.96,0.810777
PMT,2023-06-27,13.34,Q2'23,Q1'23,15.96,0.83584
PMT,2023-06-28,13.54,Q2'23,Q1'23,15.96,0.848371
PMT,2023-06-29,13.49,Q2'23,Q1'23,15.96,0.845238
PMT,2023-06-30,13.48,Q2'23,Q1'23,15.96,0.844612
PMT,2023-07-03,13.49,Q3'23,Q2'23,15.81,0.853257
PMT,2023-07-05,13.35,Q3'23,Q2'23,15.81,0.844402
PMT,2023-07-06,13.11,Q3'23,Q2'23,15.81,0.829222
PMT,2023-07-07,13.29,Q3'23,Q2'23,15.81,0.840607
PMT,2023-07-10,13.67,Q3'23,Q2'23,15.81,0.864643
PMT,2023-07-11,13.86,Q3'23,Q2'23,15.81,0.87666
PMT,2023-07-12,13.93,Q3'23,Q2'23,15.81,0.881088
PMT,2023-07-13,13.63,Q3'23,Q2'23,15.81,0.862113
PMT,2023-07-14,13.53,Q3'23,Q2'23,15.81,0.855787
PMT,2023-07-17,13.69,Q3'23,Q2'23,15.81,0.865908
PMT,2023-07-18,13.77,Q3'23,Q2'23,15.81,0.870968
PMT,2023-07-19,14.09,Q3'23,Q2'23,15.81,0.891208
PMT,2023-07-20,14.05,Q3'23,Q2'23,15.81,0.888678
PMT,2023-07-21,13.99,Q3'23,Q2'23,15.81,0.884883
PMT,2023-07-24,14.14,Q3'23,Q2'23,15.81,0.894371
PMT,2023-07-25,14.17,Q3'23,Q2'23,15.81,0.896268
PMT,2023-07-26,14.39,Q3'23,Q2'23,15.81,0.910183
PMT,2023-07-27,14.19,Q3'23,Q2'23,15.81,0.897533
PMT,2023-07-28,12.93,Q3'23,Q2'23,15.81,0.817837
PMT,2023-07-31,12.78,Q3'23,Q2'23,15.81,0.808349
PMT,2023-08-01,12.73,Q3'23,Q2'23,15.81,0.805187
PMT,2023-08-02,12.63,Q3'23,Q2'23,15.81,0.798861
PMT,2023-08-03,12.32,Q3'23,Q2'23,15.81,0.779254
PMT,2023-08-04,12.6,Q3'23,Q2'23,15.81,0.796964
PMT,2023-08-07,13.0,Q3'23,Q2'23,15.81,0.822264
PMT,2023-08-08,13.18,Q3'23,Q2'23,15.81,0.83365
PMT,2023-08-09,13.16,Q3'23,Q2'23,15.81,0.832385
PMT,2023-08-10,13.01,Q3'23,Q2'23,15.81,0.822897
PMT,2023-08-11,12.89,Q3'23,Q2'23,15.81,0.815307
PMT,2023-08-14,12.75,Q3'23,Q2'23,15.81,0.806452
PMT,2023-08-15,12.61,Q3'23,Q2'23,15.81,0.797596
PMT,2023-08-16,12.57,Q3'23,Q2'23,15.81,0.795066
PMT,2023-08-17,12.55,Q3'23,Q2'23,15.81,0.793801
PMT,2023-08-18,12.62,Q3'23,Q2'23,15.81,0.798229
PMT,2023-08-21,12.61,Q3'23,Q2'23,15.81,0.797596
PMT,2023-08-22,12.63,Q3'23,Q2'23,15.81,0.798861
PMT,2023-08-23,12.89,Q3'23,Q2'23,15.81,0.815307
PMT,2023-08-24,12.91,Q3'23,Q2'23,15.81,0.816572
PMT,2023-08-25,12.93,Q3'23,Q2'23,15.81,0.817837
PMT,2023-08-28,13.24,Q3'23,Q2'23,15.81,0.837445
PMT,2023-08-29,13.4,Q3'23,Q2'23,15.81,0.847565
PMT,2023-08-30,13.38,Q3'23,Q2'23,15.81,0.8463
PMT,2023-08-31,13.41,Q3'23,Q2'23,15.81,0.848197
PMT,2023-09-01,13.46,Q3'23,Q2'23,15.81,0.85136
PMT,2023-09-05,13.04,Q3'23,Q2'23,15.81,0.824794
PMT,2023-09-06,12.92,Q3'23,Q2'23,15.81,0.817204
PMT,2023-09-07,12.87,Q3'23,Q2'23,15.81,0.814042
PMT,2023-09-08,12.88,Q3'23,Q2'23,15.81,0.814674
PMT,2023-09-11,12.85,Q3'23,Q2'23,15.81,0.812777
PMT,2023-09-12,12.76,Q3'23,Q2'23,15.81,0.807084
PMT,2023-09-13,12.78,Q3'23,Q2'23,15.81,0.808349
PMT,2023-09-14,12.98,Q3'23,Q2'23,15.81,0.820999
PMT,2023-09-15,12.93,Q3'23,Q2'23,15.81,0.817837
PMT,2023-09-18,13.05,Q3'23,Q2'23,15.81,0.825427
PMT,2023-09-19,13.13,Q3'23,Q2'23,15.81,0.830487
PMT,2023-09-20,12.91,Q3'23,Q2'23,15.81,0.816572
PMT,2023-09-21,12.31,Q3'23,Q2'23,15.81,0.778621
PMT,2023-09-22,12.43,Q3'23,Q2'23,15.81,0.786211
PMT,2023-09-25,12.31,Q3'23,Q2'23,15.81,0.778621
PMT,2023-09-26,12.08,Q3'23,Q2'23,15.81,0.764073
PMT,2023-09-27,12.09,Q3'23,Q2'23,15.81,0.764706
PMT,2023-09-28,12.26,Q3'23,Q2'23,15.81,0.775459
PMT,2023-09-29,12.4,Q3'23,Q2'23,15.81,0.784314
PMT,2023-10-02,12.13,Q4'23,Q3'23,16.01,0.757651
PMT,2023-10-03,11.72,Q4'23,Q3'23,16.01,0.732042
PMT,2023-10-04,11.63,Q4'23,Q3'23,16.01,0.726421
PMT,2023-10-05,11.87,Q4'23,Q3'23,16.01,0.741412
PMT,2023-10-06,11.92,Q4'23,Q3'23,16.01,0.744535
PMT,2023-10-09,12.09,Q4'23,Q3'23,16.01,0.755153
PMT,2023-10-10,12.18,Q4'23,Q3'23,16.01,0.760775
PMT,2023-10-11,12.36,Q4'23,Q3'23,16.01,0.772017
PMT,2023-10-12,11.7,Q4'23,Q3'23,16.01,0.730793
PMT,2023-10-13,11.47,Q4'23,Q3'23,16.01,0.716427
PMT,2023-10-16,11.74,Q4'23,Q3'23,16.01,0.733292
PMT,2023-10-17,11.7,Q4'23,Q3'23,16.01,0.730793
PMT,2023-10-18,11.35,Q4'23,Q3'23,16.01,0.708932
PMT,2023-10-19,11.05,Q4'23,Q3'23,16.01,0.690194
PMT,2023-10-20,11.02,Q4'23,Q3'23,16.01,0.68832
PMT,2023-10-23,10.82,Q4'23,Q3'23,16.01,0.675828
PMT,2023-10-24,10.72,Q4'23,Q3'23,16.01,0.669582
PMT,2023-10-25,10.55,Q4'23,Q3'23,16.01,0.658963
PMT,2023-10-26,10.72,Q4'23,Q3'23,16.01,0.669582
PMT,2023-10-27,12.28,Q4'23,Q3'23,16.01,0.767021
PMT,2023-10-30,12.4,Q4'23,Q3'23,16.01,0.774516
PMT,2023-10-31,12.65,Q4'23,Q3'23,16.01,0.790131
PMT,2023-11-01,13.01,Q4'23,Q3'23,16.01,0.812617
PMT,2023-11-02,13.41,Q4'23,Q3'23,16.01,0.837601
PMT,2023-11-03,13.72,Q4'23,Q3'23,16.01,0.856964
PMT,2023-11-06,13.65,Q4'23,Q3'23,16.01,0.852592
PMT,2023-11-07,13.64,Q4'23,Q3'23,16.01,0.851968
PMT,2023-11-08,13.61,Q4'23,Q3'23,16.01,0.850094
PMT,2023-11-09,13.42,Q4'23,Q3'23,16.01,0.838226
PMT,2023-11-10,13.55,Q4'23,Q3'23,16.01,0.846346
PMT,2023-11-13,13.49,Q4'23,Q3'23,16.01,0.842598
PMT,2023-11-14,13.94,Q4'23,Q3'23,16.01,0.870706
PMT,2023-11-15,13.97,Q4'23,Q3'23,16.01,0.87258
PMT,2023-11-16,13.83,Q4'23,Q3'23,16.01,0.863835
PMT,2023-11-17,13.87,Q4'23,Q3'23,16.01,0.866334
PMT,2023-11-20,13.95,Q4'23,Q3'23,16.01,0.87133
PMT,2023-11-21,13.89,Q4'23,Q3'23,16.01,0.867583
PMT,2023-11-22,13.82,Q4'23,Q3'23,16.01,0.86321
PMT,2023-11-24,13.77,Q4'23,Q3'23,16.01,0.860087
PMT,2023-11-27,13.71,Q4'23,Q3'23,16.01,0.85634
PMT,2023-11-28,13.73,Q4'23,Q3'23,16.01,0.857589
PMT,2023-11-29,13.91,Q4'23,Q3'23,16.01,0.868832
PMT,2023-11-30,14.04,Q4'23,Q3'23,16.01,0.876952
PMT,2023-12-01,14.4,Q4'23,Q3'23,16.01,0.899438
PMT,2023-12-04,14.6,Q4'23,Q3'23,16.01,0.91193
PMT,2023-12-05,14.65,Q4'23,Q3'23,16.01,0.915053
PMT,2023-12-06,14.24,Q4'23,Q3'23,16.01,0.889444
PMT,2023-12-07,14.38,Q4'23,Q3'23,16.01,0.898189
PMT,2023-12-08,14.37,Q4'23,Q3'23,16.01,0.897564
PMT,2023-12-11,14.44,Q4'23,Q3'23,16.01,0.901936
PMT,2023-12-12,14.58,Q4'23,Q3'23,16.01,0.910681
PMT,2023-12-13,15.02,Q4'23,Q3'23,16.01,0.938164
PMT,2023-12-14,15.46,Q4'23,Q3'23,16.01,0.965646
PMT,2023-12-15,15.17,Q4'23,Q3'23,16.01,0.947533
PMT,2023-12-18,15.19,Q4'23,Q3'23,16.01,0.948782
PMT,2023-12-19,15.53,Q4'23,Q3'23,16.01,0.970019
PMT,2023-12-20,15.34,Q4'23,Q3'23,16.01,0.958151
PMT,2023-12-21,15.71,Q4'23,Q3'23,16.01,0.981262
PMT,2023-12-22,15.71,Q4'23,Q3'23,16.01,0.981262
PMT,2023-12-26,15.79,Q4'23,Q3'23,16.01,0.986259
PMT,2023-12-27,15.81,Q4'23,Q3'23,16.01,0.987508
PMT,2023-12-28,15.28,Q4'23,Q3'23,16.01,0.954403
PMT,2023-12-29,14.95,Q4'23,Q3'23,16.01,0.933791
PMT,2024-01-02,15.0,Q1'24,Q4'23,16.13,0.929944
PMT,2024-01-03,14.69,Q1'24,Q4'23,16.13,0.910725
PMT,2024-01-04,14.69,Q1'24,Q4'23,16.13,0.910725
PMT,2024-01-05,14.83,Q1'24,Q4'23,16.13,0.919405
PMT,2024-01-08,15.01,Q1'24,Q4'23,16.13,0.930564
PMT,2024-01-09,14.95,Q1'24,Q4'23,16.13,0.926844
PMT,2024-01-10,14.83,Q1'24,Q4'23,16.13,0.919405
PMT,2024-01-11,14.53,Q1'24,Q4'23,16.13,0.900806
PMT,2024-01-12,14.62,Q1'24,Q4'23,16.13,0.906386
PMT,2024-01-16,14.47,Q1'24,Q4'23,16.13,0.897086
PMT,2024-01-17,14.24,Q1'24,Q4'23,16.13,0.882827
PMT,2024-01-18,14.43,Q1'24,Q4'23,16.13,0.894606
PMT,2024-01-19,14.69,Q1'24,Q4'23,16.13,0.910725
PMT,2024-01-22,14.79,Q1'24,Q4'23,16.13,0.916925
PMT,2024-01-23,14.85,Q1'24,Q4'23,16.13,0.920645
PMT,2024-01-24,14.76,Q1'24,Q4'23,16.13,0.915065
PMT,2024-01-25,14.96,Q1'24,Q4'23,16.13,0.927464
PMT,2024-01-26,14.96,Q1'24,Q4'23,16.13,0.927464
PMT,2024-01-29,15.14,Q1'24,Q4'23,16.13,0.938624
PMT,2024-01-30,14.72,Q1'24,Q4'23,16.13,0.912585
PMT,2024-01-31,14.34,Q1'24,Q4'23,16.13,0.889027
PMT,2024-02-01,14.44,Q1'24,Q4'23,16.13,0.895226
PMT,2024-02-02,13.96,Q1'24,Q4'23,16.13,0.865468
PMT,2024-02-05,13.96,Q1'24,Q4'23,16.13,0.865468
PMT,2024-02-06,13.75,Q1'24,Q4'23,16.13,0.852449
PMT,2024-02-07,13.55,Q1'24,Q4'23,16.13,0.84005
PMT,2024-02-08,13.55,Q1'24,Q4'23,16.13,0.84005
PMT,2024-02-09,13.79,Q1'24,Q4'23,16.13,0.854929
PMT,2024-02-12,13.89,Q1'24,Q4'23,16.13,0.861128
PMT,2024-02-13,13.26,Q1'24,Q4'23,16.13,0.822071
PMT,2024-02-14,13.36,Q1'24,Q4'23,16.13,0.82827
PMT,2024-02-15,13.83,Q1'24,Q4'23,16.13,0.857409
PMT,2024-02-16,13.54,Q1'24,Q4'23,16.13,0.83943
PMT,2024-02-20,13.78,Q1'24,Q4'23,16.13,0.854309
PMT,2024-02-21,13.78,Q1'24,Q4'23,16.13,0.854309
PMT,2024-02-22,13.93,Q1'24,Q4'23,16.13,0.863608
PMT,2024-02-23,13.95,Q1'24,Q4'23,16.13,0.864848
PMT,2024-02-26,13.81,Q1'24,Q4'23,16.13,0.856169
PMT,2024-02-27,13.81,Q1'24,Q4'23,16.13,0.856169
PMT,2024-02-28,13.81,Q1'24,Q4'23,16.13,0.856169
PMT,2024-02-29,14.13,Q1'24,Q4'23,16.13,0.876007
PMT,2024-03-01,14.28,Q1'24,Q4'23,16.13,0.885307
PMT,2024-03-04,14.01,Q1'24,Q4'23,16.13,0.868568
PMT,2024-03-05,14.07,Q1'24,Q4'23,16.13,0.872288
PMT,2024-03-06,14.22,Q1'24,Q4'23,16.13,0.881587
PMT,2024-03-07,14.25,Q1'24,Q4'23,16.13,0.883447
PMT,2024-03-08,14.28,Q1'24,Q4'23,16.13,0.885307
PMT,2024-03-11,14.28,Q1'24,Q4'23,16.13,0.885307
PMT,2024-03-12,14.36,Q1'24,Q4'23,16.13,0.890267
PMT,2024-03-13,14.42,Q1'24,Q4'23,16.13,0.893986
PMT,2024-03-14,14.09,Q1'24,Q4'23,16.13,0.873528
PMT,2024-03-15,14.15,Q1'24,Q4'23,16.13,0.877247
PMT,2024-03-18,14.13,Q1'24,Q4'23,16.13,0.876007
PMT,2024-03-19,14.2,Q1'24,Q4'23,16.13,0.880347
PMT,2024-03-20,14.55,Q1'24,Q4'23,16.13,0.902046
PMT,2024-03-21,14.74,Q1'24,Q4'23,16.13,0.913825
PMT,2024-03-22,14.49,Q1'24,Q4'23,16.13,0.898326
PMT,2024-03-25,14.45,Q1'24,Q4'23,16.13,0.895846
PMT,2024-03-26,14.34,Q1'24,Q4'23,16.13,0.889027
PMT,2024-03-27,14.52,Q1'24,Q4'23,16.13,0.900186
PMT,2024-03-28,14.68,Q1'24,Q4'23,16.13,0.910105
PMT,2024-04-01,14.6,Q2'24,Q1'24,16.11,0.906269
PMT,2024-04-02,14.35,Q2'24,Q1'24,16.11,0.890751
PMT,2024-04-03,14.42,Q2'24,Q1'24,16.11,0.895096
PMT,2024-04-04,14.26,Q2'24,Q1'24,16.11,0.885165
PMT,2024-04-05,14.4,Q2'24,Q1'24,16.11,0.893855
PMT,2024-04-08,14.54,Q2'24,Q1'24,16.11,0.902545
PMT,2024-04-09,14.64,Q2'24,Q1'24,16.11,0.908752
PMT,2024-04-10,13.96,Q2'24,Q1'24,16.11,0.866543
PMT,2024-04-11,13.69,Q2'24,Q1'24,16.11,0.849783
PMT,2024-04-12,13.55,Q2'24,Q1'24,16.11,0.841093
PMT,2024-04-15,13.36,Q2'24,Q1'24,16.11,0.829299
PMT,2024-04-16,13.27,Q2'24,Q1'24,16.11,0.823712
PMT,2024-04-17,13.23,Q2'24,Q1'24,16.11,0.821229
PMT,2024-04-18,13.27,Q2'24,Q1'24,16.11,0.823712
PMT,2024-04-19,13.56,Q2'24,Q1'24,16.11,0.841713
PMT,2024-04-22,13.66,Q2'24,Q1'24,16.11,0.847921
PMT,2024-04-23,13.91,Q2'24,Q1'24,16.11,0.863439
PMT,2024-04-24,13.72,Q2'24,Q1'24,16.11,0.851645
PMT,2024-04-25,14.14,Q2'24,Q1'24,16.11,0.877716
PMT,2024-04-26,14.1,Q2'24,Q1'24,16.11,0.875233
PMT,2024-04-29,14.01,Q2'24,Q1'24,16.11,0.869646
PMT,2024-04-30,13.85,Q2'24,Q1'24,16.11,0.859714
PMT,2024-05-01,14.33,Q2'24,Q1'24,16.11,0.88951
PMT,2024-05-02,14.5,Q2'24,Q1'24,16.11,0.900062
PMT,2024-05-03,14.7,Q2'24,Q1'24,16.11,0.912477
PMT,2024-05-06,14.83,Q2'24,Q1'24,16.11,0.920546
PMT,2024-05-07,14.63,Q2'24,Q1'24,16.11,0.908132
PMT,2024-05-08,14.6,Q2'24,Q1'24,16.11,0.906269
PMT,2024-05-09,14.73,Q2'24,Q1'24,16.11,0.914339
PMT,2024-05-10,14.8,Q2'24,Q1'24,16.11,0.918684
PMT,2024-05-13,14.67,Q2'24,Q1'24,16.11,0.910615
PMT,2024-05-14,14.73,Q2'24,Q1'24,16.11,0.914339
PMT,2024-05-15,14.98,Q2'24,Q1'24,16.11,0.929857
PMT,2024-05-16,15.17,Q2'24,Q1'24,16.11,0.941651
PMT,2024-05-17,15.04,Q2'24,Q1'24,16.11,0.933582
PMT,2024-05-20,14.95,Q2'24,Q1'24,16.11,0.927995
PMT,2024-05-21,13.73,Q2'24,Q1'24,16.11,0.852266
PMT,2024-05-22,13.8,Q2'24,Q1'24,16.11,0.856611
PMT,2024-05-23,13.42,Q2'24,Q1'24,16.11,0.833023
PMT,2024-05-24,13.57,Q2'24,Q1'24,16.11,0.842334
PMT,2024-05-28,13.59,Q2'24,Q1'24,16.11,0.843575
PMT,2024-05-29,13.49,Q2'24,Q1'24,16.11,0.837368
PMT,2024-05-30,13.71,Q2'24,Q1'24,16.11,0.851024
PMT,2024-05-31,13.68,Q2'24,Q1'24,16.11,0.849162
PMT,2024-06-03,13.85,Q2'24,Q1'24,16.11,0.859714
PMT,2024-06-04,13.74,Q2'24,Q1'24,16.11,0.852886
PMT,2024-06-05,13.83,Q2'24,Q1'24,16.11,0.858473
PMT,2024-06-06,13.76,Q2'24,Q1'24,16.11,0.854128
PMT,2024-06-07,13.64,Q2'24,Q1'24,16.11,0.846679
PMT,2024-06-10,13.67,Q2'24,Q1'24,16.11,0.848541
PMT,2024-06-11,13.53,Q2'24,Q1'24,16.11,0.839851
PMT,2024-06-12,13.72,Q2'24,Q1'24,16.11,0.851645
PMT,2024-06-13,13.63,Q2'24,Q1'24,16.11,0.846058
PMT,2024-06-14,13.79,Q2'24,Q1'24,16.11,0.85599
PMT,2024-06-17,13.87,Q2'24,Q1'24,16.11,0.860956
PMT,2024-06-18,13.88,Q2'24,Q1'24,16.11,0.861577
PMT,2024-06-20,13.77,Q2'24,Q1'24,16.11,0.854749
PMT,2024-06-21,13.68,Q2'24,Q1'24,16.11,0.849162
PMT,2024-06-24,13.79,Q2'24,Q1'24,16.11,0.85599
PMT,2024-06-25,13.68,Q2'24,Q1'24,16.11,0.849162
PMT,2024-06-26,13.71,Q2'24,Q1'24,16.11,0.851024
PMT,2024-06-27,13.69,Q2'24,Q1'24,16.11,0.849783
PMT,2024-06-28,13.75,Q2'24,Q1'24,16.11,0.853507
PMT,2024-07-01,13.6,Q3'24,Q2'24,15.89,0.855884
PMT,2024-07-02,13.73,Q3'24,Q2'24,15.89,0.864065
PMT,2024-07-03,13.75,Q3'24,Q2'24,15.89,0.865324
PMT,2024-07-05,13.77,Q3'24,Q2'24,15.89,0.866583
PMT,2024-07-08,13.83,Q3'24,Q2'24,15.89,0.870359
PMT,2024-07-09,13.82,Q3'24,Q2'24,15.89,0.869729
PMT,2024-07-10,14.36,Q3'24,Q2'24,15.89,0.903713
PMT,2024-07-11,14.62,Q3'24,Q2'24,15.89,0.920076
PMT,2024-07-12,14.34,Q3'24,Q2'24,15.89,0.902454
PMT,2024-07-15,14.47,Q3'24,Q2'24,15.89,0.910636
PMT,2024-07-16,14.72,Q3'24,Q2'24,15.89,0.926369
PMT,2024-07-17,14.89,Q3'24,Q2'24,15.89,0.937067
PMT,2024-07-18,14.56,Q3'24,Q2'24,15.89,0.9163
PMT,2024-07-19,14.5,Q3'24,Q2'24,15.89,0.912524
PMT,2024-07-22,14.5,Q3'24,Q2'24,15.89,0.912524
PMT,2024-07-23,14.47,Q3'24,Q2'24,15.89,0.910636
PMT,2024-07-24,13.32,Q3'24,Q2'24,15.89,0.838263
PMT,2024-07-25,13.55,Q3'24,Q2'24,15.89,0.852738
PMT,2024-07-26,13.76,Q3'24,Q2'24,15.89,0.865953
PMT,2024-07-29,13.64,Q3'24,Q2'24,15.89,0.858402
PMT,2024-07-30,13.73,Q3'24,Q2'24,15.89,0.864065
PMT,2024-07-31,13.77,Q3'24,Q2'24,15.89,0.866583
PMT,2024-08-01,13.58,Q3'24,Q2'24,15.89,0.854626
PMT,2024-08-02,13.6,Q3'24,Q2'24,15.89,0.855884
PMT,2024-08-05,13.16,Q3'24,Q2'24,15.89,0.828194
PMT,2024-08-06,13.28,Q3'24,Q2'24,15.89,0.835746
PMT,2024-08-07,13.33,Q3'24,Q2'24,15.89,0.838892
PMT,2024-08-08,13.41,Q3'24,Q2'24,15.89,0.843927
PMT,2024-08-09,13.45,Q3'24,Q2'24,15.89,0.846444
PMT,2024-08-12,13.29,Q3'24,Q2'24,15.89,0.836375
PMT,2024-08-13,13.44,Q3'24,Q2'24,15.89,0.845815
PMT,2024-08-14,13.49,Q3'24,Q2'24,15.89,0.848962
PMT,2024-08-15,13.67,Q3'24,Q2'24,15.89,0.860289
PMT,2024-08-16,13.72,Q3'24,Q2'24,15.89,0.863436
PMT,2024-08-19,13.81,Q3'24,Q2'24,15.89,0.8691
PMT,2024-08-20,13.69,Q3'24,Q2'24,15.89,0.861548
PMT,2024-08-21,13.77,Q3'24,Q2'24,15.89,0.866583
PMT,2024-08-22,13.71,Q3'24,Q2'24,15.89,0.862807
PMT,2024-08-23,14.02,Q3'24,Q2'24,15.89,0.882316
PMT,2024-08-26,14.04,Q3'24,Q2'24,15.89,0.883575
PMT,2024-08-27,14.0,Q3'24,Q2'24,15.89,0.881057
PMT,2024-08-28,14.02,Q3'24,Q2'24,15.89,0.882316
PMT,2024-08-29,14.14,Q3'24,Q2'24,15.89,0.889868
PMT,2024-08-30,14.21,Q3'24,Q2'24,15.89,0.894273
PMT,2024-09-03,13.95,Q3'24,Q2'24,15.89,0.877911
PMT,2024-09-04,13.86,Q3'24,Q2'24,15.89,0.872247
PMT,2024-09-05,13.91,Q3'24,Q2'24,15.89,0.875393
PMT,2024-09-06,13.79,Q3'24,Q2'24,15.89,0.867841
PMT,2024-09-09,13.77,Q3'24,Q2'24,15.89,0.866583
PMT,2024-09-10,13.84,Q3'24,Q2'24,15.89,0.870988
PMT,2024-09-11,13.8,Q3'24,Q2'24,15.89,0.868471
PMT,2024-09-12,13.92,Q3'24,Q2'24,15.89,0.876023
PMT,2024-09-13,14.19,Q3'24,Q2'24,15.89,0.893014
PMT,2024-09-16,14.2,Q3'24,Q2'24,15.89,0.893644
PMT,2024-09-17,14.24,Q3'24,Q2'24,15.89,0.896161
PMT,2024-09-18,14.25,Q3'24,Q2'24,15.89,0.89679
PMT,2024-09-19,14.38,Q3'24,Q2'24,15.89,0.904972
PMT,2024-09-20,14.26,Q3'24,Q2'24,15.89,0.89742
PMT,2024-09-23,14.16,Q3'24,Q2'24,15.89,0.891126
PMT,2024-09-24,14.25,Q3'24,Q2'24,15.89,0.89679
PMT,2024-09-25,14.08,Q3'24,Q2'24,15.89,0.886092
PMT,2024-09-26,14.14,Q3'24,Q2'24,15.89,0.889868
PMT,2024-09-27,14.28,Q3'24,Q2'24,15.89,0.898678
PMT,2024-09-30,14.26,Q3'24,Q2'24,15.89,0.89742
PMT,2024-10-01,14.25,Q4'24,Q3'24,15.85,0.899054
PMT,2024-10-02,14.2,Q4'24,Q3'24,15.85,0.895899
PMT,2024-10-03,14.17,Q4'24,Q3'24,15.85,0.894006
PMT,2024-10-04,14.29,Q4'24,Q3'24,15.85,0.901577
PMT,2024-10-07,14.18,Q4'24,Q3'24,15.85,0.894637
PMT,2024-10-08,14.34,Q4'24,Q3'24,15.85,0.904732
PMT,2024-10-09,14.36,Q4'24,Q3'24,15.85,0.905994
PMT,2024-10-10,14.26,Q4'24,Q3'24,15.85,0.899685
PMT,2024-10-11,13.92,Q4'24,Q3'24,15.85,0.878233
PMT,2024-10-14,14.03,Q4'24,Q3'24,15.85,0.885173
PMT,2024-10-15,14.0,Q4'24,Q3'24,15.85,0.883281
PMT,2024-10-16,14.13,Q4'24,Q3'24,15.85,0.891483
PMT,2024-10-17,14.09,Q4'24,Q3'24,15.85,0.888959
PMT,2024-10-18,14.06,Q4'24,Q3'24,15.85,0.887066
PMT,2024-10-21,13.81,Q4'24,Q3'24,15.85,0.871293
PMT,2024-10-22,13.67,Q4'24,Q3'24,15.85,0.862461
PMT,2024-10-23,13.52,Q4'24,Q3'24,15.85,0.852997
PMT,2024-10-24,13.79,Q4'24,Q3'24,15.85,0.870032
PMT,2024-10-25,13.6,Q4'24,Q3'24,15.85,0.858044
PMT,2024-10-28,13.67,Q4'24,Q3'24,15.85,0.862461
PMT,2024-10-29,13.72,Q4'24,Q3'24,15.85,0.865615
PMT,2024-10-30,13.81,Q4'24,Q3'24,15.85,0.871293
PMT,2024-10-31,13.48,Q4'24,Q3'24,15.85,0.850473
PMT,2024-11-01,13.39,Q4'24,Q3'24,15.85,0.844795
PMT,2024-11-04,13.42,Q4'24,Q3'24,15.85,0.846688
PMT,2024-11-05,13.37,Q4'24,Q3'24,15.85,0.843533
PMT,2024-11-06,13.44,Q4'24,Q3'24,15.85,0.84795
PMT,2024-11-07,13.43,Q4'24,Q3'24,15.85,0.847319
PMT,2024-11-08,13.44,Q4'24,Q3'24,15.85,0.84795
PMT,2024-11-11,13.49,Q4'24,Q3'24,15.85,0.851104
PMT,2024-11-12,13.2,Q4'24,Q3'24,15.85,0.832808
PMT,2024-11-13,13.11,Q4'24,Q3'24,15.85,0.827129
PMT,2024-11-14,13.06,Q4'24,Q3'24,15.85,0.823975
PMT,2024-11-15,13.06,Q4'24,Q3'24,15.85,0.823975
PMT,2024-11-18,13.11,Q4'24,Q3'24,15.85,0.827129
PMT,2024-11-19,13.2,Q4'24,Q3'24,15.85,0.832808
PMT,2024-11-20,13.15,Q4'24,Q3'24,15.85,0.829653
PMT,2024-11-21,13.34,Q4'24,Q3'24,15.85,0.84164
PMT,2024-11-22,13.43,Q4'24,Q3'24,15.85,0.847319
PMT,2024-11-25,13.58,Q4'24,Q3'24,15.85,0.856782
PMT,2024-11-26,13.45,Q4'24,Q3'24,15.85,0.84858
PMT,2024-11-27,13.56,Q4'24,Q3'24,15.85,0.855521
PMT,2024-11-29,13.59,Q4'24,Q3'24,15.85,0.857413
PMT,2024-12-02,13.62,Q4'24,Q3'24,15.85,0.859306
PMT,2024-12-03,13.47,Q4'24,Q3'24,15.85,0.849842
PMT,2024-12-04,13.51,Q4'24,Q3'24,15.85,0.852366
PMT,2024-12-05,13.43,Q4'24,Q3'24,15.85,0.847319
PMT,2024-12-06,13.56,Q4'24,Q3'24,15.85,0.855521
PMT,2024-12-09,13.59,Q4'24,Q3'24,15.85,0.857413
PMT,2024-12-10,13.54,Q4'24,Q3'24,15.85,0.854259
PMT,2024-12-11,13.47,Q4'24,Q3'24,15.85,0.849842
PMT,2024-12-12,13.43,Q4'24,Q3'24,15.85,0.847319
PMT,2024-12-13,13.55,Q4'24,Q3'24,15.85,0.85489
PMT,2024-12-16,13.59,Q4'24,Q3'24,15.85,0.857413
PMT,2024-12-17,13.43,Q4'24,Q3'24,15.85,0.847319
PMT,2024-12-18,13.03,Q4'24,Q3'24,15.85,0.822082
PMT,2024-12-19,12.95,Q4'24,Q3'24,15.85,0.817035
PMT,2024-12-20,12.98,Q4'24,Q3'24,15.85,0.818927
PMT,2024-12-23,12.9,Q4'24,Q3'24,15.85,0.81388
PMT,2024-12-24,13.06,Q4'24,Q3'24,15.85,0.823975
PMT,2024-12-26,13.0,Q4'24,Q3'24,15.85,0.820189
PMT,2024-12-27,12.55,Q4'24,Q3'24,15.85,0.791798
PMT,2024-12-30,12.44,Q4'24,Q3'24,15.85,0.784858
PMT,2024-12-31,12.59,Q4'24,Q3'24,15.85,0.794322
PMT,2025-01-02,12.56,Q1'25,Q4'24,15.87,0.79143
PMT,2025-01-03,12.7,Q1'25,Q4'24,15.87,0.800252
PMT,2025-01-06,12.51,Q1'25,Q4'24,15.87,0.78828
PMT,2025-01-07,12.48,Q1'25,Q4'24,15.87,0.786389
PMT,2025-01-08,12.41,Q1'25,Q4'24,15.87,0.781979
PMT,2025-01-10,12.11,Q1'25,Q4'24,15.87,0.763075
PMT,2025-01-13,12.0,Q1'25,Q4'24,15.87,0.756144
PMT,2025-01-14,12.26,Q1'25,Q4'24,15.87,0.772527
PMT,2025-01-15,12.52,Q1'25,Q4'24,15.87,0.78891
PMT,2025-01-16,12.57,Q1'25,Q4'24,15.87,0.79206
PMT,2025-01-17,12.71,Q1'25,Q4'24,15.87,0.800882
PMT,2025-01-21,12.7,Q1'25,Q4'24,15.87,0.800252
PMT,2025-01-22,12.6,Q1'25,Q4'24,15.87,0.793951
PMT,2025-01-23,12.56,Q1'25,Q4'24,15.87,0.79143
PMT,2025-01-24,12.61,Q1'25,Q4'24,15.87,0.794581
PMT,2025-01-27,12.9,Q1'25,Q4'24,15.87,0.812854
PMT,2025-01-28,12.8,Q1'25,Q4'24,15.87,0.806553
PMT,2025-01-29,12.69,Q1'25,Q4'24,15.87,0.799622
PMT,2025-01-30,12.89,Q1'25,Q4'24,15.87,0.812224
PMT,2025-01-31,13.6,Q1'25,Q4'24,15.87,0.856963
PMT,2025-02-03,13.35,Q1'25,Q4'24,15.87,0.84121
PMT,2025-02-04,13.51,Q1'25,Q4'24,15.87,0.851292
PMT,2025-02-05,13.55,Q1'25,Q4'24,15.87,0.853812
PMT,2025-02-06,13.63,Q1'25,Q4'24,15.87,0.858853
PMT,2025-02-07,13.5,Q1'25,Q4'24,15.87,0.850662
PMT,2025-02-10,13.62,Q1'25,Q4'24,15.87,0.858223
PMT,2025-02-11,13.65,Q1'25,Q4'24,15.87,0.860113
PMT,2025-02-12,13.62,Q1'25,Q4'24,15.87,0.858223
PMT,2025-02-13,13.72,Q1'25,Q4'24,15.87,0.864524
PMT,2025-02-14,13.77,Q1'25,Q4'24,15.87,0.867675
PMT,2025-02-18,13.76,Q1'25,Q4'24,15.87,0.867045
PMT,2025-02-19,13.79,Q1'25,Q4'24,15.87,0.868935
PMT,2025-02-20,14.0,Q1'25,Q4'24,15.87,0.882168
PMT,2025-02-21,14.07,Q1'25,Q4'24,15.87,0.886578
PMT,2025-02-24,14.11,Q1'25,Q4'24,15.87,0.889099
PMT,2025-02-25,14.53,Q1'25,Q4'24,15.87,0.915564
PMT,2025-02-26,14.42,Q1'25,Q4'24,15.87,0.908633
PMT,2025-02-27,14.39,Q1'25,Q4'24,15.87,0.906742
PMT,2025-02-28,14.65,Q1'25,Q4'24,15.87,0.923125
PMT,2025-03-03,14.59,Q1'25,Q4'24,15.87,0.919345
PMT,2025-03-04,14.36,Q1'25,Q4'24,15.87,0.904852
PMT,2025-03-05,14.5,Q1'25,Q4'24,15.87,0.913674
PMT,2025-03-06,14.33,Q1'25,Q4'24,15.87,0.902962
PMT,2025-03-07,14.76,Q1'25,Q4'24,15.87,0.930057
PMT,2025-03-10,14.63,Q1'25,Q4'24,15.87,0.921865
PMT,2025-03-11,14.33,Q1'25,Q4'24,15.87,0.902962
PMT,2025-03-12,14.33,Q1'25,Q4'24,15.87,0.902962
PMT,2025-03-13,14.26,Q1'25,Q4'24,15.87,0.898551
PMT,2025-03-14,14.51,Q1'25,Q4'24,15.87,0.914304
PMT,2025-03-17,14.59,Q1'25,Q4'24,15.87,0.919345
PMT,2025-03-18,14.66,Q1'25,Q4'24,15.87,0.923756
PMT,2025-03-19,14.64,Q1'25,Q4'24,15.87,0.922495
PMT,2025-03-20,14.76,Q1'25,Q4'24,15.87,0.930057
PMT,2025-03-21,14.63,Q1'25,Q4'24,15.87,0.921865
PMT,2025-03-24,14.73,Q1'25,Q4'24,15.87,0.928166
PMT,2025-03-25,14.65,Q1'25,Q4'24,15.87,0.923125
PMT,2025-03-26,14.65,Q1'25,Q4'24,15.87,0.923125
PMT,2025-03-27,14.77,Q1'25,Q4'24,15.87,0.930687
PMT,2025-03-28,14.63,Q1'25,Q4'24,15.87,0.921865
PMT,2025-03-31,14.65,Q1'25,Q4'24,15.87,0.923125
PMT,2025-04-01,14.61,Q2'25,Q1'25,15.43,0.946857
PMT,2025-04-02,14.58,Q2'25,Q1'25,15.43,0.944913
PMT,2025-04-03,14.43,Q2'25,Q1'25,15.43,0.935191
PMT,2025-04-04,13.67,Q2'25,Q1'25,15.43,0.885936
PMT,2025-04-07,13.03,Q2'25,Q1'25,15.43,0.844459
PMT,2025-04-08,12.69,Q2'25,Q1'25,15.43,0.822424
PMT,2025-04-09,13.41,Q2'25,Q1'25,15.43,0.869086
PMT,2025-04-10,12.62,Q2'25,Q1'25,15.43,0.817887
PMT,2025-04-11,12.19,Q2'25,Q1'25,15.43,0.790019
PMT,2025-04-14,12.56,Q2'25,Q1'25,15.43,0.813999
PMT,2025-04-15,12.75,Q2'25,Q1'25,15.43,0.826312
PMT,2025-04-16,12.69,Q2'25,Q1'25,15.43,0.822424
PMT,2025-04-17,12.99,Q2'25,Q1'25,15.43,0.841866
PMT,2025-04-21,12.9,Q2'25,Q1'25,15.43,0.836034
PMT,2025-04-22,13.21,Q2'25,Q1'25,15.43,0.856124
PMT,2025-04-23,12.29,Q2'25,Q1'25,15.43,0.7965
PMT,2025-04-24,12.07,Q2'25,Q1'25,15.43,0.782242
PMT,2025-04-25,12.2,Q2'25,Q1'25,15.43,0.790668
PMT,2025-04-28,12.61,Q2'25,Q1'25,15.43,0.817239
PMT,2025-04-29,12.84,Q2'25,Q1'25,15.43,0.832145
PMT,2025-04-30,12.84,Q2'25,Q1'25,15.43,0.832145
PMT,2025-05-01,12.81,Q2'25,Q1'25,15.43,0.830201
PMT,2025-05-02,12.92,Q2'25,Q1'25,15.43,0.83733
PMT,2025-05-05,12.83,Q2'25,Q1'25,15.43,0.831497
PMT,2025-05-06,12.62,Q2'25,Q1'25,15.43,0.817887
PMT,2025-05-07,12.65,Q2'25,Q1'25,15.43,0.819831
PMT,2025-05-08,12.69,Q2'25,Q1'25,15.43,0.822424
PMT,2025-05-09,12.74,Q2'25,Q1'25,15.43,0.825664
PMT,2025-05-12,12.87,Q2'25,Q1'25,15.43,0.834089
PMT,2025-05-13,12.92,Q2'25,Q1'25,15.43,0.83733
PMT,2025-05-14,12.83,Q2'25,Q1'25,15.43,0.831497
PMT,2025-05-15,13.09,Q2'25,Q1'25,15.43,0.848347
PMT,2025-05-16,13.13,Q2'25,Q1'25,15.43,0.85094
PMT,2025-05-19,12.96,Q2'25,Q1'25,15.43,0.839922
PMT,2025-05-20,12.91,Q2'25,Q1'25,15.43,0.836682
PMT,2025-05-21,12.4,Q2'25,Q1'25,15.43,0.803629
PMT,2025-05-22,12.31,Q2'25,Q1'25,15.43,0.797797
PMT,2025-05-23,12.22,Q2'25,Q1'25,15.43,0.791964
PMT,2025-05-27,12.41,Q2'25,Q1'25,15.43,0.804277
PMT,2025-05-28,12.28,Q2'25,Q1'25,15.43,0.795852
PMT,2025-05-29,12.34,Q2'25,Q1'25,15.43,0.799741
PMT,2025-05-30,12.28,Q2'25,Q1'25,15.43,0.795852
PMT,2025-06-02,12.12,Q2'25,Q1'25,15.43,0.785483
PMT,2025-06-03,12.24,Q2'25,Q1'25,15.43,0.79326
PMT,2025-06-04,12.3,Q2'25,Q1'25,15.43,0.797148
PMT,2025-06-05,12.36,Q2'25,Q1'25,15.43,0.801037
PMT,2025-06-06,12.43,Q2'25,Q1'25,15.43,0.805574
PMT,2025-06-09,12.51,Q2'25,Q1'25,15.43,0.810758
PMT,2025-06-10,12.73,Q2'25,Q1'25,15.43,0.825016
PMT,2025-06-11,12.78,Q2'25,Q1'25,15.43,0.828257
PMT,2025-06-12,12.88,Q2'25,Q1'25,15.43,0.834738
PMT,2025-06-13,12.58,Q2'25,Q1'25,15.43,0.815295
PMT,2025-06-16,12.45,Q2'25,Q1'25,15.43,0.80687
PMT,2025-06-17,12.26,Q2'25,Q1'25,15.43,0.794556
PMT,2025-06-18,12.36,Q2'25,Q1'25,15.43,0.801037
PMT,2025-06-20,12.44,Q2'25,Q1'25,15.43,0.806222
PMT,2025-06-23,12.51,Q2'25,Q1'25,15.43,0.810758
PMT,2025-06-24,12.64,Q2'25,Q1'25,15.43,0.819183
PMT,2025-06-25,12.66,Q2'25,Q1'25,15.43,0.82048
PMT,2025-06-26,12.89,Q2'25,Q1'25,15.43,0.835386
PMT,2025-06-27,12.75,Q2'25,Q1'25,15.43,0.826312
PMT,2025-06-30,12.86,Q2'25,Q1'25,15.43,0.833441
PMT,2025-07-01,13.0,Q3'25,Q2'25,15.0,0.866667
PMT,2025-07-02,13.23,Q3'25,Q2'25,15.0,0.882
PMT,2025-07-03,13.23,Q3'25,Q2'25,15.0,0.882
PMT,2025-07-07,13.05,Q3'25,Q2'25,15.0,0.87
PMT,2025-07-08,13.13,Q3'25,Q2'25,15.0,0.875333
PMT,2025-07-09,13.19,Q3'25,Q2'25,15.0,0.879333
PMT,2025-07-10,13.14,Q3'25,Q2'25,15.0,0.876
PMT,2025-07-11,12.59,Q3'25,Q2'25,15.0,0.839333
PMT,2025-07-14,12.62,Q3'25,Q2'25,15.0,0.841333
PMT,2025-07-15,12.53,Q3'25,Q2'25,15.0,0.835333
PMT,2025-07-16,12.76,Q3'25,Q2'25,15.0,0.850667
PMT,2025-07-17,12.63,Q3'25,Q2'25,15.0,0.842
PMT,2025-07-18,12.51,Q3'25,Q2'25,15.0,0.834
PMT,2025-07-21,12.48,Q3'25,Q2'25,15.0,0.832
PMT,2025-07-22,12.69,Q3'25,Q2'25,15.0,0.846
PMT,2025-07-23,12.89,Q3'25,Q2'25,15.0,0.859333
PMT,2025-07-24,12.77,Q3'25,Q2'25,15.0,0.851333
PMT,2025-07-25,12.39,Q3'25,Q2'25,15.0,0.826
PMT,2025-07-28,12.21,Q3'25,Q2'25,15.0,0.814
PMT,2025-07-29,12.26,Q3'25,Q2'25,15.0,0.817333
PMT,2025-07-30,12.03,Q3'25,Q2'25,15.0,0.802
PMT,2025-07-31,11.79,Q3'25,Q2'25,15.0,0.786
PMT,2025-08-01,11.8,Q3'25,Q2'25,15.0,0.786667
PMT,2025-08-04,12.12,Q3'25,Q2'25,15.0,0.808
PMT,2025-08-05,12.08,Q3'25,Q2'25,15.0,0.805333
PMT,2025-08-06,11.97,Q3'25,Q2'25,15.0,0.798
PMT,2025-08-07,11.98,Q3'25,Q2'25,15.0,0.798667
PMT,2025-08-08,11.97,Q3'25,Q2'25,15.0,0.798
PMT,2025-08-11,11.87,Q3'25,Q2'25,15.0,0.791333
PMT,2025-08-12,12.05,Q3'25,Q2'25,15.0,0.803333
PMT,2025-08-13,12.26,Q3'25,Q2'25,15.0,0.817333
PMT,2025-08-14,12.18,Q3'25,Q2'25,15.0,0.812
PMT,2025-08-15,12.16,Q3'25,Q2'25,15.0,0.810667
PMT,2025-08-18,12.0,Q3'25,Q2'25,15.0,0.8
PMT,2025-08-19,12.16,Q3'25,Q2'25,15.0,0.810667
PMT,2025-08-20,12.17,Q3'25,Q2'25,15.0,0.811333
PMT,2025-08-21,11.89,Q3'25,Q2'25,15.0,0.792667
PMT,2025-08-22,12.36,Q3'25,Q2'25,15.0,0.824
PMT,2025-08-25,12.25,Q3'25,Q2'25,15.0,0.816667
PMT,2025-08-26,12.29,Q3'25,Q2'25,15.0,0.819333
PMT,2025-08-27,12.13,Q3'25,Q2'25,15.0,0.808667
PMT,2025-08-28,12.18,Q3'25,Q2'25,15.0,0.812
PMT,2025-08-29,12.31,Q3'25,Q2'25,15.0,0.820667
PMT,2025-09-02,12.13,Q3'25,Q2'25,15.0,0.808667
PMT,2025-09-03,12.39,Q3'25,Q2'25,15.0,0.826
PMT,2025-09-04,12.57,Q3'25,Q2'25,15.0,0.838
PMT,2025-09-05,12.6,Q3'25,Q2'25,15.0,0.84
PMT,2025-09-08,12.48,Q3'25,Q2'25,15.0,0.832
PMT,2025-09-09,12.39,Q3'25,Q2'25,15.0,0.826
PMT,2025-09-10,12.38,Q3'25,Q2'25,15.0,0.825333
PMT,2025-09-11,12.36,Q3'25,Q2'25,15.0,0.824
PMT,2025-09-12,12.25,Q3'25,Q2'25,15.0,0.816667
PMT,2025-09-15,12.25,Q3'25,Q2'25,15.0,0.816667
PMT,2025-09-16,12.15,Q3'25,Q2'25,15.0,0.81
PMT,2025-09-17,12.24,Q3'25,Q2'25,15.0,0.816
PMT,2025-09-18,12.19,Q3'25,Q2'25,15.0,0.812667
PMT,2025-09-19,12.1,Q3'25,Q2'25,15.0,0.806667
PMT,2025-09-22,11.94,Q3'25,Q2'25,15.0,0.796
PMT,2025-09-23,12.02,Q3'25,Q2'25,15.0,0.801333
PMT,2025-09-24,12.06,Q3'25,Q2'25,15.0,0.804
PMT,2025-09-25,12.08,Q3'25,Q2'25,15.0,0.805333
PMT,2025-09-26,12.19,Q3'25,Q2'25,15.0,0.812667
PMT,2025-09-29,12.16,Q3'25,Q2'25,15.0,0.810667
PMT,2025-09-30,12.26,Q3'25,Q2'25,15.0,0.817333
PMT,2025-10-01,12.51,Q4'25,Q3'25,15.16,0.825198
PMT,2025-10-02,12.59,Q4'25,Q3'25,15.16,0.830475
PMT,2025-10-03,12.6,Q4'25,Q3'25,15.16,0.831135
PMT,2025-10-06,12.44,Q4'25,Q3'25,15.16,0.82058
PMT,2025-10-07,12.41,Q4'25,Q3'25,15.16,0.818602
PMT,2025-10-08,12.55,Q4'25,Q3'25,15.16,0.827836
PMT,2025-10-09,12.25,Q4'25,Q3'25,15.16,0.808047
PMT,2025-10-10,11.77,Q4'25,Q3'25,15.16,0.776385
PMT,2025-10-13,11.85,Q4'25,Q3'25,15.16,0.781662
PMT,2025-10-14,11.98,Q4'25,Q3'25,15.16,0.790237
PMT,2025-10-15,12.05,Q4'25,Q3'25,15.16,0.794855
PMT,2025-10-16,11.65,Q4'25,Q3'25,15.16,0.76847
PMT,2025-10-17,11.72,Q4'25,Q3'25,15.16,0.773087
PMT,2025-10-20,11.83,Q4'25,Q3'25,15.16,0.780343
PMT,2025-10-21,11.7,Q4'25,Q3'25,15.16,0.771768
PMT,2025-10-22,12.68,Q4'25,Q3'25,15.16,0.836412
PMT,2025-10-23,12.56,Q4'25,Q3'25,15.16,0.828496
PMT,2025-10-24,12.61,Q4'25,Q3'25,15.16,0.831794
PMT,2025-10-27,12.6,Q4'25,Q3'25,15.16,0.831135
PMT,2025-10-28,12.6,Q4'25,Q3'25,15.16,0.831135
PMT,2025-10-29,12.32,Q4'25,Q3'25,15.16,0.812665
PMT,2025-10-30,12.04,Q4'25,Q3'25,15.16,0.794195
PMT,2025-10-31,12.04,Q4'25,Q3'25,15.16,0.794195
PMT,2025-11-03,12.04,Q4'25,Q3'25,15.16,0.794195
PMT,2025-11-04,12.18,Q4'25,Q3'25,15.16,0.80343
PMT,2025-11-05,12.19,Q4'25,Q3'25,15.16,0.80409
PMT,2025-11-06,12.07,Q4'25,Q3'25,15.16,0.796174
PMT,2025-11-07,12.16,Q4'25,Q3'25,15.16,0.802111
PMT,2025-11-10,12.19,Q4'25,Q3'25,15.16,0.80409
PMT,2025-11-11,12.43,Q4'25,Q3'25,15.16,0.819921
PMT,2025-11-12,12.39,Q4'25,Q3'25,15.16,0.817282
PMT,2025-11-13,12.41,Q4'25,Q3'25,15.16,0.818602
PMT,2025-11-14,12.46,Q4'25,Q3'25,15.16,0.8219
PMT,2025-11-17,12.33,Q4'25,Q3'25,15.16,0.813325
PMT,2025-11-18,12.36,Q4'25,Q3'25,15.16,0.815303
PMT,2025-11-19,12.35,Q4'25,Q3'25,15.16,0.814644
PMT,2025-11-20,12.37,Q4'25,Q3'25,15.16,0.815963
PMT,2025-11-21,12.67,Q4'25,Q3'25,15.16,0.835752
PMT,2025-11-24,12.71,Q4'25,Q3'25,15.16,0.838391
PMT,2025-11-25,12.82,Q4'25,Q3'25,15.16,0.845646
PMT,2025-11-26,12.92,Q4'25,Q3'25,15.16,0.852243
PMT,2025-11-28,12.84,Q4'25,Q3'25,15.16,0.846966
PMT,2025-12-01,12.9,Q4'25,Q3'25,15.16,0.850923
PMT,2025-12-02,12.81,Q4'25,Q3'25,15.16,0.844987
PMT,2025-12-03,12.89,Q4'25,Q3'25,15.16,0.850264
PMT,2025-12-04,12.66,Q4'25,Q3'25,15.16,0.835092
PMT,2025-12-05,12.7,Q4'25,Q3'25,15.16,0.837731
PMT,2025-12-08,12.67,Q4'25,Q3'25,15.16,0.835752
PMT,2025-12-09,12.55,Q4'25,Q3'25,15.16,0.827836
PMT,2025-12-10,12.55,Q4'25,Q3'25,15.16,0.827836
PMT,2025-12-11,12.61,Q4'25,Q3'25,15.16,0.831794
PMT,2025-12-12,12.46,Q4'25,Q3'25,15.16,0.8219
PMT,2025-12-15,12.65,Q4'25,Q3'25,15.16,0.834433
PMT,2025-12-16,12.5,Q4'25,Q3'25,15.16,0.824538
PMT,2025-12-17,12.74,Q4'25,Q3'25,15.16,0.840369
PMT,2025-12-18,13.19,Q4'25,Q3'25,15.16,0.870053
PMT,2025-12-19,13.18,Q4'25,Q3'25,15.16,0.869393
PMT,2025-12-22,13.33,Q4'25,Q3'25,15.16,0.879288
PMT,2025-12-23,12.97,Q4'25,Q3'25,15.16,0.855541
PMT,2025-12-24,13.04,Q4'25,Q3'25,15.16,0.860158
PMT,2025-12-26,12.53,Q4'25,Q3'25,15.16,0.826517
PMT,2025-12-29,12.53,Q4'25,Q3'25,15.16,0.826517
PMT,2025-12-30,12.57,Q4'25,Q3'25,15.16,0.829156
PMT,2025-12-31,12.55,Q4'25,Q3'25,15.16,0.827836
PMT,2026-01-02,12.65,Q1'26,Q4'25,15.25,0.829508
PMT,2026-01-05,12.7,Q1'26,Q4'25,15.25,0.832787
PMT,2026-01-06,12.59,Q1'26,Q4'25,15.25,0.825574
PMT,2026-01-07,12.54,Q1'26,Q4'25,15.25,0.822295
PMT,2026-01-08,12.76,Q1'26,Q4'25,15.25,0.836721
PMT,2026-01-09,13.08,Q1'26,Q4'25,15.25,0.857705
PMT,2026-01-12,13.08,Q1'26,Q4'25,15.25,0.857705
PMT,2026-01-13,13.18,Q1'26,Q4'25,15.25,0.864262
PMT,2026-01-14,13.27,Q1'26,Q4'25,15.25,0.870164
PMT,2026-01-15,13.47,Q1'26,Q4'25,15.25,0.883279
PMT,2026-01-16,13.81,Q1'26,Q4'25,15.25,0.905574
PMT,2026-01-20,13.34,Q1'26,Q4'25,15.25,0.874754
PMT,2026-01-21,13.3,Q1'26,Q4'25,15.25,0.872131
PMT,2026-01-22,13.24,Q1'26,Q4'25,15.25,0.868197
PMT,2026-01-23,13.41,Q1'26,Q4'25,15.25,0.879344
PMT,2026-01-26,13.46,Q1'26,Q4'25,15.25,0.882623
PMT,2026-01-27,13.53,Q1'26,Q4'25,15.25,0.887213
PMT,2026-01-28,13.48,Q1'26,Q4'25,15.25,0.883934
PMT,2026-01-29,13.51,Q1'26,Q4'25,15.25,0.885902
PMT,2026-01-30,11.83,Q1'26,Q4'25,15.25,0.775738
PMT,2026-02-02,11.99,Q1'26,Q4'25,15.25,0.786229
PMT,2026-02-03,12.1,Q1'26,Q4'25,15.25,0.793443
PMT,2026-02-04,12.38,Q1'26,Q4'25,15.25,0.811803
PMT,2026-02-05,12.25,Q1'26,Q4'25,15.25,0.803279
PMT,2026-02-06,12.22,Q1'26,Q4'25,15.25,0.801311
PMT,2026-02-09,12.13,Q1'26,Q4'25,15.25,0.79541
PMT,2026-02-10,12.18,Q1'26,Q4'25,15.25,0.798689
PMT,2026-02-11,12.36,Q1'26,Q4'25,15.25,0.810492
PMT,2026-02-12,12.49,Q1'26,Q4'25,15.25,0.819016
PMT,2026-02-13,12.64,Q1'26,Q4'25,15.25,0.828852
PMT,2026-02-17,12.51,Q1'26,Q4'25,15.25,0.820328
PMT,2026-02-18,12.45,Q1'26,Q4'25,15.25,0.816393
PMT,2026-02-19,12.35,Q1'26,Q4'25,15.25,0.809836
PMT,2026-02-20,12.29,Q1'26,Q4'25,15.25,0.805902
PMT,2026-02-23,12.15,Q1'26,Q4'25,15.25,0.796721
PMT,2026-02-24,12.13,Q1'26,Q4'25,15.25,0.79541
PMT,2026-02-25,12.11,Q1'26,Q4'25,15.25,0.794098
PMT,2026-02-26,12.31,Q1'26,Q4'25,15.25,0.807213
PMT,2026-02-27,12.26,Q1'26,Q4'25,15.25,0.803934
PMT,2026-03-02,12.19,Q1'26,Q4'25,15.25,0.799344
PMT,2026-03-03,12.06,Q1'26,Q4'25,15.25,0.79082
PMT,2026-03-04,12.0,Q1'26,Q4'25,15.25,0.786885
PMT,2026-03-05,12.06,Q1'26,Q4'25,15.25,0.79082
PMT,2026-03-06,11.89,Q1'26,Q4'25,15.25,0.779672
PMT,2026-03-09,11.87,Q1'26,Q4'25,15.25,0.778361
PMT,2026-03-10,11.89,Q1'26,Q4'25,15.25,0.779672
PMT,2026-03-11,11.89,Q1'26,Q4'25,15.25,0.779672
PMT,2026-03-12,11.74,Q1'26,Q4'25,15.25,0.769836
PMT,2026-03-13,11.64,Q1'26,Q4'25,15.25,0.763279
PMT,2026-03-16,11.65,Q1'26,Q4'25,15.25,0.763934
PMT,2026-03-17,11.72,Q1'26,Q4'25,15.25,0.768525
PMT,2026-03-18,11.62,Q1'26,Q4'25,15.25,0.761967
PMT,2026-03-19,11.63,Q1'26,Q4'25,15.25,0.762623
PMT,2026-03-20,11.22,Q1'26,Q4'25,15.25,0.735738
PMT,2026-03-23,11.35,Q1'26,Q4'25,15.25,0.744262
PMT,2026-03-24,11.31,Q1'26,Q4'25,15.25,0.741639
PMT,2026-03-25,11.42,Q1'26,Q4'25,15.25,0.748852
PMT,2026-03-26,11.31,Q1'26,Q4'25,15.25,0.741639
PMT,2026-03-27,11.2,Q1'26,Q4'25,15.25,0.734426
PMT,2026-03-30,11.35,Q1'26,Q4'25,15.25,0.744262
PMT,2026-03-31,11.66,Q1'26,Q4'25,15.25,0.76459
PMT,2026-04-01,11.78,Q2'26,Q1'26,14.98,0.786382
PMT,2026-04-02,11.96,Q2'26,Q1'26,14.98,0.798398
PMT,2026-04-06,11.95,Q2'26,Q1'26,14.98,0.79773
PMT,2026-04-07,11.78,Q2'26,Q1'26,14.98,0.786382
PMT,2026-04-08,12.0,Q2'26,Q1'26,14.98,0.801068
PMT,2026-04-09,11.6,Q2'26,Q1'26,14.98,0.774366
PMT,2026-04-10,11.89,Q2'26,Q1'26,14.98,0.793725
PMT,2026-04-13,11.95,Q2'26,Q1'26,14.98,0.79773
PMT,2026-04-14,12.07,Q2'26,Q1'26,14.98,0.805741
PMT,2026-04-15,12.13,Q2'26,Q1'26,14.98,0.809746
PMT,2026-04-16,11.87,Q2'26,Q1'26,14.98,0.79239
PMT,2026-04-17,12.09,Q2'26,Q1'26,14.98,0.807076
PMT,2026-04-20,11.98,Q2'26,Q1'26,14.98,0.799733
PMT,2026-04-21,11.86,Q2'26,Q1'26,14.98,0.791722
PMT,2026-04-22,11.87,Q2'26,Q1'26,14.98,0.79239
PMT,2026-04-23,11.95,Q2'26,Q1'26,14.98,0.79773
PMT,2026-04-24,12.12,Q2'26,Q1'26,14.98,0.809079
PMT,2026-04-27,12.1,Q2'26,Q1'26,14.98,0.807744
PMT,2026-04-28,12.21,Q2'26,Q1'26,14.98,0.815087
PMT,2026-04-29,12.0,Q2'26,Q1'26,14.98,0.801068
PMT,2026-04-30,12.18,Q2'26,Q1'26,14.98,0.813084
PMT,2026-05-01,12.33,Q2'26,Q1'26,14.98,0.823097
PMT,2026-05-04,12.11,Q2'26,Q1'26,14.98,0.808411
PMT,2026-05-05,12.13,Q2'26,Q1'26,14.98,0.809746
PMT,2026-05-06,11.03,Q2'26,Q1'26,14.98,0.736315
PMT,2026-05-07,11.08,Q2'26,Q1'26,14.98,0.739653
PMT,2026-05-08,11.0,Q2'26,Q1'26,14.98,0.734312
PMT,2026-05-11,10.78,Q2'26,Q1'26,14.98,0.719626
PMT,2026-05-12,10.46,Q2'26,Q1'26,14.98,0.698264
PMT,2026-05-13,10.51,Q2'26,Q1'26,14.98,0.701602
PMT,2026-05-14,10.46,Q2'26,Q1'26,14.98,0.698264
PMT,2026-05-15,10.28,Q2'26,Q1'26,14.98,0.686248
PMT,2026-05-18,10.42,Q2'26,Q1'26,14.98,0.695594
PMT,2026-05-19,10.29,Q2'26,Q1'26,14.98,0.686916
PMT,2026-05-20,10.5,Q2'26,Q1'26,14.98,0.700935
PMT,2026-05-21,10.52,Q2'26,Q1'26,14.98,0.70227
PMT,2026-05-22,10.5,Q2'26,Q1'26,14.98,0.700935
PMT,2026-05-26,10.37,Q2'26,Q1'26,14.98,0.692256
PMT,2026-05-27,10.48,Q2'26,Q1'26,14.98,0.699599
PMT,2026-05-28,10.53,Q2'26,Q1'26,14.98,0.702937
PMT,2026-05-29,10.46,Q2'26,Q1'26,14.98,0.698264
PMT,2026-06-01,10.36,Q2'26,Q1'26,14.98,0.691589
PMT,2026-06-02,10.43,Q2'26,Q1'26,14.98,0.696262
PMT,2026-06-03,10.02,Q2'26,Q1'26,14.98,0.668892
PMT,2026-06-04,10.19,Q2'26,Q1'26,14.98,0.68024
PMT,2026-06-05,10.18,Q2'26,Q1'26,14.98,0.679573
PMT,2026-06-08,9.88,Q2'26,Q1'26,14.98,0.659546
PMT,2026-06-09,10.11,Q2'26,Q1'26,14.98,0.6749
PMT,2026-06-10,9.86,Q2'26,Q1'26,14.98,0.658211
PMT,2026-06-11,9.89,Q2'26,Q1'26,14.98,0.660214
PMT,2026-06-12,10.12,Q2'26,Q1'26,14.98,0.675567
PMT,2026-06-15,10.14,Q2'26,Q1'26,14.98,0.676903
PMT,2026-06-16,10.19,Q2'26,Q1'26,14.98,0.68024
PMT,2026-06-17,10.06,Q2'26,Q1'26,14.98,0.671562
PMT,2026-06-18,10.25,Q2'26,Q1'26,14.98,0.684246
PMT,2026-06-22,9.94,Q2'26,Q1'26,14.98,0.663551
PMT,2026-06-23,10.05,Q2'26,Q1'26,14.98,0.670895
PMT,2026-06-24,10.46,Q2'26,Q1'26,14.98,0.698264
PMT,2026-06-25,10.51,Q2'26,Q1'26,14.98,0.701602
PMT,2026-06-26,10.77,Q2'26,Q1'26,14.98,0.718959
PMT,2026-06-29,10.96,Q2'26,Q1'26,14.98,0.731642
PMT,2026-06-30,11.28,Q2'26,Q1'26,14.98,0.753004
PMT,2026-07-01,11.23,Q3'26,Q2'26,14.83,0.757249
PMT,2026-07-02,10.81,Q3'26,Q2'26,14.83,0.728928
PMT,2026-07-06,10.9,Q3'26,Q2'26,14.83,0.734997
PMT,2026-07-07,10.6,Q3'26,Q2'26,14.83,0.714767
PMT,2026-07-08,10.45,Q3'26,Q2'26,14.83,0.704653
PMT,2026-07-09,10.11,Q3'26,Q2'26,14.83,0.681726
PMT,2026-07-10,10.28,Q3'26,Q2'26,14.83,0.693189
PMT,2026-07-13,10.18,Q3'26,Q2'26,14.83,0.686446
PMT,2026-07-14,10.12,Q3'26,Q2'26,14.83,0.682401
PMT,2026-07-15,9.83,Q3'26,Q2'26,14.83,0.662846
PMT,2026-07-16,10.09,Q3'26,Q2'26,14.83,0.680378
PMT,2026-07-17,9.9,Q3'26,Q2'26,14.83,0.667566
PMT,2026-07-20,9.74,Q3'26,Q2'26,14.83,0.656777
PMT,2026-07-23,9.58,Q3'26,Q2'26,14.83,0.645988
PMT,2026-07-24,9.74,Q3'26,Q2'26,14.83,0.656777
PMT,2026-07-27,9.62,Q3'26,Q2'26,14.83,0.648685
PMT,2026-07-28,9.79,Q3'26,Q2'26,14.83,0.660148
PMT,2026-07-29,9.69,Q3'26,Q2'26,14.83,0.653405
PMT,2026-07-30,9.31,Q3'26,Q2'26,14.83,0.627782
PMT,2026-08-03,9.44,Q3'26,Q2'26,14.83,0.636548
PMT,2026-08-04,9.53,Q3'26,Q2'26,14.83,0.642616
PMT,2026-08-05,9.45,Q3'26,Q2'26,14.83,0.637222
PMT,2026-08-06,9.34,Q3'26,Q2'26,14.83,0.629804
PMT,2026-08-07,9.65,Q3'26,Q2'26,14.83,0.650708
PMT,2026-08-10,9.38,Q3'26,Q2'26,14.83,0.632502
PMT,2026-08-11,9.45,Q3'26,Q2'26,14.83,0.637222
PMT,2026-08-12,9.48,Q3'26,Q2'26,14.83,0.639245
PMT,2026-08-13,9.49,Q3'26,Q2'26,14.83,0.639919
PMT,2026-08-14,9.45,Q3'26,Q2'26,14.83,0.637222
PMT,2026-08-17,9.62,Q3'26,Q2'26,14.83,0.648685
PMT,2026-08-18,9.43,Q3'26,Q2'26,14.83,0.635873
PMT,2026-08-19,9.54,Q3'26,Q2'26,14.83,0.643291
RITM,2021-07-01,10.52,Q3'21,Q2'21,11.27,0.933452
RITM,2021-07-02,10.46,Q3'21,Q2'21,11.27,0.928128
RITM,2021-07-06,10.25,Q3'21,Q2'21,11.27,0.909494
RITM,2021-07-07,10.2,Q3'21,Q2'21,11.27,0.905058
RITM,2021-07-08,10.01,Q3'21,Q2'21,11.27,0.888199
RITM,2021-07-09,10.42,Q3'21,Q2'21,11.27,0.924579
RITM,2021-07-12,10.34,Q3'21,Q2'21,11.27,0.91748
RITM,2021-07-13,9.88,Q3'21,Q2'21,11.27,0.876664
RITM,2021-07-14,9.67,Q3'21,Q2'21,11.27,0.85803
RITM,2021-07-15,9.66,Q3'21,Q2'21,11.27,0.857143
RITM,2021-07-16,9.61,Q3'21,Q2'21,11.27,0.852706
RITM,2021-07-19,9.31,Q3'21,Q2'21,11.27,0.826087
RITM,2021-07-20,9.49,Q3'21,Q2'21,11.27,0.842059
RITM,2021-07-21,9.68,Q3'21,Q2'21,11.27,0.858918
RITM,2021-07-22,9.44,Q3'21,Q2'21,11.27,0.837622
RITM,2021-07-23,9.42,Q3'21,Q2'21,11.27,0.835847
RITM,2021-07-26,9.53,Q3'21,Q2'21,11.27,0.845608
RITM,2021-07-27,9.44,Q3'21,Q2'21,11.27,0.837622
RITM,2021-07-28,9.47,Q3'21,Q2'21,11.27,0.840284
RITM,2021-07-29,9.87,Q3'21,Q2'21,11.27,0.875776
RITM,2021-07-30,9.76,Q3'21,Q2'21,11.27,0.866016
RITM,2021-08-02,9.69,Q3'21,Q2'21,11.27,0.859805
RITM,2021-08-03,9.72,Q3'21,Q2'21,11.27,0.862467
RITM,2021-08-04,9.52,Q3'21,Q2'21,11.27,0.844721
RITM,2021-08-05,9.72,Q3'21,Q2'21,11.27,0.862467
RITM,2021-08-06,9.79,Q3'21,Q2'21,11.27,0.868678
RITM,2021-08-09,9.68,Q3'21,Q2'21,11.27,0.858918
RITM,2021-08-10,9.83,Q3'21,Q2'21,11.27,0.872227
RITM,2021-08-11,9.99,Q3'21,Q2'21,11.27,0.886424
RITM,2021-08-12,9.94,Q3'21,Q2'21,11.27,0.881988
RITM,2021-08-13,9.96,Q3'21,Q2'21,11.27,0.883762
RITM,2021-08-16,9.83,Q3'21,Q2'21,11.27,0.872227
RITM,2021-08-17,9.75,Q3'21,Q2'21,11.27,0.865129
RITM,2021-08-18,9.73,Q3'21,Q2'21,11.27,0.863354
RITM,2021-08-19,9.5,Q3'21,Q2'21,11.27,0.842946
RITM,2021-08-20,9.7,Q3'21,Q2'21,11.27,0.860692
RITM,2021-08-23,9.86,Q3'21,Q2'21,11.27,0.874889
RITM,2021-08-24,10.46,Q3'21,Q2'21,11.27,0.928128
RITM,2021-08-25,10.58,Q3'21,Q2'21,11.27,0.938776
RITM,2021-08-26,10.51,Q3'21,Q2'21,11.27,0.932564
RITM,2021-08-27,10.76,Q3'21,Q2'21,11.27,0.954747
RITM,2021-08-30,10.77,Q3'21,Q2'21,11.27,0.955634
RITM,2021-08-31,10.92,Q3'21,Q2'21,11.27,0.968944
RITM,2021-09-01,11.07,Q3'21,Q2'21,11.27,0.982254
RITM,2021-09-02,10.99,Q3'21,Q2'21,11.27,0.975155
RITM,2021-09-03,10.99,Q3'21,Q2'21,11.27,0.975155
RITM,2021-09-07,10.9,Q3'21,Q2'21,11.27,0.967169
RITM,2021-09-08,10.89,Q3'21,Q2'21,11.27,0.966282
RITM,2021-09-09,10.91,Q3'21,Q2'21,11.27,0.968057
RITM,2021-09-10,10.84,Q3'21,Q2'21,11.27,0.961846
RITM,2021-09-13,10.98,Q3'21,Q2'21,11.27,0.974268
RITM,2021-09-14,10.89,Q3'21,Q2'21,11.27,0.966282
RITM,2021-09-15,11.0,Q3'21,Q2'21,11.27,0.976043
RITM,2021-09-16,10.96,Q3'21,Q2'21,11.27,0.972493
RITM,2021-09-17,10.99,Q3'21,Q2'21,11.27,0.975155
RITM,2021-09-20,10.88,Q3'21,Q2'21,11.27,0.965395
RITM,2021-09-21,10.91,Q3'21,Q2'21,11.27,0.968057
RITM,2021-09-22,11.13,Q3'21,Q2'21,11.27,0.987578
RITM,2021-09-23,11.14,Q3'21,Q2'21,11.27,0.988465
RITM,2021-09-24,11.07,Q3'21,Q2'21,11.27,0.982254
RITM,2021-09-27,11.21,Q3'21,Q2'21,11.27,0.994676
RITM,2021-09-28,10.99,Q3'21,Q2'21,11.27,0.975155
RITM,2021-09-29,11.02,Q3'21,Q2'21,11.27,0.977817
RITM,2021-09-30,11.0,Q3'21,Q2'21,11.27,0.976043
RITM,2021-10-01,10.93,Q4'21,Q3'21,11.35,0.962996
RITM,2021-10-04,10.81,Q4'21,Q3'21,11.35,0.952423
RITM,2021-10-05,10.87,Q4'21,Q3'21,11.35,0.957709
RITM,2021-10-06,10.95,Q4'21,Q3'21,11.35,0.964758
RITM,2021-10-07,10.98,Q4'21,Q3'21,11.35,0.967401
RITM,2021-10-08,11.09,Q4'21,Q3'21,11.35,0.977093
RITM,2021-10-11,11.11,Q4'21,Q3'21,11.35,0.978855
RITM,2021-10-12,11.27,Q4'21,Q3'21,11.35,0.992952
RITM,2021-10-13,11.32,Q4'21,Q3'21,11.35,0.997357
RITM,2021-10-14,11.33,Q4'21,Q3'21,11.35,0.998238
RITM,2021-10-15,11.32,Q4'21,Q3'21,11.35,0.997357
RITM,2021-10-18,11.34,Q4'21,Q3'21,11.35,0.999119
RITM,2021-10-19,11.32,Q4'21,Q3'21,11.35,0.997357
RITM,2021-10-20,11.43,Q4'21,Q3'21,11.35,1.007048
RITM,2021-10-21,11.41,Q4'21,Q3'21,11.35,1.005286
RITM,2021-10-22,11.49,Q4'21,Q3'21,11.35,1.012335
RITM,2021-10-25,11.61,Q4'21,Q3'21,11.35,1.022907
RITM,2021-10-26,11.57,Q4'21,Q3'21,11.35,1.019383
RITM,2021-10-27,11.32,Q4'21,Q3'21,11.35,0.997357
RITM,2021-10-28,11.38,Q4'21,Q3'21,11.35,1.002643
RITM,2021-10-29,11.36,Q4'21,Q3'21,11.35,1.000881
RITM,2021-11-01,11.56,Q4'21,Q3'21,11.35,1.018502
RITM,2021-11-02,11.6,Q4'21,Q3'21,11.35,1.022026
RITM,2021-11-03,11.64,Q4'21,Q3'21,11.35,1.025551
RITM,2021-11-04,11.41,Q4'21,Q3'21,11.35,1.005286
RITM,2021-11-05,11.52,Q4'21,Q3'21,11.35,1.014978
RITM,2021-11-08,11.41,Q4'21,Q3'21,11.35,1.005286
RITM,2021-11-09,11.41,Q4'21,Q3'21,11.35,1.005286
RITM,2021-11-10,11.36,Q4'21,Q3'21,11.35,1.000881
RITM,2021-11-11,11.42,Q4'21,Q3'21,11.35,1.006167
RITM,2021-11-12,11.36,Q4'21,Q3'21,11.35,1.000881
RITM,2021-11-15,11.4,Q4'21,Q3'21,11.35,1.004405
RITM,2021-11-16,11.3,Q4'21,Q3'21,11.35,0.995595
RITM,2021-11-17,11.13,Q4'21,Q3'21,11.35,0.980617
RITM,2021-11-18,11.16,Q4'21,Q3'21,11.35,0.98326
RITM,2021-11-19,11.09,Q4'21,Q3'21,11.35,0.977093
RITM,2021-11-22,11.19,Q4'21,Q3'21,11.35,0.985903
RITM,2021-11-23,11.19,Q4'21,Q3'21,11.35,0.985903
RITM,2021-11-24,11.23,Q4'21,Q3'21,11.35,0.989427
RITM,2021-11-26,11.01,Q4'21,Q3'21,11.35,0.970044
RITM,2021-11-29,11.03,Q4'21,Q3'21,11.35,0.971806
RITM,2021-11-30,10.63,Q4'21,Q3'21,11.35,0.936564
RITM,2021-12-01,10.5,Q4'21,Q3'21,11.35,0.92511
RITM,2021-12-02,10.91,Q4'21,Q3'21,11.35,0.961233
RITM,2021-12-03,10.89,Q4'21,Q3'21,11.35,0.959471
RITM,2021-12-06,11.1,Q4'21,Q3'21,11.35,0.977974
RITM,2021-12-07,11.33,Q4'21,Q3'21,11.35,0.998238
RITM,2021-12-08,11.38,Q4'21,Q3'21,11.35,1.002643
RITM,2021-12-09,11.26,Q4'21,Q3'21,11.35,0.992071
RITM,2021-12-10,11.12,Q4'21,Q3'21,11.35,0.979736
RITM,2021-12-13,10.97,Q4'21,Q3'21,11.35,0.96652
RITM,2021-12-14,10.85,Q4'21,Q3'21,11.35,0.955947
RITM,2021-12-15,11.0,Q4'21,Q3'21,11.35,0.969163
RITM,2021-12-16,10.9,Q4'21,Q3'21,11.35,0.960352
RITM,2021-12-17,10.7,Q4'21,Q3'21,11.35,0.942731
RITM,2021-12-20,10.48,Q4'21,Q3'21,11.35,0.923348
RITM,2021-12-21,10.84,Q4'21,Q3'21,11.35,0.955066
RITM,2021-12-22,10.85,Q4'21,Q3'21,11.35,0.955947
RITM,2021-12-23,11.03,Q4'21,Q3'21,11.35,0.971806
RITM,2021-12-27,11.0,Q4'21,Q3'21,11.35,0.969163
RITM,2021-12-28,11.06,Q4'21,Q3'21,11.35,0.974449
RITM,2021-12-29,11.01,Q4'21,Q3'21,11.35,0.970044
RITM,2021-12-30,10.76,Q4'21,Q3'21,11.35,0.948018
RITM,2021-12-31,10.71,Q4'21,Q3'21,11.35,0.943612
RITM,2022-01-03,10.97,Q1'22,Q4'21,11.44,0.958916
RITM,2022-01-04,10.98,Q1'22,Q4'21,11.44,0.95979
RITM,2022-01-05,10.68,Q1'22,Q4'21,11.44,0.933566
RITM,2022-01-06,10.77,Q1'22,Q4'21,11.44,0.941434
RITM,2022-01-07,10.87,Q1'22,Q4'21,11.44,0.950175
RITM,2022-01-10,10.89,Q1'22,Q4'21,11.44,0.951923
RITM,2022-01-11,11.11,Q1'22,Q4'21,11.44,0.971154
RITM,2022-01-12,11.23,Q1'22,Q4'21,11.44,0.981643
RITM,2022-01-13,11.16,Q1'22,Q4'21,11.44,0.975524
RITM,2022-01-14,11.14,Q1'22,Q4'21,11.44,0.973776
RITM,2022-01-18,11.03,Q1'22,Q4'21,11.44,0.964161
RITM,2022-01-19,10.86,Q1'22,Q4'21,11.44,0.949301
RITM,2022-01-20,10.71,Q1'22,Q4'21,11.44,0.936189
RITM,2022-01-21,10.5,Q1'22,Q4'21,11.44,0.917832
RITM,2022-01-24,10.45,Q1'22,Q4'21,11.44,0.913462
RITM,2022-01-25,10.53,Q1'22,Q4'21,11.44,0.920455
RITM,2022-01-26,10.55,Q1'22,Q4'21,11.44,0.922203
RITM,2022-01-27,10.28,Q1'22,Q4'21,11.44,0.898601
RITM,2022-01-28,10.36,Q1'22,Q4'21,11.44,0.905594
RITM,2022-01-31,10.65,Q1'22,Q4'21,11.44,0.930944
RITM,2022-02-01,10.59,Q1'22,Q4'21,11.44,0.925699
RITM,2022-02-02,10.53,Q1'22,Q4'21,11.44,0.920455
RITM,2022-02-03,10.24,Q1'22,Q4'21,11.44,0.895105
RITM,2022-02-04,10.24,Q1'22,Q4'21,11.44,0.895105
RITM,2022-02-07,10.2,Q1'22,Q4'21,11.44,0.891608
RITM,2022-02-08,10.96,Q1'22,Q4'21,11.44,0.958042
RITM,2022-02-09,10.82,Q1'22,Q4'21,11.44,0.945804
RITM,2022-02-10,10.73,Q1'22,Q4'21,11.44,0.937937
RITM,2022-02-11,10.58,Q1'22,Q4'21,11.44,0.924825
RITM,2022-02-14,10.51,Q1'22,Q4'21,11.44,0.918706
RITM,2022-02-15,10.72,Q1'22,Q4'21,11.44,0.937063
RITM,2022-02-16,10.82,Q1'22,Q4'21,11.44,0.945804
RITM,2022-02-17,10.48,Q1'22,Q4'21,11.44,0.916084
RITM,2022-02-18,10.5,Q1'22,Q4'21,11.44,0.917832
RITM,2022-02-22,10.35,Q1'22,Q4'21,11.44,0.90472
RITM,2022-02-23,10.1,Q1'22,Q4'21,11.44,0.882867
RITM,2022-02-24,10.27,Q1'22,Q4'21,11.44,0.897727
RITM,2022-02-25,10.48,Q1'22,Q4'21,11.44,0.916084
RITM,2022-02-28,10.38,Q1'22,Q4'21,11.44,0.907343
RITM,2022-03-01,10.12,Q1'22,Q4'21,11.44,0.884615
RITM,2022-03-02,10.48,Q1'22,Q4'21,11.44,0.916084
RITM,2022-03-03,10.42,Q1'22,Q4'21,11.44,0.910839
RITM,2022-03-04,10.2,Q1'22,Q4'21,11.44,0.891608
RITM,2022-03-07,9.93,Q1'22,Q4'21,11.44,0.868007
RITM,2022-03-08,10.08,Q1'22,Q4'21,11.44,0.881119
RITM,2022-03-09,10.31,Q1'22,Q4'21,11.44,0.901224
RITM,2022-03-10,10.33,Q1'22,Q4'21,11.44,0.902972
RITM,2022-03-11,10.25,Q1'22,Q4'21,11.44,0.895979
RITM,2022-03-14,10.22,Q1'22,Q4'21,11.44,0.893357
RITM,2022-03-15,10.36,Q1'22,Q4'21,11.44,0.905594
RITM,2022-03-16,10.55,Q1'22,Q4'21,11.44,0.922203
RITM,2022-03-17,10.47,Q1'22,Q4'21,11.44,0.91521
RITM,2022-03-18,10.72,Q1'22,Q4'21,11.44,0.937063
RITM,2022-03-21,10.57,Q1'22,Q4'21,11.44,0.923951
RITM,2022-03-22,10.73,Q1'22,Q4'21,11.44,0.937937
RITM,2022-03-23,10.62,Q1'22,Q4'21,11.44,0.928322
RITM,2022-03-24,10.7,Q1'22,Q4'21,11.44,0.935315
RITM,2022-03-25,10.85,Q1'22,Q4'21,11.44,0.948427
RITM,2022-03-28,10.81,Q1'22,Q4'21,11.44,0.94493
RITM,2022-03-29,11.25,Q1'22,Q4'21,11.44,0.983392
RITM,2022-03-30,11.15,Q1'22,Q4'21,11.44,0.97465
RITM,2022-03-31,10.98,Q1'22,Q4'21,11.44,0.95979
RITM,2022-04-01,10.84,Q2'22,Q1'22,12.56,0.863057
RITM,2022-04-04,10.87,Q2'22,Q1'22,12.56,0.865446
RITM,2022-04-05,10.67,Q2'22,Q1'22,12.56,0.849522
RITM,2022-04-06,10.38,Q2'22,Q1'22,12.56,0.826433
RITM,2022-04-07,10.25,Q2'22,Q1'22,12.56,0.816083
RITM,2022-04-08,10.32,Q2'22,Q1'22,12.56,0.821656
RITM,2022-04-11,10.32,Q2'22,Q1'22,12.56,0.821656
RITM,2022-04-12,10.35,Q2'22,Q1'22,12.56,0.824045
RITM,2022-04-13,10.53,Q2'22,Q1'22,12.56,0.838376
RITM,2022-04-14,10.66,Q2'22,Q1'22,12.56,0.848726
RITM,2022-04-18,10.75,Q2'22,Q1'22,12.56,0.855892
RITM,2022-04-19,10.49,Q2'22,Q1'22,12.56,0.835191
RITM,2022-04-20,10.71,Q2'22,Q1'22,12.56,0.852707
RITM,2022-04-21,10.63,Q2'22,Q1'22,12.56,0.846338
RITM,2022-04-22,10.36,Q2'22,Q1'22,12.56,0.824841
RITM,2022-04-25,10.37,Q2'22,Q1'22,12.56,0.825637
RITM,2022-04-26,10.08,Q2'22,Q1'22,12.56,0.802548
RITM,2022-04-27,10.21,Q2'22,Q1'22,12.56,0.812898
RITM,2022-04-28,10.57,Q2'22,Q1'22,12.56,0.84156
RITM,2022-04-29,10.4,Q2'22,Q1'22,12.56,0.828025
RITM,2022-05-02,10.44,Q2'22,Q1'22,12.56,0.83121
RITM,2022-05-03,11.53,Q2'22,Q1'22,12.56,0.917994
RITM,2022-05-04,11.74,Q2'22,Q1'22,12.56,0.934713
RITM,2022-05-05,11.33,Q2'22,Q1'22,12.56,0.90207
RITM,2022-05-06,11.13,Q2'22,Q1'22,12.56,0.886147
RITM,2022-05-09,10.85,Q2'22,Q1'22,12.56,0.863854
RITM,2022-05-10,10.9,Q2'22,Q1'22,12.56,0.867834
RITM,2022-05-11,10.72,Q2'22,Q1'22,12.56,0.853503
RITM,2022-05-12,10.47,Q2'22,Q1'22,12.56,0.833599
RITM,2022-05-13,10.86,Q2'22,Q1'22,12.56,0.86465
RITM,2022-05-16,10.96,Q2'22,Q1'22,12.56,0.872611
RITM,2022-05-17,11.21,Q2'22,Q1'22,12.56,0.892516
RITM,2022-05-18,10.85,Q2'22,Q1'22,12.56,0.863854
RITM,2022-05-19,10.75,Q2'22,Q1'22,12.56,0.855892
RITM,2022-05-20,10.63,Q2'22,Q1'22,12.56,0.846338
RITM,2022-05-23,10.79,Q2'22,Q1'22,12.56,0.859076
RITM,2022-05-24,10.72,Q2'22,Q1'22,12.56,0.853503
RITM,2022-05-25,10.85,Q2'22,Q1'22,12.56,0.863854
RITM,2022-05-26,11.11,Q2'22,Q1'22,12.56,0.884554
RITM,2022-05-27,11.27,Q2'22,Q1'22,12.56,0.897293
RITM,2022-05-31,11.3,Q2'22,Q1'22,12.56,0.899682
RITM,2022-06-01,11.32,Q2'22,Q1'22,12.56,0.901274
RITM,2022-06-02,11.42,Q2'22,Q1'22,12.56,0.909236
RITM,2022-06-03,11.34,Q2'22,Q1'22,12.56,0.902866
RITM,2022-06-06,11.32,Q2'22,Q1'22,12.56,0.901274
RITM,2022-06-07,11.47,Q2'22,Q1'22,12.56,0.913217
RITM,2022-06-08,11.23,Q2'22,Q1'22,12.56,0.894108
RITM,2022-06-09,11.16,Q2'22,Q1'22,12.56,0.888535
RITM,2022-06-10,10.87,Q2'22,Q1'22,12.56,0.865446
RITM,2022-06-13,9.05,Q2'22,Q1'22,12.56,0.720541
RITM,2022-06-14,9.09,Q2'22,Q1'22,12.56,0.723726
RITM,2022-06-15,9.12,Q2'22,Q1'22,12.56,0.726115
RITM,2022-06-16,8.25,Q2'22,Q1'22,12.56,0.656847
RITM,2022-06-17,8.65,Q2'22,Q1'22,12.56,0.688694
RITM,2022-06-21,9.4,Q2'22,Q1'22,12.56,0.748408
RITM,2022-06-22,9.29,Q2'22,Q1'22,12.56,0.73965
RITM,2022-06-23,9.36,Q2'22,Q1'22,12.56,0.745223
RITM,2022-06-24,9.82,Q2'22,Q1'22,12.56,0.781847
RITM,2022-06-27,9.93,Q2'22,Q1'22,12.56,0.790605
RITM,2022-06-28,9.82,Q2'22,Q1'22,12.56,0.781847
RITM,2022-06-29,9.68,Q2'22,Q1'22,12.56,0.770701
RITM,2022-06-30,9.32,Q2'22,Q1'22,12.56,0.742038
RITM,2022-07-01,9.55,Q3'22,Q2'22,12.28,0.777687
RITM,2022-07-05,9.63,Q3'22,Q2'22,12.28,0.784202
RITM,2022-07-06,9.46,Q3'22,Q2'22,12.28,0.770358
RITM,2022-07-07,9.55,Q3'22,Q2'22,12.28,0.777687
RITM,2022-07-08,9.58,Q3'22,Q2'22,12.28,0.78013
RITM,2022-07-11,9.48,Q3'22,Q2'22,12.28,0.771987
RITM,2022-07-12,9.48,Q3'22,Q2'22,12.28,0.771987
RITM,2022-07-13,9.59,Q3'22,Q2'22,12.28,0.780945
RITM,2022-07-14,9.41,Q3'22,Q2'22,12.28,0.766287
RITM,2022-07-15,9.64,Q3'22,Q2'22,12.28,0.785016
RITM,2022-07-18,9.76,Q3'22,Q2'22,12.28,0.794788
RITM,2022-07-19,10.04,Q3'22,Q2'22,12.28,0.81759
RITM,2022-07-20,10.06,Q3'22,Q2'22,12.28,0.819218
RITM,2022-07-21,10.15,Q3'22,Q2'22,12.28,0.826547
RITM,2022-07-22,10.19,Q3'22,Q2'22,12.28,0.829805
RITM,2022-07-25,10.33,Q3'22,Q2'22,12.28,0.841205
RITM,2022-07-26,10.25,Q3'22,Q2'22,12.28,0.834691
RITM,2022-07-27,10.62,Q3'22,Q2'22,12.28,0.864821
RITM,2022-07-28,10.86,Q3'22,Q2'22,12.28,0.884365
RITM,2022-07-29,10.91,Q3'22,Q2'22,12.28,0.888436
RITM,2022-08-01,10.89,Q3'22,Q2'22,12.28,0.886808
RITM,2022-08-02,10.21,Q3'22,Q2'22,12.28,0.831433
RITM,2022-08-03,10.13,Q3'22,Q2'22,12.28,0.824919
RITM,2022-08-04,9.87,Q3'22,Q2'22,12.28,0.803746
RITM,2022-08-05,9.9,Q3'22,Q2'22,12.28,0.806189
RITM,2022-08-08,9.95,Q3'22,Q2'22,12.28,0.810261
RITM,2022-08-09,9.92,Q3'22,Q2'22,12.28,0.807818
RITM,2022-08-10,9.97,Q3'22,Q2'22,12.28,0.811889
RITM,2022-08-11,10.01,Q3'22,Q2'22,12.28,0.815147
RITM,2022-08-12,10.15,Q3'22,Q2'22,12.28,0.826547
RITM,2022-08-15,10.24,Q3'22,Q2'22,12.28,0.833876
RITM,2022-08-16,10.31,Q3'22,Q2'22,12.28,0.839577
RITM,2022-08-17,10.07,Q3'22,Q2'22,12.28,0.820033
RITM,2022-08-18,10.07,Q3'22,Q2'22,12.28,0.820033
RITM,2022-08-19,9.99,Q3'22,Q2'22,12.28,0.813518
RITM,2022-08-22,9.78,Q3'22,Q2'22,12.28,0.796417
RITM,2022-08-23,9.88,Q3'22,Q2'22,12.28,0.80456
RITM,2022-08-24,9.87,Q3'22,Q2'22,12.28,0.803746
RITM,2022-08-25,10.03,Q3'22,Q2'22,12.28,0.816775
RITM,2022-08-26,9.86,Q3'22,Q2'22,12.28,0.802932
RITM,2022-08-29,9.76,Q3'22,Q2'22,12.28,0.794788
RITM,2022-08-30,9.54,Q3'22,Q2'22,12.28,0.776873
RITM,2022-08-31,9.43,Q3'22,Q2'22,12.28,0.767915
RITM,2022-09-01,9.14,Q3'22,Q2'22,12.28,0.7443
RITM,2022-09-02,9.26,Q3'22,Q2'22,12.28,0.754072
RITM,2022-09-06,9.11,Q3'22,Q2'22,12.28,0.741857
RITM,2022-09-07,9.19,Q3'22,Q2'22,12.28,0.748371
RITM,2022-09-08,9.19,Q3'22,Q2'22,12.28,0.748371
RITM,2022-09-09,9.33,Q3'22,Q2'22,12.28,0.759772
RITM,2022-09-12,9.36,Q3'22,Q2'22,12.28,0.762215
RITM,2022-09-13,9.03,Q3'22,Q2'22,12.28,0.735342
RITM,2022-09-14,9.06,Q3'22,Q2'22,12.28,0.737785
RITM,2022-09-15,8.88,Q3'22,Q2'22,12.28,0.723127
RITM,2022-09-16,8.98,Q3'22,Q2'22,12.28,0.73127
RITM,2022-09-19,9.0,Q3'22,Q2'22,12.28,0.732899
RITM,2022-09-20,8.84,Q3'22,Q2'22,12.28,0.71987
RITM,2022-09-21,8.79,Q3'22,Q2'22,12.28,0.715798
RITM,2022-09-22,8.41,Q3'22,Q2'22,12.28,0.684853
RITM,2022-09-23,8.17,Q3'22,Q2'22,12.28,0.665309
RITM,2022-09-26,7.54,Q3'22,Q2'22,12.28,0.614007
RITM,2022-09-27,7.38,Q3'22,Q2'22,12.28,0.600977
RITM,2022-09-28,7.62,Q3'22,Q2'22,12.28,0.620521
RITM,2022-09-29,7.25,Q3'22,Q2'22,12.28,0.590391
RITM,2022-09-30,7.32,Q3'22,Q2'22,12.28,0.596091
RITM,2022-10-03,7.17,Q4'22,Q3'22,12.1,0.592562
RITM,2022-10-04,7.67,Q4'22,Q3'22,12.1,0.633884
RITM,2022-10-05,7.45,Q4'22,Q3'22,12.1,0.615702
RITM,2022-10-06,7.39,Q4'22,Q3'22,12.1,0.610744
RITM,2022-10-07,7.29,Q4'22,Q3'22,12.1,0.602479
RITM,2022-10-10,7.14,Q4'22,Q3'22,12.1,0.590083
RITM,2022-10-11,7.44,Q4'22,Q3'22,12.1,0.614876
RITM,2022-10-12,7.4,Q4'22,Q3'22,12.1,0.61157
RITM,2022-10-13,7.53,Q4'22,Q3'22,12.1,0.622314
RITM,2022-10-14,7.37,Q4'22,Q3'22,12.1,0.609091
RITM,2022-10-17,7.51,Q4'22,Q3'22,12.1,0.620661
RITM,2022-10-18,7.75,Q4'22,Q3'22,12.1,0.640496
RITM,2022-10-19,7.61,Q4'22,Q3'22,12.1,0.628926
RITM,2022-10-20,7.58,Q4'22,Q3'22,12.1,0.626446
RITM,2022-10-21,7.7,Q4'22,Q3'22,12.1,0.636364
RITM,2022-10-24,7.75,Q4'22,Q3'22,12.1,0.640496
RITM,2022-10-25,8.08,Q4'22,Q3'22,12.1,0.667769
RITM,2022-10-26,8.12,Q4'22,Q3'22,12.1,0.671074
RITM,2022-10-27,8.1,Q4'22,Q3'22,12.1,0.669422
RITM,2022-10-28,8.48,Q4'22,Q3'22,12.1,0.700826
RITM,2022-10-31,8.43,Q4'22,Q3'22,12.1,0.696694
RITM,2022-11-01,8.52,Q4'22,Q3'22,12.1,0.704132
RITM,2022-11-02,8.4,Q4'22,Q3'22,12.1,0.694215
RITM,2022-11-03,8.02,Q4'22,Q3'22,12.1,0.66281
RITM,2022-11-04,8.38,Q4'22,Q3'22,12.1,0.692562
RITM,2022-11-07,8.59,Q4'22,Q3'22,12.1,0.709917
RITM,2022-11-08,8.58,Q4'22,Q3'22,12.1,0.709091
RITM,2022-11-09,8.45,Q4'22,Q3'22,12.1,0.698347
RITM,2022-11-10,8.85,Q4'22,Q3'22,12.1,0.731405
RITM,2022-11-11,9.04,Q4'22,Q3'22,12.1,0.747107
RITM,2022-11-14,8.85,Q4'22,Q3'22,12.1,0.731405
RITM,2022-11-15,8.99,Q4'22,Q3'22,12.1,0.742975
RITM,2022-11-16,8.73,Q4'22,Q3'22,12.1,0.721488
RITM,2022-11-17,8.69,Q4'22,Q3'22,12.1,0.718182
RITM,2022-11-18,8.7,Q4'22,Q3'22,12.1,0.719008
RITM,2022-11-21,8.71,Q4'22,Q3'22,12.1,0.719835
RITM,2022-11-22,8.79,Q4'22,Q3'22,12.1,0.726446
RITM,2022-11-23,8.87,Q4'22,Q3'22,12.1,0.733058
RITM,2022-11-25,9.01,Q4'22,Q3'22,12.1,0.744628
RITM,2022-11-28,8.82,Q4'22,Q3'22,12.1,0.728926
RITM,2022-11-29,8.9,Q4'22,Q3'22,12.1,0.735537
RITM,2022-11-30,9.05,Q4'22,Q3'22,12.1,0.747934
RITM,2022-12-01,9.06,Q4'22,Q3'22,12.1,0.74876
RITM,2022-12-02,9.02,Q4'22,Q3'22,12.1,0.745455
RITM,2022-12-05,8.79,Q4'22,Q3'22,12.1,0.726446
RITM,2022-12-06,8.86,Q4'22,Q3'22,12.1,0.732231
RITM,2022-12-07,8.95,Q4'22,Q3'22,12.1,0.739669
RITM,2022-12-08,8.93,Q4'22,Q3'22,12.1,0.738017
RITM,2022-12-09,8.89,Q4'22,Q3'22,12.1,0.734711
RITM,2022-12-12,8.93,Q4'22,Q3'22,12.1,0.738017
RITM,2022-12-13,9.01,Q4'22,Q3'22,12.1,0.744628
RITM,2022-12-14,8.94,Q4'22,Q3'22,12.1,0.738843
RITM,2022-12-15,8.68,Q4'22,Q3'22,12.1,0.717355
RITM,2022-12-16,8.06,Q4'22,Q3'22,12.1,0.666116
RITM,2022-12-19,8.62,Q4'22,Q3'22,12.1,0.712397
RITM,2022-12-20,8.4,Q4'22,Q3'22,12.1,0.694215
RITM,2022-12-21,8.57,Q4'22,Q3'22,12.1,0.708264
RITM,2022-12-22,8.49,Q4'22,Q3'22,12.1,0.701653
RITM,2022-12-23,8.52,Q4'22,Q3'22,12.1,0.704132
RITM,2022-12-27,8.59,Q4'22,Q3'22,12.1,0.709917
RITM,2022-12-28,8.25,Q4'22,Q3'22,12.1,0.681818
RITM,2022-12-29,8.27,Q4'22,Q3'22,12.1,0.683471
RITM,2022-12-30,8.17,Q4'22,Q3'22,12.1,0.675207
RITM,2023-01-03,8.28,Q1'23,Q4'22,12.0,0.69
RITM,2023-01-04,8.44,Q1'23,Q4'22,12.0,0.703333
RITM,2023-01-05,8.42,Q1'23,Q4'22,12.0,0.701667
RITM,2023-01-06,8.54,Q1'23,Q4'22,12.0,0.711667
RITM,2023-01-09,8.56,Q1'23,Q4'22,12.0,0.713333
RITM,2023-01-10,8.63,Q1'23,Q4'22,12.0,0.719167
RITM,2023-01-11,8.78,Q1'23,Q4'22,12.0,0.731667
RITM,2023-01-12,8.85,Q1'23,Q4'22,12.0,0.7375
RITM,2023-01-13,8.86,Q1'23,Q4'22,12.0,0.738333
RITM,2023-01-17,8.84,Q1'23,Q4'22,12.0,0.736667
RITM,2023-01-18,8.87,Q1'23,Q4'22,12.0,0.739167
RITM,2023-01-19,8.88,Q1'23,Q4'22,12.0,0.74
RITM,2023-01-20,9.03,Q1'23,Q4'22,12.0,0.7525
RITM,2023-01-23,9.17,Q1'23,Q4'22,12.0,0.764167
RITM,2023-01-24,9.23,Q1'23,Q4'22,12.0,0.769167
RITM,2023-01-25,9.21,Q1'23,Q4'22,12.0,0.7675
RITM,2023-01-26,9.31,Q1'23,Q4'22,12.0,0.775833
RITM,2023-01-27,9.33,Q1'23,Q4'22,12.0,0.7775
RITM,2023-01-30,9.28,Q1'23,Q4'22,12.0,0.773333
RITM,2023-01-31,9.41,Q1'23,Q4'22,12.0,0.784167
RITM,2023-02-01,9.5,Q1'23,Q4'22,12.0,0.791667
RITM,2023-02-02,9.58,Q1'23,Q4'22,12.0,0.798333
RITM,2023-02-03,9.46,Q1'23,Q4'22,12.0,0.788333
RITM,2023-02-06,9.2,Q1'23,Q4'22,12.0,0.766667
RITM,2023-02-07,9.25,Q1'23,Q4'22,12.0,0.770833
RITM,2023-02-08,9.53,Q1'23,Q4'22,12.0,0.794167
RITM,2023-02-09,9.44,Q1'23,Q4'22,12.0,0.786667
RITM,2023-02-10,9.48,Q1'23,Q4'22,12.0,0.79
RITM,2023-02-13,9.58,Q1'23,Q4'22,12.0,0.798333
RITM,2023-02-14,9.56,Q1'23,Q4'22,12.0,0.796667
RITM,2023-02-15,9.58,Q1'23,Q4'22,12.0,0.798333
RITM,2023-02-16,9.53,Q1'23,Q4'22,12.0,0.794167
RITM,2023-02-17,9.52,Q1'23,Q4'22,12.0,0.793333
RITM,2023-02-21,9.16,Q1'23,Q4'22,12.0,0.763333
RITM,2023-02-22,9.23,Q1'23,Q4'22,12.0,0.769167
RITM,2023-02-23,9.25,Q1'23,Q4'22,12.0,0.770833
RITM,2023-02-24,9.16,Q1'23,Q4'22,12.0,0.763333
RITM,2023-02-27,9.15,Q1'23,Q4'22,12.0,0.7625
RITM,2023-02-28,9.1,Q1'23,Q4'22,12.0,0.758333
RITM,2023-03-01,9.04,Q1'23,Q4'22,12.0,0.753333
RITM,2023-03-02,8.97,Q1'23,Q4'22,12.0,0.7475
RITM,2023-03-03,9.06,Q1'23,Q4'22,12.0,0.755
RITM,2023-03-06,9.08,Q1'23,Q4'22,12.0,0.756667
RITM,2023-03-07,8.92,Q1'23,Q4'22,12.0,0.743333
RITM,2023-03-08,8.87,Q1'23,Q4'22,12.0,0.739167
RITM,2023-03-09,8.54,Q1'23,Q4'22,12.0,0.711667
RITM,2023-03-10,8.21,Q1'23,Q4'22,12.0,0.684167
RITM,2023-03-13,8.02,Q1'23,Q4'22,12.0,0.668333
RITM,2023-03-14,8.32,Q1'23,Q4'22,12.0,0.693333
RITM,2023-03-15,8.0,Q1'23,Q4'22,12.0,0.666667
RITM,2023-03-16,8.02,Q1'23,Q4'22,12.0,0.668333
RITM,2023-03-17,7.72,Q1'23,Q4'22,12.0,0.643333
RITM,2023-03-20,7.76,Q1'23,Q4'22,12.0,0.646667
RITM,2023-03-21,8.03,Q1'23,Q4'22,12.0,0.669167
RITM,2023-03-22,7.75,Q1'23,Q4'22,12.0,0.645833
RITM,2023-03-23,7.58,Q1'23,Q4'22,12.0,0.631667
RITM,2023-03-24,7.71,Q1'23,Q4'22,12.0,0.6425
RITM,2023-03-27,7.88,Q1'23,Q4'22,12.0,0.656667
RITM,2023-03-28,7.95,Q1'23,Q4'22,12.0,0.6625
RITM,2023-03-29,8.0,Q1'23,Q4'22,12.0,0.666667
RITM,2023-03-30,7.84,Q1'23,Q4'22,12.0,0.653333
RITM,2023-03-31,8.0,Q1'23,Q4'22,12.0,0.666667
RITM,2023-04-03,7.94,Q2'23,Q1'23,11.67,0.680377
RITM,2023-04-04,7.89,Q2'23,Q1'23,11.67,0.676093
RITM,2023-04-05,7.84,Q2'23,Q1'23,11.67,0.671808
RITM,2023-04-06,7.8,Q2'23,Q1'23,11.67,0.66838
RITM,2023-04-10,7.8,Q2'23,Q1'23,11.67,0.66838
RITM,2023-04-11,7.92,Q2'23,Q1'23,11.67,0.678663
RITM,2023-04-12,7.88,Q2'23,Q1'23,11.67,0.675236
RITM,2023-04-13,7.93,Q2'23,Q1'23,11.67,0.67952
RITM,2023-04-14,7.89,Q2'23,Q1'23,11.67,0.676093
RITM,2023-04-17,8.07,Q2'23,Q1'23,11.67,0.691517
RITM,2023-04-18,7.99,Q2'23,Q1'23,11.67,0.684662
RITM,2023-04-19,8.07,Q2'23,Q1'23,11.67,0.691517
RITM,2023-04-20,8.06,Q2'23,Q1'23,11.67,0.69066
RITM,2023-04-21,8.04,Q2'23,Q1'23,11.67,0.688946
RITM,2023-04-24,8.05,Q2'23,Q1'23,11.67,0.689803
RITM,2023-04-25,7.87,Q2'23,Q1'23,11.67,0.674379
RITM,2023-04-26,7.87,Q2'23,Q1'23,11.67,0.674379
RITM,2023-04-27,8.06,Q2'23,Q1'23,11.67,0.69066
RITM,2023-04-28,8.16,Q2'23,Q1'23,11.67,0.699229
RITM,2023-05-01,8.03,Q2'23,Q1'23,11.67,0.688089
RITM,2023-05-02,7.8,Q2'23,Q1'23,11.67,0.66838
RITM,2023-05-03,7.71,Q2'23,Q1'23,11.67,0.660668
RITM,2023-05-04,7.64,Q2'23,Q1'23,11.67,0.65467
RITM,2023-05-05,7.88,Q2'23,Q1'23,11.67,0.675236
RITM,2023-05-08,7.95,Q2'23,Q1'23,11.67,0.681234
RITM,2023-05-09,7.93,Q2'23,Q1'23,11.67,0.67952
RITM,2023-05-10,7.9,Q2'23,Q1'23,11.67,0.676949
RITM,2023-05-11,7.91,Q2'23,Q1'23,11.67,0.677806
RITM,2023-05-12,7.93,Q2'23,Q1'23,11.67,0.67952
RITM,2023-05-15,8.03,Q2'23,Q1'23,11.67,0.688089
RITM,2023-05-16,7.89,Q2'23,Q1'23,11.67,0.676093
RITM,2023-05-17,8.12,Q2'23,Q1'23,11.67,0.695801
RITM,2023-05-18,8.24,Q2'23,Q1'23,11.67,0.706084
RITM,2023-05-19,8.22,Q2'23,Q1'23,11.67,0.70437
RITM,2023-05-22,8.21,Q2'23,Q1'23,11.67,0.703513
RITM,2023-05-23,8.19,Q2'23,Q1'23,11.67,0.701799
RITM,2023-05-24,8.04,Q2'23,Q1'23,11.67,0.688946
RITM,2023-05-25,7.93,Q2'23,Q1'23,11.67,0.67952
RITM,2023-05-26,8.17,Q2'23,Q1'23,11.67,0.700086
RITM,2023-05-30,8.27,Q2'23,Q1'23,11.67,0.708655
RITM,2023-05-31,8.14,Q2'23,Q1'23,11.67,0.697515
RITM,2023-06-01,8.28,Q2'23,Q1'23,11.67,0.709512
RITM,2023-06-02,8.6,Q2'23,Q1'23,11.67,0.736932
RITM,2023-06-05,8.59,Q2'23,Q1'23,11.67,0.736075
RITM,2023-06-06,8.76,Q2'23,Q1'23,11.67,0.750643
RITM,2023-06-07,8.89,Q2'23,Q1'23,11.67,0.761782
RITM,2023-06-08,8.92,Q2'23,Q1'23,11.67,0.764353
RITM,2023-06-09,8.91,Q2'23,Q1'23,11.67,0.763496
RITM,2023-06-12,9.04,Q2'23,Q1'23,11.67,0.774636
RITM,2023-06-13,9.19,Q2'23,Q1'23,11.67,0.787489
RITM,2023-06-14,9.15,Q2'23,Q1'23,11.67,0.784062
RITM,2023-06-15,9.35,Q2'23,Q1'23,11.67,0.8012
RITM,2023-06-16,9.3,Q2'23,Q1'23,11.67,0.796915
RITM,2023-06-20,9.23,Q2'23,Q1'23,11.67,0.790917
RITM,2023-06-21,9.33,Q2'23,Q1'23,11.67,0.799486
RITM,2023-06-22,9.24,Q2'23,Q1'23,11.67,0.791774
RITM,2023-06-23,9.1,Q2'23,Q1'23,11.67,0.779777
RITM,2023-06-26,9.24,Q2'23,Q1'23,11.67,0.791774
RITM,2023-06-27,9.4,Q2'23,Q1'23,11.67,0.805484
RITM,2023-06-28,9.49,Q2'23,Q1'23,11.67,0.813196
RITM,2023-06-29,9.57,Q2'23,Q1'23,11.67,0.820051
RITM,2023-06-30,9.35,Q2'23,Q1'23,11.67,0.8012
RITM,2023-07-03,9.32,Q3'23,Q2'23,12.16,0.766447
RITM,2023-07-05,9.22,Q3'23,Q2'23,12.16,0.758224
RITM,2023-07-06,9.08,Q3'23,Q2'23,12.16,0.746711
RITM,2023-07-07,9.26,Q3'23,Q2'23,12.16,0.761513
RITM,2023-07-10,9.31,Q3'23,Q2'23,12.16,0.765625
RITM,2023-07-11,9.34,Q3'23,Q2'23,12.16,0.768092
RITM,2023-07-12,9.4,Q3'23,Q2'23,12.16,0.773026
RITM,2023-07-13,9.52,Q3'23,Q2'23,12.16,0.782895
RITM,2023-07-14,9.47,Q3'23,Q2'23,12.16,0.778783
RITM,2023-07-17,9.51,Q3'23,Q2'23,12.16,0.782072
RITM,2023-07-18,9.65,Q3'23,Q2'23,12.16,0.793585
RITM,2023-07-19,9.84,Q3'23,Q2'23,12.16,0.809211
RITM,2023-07-20,9.75,Q3'23,Q2'23,12.16,0.801809
RITM,2023-07-21,9.73,Q3'23,Q2'23,12.16,0.800164
RITM,2023-07-24,10.26,Q3'23,Q2'23,12.16,0.84375
RITM,2023-07-25,10.12,Q3'23,Q2'23,12.16,0.832237
RITM,2023-07-26,10.19,Q3'23,Q2'23,12.16,0.837993
RITM,2023-07-27,10.06,Q3'23,Q2'23,12.16,0.827303
RITM,2023-07-28,10.17,Q3'23,Q2'23,12.16,0.836349
RITM,2023-07-31,10.08,Q3'23,Q2'23,12.16,0.828947
RITM,2023-08-01,10.06,Q3'23,Q2'23,12.16,0.827303
RITM,2023-08-02,10.21,Q3'23,Q2'23,12.16,0.839638
RITM,2023-08-03,10.02,Q3'23,Q2'23,12.16,0.824013
RITM,2023-08-04,10.16,Q3'23,Q2'23,12.16,0.835526
RITM,2023-08-07,10.29,Q3'23,Q2'23,12.16,0.846217
RITM,2023-08-08,10.29,Q3'23,Q2'23,12.16,0.846217
RITM,2023-08-09,10.27,Q3'23,Q2'23,12.16,0.844572
RITM,2023-08-10,10.14,Q3'23,Q2'23,12.16,0.833882
RITM,2023-08-11,10.12,Q3'23,Q2'23,12.16,0.832237
RITM,2023-08-14,9.99,Q3'23,Q2'23,12.16,0.821546
RITM,2023-08-15,9.84,Q3'23,Q2'23,12.16,0.809211
RITM,2023-08-16,9.74,Q3'23,Q2'23,12.16,0.800987
RITM,2023-08-17,9.59,Q3'23,Q2'23,12.16,0.788651
RITM,2023-08-18,9.6,Q3'23,Q2'23,12.16,0.789474
RITM,2023-08-21,9.62,Q3'23,Q2'23,12.16,0.791118
RITM,2023-08-22,9.57,Q3'23,Q2'23,12.16,0.787007
RITM,2023-08-23,9.72,Q3'23,Q2'23,12.16,0.799342
RITM,2023-08-24,9.8,Q3'23,Q2'23,12.16,0.805921
RITM,2023-08-25,9.89,Q3'23,Q2'23,12.16,0.813322
RITM,2023-08-28,10.17,Q3'23,Q2'23,12.16,0.836349
RITM,2023-08-29,10.28,Q3'23,Q2'23,12.16,0.845395
RITM,2023-08-30,10.27,Q3'23,Q2'23,12.16,0.844572
RITM,2023-08-31,10.31,Q3'23,Q2'23,12.16,0.847862
RITM,2023-09-01,10.4,Q3'23,Q2'23,12.16,0.855263
RITM,2023-09-05,10.26,Q3'23,Q2'23,12.16,0.84375
RITM,2023-09-06,10.22,Q3'23,Q2'23,12.16,0.840461
RITM,2023-09-07,10.15,Q3'23,Q2'23,12.16,0.834704
RITM,2023-09-08,10.13,Q3'23,Q2'23,12.16,0.833059
RITM,2023-09-11,10.17,Q3'23,Q2'23,12.16,0.836349
RITM,2023-09-12,10.07,Q3'23,Q2'23,12.16,0.828125
RITM,2023-09-13,9.95,Q3'23,Q2'23,12.16,0.818257
RITM,2023-09-14,10.13,Q3'23,Q2'23,12.16,0.833059
RITM,2023-09-15,10.07,Q3'23,Q2'23,12.16,0.828125
RITM,2023-09-18,10.03,Q3'23,Q2'23,12.16,0.824836
RITM,2023-09-19,10.02,Q3'23,Q2'23,12.16,0.824013
RITM,2023-09-20,9.93,Q3'23,Q2'23,12.16,0.816612
RITM,2023-09-21,9.6,Q3'23,Q2'23,12.16,0.789474
RITM,2023-09-22,9.66,Q3'23,Q2'23,12.16,0.794408
RITM,2023-09-25,9.63,Q3'23,Q2'23,12.16,0.791941
RITM,2023-09-26,9.39,Q3'23,Q2'23,12.16,0.772204
RITM,2023-09-27,9.47,Q3'23,Q2'23,12.16,0.778783
RITM,2023-09-28,9.26,Q3'23,Q2'23,12.16,0.761513
RITM,2023-09-29,9.29,Q3'23,Q2'23,12.16,0.76398
RITM,2023-10-02,9.29,Q4'23,Q3'23,12.32,0.754058
RITM,2023-10-03,9.01,Q4'23,Q3'23,12.32,0.731331
RITM,2023-10-04,9.02,Q4'23,Q3'23,12.32,0.732143
RITM,2023-10-05,9.12,Q4'23,Q3'23,12.32,0.74026
RITM,2023-10-06,9.16,Q4'23,Q3'23,12.32,0.743506
RITM,2023-10-09,9.29,Q4'23,Q3'23,12.32,0.754058
RITM,2023-10-10,9.33,Q4'23,Q3'23,12.32,0.757305
RITM,2023-10-11,9.46,Q4'23,Q3'23,12.32,0.767857
RITM,2023-10-12,9.33,Q4'23,Q3'23,12.32,0.757305
RITM,2023-10-13,9.19,Q4'23,Q3'23,12.32,0.745942
RITM,2023-10-16,9.4,Q4'23,Q3'23,12.32,0.762987
RITM,2023-10-17,9.44,Q4'23,Q3'23,12.32,0.766234
RITM,2023-10-18,9.26,Q4'23,Q3'23,12.32,0.751623
RITM,2023-10-19,9.08,Q4'23,Q3'23,12.32,0.737013
RITM,2023-10-20,9.01,Q4'23,Q3'23,12.32,0.731331
RITM,2023-10-23,9.02,Q4'23,Q3'23,12.32,0.732143
RITM,2023-10-24,9.03,Q4'23,Q3'23,12.32,0.732955
RITM,2023-10-25,8.95,Q4'23,Q3'23,12.32,0.726461
RITM,2023-10-26,9.19,Q4'23,Q3'23,12.32,0.745942
RITM,2023-10-27,9.14,Q4'23,Q3'23,12.32,0.741883
RITM,2023-10-30,9.2,Q4'23,Q3'23,12.32,0.746753
RITM,2023-10-31,9.33,Q4'23,Q3'23,12.32,0.757305
RITM,2023-11-01,9.52,Q4'23,Q3'23,12.32,0.772727
RITM,2023-11-02,9.73,Q4'23,Q3'23,12.32,0.789773
RITM,2023-11-03,9.89,Q4'23,Q3'23,12.32,0.80276
RITM,2023-11-06,9.8,Q4'23,Q3'23,12.32,0.795455
RITM,2023-11-07,9.85,Q4'23,Q3'23,12.32,0.799513
RITM,2023-11-08,9.86,Q4'23,Q3'23,12.32,0.800325
RITM,2023-11-09,9.69,Q4'23,Q3'23,12.32,0.786526
RITM,2023-11-10,9.78,Q4'23,Q3'23,12.32,0.793831
RITM,2023-11-13,9.72,Q4'23,Q3'23,12.32,0.788961
RITM,2023-11-14,10.08,Q4'23,Q3'23,12.32,0.818182
RITM,2023-11-15,10.12,Q4'23,Q3'23,12.32,0.821429
RITM,2023-11-16,9.96,Q4'23,Q3'23,12.32,0.808442
RITM,2023-11-17,10.07,Q4'23,Q3'23,12.32,0.81737
RITM,2023-11-20,10.11,Q4'23,Q3'23,12.32,0.820617
RITM,2023-11-21,10.11,Q4'23,Q3'23,12.32,0.820617
RITM,2023-11-22,10.19,Q4'23,Q3'23,12.32,0.82711
RITM,2023-11-24,10.18,Q4'23,Q3'23,12.32,0.826299
RITM,2023-11-27,10.14,Q4'23,Q3'23,12.32,0.823052
RITM,2023-11-28,10.15,Q4'23,Q3'23,12.32,0.823864
RITM,2023-11-29,10.3,Q4'23,Q3'23,12.32,0.836039
RITM,2023-11-30,10.38,Q4'23,Q3'23,12.32,0.842532
RITM,2023-12-01,10.56,Q4'23,Q3'23,12.32,0.857143
RITM,2023-12-04,10.52,Q4'23,Q3'23,12.32,0.853896
RITM,2023-12-05,10.46,Q4'23,Q3'23,12.32,0.849026
RITM,2023-12-06,10.41,Q4'23,Q3'23,12.32,0.844968
RITM,2023-12-07,10.51,Q4'23,Q3'23,12.32,0.853084
RITM,2023-12-08,10.5,Q4'23,Q3'23,12.32,0.852273
RITM,2023-12-11,10.42,Q4'23,Q3'23,12.32,0.845779
RITM,2023-12-12,10.53,Q4'23,Q3'23,12.32,0.854708
RITM,2023-12-13,10.75,Q4'23,Q3'23,12.32,0.872565
RITM,2023-12-14,10.94,Q4'23,Q3'23,12.32,0.887987
RITM,2023-12-15,10.87,Q4'23,Q3'23,12.32,0.882305
RITM,2023-12-18,10.87,Q4'23,Q3'23,12.32,0.882305
RITM,2023-12-19,11.08,Q4'23,Q3'23,12.32,0.899351
RITM,2023-12-20,10.96,Q4'23,Q3'23,12.32,0.88961
RITM,2023-12-21,11.01,Q4'23,Q3'23,12.32,0.893669
RITM,2023-12-22,11.03,Q4'23,Q3'23,12.32,0.895292
RITM,2023-12-26,11.11,Q4'23,Q3'23,12.32,0.901786
RITM,2023-12-27,11.07,Q4'23,Q3'23,12.32,0.898539
RITM,2023-12-28,10.83,Q4'23,Q3'23,12.32,0.879058
RITM,2023-12-29,10.68,Q4'23,Q3'23,12.32,0.866883
RITM,2024-01-02,10.6,Q1'24,Q4'23,11.9,0.890756
RITM,2024-01-03,10.34,Q1'24,Q4'23,11.9,0.868908
RITM,2024-01-04,10.25,Q1'24,Q4'23,11.9,0.861345
RITM,2024-01-05,10.4,Q1'24,Q4'23,11.9,0.87395
RITM,2024-01-08,10.64,Q1'24,Q4'23,11.9,0.894118
RITM,2024-01-09,10.52,Q1'24,Q4'23,11.9,0.884034
RITM,2024-01-10,10.57,Q1'24,Q4'23,11.9,0.888235
RITM,2024-01-11,10.58,Q1'24,Q4'23,11.9,0.889076
RITM,2024-01-12,10.66,Q1'24,Q4'23,11.9,0.895798
RITM,2024-01-16,10.63,Q1'24,Q4'23,11.9,0.893277
RITM,2024-01-17,10.59,Q1'24,Q4'23,11.9,0.889916
RITM,2024-01-18,10.67,Q1'24,Q4'23,11.9,0.896639
RITM,2024-01-19,10.83,Q1'24,Q4'23,11.9,0.910084
RITM,2024-01-22,10.9,Q1'24,Q4'23,11.9,0.915966
RITM,2024-01-23,10.92,Q1'24,Q4'23,11.9,0.917647
RITM,2024-01-24,10.97,Q1'24,Q4'23,11.9,0.921849
RITM,2024-01-25,11.02,Q1'24,Q4'23,11.9,0.92605
RITM,2024-01-26,10.99,Q1'24,Q4'23,11.9,0.923529
RITM,2024-01-29,11.0,Q1'24,Q4'23,11.9,0.92437
RITM,2024-01-30,10.93,Q1'24,Q4'23,11.9,0.918487
RITM,2024-01-31,10.7,Q1'24,Q4'23,11.9,0.89916
RITM,2024-02-01,10.67,Q1'24,Q4'23,11.9,0.896639
RITM,2024-02-02,10.56,Q1'24,Q4'23,11.9,0.887395
RITM,2024-02-05,10.56,Q1'24,Q4'23,11.9,0.887395
RITM,2024-02-06,10.58,Q1'24,Q4'23,11.9,0.889076
RITM,2024-02-07,10.18,Q1'24,Q4'23,11.9,0.855462
RITM,2024-02-08,10.12,Q1'24,Q4'23,11.9,0.85042
RITM,2024-02-09,10.21,Q1'24,Q4'23,11.9,0.857983
RITM,2024-02-12,10.4,Q1'24,Q4'23,11.9,0.87395
RITM,2024-02-13,10.16,Q1'24,Q4'23,11.9,0.853781
RITM,2024-02-14,10.32,Q1'24,Q4'23,11.9,0.867227
RITM,2024-02-15,10.65,Q1'24,Q4'23,11.9,0.894958
RITM,2024-02-16,10.58,Q1'24,Q4'23,11.9,0.889076
RITM,2024-02-20,10.52,Q1'24,Q4'23,11.9,0.884034
RITM,2024-02-21,10.6,Q1'24,Q4'23,11.9,0.890756
RITM,2024-02-22,10.57,Q1'24,Q4'23,11.9,0.888235
RITM,2024-02-23,10.7,Q1'24,Q4'23,11.9,0.89916
RITM,2024-02-26,10.71,Q1'24,Q4'23,11.9,0.9
RITM,2024-02-27,10.64,Q1'24,Q4'23,11.9,0.894118
RITM,2024-02-28,10.63,Q1'24,Q4'23,11.9,0.893277
RITM,2024-02-29,10.84,Q1'24,Q4'23,11.9,0.910924
RITM,2024-03-01,10.98,Q1'24,Q4'23,11.9,0.922689
RITM,2024-03-04,10.8,Q1'24,Q4'23,11.9,0.907563
RITM,2024-03-05,10.85,Q1'24,Q4'23,11.9,0.911765
RITM,2024-03-06,10.89,Q1'24,Q4'23,11.9,0.915126
RITM,2024-03-07,10.98,Q1'24,Q4'23,11.9,0.922689
RITM,2024-03-08,10.92,Q1'24,Q4'23,11.9,0.917647
RITM,2024-03-11,10.93,Q1'24,Q4'23,11.9,0.918487
RITM,2024-03-12,11.12,Q1'24,Q4'23,11.9,0.934454
RITM,2024-03-13,11.15,Q1'24,Q4'23,11.9,0.936975
RITM,2024-03-14,10.86,Q1'24,Q4'23,11.9,0.912605
RITM,2024-03-15,10.92,Q1'24,Q4'23,11.9,0.917647
RITM,2024-03-18,10.87,Q1'24,Q4'23,11.9,0.913445
RITM,2024-03-19,10.95,Q1'24,Q4'23,11.9,0.920168
RITM,2024-03-20,11.16,Q1'24,Q4'23,11.9,0.937815
RITM,2024-03-21,11.27,Q1'24,Q4'23,11.9,0.947059
RITM,2024-03-22,11.13,Q1'24,Q4'23,11.9,0.935294
RITM,2024-03-25,11.18,Q1'24,Q4'23,11.9,0.939496
RITM,2024-03-26,11.09,Q1'24,Q4'23,11.9,0.931933
RITM,2024-03-27,11.32,Q1'24,Q4'23,11.9,0.95126
RITM,2024-03-28,11.16,Q1'24,Q4'23,11.9,0.937815
RITM,2024-04-01,10.93,Q2'24,Q1'24,12.19,0.896637
RITM,2024-04-02,10.81,Q2'24,Q1'24,12.19,0.886792
RITM,2024-04-03,10.85,Q2'24,Q1'24,12.19,0.890074
RITM,2024-04-04,10.77,Q2'24,Q1'24,12.19,0.883511
RITM,2024-04-05,10.86,Q2'24,Q1'24,12.19,0.890894
RITM,2024-04-08,10.99,Q2'24,Q1'24,12.19,0.901559
RITM,2024-04-09,11.0,Q2'24,Q1'24,12.19,0.902379
RITM,2024-04-10,10.7,Q2'24,Q1'24,12.19,0.877769
RITM,2024-04-11,10.76,Q2'24,Q1'24,12.19,0.882691
RITM,2024-04-12,10.6,Q2'24,Q1'24,12.19,0.869565
RITM,2024-04-15,10.55,Q2'24,Q1'24,12.19,0.865464
RITM,2024-04-16,10.54,Q2'24,Q1'24,12.19,0.864643
RITM,2024-04-17,10.52,Q2'24,Q1'24,12.19,0.863002
RITM,2024-04-18,10.65,Q2'24,Q1'24,12.19,0.873667
RITM,2024-04-19,10.82,Q2'24,Q1'24,12.19,0.887613
RITM,2024-04-22,10.94,Q2'24,Q1'24,12.19,0.897457
RITM,2024-04-23,11.08,Q2'24,Q1'24,12.19,0.908942
RITM,2024-04-24,11.13,Q2'24,Q1'24,12.19,0.913043
RITM,2024-04-25,11.12,Q2'24,Q1'24,12.19,0.912223
RITM,2024-04-26,11.21,Q2'24,Q1'24,12.19,0.919606
RITM,2024-04-29,11.22,Q2'24,Q1'24,12.19,0.920427
RITM,2024-04-30,11.12,Q2'24,Q1'24,12.19,0.912223
RITM,2024-05-01,11.16,Q2'24,Q1'24,12.19,0.915504
RITM,2024-05-02,11.25,Q2'24,Q1'24,12.19,0.922888
RITM,2024-05-03,11.32,Q2'24,Q1'24,12.19,0.92863
RITM,2024-05-06,11.32,Q2'24,Q1'24,12.19,0.92863
RITM,2024-05-07,11.31,Q2'24,Q1'24,12.19,0.92781
RITM,2024-05-08,11.22,Q2'24,Q1'24,12.19,0.920427
RITM,2024-05-09,11.32,Q2'24,Q1'24,12.19,0.92863
RITM,2024-05-10,11.38,Q2'24,Q1'24,12.19,0.933552
RITM,2024-05-13,11.31,Q2'24,Q1'24,12.19,0.92781
RITM,2024-05-14,11.4,Q2'24,Q1'24,12.19,0.935193
RITM,2024-05-15,11.56,Q2'24,Q1'24,12.19,0.948318
RITM,2024-05-16,11.46,Q2'24,Q1'24,12.19,0.940115
RITM,2024-05-17,11.47,Q2'24,Q1'24,12.19,0.940935
RITM,2024-05-20,11.33,Q2'24,Q1'24,12.19,0.92945
RITM,2024-05-21,11.31,Q2'24,Q1'24,12.19,0.92781
RITM,2024-05-22,11.15,Q2'24,Q1'24,12.19,0.914684
RITM,2024-05-23,10.91,Q2'24,Q1'24,12.19,0.894996
RITM,2024-05-24,11.02,Q2'24,Q1'24,12.19,0.90402
RITM,2024-05-28,10.99,Q2'24,Q1'24,12.19,0.901559
RITM,2024-05-29,10.91,Q2'24,Q1'24,12.19,0.894996
RITM,2024-05-30,11.09,Q2'24,Q1'24,12.19,0.909762
RITM,2024-05-31,11.21,Q2'24,Q1'24,12.19,0.919606
RITM,2024-06-03,11.26,Q2'24,Q1'24,12.19,0.923708
RITM,2024-06-04,11.24,Q2'24,Q1'24,12.19,0.922067
RITM,2024-06-05,11.28,Q2'24,Q1'24,12.19,0.925349
RITM,2024-06-06,11.19,Q2'24,Q1'24,12.19,0.917966
RITM,2024-06-07,11.14,Q2'24,Q1'24,12.19,0.913864
RITM,2024-06-10,11.09,Q2'24,Q1'24,12.19,0.909762
RITM,2024-06-11,10.96,Q2'24,Q1'24,12.19,0.899098
RITM,2024-06-12,11.12,Q2'24,Q1'24,12.19,0.912223
RITM,2024-06-13,11.26,Q2'24,Q1'24,12.19,0.923708
RITM,2024-06-14,11.15,Q2'24,Q1'24,12.19,0.914684
RITM,2024-06-17,11.19,Q2'24,Q1'24,12.19,0.917966
RITM,2024-06-18,11.13,Q2'24,Q1'24,12.19,0.913043
RITM,2024-06-20,11.12,Q2'24,Q1'24,12.19,0.912223
RITM,2024-06-21,11.05,Q2'24,Q1'24,12.19,0.906481
RITM,2024-06-24,11.1,Q2'24,Q1'24,12.19,0.910582
RITM,2024-06-25,10.95,Q2'24,Q1'24,12.19,0.898277
RITM,2024-06-26,10.89,Q2'24,Q1'24,12.19,0.893355
RITM,2024-06-27,10.8,Q2'24,Q1'24,12.19,0.885972
RITM,2024-06-28,10.91,Q2'24,Q1'24,12.19,0.894996
RITM,2024-07-01,10.58,Q3'24,Q2'24,12.39,0.853914
RITM,2024-07-02,10.73,Q3'24,Q2'24,12.39,0.866021
RITM,2024-07-03,10.65,Q3'24,Q2'24,12.39,0.859564
RITM,2024-07-05,10.54,Q3'24,Q2'24,12.39,0.850686
RITM,2024-07-08,10.59,Q3'24,Q2'24,12.39,0.854722
RITM,2024-07-09,10.68,Q3'24,Q2'24,12.39,0.861985
RITM,2024-07-10,10.81,Q3'24,Q2'24,12.39,0.872478
RITM,2024-07-11,11.05,Q3'24,Q2'24,12.39,0.891848
RITM,2024-07-12,11.1,Q3'24,Q2'24,12.39,0.895884
RITM,2024-07-15,11.24,Q3'24,Q2'24,12.39,0.907183
RITM,2024-07-16,11.5,Q3'24,Q2'24,12.39,0.928168
RITM,2024-07-17,11.6,Q3'24,Q2'24,12.39,0.936239
RITM,2024-07-18,11.57,Q3'24,Q2'24,12.39,0.933818
RITM,2024-07-19,11.62,Q3'24,Q2'24,12.39,0.937853
RITM,2024-07-22,11.66,Q3'24,Q2'24,12.39,0.941082
RITM,2024-07-23,11.57,Q3'24,Q2'24,12.39,0.933818
RITM,2024-07-24,11.22,Q3'24,Q2'24,12.39,0.905569
RITM,2024-07-25,11.37,Q3'24,Q2'24,12.39,0.917676
RITM,2024-07-26,11.45,Q3'24,Q2'24,12.39,0.924132
RITM,2024-07-29,11.42,Q3'24,Q2'24,12.39,0.921711
RITM,2024-07-30,11.53,Q3'24,Q2'24,12.39,0.930589
RITM,2024-07-31,11.61,Q3'24,Q2'24,12.39,0.937046
RITM,2024-08-01,11.35,Q3'24,Q2'24,12.39,0.916061
RITM,2024-08-02,11.17,Q3'24,Q2'24,12.39,0.901534
RITM,2024-08-05,10.77,Q3'24,Q2'24,12.39,0.869249
RITM,2024-08-06,10.95,Q3'24,Q2'24,12.39,0.883777
RITM,2024-08-07,10.93,Q3'24,Q2'24,12.39,0.882163
RITM,2024-08-08,11.1,Q3'24,Q2'24,12.39,0.895884
RITM,2024-08-09,11.16,Q3'24,Q2'24,12.39,0.900726
RITM,2024-08-12,10.97,Q3'24,Q2'24,12.39,0.885391
RITM,2024-08-13,11.13,Q3'24,Q2'24,12.39,0.898305
RITM,2024-08-14,11.17,Q3'24,Q2'24,12.39,0.901534
RITM,2024-08-15,11.36,Q3'24,Q2'24,12.39,0.916868
RITM,2024-08-16,11.44,Q3'24,Q2'24,12.39,0.923325
RITM,2024-08-19,11.51,Q3'24,Q2'24,12.39,0.928975
RITM,2024-08-20,11.43,Q3'24,Q2'24,12.39,0.922518
RITM,2024-08-21,11.36,Q3'24,Q2'24,12.39,0.916868
RITM,2024-08-22,11.4,Q3'24,Q2'24,12.39,0.920097
RITM,2024-08-23,11.57,Q3'24,Q2'24,12.39,0.933818
RITM,2024-08-26,11.6,Q3'24,Q2'24,12.39,0.936239
RITM,2024-08-27,11.62,Q3'24,Q2'24,12.39,0.937853
RITM,2024-08-28,11.71,Q3'24,Q2'24,12.39,0.945117
RITM,2024-08-29,11.84,Q3'24,Q2'24,12.39,0.955609
RITM,2024-08-30,11.94,Q3'24,Q2'24,12.39,0.96368
RITM,2024-09-03,11.74,Q3'24,Q2'24,12.39,0.947538
RITM,2024-09-04,11.61,Q3'24,Q2'24,12.39,0.937046
RITM,2024-09-05,11.61,Q3'24,Q2'24,12.39,0.937046
RITM,2024-09-06,11.6,Q3'24,Q2'24,12.39,0.936239
RITM,2024-09-09,11.58,Q3'24,Q2'24,12.39,0.934625
RITM,2024-09-10,11.58,Q3'24,Q2'24,12.39,0.934625
RITM,2024-09-11,11.42,Q3'24,Q2'24,12.39,0.921711
RITM,2024-09-12,11.57,Q3'24,Q2'24,12.39,0.933818
RITM,2024-09-13,11.77,Q3'24,Q2'24,12.39,0.94996
RITM,2024-09-16,11.91,Q3'24,Q2'24,12.39,0.961259
RITM,2024-09-17,11.89,Q3'24,Q2'24,12.39,0.959645
RITM,2024-09-18,11.81,Q3'24,Q2'24,12.39,0.953188
RITM,2024-09-19,11.91,Q3'24,Q2'24,12.39,0.961259
RITM,2024-09-20,11.88,Q3'24,Q2'24,12.39,0.958838
RITM,2024-09-23,11.78,Q3'24,Q2'24,12.39,0.950767
RITM,2024-09-24,11.81,Q3'24,Q2'24,12.39,0.953188
RITM,2024-09-25,11.22,Q3'24,Q2'24,12.39,0.905569
RITM,2024-09-26,11.26,Q3'24,Q2'24,12.39,0.908797
RITM,2024-09-27,11.32,Q3'24,Q2'24,12.39,0.91364
RITM,2024-09-30,11.35,Q3'24,Q2'24,12.39,0.916061
RITM,2024-10-01,10.94,Q4'24,Q3'24,12.31,0.888708
RITM,2024-10-02,10.85,Q4'24,Q3'24,12.31,0.881397
RITM,2024-10-03,10.81,Q4'24,Q3'24,12.31,0.878148
RITM,2024-10-04,10.81,Q4'24,Q3'24,12.31,0.878148
RITM,2024-10-07,10.58,Q4'24,Q3'24,12.31,0.859464
RITM,2024-10-08,10.66,Q4'24,Q3'24,12.31,0.865963
RITM,2024-10-09,10.62,Q4'24,Q3'24,12.31,0.862713
RITM,2024-10-10,10.65,Q4'24,Q3'24,12.31,0.86515
RITM,2024-10-11,10.65,Q4'24,Q3'24,12.31,0.86515
RITM,2024-10-14,10.77,Q4'24,Q3'24,12.31,0.874898
RITM,2024-10-15,10.85,Q4'24,Q3'24,12.31,0.881397
RITM,2024-10-16,10.9,Q4'24,Q3'24,12.31,0.885459
RITM,2024-10-17,10.83,Q4'24,Q3'24,12.31,0.879773
RITM,2024-10-18,10.84,Q4'24,Q3'24,12.31,0.880585
RITM,2024-10-21,10.6,Q4'24,Q3'24,12.31,0.861089
RITM,2024-10-22,10.6,Q4'24,Q3'24,12.31,0.861089
RITM,2024-10-23,10.56,Q4'24,Q3'24,12.31,0.857839
RITM,2024-10-24,10.57,Q4'24,Q3'24,12.31,0.858651
RITM,2024-10-25,10.48,Q4'24,Q3'24,12.31,0.85134
RITM,2024-10-28,10.47,Q4'24,Q3'24,12.31,0.850528
RITM,2024-10-29,10.7,Q4'24,Q3'24,12.31,0.869212
RITM,2024-10-30,10.79,Q4'24,Q3'24,12.31,0.876523
RITM,2024-10-31,10.59,Q4'24,Q3'24,12.31,0.860276
RITM,2024-11-01,10.48,Q4'24,Q3'24,12.31,0.85134
RITM,2024-11-04,10.41,Q4'24,Q3'24,12.31,0.845654
RITM,2024-11-05,10.52,Q4'24,Q3'24,12.31,0.85459
RITM,2024-11-06,10.56,Q4'24,Q3'24,12.31,0.857839
RITM,2024-11-07,10.67,Q4'24,Q3'24,12.31,0.866775
RITM,2024-11-08,10.78,Q4'24,Q3'24,12.31,0.875711
RITM,2024-11-11,10.81,Q4'24,Q3'24,12.31,0.878148
RITM,2024-11-12,10.73,Q4'24,Q3'24,12.31,0.871649
RITM,2024-11-13,10.74,Q4'24,Q3'24,12.31,0.872461
RITM,2024-11-14,10.78,Q4'24,Q3'24,12.31,0.875711
RITM,2024-11-15,10.72,Q4'24,Q3'24,12.31,0.870837
RITM,2024-11-18,10.66,Q4'24,Q3'24,12.31,0.865963
RITM,2024-11-19,10.66,Q4'24,Q3'24,12.31,0.865963
RITM,2024-11-20,10.64,Q4'24,Q3'24,12.31,0.864338
RITM,2024-11-21,10.79,Q4'24,Q3'24,12.31,0.876523
RITM,2024-11-22,10.98,Q4'24,Q3'24,12.31,0.891958
RITM,2024-11-25,11.15,Q4'24,Q3'24,12.31,0.905768
RITM,2024-11-26,11.13,Q4'24,Q3'24,12.31,0.904143
RITM,2024-11-27,11.18,Q4'24,Q3'24,12.31,0.908205
RITM,2024-11-29,11.25,Q4'24,Q3'24,12.31,0.913891
RITM,2024-12-02,11.2,Q4'24,Q3'24,12.31,0.909829
RITM,2024-12-03,11.16,Q4'24,Q3'24,12.31,0.90658
RITM,2024-12-04,11.15,Q4'24,Q3'24,12.31,0.905768
RITM,2024-12-05,11.11,Q4'24,Q3'24,12.31,0.902518
RITM,2024-12-06,11.24,Q4'24,Q3'24,12.31,0.913079
RITM,2024-12-09,11.18,Q4'24,Q3'24,12.31,0.908205
RITM,2024-12-10,11.14,Q4'24,Q3'24,12.31,0.904955
RITM,2024-12-11,11.15,Q4'24,Q3'24,12.31,0.905768
RITM,2024-12-12,11.16,Q4'24,Q3'24,12.31,0.90658
RITM,2024-12-13,11.12,Q4'24,Q3'24,12.31,0.903331
RITM,2024-12-16,11.18,Q4'24,Q3'24,12.31,0.908205
RITM,2024-12-17,11.05,Q4'24,Q3'24,12.31,0.897644
RITM,2024-12-18,10.7,Q4'24,Q3'24,12.31,0.869212
RITM,2024-12-19,10.67,Q4'24,Q3'24,12.31,0.866775
RITM,2024-12-20,10.94,Q4'24,Q3'24,12.31,0.888708
RITM,2024-12-23,10.91,Q4'24,Q3'24,12.31,0.886271
RITM,2024-12-24,11.03,Q4'24,Q3'24,12.31,0.896019
RITM,2024-12-26,10.99,Q4'24,Q3'24,12.31,0.89277
RITM,2024-12-27,10.92,Q4'24,Q3'24,12.31,0.887084
RITM,2024-12-30,10.87,Q4'24,Q3'24,12.31,0.883022
RITM,2024-12-31,10.83,Q4'24,Q3'24,12.31,0.879773
RITM,2025-01-02,10.86,Q1'25,Q4'24,12.56,0.86465
RITM,2025-01-03,11.15,Q1'25,Q4'24,12.56,0.887739
RITM,2025-01-06,11.06,Q1'25,Q4'24,12.56,0.880573
RITM,2025-01-07,11.0,Q1'25,Q4'24,12.56,0.875796
RITM,2025-01-08,10.96,Q1'25,Q4'24,12.56,0.872611
RITM,2025-01-10,10.7,Q1'25,Q4'24,12.56,0.851911
RITM,2025-01-13,10.71,Q1'25,Q4'24,12.56,0.852707
RITM,2025-01-14,10.99,Q1'25,Q4'24,12.56,0.875
RITM,2025-01-15,11.17,Q1'25,Q4'24,12.56,0.889331
RITM,2025-01-16,11.26,Q1'25,Q4'24,12.56,0.896497
RITM,2025-01-17,11.35,Q1'25,Q4'24,12.56,0.903662
RITM,2025-01-21,11.37,Q1'25,Q4'24,12.56,0.905255
RITM,2025-01-22,11.26,Q1'25,Q4'24,12.56,0.896497
RITM,2025-01-23,11.28,Q1'25,Q4'24,12.56,0.898089
RITM,2025-01-24,11.3,Q1'25,Q4'24,12.56,0.899682
RITM,2025-01-27,11.39,Q1'25,Q4'24,12.56,0.906847
RITM,2025-01-28,11.41,Q1'25,Q4'24,12.56,0.908439
RITM,2025-01-29,11.34,Q1'25,Q4'24,12.56,0.902866
RITM,2025-01-30,11.56,Q1'25,Q4'24,12.56,0.920382
RITM,2025-01-31,11.51,Q1'25,Q4'24,12.56,0.916401
RITM,2025-02-03,11.33,Q1'25,Q4'24,12.56,0.90207
RITM,2025-02-04,11.46,Q1'25,Q4'24,12.56,0.91242
RITM,2025-02-05,11.49,Q1'25,Q4'24,12.56,0.914809
RITM,2025-02-06,11.91,Q1'25,Q4'24,12.56,0.948248
RITM,2025-02-07,11.85,Q1'25,Q4'24,12.56,0.943471
RITM,2025-02-10,11.86,Q1'25,Q4'24,12.56,0.944267
RITM,2025-02-11,11.85,Q1'25,Q4'24,12.56,0.943471
RITM,2025-02-12,11.91,Q1'25,Q4'24,12.56,0.948248
RITM,2025-02-13,11.99,Q1'25,Q4'24,12.56,0.954618
RITM,2025-02-14,12.03,Q1'25,Q4'24,12.56,0.957803
RITM,2025-02-18,11.98,Q1'25,Q4'24,12.56,0.953822
RITM,2025-02-19,11.94,Q1'25,Q4'24,12.56,0.950637
RITM,2025-02-20,11.98,Q1'25,Q4'24,12.56,0.953822
RITM,2025-02-21,11.89,Q1'25,Q4'24,12.56,0.946656
RITM,2025-02-24,11.86,Q1'25,Q4'24,12.56,0.944267
RITM,2025-02-25,11.94,Q1'25,Q4'24,12.56,0.950637
RITM,2025-02-26,12.02,Q1'25,Q4'24,12.56,0.957006
RITM,2025-02-27,12.05,Q1'25,Q4'24,12.56,0.959395
RITM,2025-02-28,12.15,Q1'25,Q4'24,12.56,0.967357
RITM,2025-03-03,11.95,Q1'25,Q4'24,12.56,0.951433
RITM,2025-03-04,11.61,Q1'25,Q4'24,12.56,0.924363
RITM,2025-03-05,11.82,Q1'25,Q4'24,12.56,0.941083
RITM,2025-03-06,11.72,Q1'25,Q4'24,12.56,0.933121
RITM,2025-03-07,11.82,Q1'25,Q4'24,12.56,0.941083
RITM,2025-03-10,11.52,Q1'25,Q4'24,12.56,0.917197
RITM,2025-03-11,11.53,Q1'25,Q4'24,12.56,0.917994
RITM,2025-03-12,11.44,Q1'25,Q4'24,12.56,0.910828
RITM,2025-03-13,11.42,Q1'25,Q4'24,12.56,0.909236
RITM,2025-03-14,11.65,Q1'25,Q4'24,12.56,0.927548
RITM,2025-03-17,11.77,Q1'25,Q4'24,12.56,0.937102
RITM,2025-03-18,11.71,Q1'25,Q4'24,12.56,0.932325
RITM,2025-03-19,11.82,Q1'25,Q4'24,12.56,0.941083
RITM,2025-03-20,11.83,Q1'25,Q4'24,12.56,0.941879
RITM,2025-03-21,11.63,Q1'25,Q4'24,12.56,0.925955
RITM,2025-03-24,11.79,Q1'25,Q4'24,12.56,0.938694
RITM,2025-03-25,11.68,Q1'25,Q4'24,12.56,0.929936
RITM,2025-03-26,11.66,Q1'25,Q4'24,12.56,0.928344
RITM,2025-03-27,11.63,Q1'25,Q4'24,12.56,0.925955
RITM,2025-03-28,11.39,Q1'25,Q4'24,12.56,0.906847
RITM,2025-03-31,11.45,Q1'25,Q4'24,12.56,0.911624
RITM,2025-04-01,11.43,Q2'25,Q1'25,12.39,0.922518
RITM,2025-04-02,11.54,Q2'25,Q1'25,12.39,0.931396
RITM,2025-04-03,11.25,Q2'25,Q1'25,12.39,0.90799
RITM,2025-04-04,10.45,Q2'25,Q1'25,12.39,0.843422
RITM,2025-04-07,10.03,Q2'25,Q1'25,12.39,0.809524
RITM,2025-04-08,9.81,Q2'25,Q1'25,12.39,0.791768
RITM,2025-04-09,10.36,Q2'25,Q1'25,12.39,0.836158
RITM,2025-04-10,9.57,Q2'25,Q1'25,12.39,0.772397
RITM,2025-04-11,9.76,Q2'25,Q1'25,12.39,0.787732
RITM,2025-04-14,10.03,Q2'25,Q1'25,12.39,0.809524
RITM,2025-04-15,10.13,Q2'25,Q1'25,12.39,0.817595
RITM,2025-04-16,10.02,Q2'25,Q1'25,12.39,0.808717
RITM,2025-04-17,10.14,Q2'25,Q1'25,12.39,0.818402
RITM,2025-04-21,9.97,Q2'25,Q1'25,12.39,0.804681
RITM,2025-04-22,10.31,Q2'25,Q1'25,12.39,0.832123
RITM,2025-04-23,10.33,Q2'25,Q1'25,12.39,0.833737
RITM,2025-04-24,10.4,Q2'25,Q1'25,12.39,0.839387
RITM,2025-04-25,10.54,Q2'25,Q1'25,12.39,0.850686
RITM,2025-04-28,10.97,Q2'25,Q1'25,12.39,0.885391
RITM,2025-04-29,11.14,Q2'25,Q1'25,12.39,0.899112
RITM,2025-04-30,11.18,Q2'25,Q1'25,12.39,0.902341
RITM,2025-05-01,11.18,Q2'25,Q1'25,12.39,0.902341
RITM,2025-05-02,11.28,Q2'25,Q1'25,12.39,0.910412
RITM,2025-05-05,11.35,Q2'25,Q1'25,12.39,0.916061
RITM,2025-05-06,11.17,Q2'25,Q1'25,12.39,0.901534
RITM,2025-05-07,11.27,Q2'25,Q1'25,12.39,0.909605
RITM,2025-05-08,11.28,Q2'25,Q1'25,12.39,0.910412
RITM,2025-05-09,11.23,Q2'25,Q1'25,12.39,0.906376
RITM,2025-05-12,11.54,Q2'25,Q1'25,12.39,0.931396
RITM,2025-05-13,11.54,Q2'25,Q1'25,12.39,0.931396
RITM,2025-05-14,11.54,Q2'25,Q1'25,12.39,0.931396
RITM,2025-05-15,11.63,Q2'25,Q1'25,12.39,0.93866
RITM,2025-05-16,11.67,Q2'25,Q1'25,12.39,0.941889
RITM,2025-05-19,11.65,Q2'25,Q1'25,12.39,0.940274
RITM,2025-05-20,11.56,Q2'25,Q1'25,12.39,0.933011
RITM,2025-05-21,11.11,Q2'25,Q1'25,12.39,0.896691
RITM,2025-05-22,11.17,Q2'25,Q1'25,12.39,0.901534
RITM,2025-05-23,11.13,Q2'25,Q1'25,12.39,0.898305
RITM,2025-05-27,11.3,Q2'25,Q1'25,12.39,0.912026
RITM,2025-05-28,11.15,Q2'25,Q1'25,12.39,0.899919
RITM,2025-05-29,11.29,Q2'25,Q1'25,12.39,0.911219
RITM,2025-05-30,11.15,Q2'25,Q1'25,12.39,0.899919
RITM,2025-06-02,11.07,Q2'25,Q1'25,12.39,0.893462
RITM,2025-06-03,11.24,Q2'25,Q1'25,12.39,0.907183
RITM,2025-06-04,11.21,Q2'25,Q1'25,12.39,0.904762
RITM,2025-06-05,11.21,Q2'25,Q1'25,12.39,0.904762
RITM,2025-06-06,11.34,Q2'25,Q1'25,12.39,0.915254
RITM,2025-06-09,11.23,Q2'25,Q1'25,12.39,0.906376
RITM,2025-06-10,11.36,Q2'25,Q1'25,12.39,0.916868
RITM,2025-06-11,11.41,Q2'25,Q1'25,12.39,0.920904
RITM,2025-06-12,11.45,Q2'25,Q1'25,12.39,0.924132
RITM,2025-06-13,11.29,Q2'25,Q1'25,12.39,0.911219
RITM,2025-06-16,11.29,Q2'25,Q1'25,12.39,0.911219
RITM,2025-06-17,11.11,Q2'25,Q1'25,12.39,0.896691
RITM,2025-06-18,11.21,Q2'25,Q1'25,12.39,0.904762
RITM,2025-06-20,11.21,Q2'25,Q1'25,12.39,0.904762
RITM,2025-06-23,11.23,Q2'25,Q1'25,12.39,0.906376
RITM,2025-06-24,11.32,Q2'25,Q1'25,12.39,0.91364
RITM,2025-06-25,11.25,Q2'25,Q1'25,12.39,0.90799
RITM,2025-06-26,11.4,Q2'25,Q1'25,12.39,0.920097
RITM,2025-06-27,11.4,Q2'25,Q1'25,12.39,0.920097
RITM,2025-06-30,11.29,Q2'25,Q1'25,12.39,0.911219
RITM,2025-07-01,11.47,Q3'25,Q2'25,12.71,0.902439
RITM,2025-07-02,11.68,Q3'25,Q2'25,12.71,0.918961
RITM,2025-07-03,11.73,Q3'25,Q2'25,12.71,0.922895
RITM,2025-07-07,11.6,Q3'25,Q2'25,12.71,0.912667
RITM,2025-07-08,11.65,Q3'25,Q2'25,12.71,0.916601
RITM,2025-07-09,11.72,Q3'25,Q2'25,12.71,0.922109
RITM,2025-07-10,11.75,Q3'25,Q2'25,12.71,0.924469
RITM,2025-07-11,11.68,Q3'25,Q2'25,12.71,0.918961
RITM,2025-07-14,11.73,Q3'25,Q2'25,12.71,0.922895
RITM,2025-07-15,11.71,Q3'25,Q2'25,12.71,0.921322
RITM,2025-07-16,11.9,Q3'25,Q2'25,12.71,0.936271
RITM,2025-07-17,11.91,Q3'25,Q2'25,12.71,0.937057
RITM,2025-07-18,11.94,Q3'25,Q2'25,12.71,0.939418
RITM,2025-07-21,12.0,Q3'25,Q2'25,12.71,0.944138
RITM,2025-07-22,12.19,Q3'25,Q2'25,12.71,0.959087
RITM,2025-07-23,12.25,Q3'25,Q2'25,12.71,0.963808
RITM,2025-07-24,12.23,Q3'25,Q2'25,12.71,0.962234
RITM,2025-07-25,12.19,Q3'25,Q2'25,12.71,0.959087
RITM,2025-07-28,12.23,Q3'25,Q2'25,12.71,0.962234
RITM,2025-07-29,12.37,Q3'25,Q2'25,12.71,0.973249
RITM,2025-07-30,12.18,Q3'25,Q2'25,12.71,0.958301
RITM,2025-07-31,12.03,Q3'25,Q2'25,12.71,0.946499
RITM,2025-08-01,12.05,Q3'25,Q2'25,12.71,0.948072
RITM,2025-08-04,12.21,Q3'25,Q2'25,12.71,0.960661
RITM,2025-08-05,12.26,Q3'25,Q2'25,12.71,0.964595
RITM,2025-08-06,12.13,Q3'25,Q2'25,12.71,0.954367
RITM,2025-08-07,12.19,Q3'25,Q2'25,12.71,0.959087
RITM,2025-08-08,12.27,Q3'25,Q2'25,12.71,0.965382
RITM,2025-08-11,12.25,Q3'25,Q2'25,12.71,0.963808
RITM,2025-08-12,12.31,Q3'25,Q2'25,12.71,0.968529
RITM,2025-08-13,12.34,Q3'25,Q2'25,12.71,0.970889
RITM,2025-08-14,12.37,Q3'25,Q2'25,12.71,0.973249
RITM,2025-08-15,12.29,Q3'25,Q2'25,12.71,0.966955
RITM,2025-08-18,12.24,Q3'25,Q2'25,12.71,0.963021
RITM,2025-08-19,12.32,Q3'25,Q2'25,12.71,0.969315
RITM,2025-08-20,12.34,Q3'25,Q2'25,12.71,0.970889
RITM,2025-08-21,12.2,Q3'25,Q2'25,12.71,0.959874
RITM,2025-08-22,12.56,Q3'25,Q2'25,12.71,0.988198
RITM,2025-08-25,12.49,Q3'25,Q2'25,12.71,0.982691
RITM,2025-08-26,12.46,Q3'25,Q2'25,12.71,0.98033
RITM,2025-08-27,12.35,Q3'25,Q2'25,12.71,0.971676
RITM,2025-08-28,12.28,Q3'25,Q2'25,12.71,0.966168
RITM,2025-08-29,12.38,Q3'25,Q2'25,12.71,0.974036
RITM,2025-09-02,12.27,Q3'25,Q2'25,12.71,0.965382
RITM,2025-09-03,12.35,Q3'25,Q2'25,12.71,0.971676
RITM,2025-09-04,12.56,Q3'25,Q2'25,12.71,0.988198
RITM,2025-09-05,12.62,Q3'25,Q2'25,12.71,0.992919
RITM,2025-09-08,12.5,Q3'25,Q2'25,12.71,0.983478
RITM,2025-09-09,12.53,Q3'25,Q2'25,12.71,0.985838
RITM,2025-09-10,12.5,Q3'25,Q2'25,12.71,0.983478
RITM,2025-09-11,12.54,Q3'25,Q2'25,12.71,0.986625
RITM,2025-09-12,12.38,Q3'25,Q2'25,12.71,0.974036
RITM,2025-09-15,12.4,Q3'25,Q2'25,12.71,0.97561
RITM,2025-09-16,12.07,Q3'25,Q2'25,12.71,0.949646
RITM,2025-09-17,12.46,Q3'25,Q2'25,12.71,0.98033
RITM,2025-09-18,12.29,Q3'25,Q2'25,12.71,0.966955
RITM,2025-09-19,12.11,Q3'25,Q2'25,12.71,0.952793
RITM,2025-09-22,11.84,Q3'25,Q2'25,12.71,0.93155
RITM,2025-09-23,11.76,Q3'25,Q2'25,12.71,0.925256
RITM,2025-09-24,11.68,Q3'25,Q2'25,12.71,0.918961
RITM,2025-09-25,11.6,Q3'25,Q2'25,12.71,0.912667
RITM,2025-09-26,11.62,Q3'25,Q2'25,12.71,0.914241
RITM,2025-09-29,11.52,Q3'25,Q2'25,12.71,0.906373
RITM,2025-09-30,11.39,Q3'25,Q2'25,12.71,0.896145
RITM,2025-10-01,11.22,Q4'25,Q3'25,12.83,0.874513
RITM,2025-10-02,11.17,Q4'25,Q3'25,12.83,0.870616
RITM,2025-10-03,11.15,Q4'25,Q3'25,12.83,0.869057
RITM,2025-10-06,10.9,Q4'25,Q3'25,12.83,0.849571
RITM,2025-10-07,10.88,Q4'25,Q3'25,12.83,0.848012
RITM,2025-10-08,10.95,Q4'25,Q3'25,12.83,0.853468
RITM,2025-10-09,10.78,Q4'25,Q3'25,12.83,0.840218
RITM,2025-10-10,10.65,Q4'25,Q3'25,12.83,0.830086
RITM,2025-10-13,10.77,Q4'25,Q3'25,12.83,0.839439
RITM,2025-10-14,10.91,Q4'25,Q3'25,12.83,0.850351
RITM,2025-10-15,10.92,Q4'25,Q3'25,12.83,0.85113
RITM,2025-10-16,10.7,Q4'25,Q3'25,12.83,0.833983
RITM,2025-10-17,10.83,Q4'25,Q3'25,12.83,0.844115
RITM,2025-10-20,10.91,Q4'25,Q3'25,12.83,0.850351
RITM,2025-10-21,10.82,Q4'25,Q3'25,12.83,0.843336
RITM,2025-10-22,10.89,Q4'25,Q3'25,12.83,0.848792
RITM,2025-10-23,10.83,Q4'25,Q3'25,12.83,0.844115
RITM,2025-10-24,10.86,Q4'25,Q3'25,12.83,0.846454
RITM,2025-10-27,10.94,Q4'25,Q3'25,12.83,0.852689
RITM,2025-10-28,10.83,Q4'25,Q3'25,12.83,0.844115
RITM,2025-10-29,10.93,Q4'25,Q3'25,12.83,0.85191
RITM,2025-10-30,10.99,Q4'25,Q3'25,12.83,0.856586
RITM,2025-10-31,10.97,Q4'25,Q3'25,12.83,0.855027
RITM,2025-11-03,11.07,Q4'25,Q3'25,12.83,0.862821
RITM,2025-11-04,10.99,Q4'25,Q3'25,12.83,0.856586
RITM,2025-11-05,11.11,Q4'25,Q3'25,12.83,0.865939
RITM,2025-11-06,10.96,Q4'25,Q3'25,12.83,0.854248
RITM,2025-11-07,11.03,Q4'25,Q3'25,12.83,0.859704
RITM,2025-11-10,11.05,Q4'25,Q3'25,12.83,0.861263
RITM,2025-11-11,11.14,Q4'25,Q3'25,12.83,0.868278
RITM,2025-11-12,11.24,Q4'25,Q3'25,12.83,0.876072
RITM,2025-11-13,11.15,Q4'25,Q3'25,12.83,0.869057
RITM,2025-11-14,11.12,Q4'25,Q3'25,12.83,0.866719
RITM,2025-11-17,10.86,Q4'25,Q3'25,12.83,0.846454
RITM,2025-11-18,10.87,Q4'25,Q3'25,12.83,0.847233
RITM,2025-11-19,10.84,Q4'25,Q3'25,12.83,0.844895
RITM,2025-11-20,10.79,Q4'25,Q3'25,12.83,0.840998
RITM,2025-11-21,11.03,Q4'25,Q3'25,12.83,0.859704
RITM,2025-11-24,11.02,Q4'25,Q3'25,12.83,0.858924
RITM,2025-11-25,11.39,Q4'25,Q3'25,12.83,0.887763
RITM,2025-11-26,11.52,Q4'25,Q3'25,12.83,0.897896
RITM,2025-11-28,11.49,Q4'25,Q3'25,12.83,0.895557
RITM,2025-12-01,11.45,Q4'25,Q3'25,12.83,0.89244
RITM,2025-12-02,11.33,Q4'25,Q3'25,12.83,0.883087
RITM,2025-12-03,11.42,Q4'25,Q3'25,12.83,0.890101
RITM,2025-12-04,11.36,Q4'25,Q3'25,12.83,0.885425
RITM,2025-12-05,11.34,Q4'25,Q3'25,12.83,0.883866
RITM,2025-12-08,11.07,Q4'25,Q3'25,12.83,0.862821
RITM,2025-12-09,11.02,Q4'25,Q3'25,12.83,0.858924
RITM,2025-12-10,11.21,Q4'25,Q3'25,12.83,0.873733
RITM,2025-12-11,11.14,Q4'25,Q3'25,12.83,0.868278
RITM,2025-12-12,11.11,Q4'25,Q3'25,12.83,0.865939
RITM,2025-12-15,11.19,Q4'25,Q3'25,12.83,0.872175
RITM,2025-12-16,11.04,Q4'25,Q3'25,12.83,0.860483
RITM,2025-12-17,11.15,Q4'25,Q3'25,12.83,0.869057
RITM,2025-12-18,11.23,Q4'25,Q3'25,12.83,0.875292
RITM,2025-12-19,11.17,Q4'25,Q3'25,12.83,0.870616
RITM,2025-12-22,11.14,Q4'25,Q3'25,12.83,0.868278
RITM,2025-12-23,11.05,Q4'25,Q3'25,12.83,0.861263
RITM,2025-12-24,11.16,Q4'25,Q3'25,12.83,0.869836
RITM,2025-12-26,11.16,Q4'25,Q3'25,12.83,0.869836
RITM,2025-12-29,11.07,Q4'25,Q3'25,12.83,0.862821
RITM,2025-12-30,11.07,Q4'25,Q3'25,12.83,0.862821
RITM,2025-12-31,10.9,Q4'25,Q3'25,12.83,0.849571
RITM,2026-01-02,10.98,Q1'26,Q4'25,12.66,0.867299
RITM,2026-01-05,11.15,Q1'26,Q4'25,12.66,0.880727
RITM,2026-01-06,11.15,Q1'26,Q4'25,12.66,0.880727
RITM,2026-01-07,11.15,Q1'26,Q4'25,12.66,0.880727
RITM,2026-01-08,11.39,Q1'26,Q4'25,12.66,0.899684
RITM,2026-01-09,11.57,Q1'26,Q4'25,12.66,0.913902
RITM,2026-01-12,11.4,Q1'26,Q4'25,12.66,0.900474
RITM,2026-01-13,11.2,Q1'26,Q4'25,12.66,0.884676
RITM,2026-01-14,11.2,Q1'26,Q4'25,12.66,0.884676
RITM,2026-01-15,11.35,Q1'26,Q4'25,12.66,0.896525
RITM,2026-01-16,11.76,Q1'26,Q4'25,12.66,0.92891
RITM,2026-01-20,11.57,Q1'26,Q4'25,12.66,0.913902
RITM,2026-01-21,11.75,Q1'26,Q4'25,12.66,0.92812
RITM,2026-01-22,11.92,Q1'26,Q4'25,12.66,0.941548
RITM,2026-01-23,11.78,Q1'26,Q4'25,12.66,0.93049
RITM,2026-01-26,11.99,Q1'26,Q4'25,12.66,0.947077
RITM,2026-01-27,12.06,Q1'26,Q4'25,12.66,0.952607
RITM,2026-01-28,11.9,Q1'26,Q4'25,12.66,0.939968
RITM,2026-01-29,11.92,Q1'26,Q4'25,12.66,0.941548
RITM,2026-01-30,10.94,Q1'26,Q4'25,12.66,0.864139
RITM,2026-02-02,10.8,Q1'26,Q4'25,12.66,0.853081
RITM,2026-02-03,10.95,Q1'26,Q4'25,12.66,0.864929
RITM,2026-02-04,10.78,Q1'26,Q4'25,12.66,0.851501
RITM,2026-02-05,10.74,Q1'26,Q4'25,12.66,0.848341
RITM,2026-02-06,10.73,Q1'26,Q4'25,12.66,0.847551
RITM,2026-02-09,10.65,Q1'26,Q4'25,12.66,0.841232
RITM,2026-02-10,10.67,Q1'26,Q4'25,12.66,0.842812
RITM,2026-02-11,10.7,Q1'26,Q4'25,12.66,0.845182
RITM,2026-02-12,10.57,Q1'26,Q4'25,12.66,0.834913
RITM,2026-02-13,10.57,Q1'26,Q4'25,12.66,0.834913
RITM,2026-02-17,10.6,Q1'26,Q4'25,12.66,0.837283
RITM,2026-02-18,10.62,Q1'26,Q4'25,12.66,0.838863
RITM,2026-02-19,10.58,Q1'26,Q4'25,12.66,0.835703
RITM,2026-02-20,10.45,Q1'26,Q4'25,12.66,0.825434
RITM,2026-02-23,10.01,Q1'26,Q4'25,12.66,0.790679
RITM,2026-02-24,10.15,Q1'26,Q4'25,12.66,0.801738
RITM,2026-02-25,10.22,Q1'26,Q4'25,12.66,0.807267
RITM,2026-02-26,10.4,Q1'26,Q4'25,12.66,0.821485
RITM,2026-02-27,10.05,Q1'26,Q4'25,12.66,0.793839
RITM,2026-03-02,10.09,Q1'26,Q4'25,12.66,0.796998
RITM,2026-03-03,9.95,Q1'26,Q4'25,12.66,0.78594
RITM,2026-03-04,9.76,Q1'26,Q4'25,12.66,0.770932
RITM,2026-03-05,9.78,Q1'26,Q4'25,12.66,0.772512
RITM,2026-03-06,9.65,Q1'26,Q4'25,12.66,0.762243
RITM,2026-03-09,9.84,Q1'26,Q4'25,12.66,0.777251
RITM,2026-03-10,9.93,Q1'26,Q4'25,12.66,0.78436
RITM,2026-03-11,9.87,Q1'26,Q4'25,12.66,0.779621
RITM,2026-03-12,9.6,Q1'26,Q4'25,12.66,0.758294
RITM,2026-03-13,9.45,Q1'26,Q4'25,12.66,0.746445
RITM,2026-03-16,9.39,Q1'26,Q4'25,12.66,0.741706
RITM,2026-03-17,9.36,Q1'26,Q4'25,12.66,0.739336
RITM,2026-03-18,9.06,Q1'26,Q4'25,12.66,0.71564
RITM,2026-03-19,9.03,Q1'26,Q4'25,12.66,0.71327
RITM,2026-03-20,8.77,Q1'26,Q4'25,12.66,0.692733
RITM,2026-03-23,9.06,Q1'26,Q4'25,12.66,0.71564
RITM,2026-03-24,9.14,Q1'26,Q4'25,12.66,0.721959
RITM,2026-03-25,9.24,Q1'26,Q4'25,12.66,0.729858
RITM,2026-03-26,9.31,Q1'26,Q4'25,12.66,0.735387
RITM,2026-03-27,9.14,Q1'26,Q4'25,12.66,0.721959
RITM,2026-03-30,9.19,Q1'26,Q4'25,12.66,0.725908
RITM,2026-03-31,9.48,Q1'26,Q4'25,12.66,0.748815
RITM,2026-04-01,9.47,Q2'26,Q1'26,12.51,0.756994
RITM,2026-04-02,9.63,Q2'26,Q1'26,12.51,0.769784
RITM,2026-04-06,9.64,Q2'26,Q1'26,12.51,0.770584
RITM,2026-04-07,9.5,Q2'26,Q1'26,12.51,0.759392
RITM,2026-04-08,9.79,Q2'26,Q1'26,12.51,0.782574
RITM,2026-04-09,9.91,Q2'26,Q1'26,12.51,0.792166
RITM,2026-04-10,9.94,Q2'26,Q1'26,12.51,0.794564
RITM,2026-04-13,10.09,Q2'26,Q1'26,12.51,0.806555
RITM,2026-04-14,10.12,Q2'26,Q1'26,12.51,0.808953
RITM,2026-04-15,10.18,Q2'26,Q1'26,12.51,0.813749
RITM,2026-04-16,9.96,Q2'26,Q1'26,12.51,0.796163
RITM,2026-04-17,10.16,Q2'26,Q1'26,12.51,0.81215
RITM,2026-04-20,10.1,Q2'26,Q1'26,12.51,0.807354
RITM,2026-04-21,10.17,Q2'26,Q1'26,12.51,0.81295
RITM,2026-04-22,10.18,Q2'26,Q1'26,12.51,0.813749
RITM,2026-04-23,10.12,Q2'26,Q1'26,12.51,0.808953
RITM,2026-04-24,10.13,Q2'26,Q1'26,12.51,0.809752
RITM,2026-04-27,10.12,Q2'26,Q1'26,12.51,0.808953
RITM,2026-04-28,9.85,Q2'26,Q1'26,12.51,0.78737
RITM,2026-04-29,9.66,Q2'26,Q1'26,12.51,0.772182
RITM,2026-04-30,9.78,Q2'26,Q1'26,12.51,0.781775
RITM,2026-05-01,9.79,Q2'26,Q1'26,12.51,0.782574
RITM,2026-05-04,9.64,Q2'26,Q1'26,12.51,0.770584
RITM,2026-05-05,9.7,Q2'26,Q1'26,12.51,0.77538
RITM,2026-05-06,9.84,Q2'26,Q1'26,12.51,0.786571
RITM,2026-05-07,9.79,Q2'26,Q1'26,12.51,0.782574
RITM,2026-05-08,9.84,Q2'26,Q1'26,12.51,0.786571
RITM,2026-05-11,9.7,Q2'26,Q1'26,12.51,0.77538
RITM,2026-05-12,9.66,Q2'26,Q1'26,12.51,0.772182
RITM,2026-05-13,9.25,Q2'26,Q1'26,12.51,0.739408
RITM,2026-05-14,9.3,Q2'26,Q1'26,12.51,0.743405
RITM,2026-05-15,9.13,Q2'26,Q1'26,12.51,0.729816
RITM,2026-05-18,9.13,Q2'26,Q1'26,12.51,0.729816
RITM,2026-05-19,9.0,Q2'26,Q1'26,12.51,0.719424
RITM,2026-05-20,9.27,Q2'26,Q1'26,12.51,0.741007
RITM,2026-05-21,9.26,Q2'26,Q1'26,12.51,0.740208
RITM,2026-05-22,9.26,Q2'26,Q1'26,12.51,0.740208
RITM,2026-05-26,9.27,Q2'26,Q1'26,12.51,0.741007
RITM,2026-05-27,9.31,Q2'26,Q1'26,12.51,0.744205
RITM,2026-05-28,9.26,Q2'26,Q1'26,12.51,0.740208
RITM,2026-05-29,9.32,Q2'26,Q1'26,12.51,0.745004
RITM,2026-06-01,9.1,Q2'26,Q1'26,12.51,0.727418
RITM,2026-06-02,9.25,Q2'26,Q1'26,12.51,0.739408
RITM,2026-06-03,9.02,Q2'26,Q1'26,12.51,0.721023
RITM,2026-06-04,9.17,Q2'26,Q1'26,12.51,0.733014
RITM,2026-06-05,9.13,Q2'26,Q1'26,12.51,0.729816
RITM,2026-06-08,9.04,Q2'26,Q1'26,12.51,0.722622
RITM,2026-06-09,9.34,Q2'26,Q1'26,12.51,0.746603
RITM,2026-06-10,9.16,Q2'26,Q1'26,12.51,0.732214
RITM,2026-06-11,9.24,Q2'26,Q1'26,12.51,0.738609
RITM,2026-06-12,9.31,Q2'26,Q1'26,12.51,0.744205
RITM,2026-06-15,9.19,Q2'26,Q1'26,12.51,0.734612
RITM,2026-06-16,9.33,Q2'26,Q1'26,12.51,0.745803
RITM,2026-06-17,9.2,Q2'26,Q1'26,12.51,0.735412
RITM,2026-06-18,9.19,Q2'26,Q1'26,12.51,0.734612
RITM,2026-06-22,9.14,Q2'26,Q1'26,12.51,0.730616
RITM,2026-06-23,9.21,Q2'26,Q1'26,12.51,0.736211
RITM,2026-06-24,9.24,Q2'26,Q1'26,12.51,0.738609
RITM,2026-06-25,9.32,Q2'26,Q1'26,12.51,0.745004
RITM,2026-06-26,9.38,Q2'26,Q1'26,12.51,0.7498
RITM,2026-06-29,9.42,Q2'26,Q1'26,12.51,0.752998
RITM,2026-06-30,9.39,Q2'26,Q1'26,12.51,0.7506
RITM,2026-07-01,9.36,Q3'26,Q2'26,12.33,0.759124
RITM,2026-07-02,9.09,Q3'26,Q2'26,12.33,0.737226
RITM,2026-07-06,9.23,Q3'26,Q2'26,12.33,0.748581
RITM,2026-07-07,9.22,Q3'26,Q2'26,12.33,0.74777
RITM,2026-07-08,8.99,Q3'26,Q2'26,12.33,0.729116
RITM,2026-07-09,9.21,Q3'26,Q2'26,12.33,0.746959
RITM,2026-07-10,9.18,Q3'26,Q2'26,12.33,0.744526
RITM,2026-07-13,9.07,Q3'26,Q2'26,12.33,0.735604
RITM,2026-07-14,9.22,Q3'26,Q2'26,12.33,0.74777
RITM,2026-07-15,9.23,Q3'26,Q2'26,12.33,0.748581
RITM,2026-07-16,9.43,Q3'26,Q2'26,12.33,0.764801
RITM,2026-07-17,9.32,Q3'26,Q2'26,12.33,0.75588
RITM,2026-07-20,9.2,Q3'26,Q2'26,12.33,0.746148
RITM,2026-07-21,9.15,Q3'26,Q2'26,12.33,0.742092
RITM,2026-07-23,8.98,Q3'26,Q2'26,12.33,0.728305
RITM,2026-07-24,9.12,Q3'26,Q2'26,12.33,0.739659
RITM,2026-07-27,9.23,Q3'26,Q2'26,12.33,0.748581
RITM,2026-07-28,9.78,Q3'26,Q2'26,12.33,0.793187
RITM,2026-07-29,9.99,Q3'26,Q2'26,12.33,0.810219
RITM,2026-07-30,9.87,Q3'26,Q2'26,12.33,0.800487
RITM,2026-07-31,9.88,Q3'26,Q2'26,12.33,0.801298
RITM,2026-08-03,10.06,Q3'26,Q2'26,12.33,0.815896
RITM,2026-08-04,10.25,Q3'26,Q2'26,12.33,0.831306
RITM,2026-08-05,10.1,Q3'26,Q2'26,12.33,0.81914
RITM,2026-08-06,9.94,Q3'26,Q2'26,12.33,0.806164
RITM,2026-08-07,10.19,Q3'26,Q2'26,12.33,0.82644
RITM,2026-08-10,10.11,Q3'26,Q2'26,12.33,0.819951
RITM,2026-08-11,10.25,Q3'26,Q2'26,12.33,0.831306
RITM,2026-08-12,10.23,Q3'26,Q2'26,12.33,0.829684
RITM,2026-08-13,10.36,Q3'26,Q2'26,12.33,0.840227
RITM,2026-08-14,10.36,Q3'26,Q2'26,12.33,0.840227
RITM,2026-08-17,10.26,Q3'26,Q2'26,12.33,0.832117
RITM,2026-08-18,10.2,Q3'26,Q2'26,12.33,0.827251
RITM,2026-08-19,10.38,Q3'26,Q2'26,12.33,0.841849
RWT,2021-07-01,12.12,Q3'21,Q2'21,11.46,1.057592
RWT,2021-07-02,11.98,Q3'21,Q2'21,11.46,1.045375
RWT,2021-07-06,11.92,Q3'21,Q2'21,11.46,1.04014
RWT,2021-07-07,11.66,Q3'21,Q2'21,11.46,1.017452
RWT,2021-07-08,11.77,Q3'21,Q2'21,11.46,1.027051
RWT,2021-07-09,12.12,Q3'21,Q2'21,11.46,1.057592
RWT,2021-07-12,12.3,Q3'21,Q2'21,11.46,1.073298
RWT,2021-07-13,11.78,Q3'21,Q2'21,11.46,1.027923
RWT,2021-07-14,11.52,Q3'21,Q2'21,11.46,1.005236
RWT,2021-07-15,11.77,Q3'21,Q2'21,11.46,1.027051
RWT,2021-07-16,11.64,Q3'21,Q2'21,11.46,1.015707
RWT,2021-07-19,11.53,Q3'21,Q2'21,11.46,1.006108
RWT,2021-07-20,11.69,Q3'21,Q2'21,11.46,1.02007
RWT,2021-07-21,11.91,Q3'21,Q2'21,11.46,1.039267
RWT,2021-07-22,11.74,Q3'21,Q2'21,11.46,1.024433
RWT,2021-07-23,11.7,Q3'21,Q2'21,11.46,1.020942
RWT,2021-07-26,11.94,Q3'21,Q2'21,11.46,1.041885
RWT,2021-07-27,11.79,Q3'21,Q2'21,11.46,1.028796
RWT,2021-07-28,11.85,Q3'21,Q2'21,11.46,1.034031
RWT,2021-07-29,12.16,Q3'21,Q2'21,11.46,1.061082
RWT,2021-07-30,11.87,Q3'21,Q2'21,11.46,1.035777
RWT,2021-08-02,11.86,Q3'21,Q2'21,11.46,1.034904
RWT,2021-08-03,11.85,Q3'21,Q2'21,11.46,1.034031
RWT,2021-08-04,11.77,Q3'21,Q2'21,11.46,1.027051
RWT,2021-08-05,12.17,Q3'21,Q2'21,11.46,1.061955
RWT,2021-08-06,12.28,Q3'21,Q2'21,11.46,1.071553
RWT,2021-08-09,12.05,Q3'21,Q2'21,11.46,1.051483
RWT,2021-08-10,12.2,Q3'21,Q2'21,11.46,1.064572
RWT,2021-08-11,12.28,Q3'21,Q2'21,11.46,1.071553
RWT,2021-08-12,12.26,Q3'21,Q2'21,11.46,1.069808
RWT,2021-08-13,12.47,Q3'21,Q2'21,11.46,1.088133
RWT,2021-08-16,12.37,Q3'21,Q2'21,11.46,1.079407
RWT,2021-08-17,12.3,Q3'21,Q2'21,11.46,1.073298
RWT,2021-08-18,12.19,Q3'21,Q2'21,11.46,1.0637
RWT,2021-08-19,11.93,Q3'21,Q2'21,11.46,1.041012
RWT,2021-08-20,12.19,Q3'21,Q2'21,11.46,1.0637
RWT,2021-08-23,12.33,Q3'21,Q2'21,11.46,1.075916
RWT,2021-08-24,12.6,Q3'21,Q2'21,11.46,1.099476
RWT,2021-08-25,12.46,Q3'21,Q2'21,11.46,1.08726
RWT,2021-08-26,12.4,Q3'21,Q2'21,11.46,1.082024
RWT,2021-08-27,12.46,Q3'21,Q2'21,11.46,1.08726
RWT,2021-08-30,12.5,Q3'21,Q2'21,11.46,1.09075
RWT,2021-08-31,12.47,Q3'21,Q2'21,11.46,1.088133
RWT,2021-09-01,12.54,Q3'21,Q2'21,11.46,1.094241
RWT,2021-09-02,12.5,Q3'21,Q2'21,11.46,1.09075
RWT,2021-09-03,12.49,Q3'21,Q2'21,11.46,1.089878
RWT,2021-09-07,12.42,Q3'21,Q2'21,11.46,1.08377
RWT,2021-09-08,12.4,Q3'21,Q2'21,11.46,1.082024
RWT,2021-09-09,12.4,Q3'21,Q2'21,11.46,1.082024
RWT,2021-09-10,12.26,Q3'21,Q2'21,11.46,1.069808
RWT,2021-09-13,12.52,Q3'21,Q2'21,11.46,1.092496
RWT,2021-09-14,12.61,Q3'21,Q2'21,11.46,1.100349
RWT,2021-09-15,12.62,Q3'21,Q2'21,11.46,1.101222
RWT,2021-09-16,12.64,Q3'21,Q2'21,11.46,1.102967
RWT,2021-09-17,12.69,Q3'21,Q2'21,11.46,1.10733
RWT,2021-09-20,12.44,Q3'21,Q2'21,11.46,1.085515
RWT,2021-09-21,12.56,Q3'21,Q2'21,11.46,1.095986
RWT,2021-09-22,12.67,Q3'21,Q2'21,11.46,1.105585
RWT,2021-09-23,12.74,Q3'21,Q2'21,11.46,1.111693
RWT,2021-09-24,12.88,Q3'21,Q2'21,11.46,1.123909
RWT,2021-09-27,12.97,Q3'21,Q2'21,11.46,1.131763
RWT,2021-09-28,12.74,Q3'21,Q2'21,11.46,1.111693
RWT,2021-09-29,12.97,Q3'21,Q2'21,11.46,1.131763
RWT,2021-09-30,12.89,Q3'21,Q2'21,11.46,1.124782
RWT,2021-10-01,13.16,Q4'21,Q3'21,12.0,1.096667
RWT,2021-10-04,13.22,Q4'21,Q3'21,12.0,1.101667
RWT,2021-10-05,13.29,Q4'21,Q3'21,12.0,1.1075
RWT,2021-10-06,13.21,Q4'21,Q3'21,12.0,1.100833
RWT,2021-10-07,13.21,Q4'21,Q3'21,12.0,1.100833
RWT,2021-10-08,13.4,Q4'21,Q3'21,12.0,1.116667
RWT,2021-10-11,13.54,Q4'21,Q3'21,12.0,1.128333
RWT,2021-10-12,13.77,Q4'21,Q3'21,12.0,1.1475
RWT,2021-10-13,13.81,Q4'21,Q3'21,12.0,1.150833
RWT,2021-10-14,13.71,Q4'21,Q3'21,12.0,1.1425
RWT,2021-10-15,13.67,Q4'21,Q3'21,12.0,1.139167
RWT,2021-10-18,13.92,Q4'21,Q3'21,12.0,1.16
RWT,2021-10-19,13.83,Q4'21,Q3'21,12.0,1.1525
RWT,2021-10-20,13.99,Q4'21,Q3'21,12.0,1.165833
RWT,2021-10-21,13.99,Q4'21,Q3'21,12.0,1.165833
RWT,2021-10-22,13.9,Q4'21,Q3'21,12.0,1.158333
RWT,2021-10-25,13.94,Q4'21,Q3'21,12.0,1.161667
RWT,2021-10-26,13.59,Q4'21,Q3'21,12.0,1.1325
RWT,2021-10-27,13.54,Q4'21,Q3'21,12.0,1.128333
RWT,2021-10-28,13.95,Q4'21,Q3'21,12.0,1.1625
RWT,2021-10-29,13.56,Q4'21,Q3'21,12.0,1.13
RWT,2021-11-01,13.96,Q4'21,Q3'21,12.0,1.163333
RWT,2021-11-02,13.52,Q4'21,Q3'21,12.0,1.126667
RWT,2021-11-03,13.44,Q4'21,Q3'21,12.0,1.12
RWT,2021-11-04,13.55,Q4'21,Q3'21,12.0,1.129167
RWT,2021-11-05,13.76,Q4'21,Q3'21,12.0,1.146667
RWT,2021-11-08,13.82,Q4'21,Q3'21,12.0,1.151667
RWT,2021-11-09,13.86,Q4'21,Q3'21,12.0,1.155
RWT,2021-11-10,13.86,Q4'21,Q3'21,12.0,1.155
RWT,2021-11-11,13.98,Q4'21,Q3'21,12.0,1.165
RWT,2021-11-12,14.0,Q4'21,Q3'21,12.0,1.166667
RWT,2021-11-15,14.04,Q4'21,Q3'21,12.0,1.17
RWT,2021-11-16,13.7,Q4'21,Q3'21,12.0,1.141667
RWT,2021-11-17,14.01,Q4'21,Q3'21,12.0,1.1675
RWT,2021-11-18,13.82,Q4'21,Q3'21,12.0,1.151667
RWT,2021-11-19,13.88,Q4'21,Q3'21,12.0,1.156667
RWT,2021-11-22,13.83,Q4'21,Q3'21,12.0,1.1525
RWT,2021-11-23,13.87,Q4'21,Q3'21,12.0,1.155833
RWT,2021-11-24,13.89,Q4'21,Q3'21,12.0,1.1575
RWT,2021-11-26,13.45,Q4'21,Q3'21,12.0,1.120833
RWT,2021-11-29,13.43,Q4'21,Q3'21,12.0,1.119167
RWT,2021-11-30,12.82,Q4'21,Q3'21,12.0,1.068333
RWT,2021-12-01,12.53,Q4'21,Q3'21,12.0,1.044167
RWT,2021-12-02,13.03,Q4'21,Q3'21,12.0,1.085833
RWT,2021-12-03,12.89,Q4'21,Q3'21,12.0,1.074167
RWT,2021-12-06,13.29,Q4'21,Q3'21,12.0,1.1075
RWT,2021-12-07,13.56,Q4'21,Q3'21,12.0,1.13
RWT,2021-12-08,13.95,Q4'21,Q3'21,12.0,1.1625
RWT,2021-12-09,13.85,Q4'21,Q3'21,12.0,1.154167
RWT,2021-12-10,13.64,Q4'21,Q3'21,12.0,1.136667
RWT,2021-12-13,13.47,Q4'21,Q3'21,12.0,1.1225
RWT,2021-12-14,13.18,Q4'21,Q3'21,12.0,1.098333
RWT,2021-12-15,13.46,Q4'21,Q3'21,12.0,1.121667
RWT,2021-12-16,13.05,Q4'21,Q3'21,12.0,1.0875
RWT,2021-12-17,12.83,Q4'21,Q3'21,12.0,1.069167
RWT,2021-12-20,12.26,Q4'21,Q3'21,12.0,1.021667
RWT,2021-12-21,13.03,Q4'21,Q3'21,12.0,1.085833
RWT,2021-12-22,13.06,Q4'21,Q3'21,12.0,1.088333
RWT,2021-12-23,13.24,Q4'21,Q3'21,12.0,1.103333
RWT,2021-12-27,13.25,Q4'21,Q3'21,12.0,1.104167
RWT,2021-12-28,13.27,Q4'21,Q3'21,12.0,1.105833
RWT,2021-12-29,13.31,Q4'21,Q3'21,12.0,1.109167
RWT,2021-12-30,13.23,Q4'21,Q3'21,12.0,1.1025
RWT,2021-12-31,13.19,Q4'21,Q3'21,12.0,1.099167
RWT,2022-01-03,13.39,Q1'22,Q4'21,12.06,1.110282
RWT,2022-01-04,13.28,Q1'22,Q4'21,12.06,1.101161
RWT,2022-01-05,13.07,Q1'22,Q4'21,12.06,1.083748
RWT,2022-01-06,13.1,Q1'22,Q4'21,12.06,1.086236
RWT,2022-01-07,13.04,Q1'22,Q4'21,12.06,1.08126
RWT,2022-01-10,12.98,Q1'22,Q4'21,12.06,1.076285
RWT,2022-01-11,13.01,Q1'22,Q4'21,12.06,1.078773
RWT,2022-01-12,13.01,Q1'22,Q4'21,12.06,1.078773
RWT,2022-01-13,12.9,Q1'22,Q4'21,12.06,1.069652
RWT,2022-01-14,12.75,Q1'22,Q4'21,12.06,1.057214
RWT,2022-01-18,12.39,Q1'22,Q4'21,12.06,1.027363
RWT,2022-01-19,12.1,Q1'22,Q4'21,12.06,1.003317
RWT,2022-01-20,11.87,Q1'22,Q4'21,12.06,0.984245
RWT,2022-01-21,11.72,Q1'22,Q4'21,12.06,0.971808
RWT,2022-01-24,11.84,Q1'22,Q4'21,12.06,0.981758
RWT,2022-01-25,11.84,Q1'22,Q4'21,12.06,0.981758
RWT,2022-01-26,11.94,Q1'22,Q4'21,12.06,0.99005
RWT,2022-01-27,11.79,Q1'22,Q4'21,12.06,0.977612
RWT,2022-01-28,11.91,Q1'22,Q4'21,12.06,0.987562
RWT,2022-01-31,12.33,Q1'22,Q4'21,12.06,1.022388
RWT,2022-02-01,12.23,Q1'22,Q4'21,12.06,1.014096
RWT,2022-02-02,12.05,Q1'22,Q4'21,12.06,0.999171
RWT,2022-02-03,11.88,Q1'22,Q4'21,12.06,0.985075
RWT,2022-02-04,11.81,Q1'22,Q4'21,12.06,0.97927
RWT,2022-02-07,11.76,Q1'22,Q4'21,12.06,0.975124
RWT,2022-02-08,12.06,Q1'22,Q4'21,12.06,1.0
RWT,2022-02-09,12.2,Q1'22,Q4'21,12.06,1.011609
RWT,2022-02-10,11.18,Q1'22,Q4'21,12.06,0.927032
RWT,2022-02-11,10.97,Q1'22,Q4'21,12.06,0.909619
RWT,2022-02-14,10.66,Q1'22,Q4'21,12.06,0.883914
RWT,2022-02-15,10.9,Q1'22,Q4'21,12.06,0.903814
RWT,2022-02-16,10.76,Q1'22,Q4'21,12.06,0.892206
RWT,2022-02-17,10.4,Q1'22,Q4'21,12.06,0.862355
RWT,2022-02-18,10.35,Q1'22,Q4'21,12.06,0.858209
RWT,2022-02-22,10.25,Q1'22,Q4'21,12.06,0.849917
RWT,2022-02-23,10.1,Q1'22,Q4'21,12.06,0.837479
RWT,2022-02-24,10.27,Q1'22,Q4'21,12.06,0.851575
RWT,2022-02-25,10.44,Q1'22,Q4'21,12.06,0.865672
RWT,2022-02-28,10.39,Q1'22,Q4'21,12.06,0.861526
RWT,2022-03-01,10.25,Q1'22,Q4'21,12.06,0.849917
RWT,2022-03-02,10.52,Q1'22,Q4'21,12.06,0.872305
RWT,2022-03-03,10.43,Q1'22,Q4'21,12.06,0.864842
RWT,2022-03-04,10.28,Q1'22,Q4'21,12.06,0.852405
RWT,2022-03-07,10.22,Q1'22,Q4'21,12.06,0.84743
RWT,2022-03-08,10.64,Q1'22,Q4'21,12.06,0.882255
RWT,2022-03-09,10.83,Q1'22,Q4'21,12.06,0.89801
RWT,2022-03-10,10.83,Q1'22,Q4'21,12.06,0.89801
RWT,2022-03-11,10.77,Q1'22,Q4'21,12.06,0.893035
RWT,2022-03-14,10.7,Q1'22,Q4'21,12.06,0.88723
RWT,2022-03-15,10.93,Q1'22,Q4'21,12.06,0.906302
RWT,2022-03-16,10.89,Q1'22,Q4'21,12.06,0.902985
RWT,2022-03-17,10.85,Q1'22,Q4'21,12.06,0.899668
RWT,2022-03-18,10.96,Q1'22,Q4'21,12.06,0.908789
RWT,2022-03-21,10.69,Q1'22,Q4'21,12.06,0.886401
RWT,2022-03-22,10.85,Q1'22,Q4'21,12.06,0.899668
RWT,2022-03-23,10.45,Q1'22,Q4'21,12.06,0.866501
RWT,2022-03-24,10.53,Q1'22,Q4'21,12.06,0.873134
RWT,2022-03-25,10.61,Q1'22,Q4'21,12.06,0.879768
RWT,2022-03-28,10.57,Q1'22,Q4'21,12.06,0.876451
RWT,2022-03-29,10.74,Q1'22,Q4'21,12.06,0.890547
RWT,2022-03-30,10.63,Q1'22,Q4'21,12.06,0.881426
RWT,2022-03-31,10.53,Q1'22,Q4'21,12.06,0.873134
RWT,2022-04-01,10.54,Q2'22,Q1'22,12.01,0.877602
RWT,2022-04-04,10.47,Q2'22,Q1'22,12.01,0.871774
RWT,2022-04-05,10.16,Q2'22,Q1'22,12.01,0.845962
RWT,2022-04-06,9.87,Q2'22,Q1'22,12.01,0.821815
RWT,2022-04-07,9.64,Q2'22,Q1'22,12.01,0.802664
RWT,2022-04-08,9.67,Q2'22,Q1'22,12.01,0.805162
RWT,2022-04-11,9.59,Q2'22,Q1'22,12.01,0.798501
RWT,2022-04-12,9.56,Q2'22,Q1'22,12.01,0.796003
RWT,2022-04-13,9.71,Q2'22,Q1'22,12.01,0.808493
RWT,2022-04-14,9.7,Q2'22,Q1'22,12.01,0.80766
RWT,2022-04-18,9.6,Q2'22,Q1'22,12.01,0.799334
RWT,2022-04-19,9.09,Q2'22,Q1'22,12.01,0.756869
RWT,2022-04-20,9.25,Q2'22,Q1'22,12.01,0.770192
RWT,2022-04-21,9.31,Q2'22,Q1'22,12.01,0.775187
RWT,2022-04-22,9.08,Q2'22,Q1'22,12.01,0.756037
RWT,2022-04-25,8.88,Q2'22,Q1'22,12.01,0.739384
RWT,2022-04-26,8.67,Q2'22,Q1'22,12.01,0.721898
RWT,2022-04-27,8.78,Q2'22,Q1'22,12.01,0.731057
RWT,2022-04-28,9.05,Q2'22,Q1'22,12.01,0.753539
RWT,2022-04-29,9.7,Q2'22,Q1'22,12.01,0.80766
RWT,2022-05-02,9.66,Q2'22,Q1'22,12.01,0.80433
RWT,2022-05-03,10.02,Q2'22,Q1'22,12.01,0.834305
RWT,2022-05-04,10.35,Q2'22,Q1'22,12.01,0.861782
RWT,2022-05-05,10.08,Q2'22,Q1'22,12.01,0.839301
RWT,2022-05-06,10.07,Q2'22,Q1'22,12.01,0.838468
RWT,2022-05-09,9.65,Q2'22,Q1'22,12.01,0.803497
RWT,2022-05-10,9.73,Q2'22,Q1'22,12.01,0.810158
RWT,2022-05-11,9.61,Q2'22,Q1'22,12.01,0.800166
RWT,2022-05-12,9.44,Q2'22,Q1'22,12.01,0.786012
RWT,2022-05-13,9.92,Q2'22,Q1'22,12.01,0.825978
RWT,2022-05-16,9.79,Q2'22,Q1'22,12.01,0.815154
RWT,2022-05-17,9.93,Q2'22,Q1'22,12.01,0.826811
RWT,2022-05-18,9.54,Q2'22,Q1'22,12.01,0.794338
RWT,2022-05-19,9.59,Q2'22,Q1'22,12.01,0.798501
RWT,2022-05-20,9.67,Q2'22,Q1'22,12.01,0.805162
RWT,2022-05-23,9.77,Q2'22,Q1'22,12.01,0.813489
RWT,2022-05-24,9.78,Q2'22,Q1'22,12.01,0.814321
RWT,2022-05-25,9.76,Q2'22,Q1'22,12.01,0.812656
RWT,2022-05-26,10.07,Q2'22,Q1'22,12.01,0.838468
RWT,2022-05-27,10.21,Q2'22,Q1'22,12.01,0.850125
RWT,2022-05-31,10.2,Q2'22,Q1'22,12.01,0.849292
RWT,2022-06-01,10.31,Q2'22,Q1'22,12.01,0.858451
RWT,2022-06-02,10.44,Q2'22,Q1'22,12.01,0.869276
RWT,2022-06-03,10.3,Q2'22,Q1'22,12.01,0.857619
RWT,2022-06-06,9.29,Q2'22,Q1'22,12.01,0.773522
RWT,2022-06-07,9.4,Q2'22,Q1'22,12.01,0.782681
RWT,2022-06-08,9.26,Q2'22,Q1'22,12.01,0.771024
RWT,2022-06-09,9.03,Q2'22,Q1'22,12.01,0.751873
RWT,2022-06-10,8.63,Q2'22,Q1'22,12.01,0.718568
RWT,2022-06-13,7.51,Q2'22,Q1'22,12.01,0.625312
RWT,2022-06-14,7.32,Q2'22,Q1'22,12.01,0.609492
RWT,2022-06-15,7.43,Q2'22,Q1'22,12.01,0.618651
RWT,2022-06-16,6.77,Q2'22,Q1'22,12.01,0.563697
RWT,2022-06-17,7.01,Q2'22,Q1'22,12.01,0.58368
RWT,2022-06-21,7.32,Q2'22,Q1'22,12.01,0.609492
RWT,2022-06-22,7.13,Q2'22,Q1'22,12.01,0.593672
RWT,2022-06-23,7.3,Q2'22,Q1'22,12.01,0.607827
RWT,2022-06-24,7.6,Q2'22,Q1'22,12.01,0.632806
RWT,2022-06-27,7.63,Q2'22,Q1'22,12.01,0.635304
RWT,2022-06-28,7.71,Q2'22,Q1'22,12.01,0.641965
RWT,2022-06-29,7.69,Q2'22,Q1'22,12.01,0.6403
RWT,2022-06-30,7.71,Q2'22,Q1'22,12.01,0.641965
RWT,2022-07-01,7.88,Q3'22,Q2'22,10.78,0.730983
RWT,2022-07-05,8.05,Q3'22,Q2'22,10.78,0.746753
RWT,2022-07-06,7.88,Q3'22,Q2'22,10.78,0.730983
RWT,2022-07-07,7.95,Q3'22,Q2'22,10.78,0.737477
RWT,2022-07-08,8.01,Q3'22,Q2'22,10.78,0.743043
RWT,2022-07-11,7.86,Q3'22,Q2'22,10.78,0.729128
RWT,2022-07-12,7.83,Q3'22,Q2'22,10.78,0.726345
RWT,2022-07-13,7.9,Q3'22,Q2'22,10.78,0.732839
RWT,2022-07-14,7.73,Q3'22,Q2'22,10.78,0.717069
RWT,2022-07-15,7.98,Q3'22,Q2'22,10.78,0.74026
RWT,2022-07-18,7.88,Q3'22,Q2'22,10.78,0.730983
RWT,2022-07-19,8.17,Q3'22,Q2'22,10.78,0.757885
RWT,2022-07-20,8.3,Q3'22,Q2'22,10.78,0.769944
RWT,2022-07-21,8.3,Q3'22,Q2'22,10.78,0.769944
RWT,2022-07-22,8.25,Q3'22,Q2'22,10.78,0.765306
RWT,2022-07-25,8.3,Q3'22,Q2'22,10.78,0.769944
RWT,2022-07-26,8.27,Q3'22,Q2'22,10.78,0.767161
RWT,2022-07-27,8.53,Q3'22,Q2'22,10.78,0.79128
RWT,2022-07-28,8.79,Q3'22,Q2'22,10.78,0.815399
RWT,2022-07-29,8.66,Q3'22,Q2'22,10.78,0.80334
RWT,2022-08-01,8.51,Q3'22,Q2'22,10.78,0.789425
RWT,2022-08-02,8.28,Q3'22,Q2'22,10.78,0.768089
RWT,2022-08-03,8.16,Q3'22,Q2'22,10.78,0.756957
RWT,2022-08-04,8.09,Q3'22,Q2'22,10.78,0.750464
RWT,2022-08-05,8.08,Q3'22,Q2'22,10.78,0.749536
RWT,2022-08-08,8.23,Q3'22,Q2'22,10.78,0.763451
RWT,2022-08-09,8.25,Q3'22,Q2'22,10.78,0.765306
RWT,2022-08-10,8.24,Q3'22,Q2'22,10.78,0.764378
RWT,2022-08-11,8.3,Q3'22,Q2'22,10.78,0.769944
RWT,2022-08-12,8.38,Q3'22,Q2'22,10.78,0.777366
RWT,2022-08-15,8.51,Q3'22,Q2'22,10.78,0.789425
RWT,2022-08-16,8.45,Q3'22,Q2'22,10.78,0.783859
RWT,2022-08-17,8.34,Q3'22,Q2'22,10.78,0.773655
RWT,2022-08-18,8.33,Q3'22,Q2'22,10.78,0.772727
RWT,2022-08-19,8.22,Q3'22,Q2'22,10.78,0.762523
RWT,2022-08-22,7.97,Q3'22,Q2'22,10.78,0.739332
RWT,2022-08-23,8.14,Q3'22,Q2'22,10.78,0.755102
RWT,2022-08-24,8.15,Q3'22,Q2'22,10.78,0.75603
RWT,2022-08-25,8.23,Q3'22,Q2'22,10.78,0.763451
RWT,2022-08-26,8.14,Q3'22,Q2'22,10.78,0.755102
RWT,2022-08-29,8.15,Q3'22,Q2'22,10.78,0.75603
RWT,2022-08-30,7.87,Q3'22,Q2'22,10.78,0.730056
RWT,2022-08-31,7.75,Q3'22,Q2'22,10.78,0.718924
RWT,2022-09-01,7.45,Q3'22,Q2'22,10.78,0.691095
RWT,2022-09-02,7.34,Q3'22,Q2'22,10.78,0.680891
RWT,2022-09-06,7.11,Q3'22,Q2'22,10.78,0.659555
RWT,2022-09-07,7.14,Q3'22,Q2'22,10.78,0.662338
RWT,2022-09-08,7.18,Q3'22,Q2'22,10.78,0.666048
RWT,2022-09-09,7.35,Q3'22,Q2'22,10.78,0.681818
RWT,2022-09-12,7.4,Q3'22,Q2'22,10.78,0.686456
RWT,2022-09-13,7.09,Q3'22,Q2'22,10.78,0.657699
RWT,2022-09-14,7.35,Q3'22,Q2'22,10.78,0.681818
RWT,2022-09-15,7.05,Q3'22,Q2'22,10.78,0.653989
RWT,2022-09-16,7.11,Q3'22,Q2'22,10.78,0.659555
RWT,2022-09-19,7.29,Q3'22,Q2'22,10.78,0.676252
RWT,2022-09-20,7.17,Q3'22,Q2'22,10.78,0.665121
RWT,2022-09-21,7.06,Q3'22,Q2'22,10.78,0.654917
RWT,2022-09-22,6.53,Q3'22,Q2'22,10.78,0.605751
RWT,2022-09-23,6.51,Q3'22,Q2'22,10.78,0.603896
RWT,2022-09-26,5.9,Q3'22,Q2'22,10.78,0.54731
RWT,2022-09-27,5.95,Q3'22,Q2'22,10.78,0.551948
RWT,2022-09-28,6.18,Q3'22,Q2'22,10.78,0.573284
RWT,2022-09-29,5.69,Q3'22,Q2'22,10.78,0.527829
RWT,2022-09-30,5.74,Q3'22,Q2'22,10.78,0.532468
RWT,2022-10-03,5.66,Q4'22,Q3'22,10.18,0.555992
RWT,2022-10-04,6.32,Q4'22,Q3'22,10.18,0.620825
RWT,2022-10-05,6.09,Q4'22,Q3'22,10.18,0.598232
RWT,2022-10-06,5.9,Q4'22,Q3'22,10.18,0.579568
RWT,2022-10-07,5.7,Q4'22,Q3'22,10.18,0.559921
RWT,2022-10-10,5.59,Q4'22,Q3'22,10.18,0.549116
RWT,2022-10-11,6.12,Q4'22,Q3'22,10.18,0.601179
RWT,2022-10-12,5.94,Q4'22,Q3'22,10.18,0.583497
RWT,2022-10-13,6.07,Q4'22,Q3'22,10.18,0.596267
RWT,2022-10-14,6.1,Q4'22,Q3'22,10.18,0.599214
RWT,2022-10-17,6.17,Q4'22,Q3'22,10.18,0.60609
RWT,2022-10-18,6.36,Q4'22,Q3'22,10.18,0.624754
RWT,2022-10-19,6.22,Q4'22,Q3'22,10.18,0.611002
RWT,2022-10-20,6.38,Q4'22,Q3'22,10.18,0.626719
RWT,2022-10-21,6.41,Q4'22,Q3'22,10.18,0.629666
RWT,2022-10-24,6.4,Q4'22,Q3'22,10.18,0.628684
RWT,2022-10-25,6.93,Q4'22,Q3'22,10.18,0.680747
RWT,2022-10-26,6.79,Q4'22,Q3'22,10.18,0.666994
RWT,2022-10-27,6.85,Q4'22,Q3'22,10.18,0.672888
RWT,2022-10-28,7.23,Q4'22,Q3'22,10.18,0.710216
RWT,2022-10-31,7.13,Q4'22,Q3'22,10.18,0.700393
RWT,2022-11-01,7.13,Q4'22,Q3'22,10.18,0.700393
RWT,2022-11-02,6.84,Q4'22,Q3'22,10.18,0.671906
RWT,2022-11-03,6.63,Q4'22,Q3'22,10.18,0.651277
RWT,2022-11-04,6.94,Q4'22,Q3'22,10.18,0.681729
RWT,2022-11-07,6.98,Q4'22,Q3'22,10.18,0.685658
RWT,2022-11-08,7.0,Q4'22,Q3'22,10.18,0.687623
RWT,2022-11-09,6.96,Q4'22,Q3'22,10.18,0.683694
RWT,2022-11-10,7.49,Q4'22,Q3'22,10.18,0.735756
RWT,2022-11-11,7.61,Q4'22,Q3'22,10.18,0.747544
RWT,2022-11-14,7.64,Q4'22,Q3'22,10.18,0.750491
RWT,2022-11-15,7.71,Q4'22,Q3'22,10.18,0.757367
RWT,2022-11-16,7.53,Q4'22,Q3'22,10.18,0.739686
RWT,2022-11-17,7.36,Q4'22,Q3'22,10.18,0.722986
RWT,2022-11-18,7.49,Q4'22,Q3'22,10.18,0.735756
RWT,2022-11-21,7.5,Q4'22,Q3'22,10.18,0.736739
RWT,2022-11-22,7.58,Q4'22,Q3'22,10.18,0.744597
RWT,2022-11-23,7.65,Q4'22,Q3'22,10.18,0.751473
RWT,2022-11-25,7.69,Q4'22,Q3'22,10.18,0.755403
RWT,2022-11-28,7.59,Q4'22,Q3'22,10.18,0.74558
RWT,2022-11-29,7.61,Q4'22,Q3'22,10.18,0.747544
RWT,2022-11-30,7.9,Q4'22,Q3'22,10.18,0.776031
RWT,2022-12-01,7.9,Q4'22,Q3'22,10.18,0.776031
RWT,2022-12-02,7.88,Q4'22,Q3'22,10.18,0.774067
RWT,2022-12-05,7.66,Q4'22,Q3'22,10.18,0.752456
RWT,2022-12-06,7.5,Q4'22,Q3'22,10.18,0.736739
RWT,2022-12-07,7.6,Q4'22,Q3'22,10.18,0.746562
RWT,2022-12-08,7.69,Q4'22,Q3'22,10.18,0.755403
RWT,2022-12-09,7.7,Q4'22,Q3'22,10.18,0.756385
RWT,2022-12-12,7.5,Q4'22,Q3'22,10.18,0.736739
RWT,2022-12-13,7.5,Q4'22,Q3'22,10.18,0.736739
RWT,2022-12-14,7.33,Q4'22,Q3'22,10.18,0.720039
RWT,2022-12-15,7.44,Q4'22,Q3'22,10.18,0.730845
RWT,2022-12-16,7.15,Q4'22,Q3'22,10.18,0.702358
RWT,2022-12-19,6.9,Q4'22,Q3'22,10.18,0.6778
RWT,2022-12-20,6.84,Q4'22,Q3'22,10.18,0.671906
RWT,2022-12-21,7.01,Q4'22,Q3'22,10.18,0.688605
RWT,2022-12-22,6.98,Q4'22,Q3'22,10.18,0.685658
RWT,2022-12-23,6.95,Q4'22,Q3'22,10.18,0.682711
RWT,2022-12-27,6.98,Q4'22,Q3'22,10.18,0.685658
RWT,2022-12-28,6.75,Q4'22,Q3'22,10.18,0.663065
RWT,2022-12-29,6.88,Q4'22,Q3'22,10.18,0.675835
RWT,2022-12-30,6.76,Q4'22,Q3'22,10.18,0.664047
RWT,2023-01-03,6.99,Q1'23,Q4'22,9.55,0.731937
RWT,2023-01-04,7.22,Q1'23,Q4'22,9.55,0.756021
RWT,2023-01-05,7.13,Q1'23,Q4'22,9.55,0.746597
RWT,2023-01-06,7.15,Q1'23,Q4'22,9.55,0.748691
RWT,2023-01-09,7.16,Q1'23,Q4'22,9.55,0.749738
RWT,2023-01-10,7.22,Q1'23,Q4'22,9.55,0.756021
RWT,2023-01-11,7.47,Q1'23,Q4'22,9.55,0.782199
RWT,2023-01-12,7.54,Q1'23,Q4'22,9.55,0.789529
RWT,2023-01-13,7.61,Q1'23,Q4'22,9.55,0.796859
RWT,2023-01-17,7.63,Q1'23,Q4'22,9.55,0.798953
RWT,2023-01-18,7.7,Q1'23,Q4'22,9.55,0.806283
RWT,2023-01-19,7.68,Q1'23,Q4'22,9.55,0.804188
RWT,2023-01-20,7.77,Q1'23,Q4'22,9.55,0.813613
RWT,2023-01-23,7.86,Q1'23,Q4'22,9.55,0.823037
RWT,2023-01-24,7.84,Q1'23,Q4'22,9.55,0.820942
RWT,2023-01-25,7.81,Q1'23,Q4'22,9.55,0.817801
RWT,2023-01-26,7.94,Q1'23,Q4'22,9.55,0.831414
RWT,2023-01-27,8.1,Q1'23,Q4'22,9.55,0.848168
RWT,2023-01-30,8.03,Q1'23,Q4'22,9.55,0.840838
RWT,2023-01-31,8.36,Q1'23,Q4'22,9.55,0.875393
RWT,2023-02-01,8.56,Q1'23,Q4'22,9.55,0.896335
RWT,2023-02-02,8.7,Q1'23,Q4'22,9.55,0.910995
RWT,2023-02-03,8.6,Q1'23,Q4'22,9.55,0.900524
RWT,2023-02-06,8.31,Q1'23,Q4'22,9.55,0.870157
RWT,2023-02-07,8.37,Q1'23,Q4'22,9.55,0.87644
RWT,2023-02-08,8.3,Q1'23,Q4'22,9.55,0.86911
RWT,2023-02-09,7.92,Q1'23,Q4'22,9.55,0.829319
RWT,2023-02-10,7.88,Q1'23,Q4'22,9.55,0.825131
RWT,2023-02-13,8.07,Q1'23,Q4'22,9.55,0.845026
RWT,2023-02-14,7.97,Q1'23,Q4'22,9.55,0.834555
RWT,2023-02-15,8.07,Q1'23,Q4'22,9.55,0.845026
RWT,2023-02-16,8.01,Q1'23,Q4'22,9.55,0.838743
RWT,2023-02-17,7.97,Q1'23,Q4'22,9.55,0.834555
RWT,2023-02-21,7.72,Q1'23,Q4'22,9.55,0.808377
RWT,2023-02-22,7.72,Q1'23,Q4'22,9.55,0.808377
RWT,2023-02-23,7.76,Q1'23,Q4'22,9.55,0.812565
RWT,2023-02-24,7.62,Q1'23,Q4'22,9.55,0.797906
RWT,2023-02-27,7.57,Q1'23,Q4'22,9.55,0.79267
RWT,2023-02-28,7.61,Q1'23,Q4'22,9.55,0.796859
RWT,2023-03-01,7.51,Q1'23,Q4'22,9.55,0.786387
RWT,2023-03-02,7.54,Q1'23,Q4'22,9.55,0.789529
RWT,2023-03-03,7.66,Q1'23,Q4'22,9.55,0.802094
RWT,2023-03-06,7.66,Q1'23,Q4'22,9.55,0.802094
RWT,2023-03-07,7.57,Q1'23,Q4'22,9.55,0.79267
RWT,2023-03-08,7.54,Q1'23,Q4'22,9.55,0.789529
RWT,2023-03-09,7.26,Q1'23,Q4'22,9.55,0.760209
RWT,2023-03-10,6.89,Q1'23,Q4'22,9.55,0.721466
RWT,2023-03-13,6.81,Q1'23,Q4'22,9.55,0.713089
RWT,2023-03-14,6.98,Q1'23,Q4'22,9.55,0.73089
RWT,2023-03-15,6.99,Q1'23,Q4'22,9.55,0.731937
RWT,2023-03-16,7.03,Q1'23,Q4'22,9.55,0.736126
RWT,2023-03-17,6.74,Q1'23,Q4'22,9.55,0.705759
RWT,2023-03-20,6.74,Q1'23,Q4'22,9.55,0.705759
RWT,2023-03-21,6.75,Q1'23,Q4'22,9.55,0.706806
RWT,2023-03-22,6.51,Q1'23,Q4'22,9.55,0.681675
RWT,2023-03-23,6.1,Q1'23,Q4'22,9.55,0.638743
RWT,2023-03-24,6.41,Q1'23,Q4'22,9.55,0.671204
RWT,2023-03-27,6.51,Q1'23,Q4'22,9.55,0.681675
RWT,2023-03-28,6.51,Q1'23,Q4'22,9.55,0.681675
RWT,2023-03-29,6.56,Q1'23,Q4'22,9.55,0.686911
RWT,2023-03-30,6.53,Q1'23,Q4'22,9.55,0.68377
RWT,2023-03-31,6.74,Q1'23,Q4'22,9.55,0.705759
RWT,2023-04-03,6.7,Q2'23,Q1'23,9.4,0.712766
RWT,2023-04-04,6.66,Q2'23,Q1'23,9.4,0.708511
RWT,2023-04-05,6.66,Q2'23,Q1'23,9.4,0.708511
RWT,2023-04-06,6.66,Q2'23,Q1'23,9.4,0.708511
RWT,2023-04-10,6.6,Q2'23,Q1'23,9.4,0.702128
RWT,2023-04-11,6.6,Q2'23,Q1'23,9.4,0.702128
RWT,2023-04-12,6.61,Q2'23,Q1'23,9.4,0.703192
RWT,2023-04-13,6.67,Q2'23,Q1'23,9.4,0.709574
RWT,2023-04-14,6.59,Q2'23,Q1'23,9.4,0.701064
RWT,2023-04-17,6.76,Q2'23,Q1'23,9.4,0.719149
RWT,2023-04-18,6.7,Q2'23,Q1'23,9.4,0.712766
RWT,2023-04-19,6.82,Q2'23,Q1'23,9.4,0.725532
RWT,2023-04-20,6.79,Q2'23,Q1'23,9.4,0.72234
RWT,2023-04-21,6.78,Q2'23,Q1'23,9.4,0.721277
RWT,2023-04-24,6.7,Q2'23,Q1'23,9.4,0.712766
RWT,2023-04-25,6.51,Q2'23,Q1'23,9.4,0.692553
RWT,2023-04-26,6.39,Q2'23,Q1'23,9.4,0.679787
RWT,2023-04-27,6.62,Q2'23,Q1'23,9.4,0.704255
RWT,2023-04-28,6.28,Q2'23,Q1'23,9.4,0.668085
RWT,2023-05-01,6.02,Q2'23,Q1'23,9.4,0.640426
RWT,2023-05-02,5.77,Q2'23,Q1'23,9.4,0.61383
RWT,2023-05-03,5.7,Q2'23,Q1'23,9.4,0.606383
RWT,2023-05-04,5.55,Q2'23,Q1'23,9.4,0.590426
RWT,2023-05-05,5.68,Q2'23,Q1'23,9.4,0.604255
RWT,2023-05-08,5.8,Q2'23,Q1'23,9.4,0.617021
RWT,2023-05-09,5.75,Q2'23,Q1'23,9.4,0.611702
RWT,2023-05-10,5.76,Q2'23,Q1'23,9.4,0.612766
RWT,2023-05-11,5.71,Q2'23,Q1'23,9.4,0.607447
RWT,2023-05-12,5.65,Q2'23,Q1'23,9.4,0.601064
RWT,2023-05-15,5.7,Q2'23,Q1'23,9.4,0.606383
RWT,2023-05-16,5.59,Q2'23,Q1'23,9.4,0.594681
RWT,2023-05-17,5.73,Q2'23,Q1'23,9.4,0.609574
RWT,2023-05-18,5.81,Q2'23,Q1'23,9.4,0.618085
RWT,2023-05-19,5.82,Q2'23,Q1'23,9.4,0.619149
RWT,2023-05-22,5.94,Q2'23,Q1'23,9.4,0.631915
RWT,2023-05-23,6.03,Q2'23,Q1'23,9.4,0.641489
RWT,2023-05-24,5.89,Q2'23,Q1'23,9.4,0.626596
RWT,2023-05-25,5.7,Q2'23,Q1'23,9.4,0.606383
RWT,2023-05-26,5.89,Q2'23,Q1'23,9.4,0.626596
RWT,2023-05-30,5.99,Q2'23,Q1'23,9.4,0.637234
RWT,2023-05-31,5.92,Q2'23,Q1'23,9.4,0.629787
RWT,2023-06-01,6.1,Q2'23,Q1'23,9.4,0.648936
RWT,2023-06-02,6.31,Q2'23,Q1'23,9.4,0.671277
RWT,2023-06-05,6.23,Q2'23,Q1'23,9.4,0.662766
RWT,2023-06-06,6.38,Q2'23,Q1'23,9.4,0.678723
RWT,2023-06-07,6.43,Q2'23,Q1'23,9.4,0.684043
RWT,2023-06-08,6.4,Q2'23,Q1'23,9.4,0.680851
RWT,2023-06-09,6.37,Q2'23,Q1'23,9.4,0.67766
RWT,2023-06-12,6.51,Q2'23,Q1'23,9.4,0.692553
RWT,2023-06-13,6.54,Q2'23,Q1'23,9.4,0.695745
RWT,2023-06-14,6.49,Q2'23,Q1'23,9.4,0.690426
RWT,2023-06-15,6.56,Q2'23,Q1'23,9.4,0.697872
RWT,2023-06-16,6.47,Q2'23,Q1'23,9.4,0.688298
RWT,2023-06-20,6.42,Q2'23,Q1'23,9.4,0.682979
RWT,2023-06-21,6.48,Q2'23,Q1'23,9.4,0.689362
RWT,2023-06-22,6.22,Q2'23,Q1'23,9.4,0.661702
RWT,2023-06-23,6.11,Q2'23,Q1'23,9.4,0.65
RWT,2023-06-26,6.21,Q2'23,Q1'23,9.4,0.660638
RWT,2023-06-27,6.33,Q2'23,Q1'23,9.4,0.673404
RWT,2023-06-28,6.4,Q2'23,Q1'23,9.4,0.680851
RWT,2023-06-29,6.39,Q2'23,Q1'23,9.4,0.679787
RWT,2023-06-30,6.37,Q2'23,Q1'23,9.4,0.67766
RWT,2023-07-03,6.38,Q3'23,Q2'23,9.26,0.688985
RWT,2023-07-05,6.31,Q3'23,Q2'23,9.26,0.681425
RWT,2023-07-06,6.2,Q3'23,Q2'23,9.26,0.669546
RWT,2023-07-07,6.28,Q3'23,Q2'23,9.26,0.678186
RWT,2023-07-10,6.34,Q3'23,Q2'23,9.26,0.684665
RWT,2023-07-11,6.39,Q3'23,Q2'23,9.26,0.690065
RWT,2023-07-12,6.4,Q3'23,Q2'23,9.26,0.691145
RWT,2023-07-13,6.52,Q3'23,Q2'23,9.26,0.704104
RWT,2023-07-14,6.61,Q3'23,Q2'23,9.26,0.713823
RWT,2023-07-17,6.61,Q3'23,Q2'23,9.26,0.713823
RWT,2023-07-18,6.79,Q3'23,Q2'23,9.26,0.733261
RWT,2023-07-19,6.91,Q3'23,Q2'23,9.26,0.74622
RWT,2023-07-20,6.87,Q3'23,Q2'23,9.26,0.741901
RWT,2023-07-21,6.81,Q3'23,Q2'23,9.26,0.735421
RWT,2023-07-24,6.86,Q3'23,Q2'23,9.26,0.740821
RWT,2023-07-25,6.84,Q3'23,Q2'23,9.26,0.738661
RWT,2023-07-26,6.95,Q3'23,Q2'23,9.26,0.75054
RWT,2023-07-27,6.88,Q3'23,Q2'23,9.26,0.742981
RWT,2023-07-28,7.44,Q3'23,Q2'23,9.26,0.803456
RWT,2023-07-31,7.53,Q3'23,Q2'23,9.26,0.813175
RWT,2023-08-01,7.53,Q3'23,Q2'23,9.26,0.813175
RWT,2023-08-02,7.48,Q3'23,Q2'23,9.26,0.807775
RWT,2023-08-03,7.35,Q3'23,Q2'23,9.26,0.793736
RWT,2023-08-04,7.76,Q3'23,Q2'23,9.26,0.838013
RWT,2023-08-07,7.78,Q3'23,Q2'23,9.26,0.840173
RWT,2023-08-08,7.78,Q3'23,Q2'23,9.26,0.840173
RWT,2023-08-09,7.8,Q3'23,Q2'23,9.26,0.842333
RWT,2023-08-10,7.86,Q3'23,Q2'23,9.26,0.848812
RWT,2023-08-11,7.86,Q3'23,Q2'23,9.26,0.848812
RWT,2023-08-14,7.72,Q3'23,Q2'23,9.26,0.833693
RWT,2023-08-15,7.78,Q3'23,Q2'23,9.26,0.840173
RWT,2023-08-16,7.81,Q3'23,Q2'23,9.26,0.843413
RWT,2023-08-17,7.64,Q3'23,Q2'23,9.26,0.825054
RWT,2023-08-18,7.71,Q3'23,Q2'23,9.26,0.832613
RWT,2023-08-21,7.7,Q3'23,Q2'23,9.26,0.831533
RWT,2023-08-22,7.68,Q3'23,Q2'23,9.26,0.829374
RWT,2023-08-23,7.88,Q3'23,Q2'23,9.26,0.850972
RWT,2023-08-24,7.76,Q3'23,Q2'23,9.26,0.838013
RWT,2023-08-25,7.77,Q3'23,Q2'23,9.26,0.839093
RWT,2023-08-28,7.99,Q3'23,Q2'23,9.26,0.862851
RWT,2023-08-29,8.01,Q3'23,Q2'23,9.26,0.865011
RWT,2023-08-30,7.94,Q3'23,Q2'23,9.26,0.857451
RWT,2023-08-31,8.01,Q3'23,Q2'23,9.26,0.865011
RWT,2023-09-01,8.22,Q3'23,Q2'23,9.26,0.887689
RWT,2023-09-05,7.88,Q3'23,Q2'23,9.26,0.850972
RWT,2023-09-06,7.79,Q3'23,Q2'23,9.26,0.841253
RWT,2023-09-07,7.72,Q3'23,Q2'23,9.26,0.833693
RWT,2023-09-08,7.64,Q3'23,Q2'23,9.26,0.825054
RWT,2023-09-11,7.75,Q3'23,Q2'23,9.26,0.836933
RWT,2023-09-12,7.79,Q3'23,Q2'23,9.26,0.841253
RWT,2023-09-13,7.76,Q3'23,Q2'23,9.26,0.838013
RWT,2023-09-14,7.84,Q3'23,Q2'23,9.26,0.846652
RWT,2023-09-15,7.85,Q3'23,Q2'23,9.26,0.847732
RWT,2023-09-18,7.77,Q3'23,Q2'23,9.26,0.839093
RWT,2023-09-19,7.7,Q3'23,Q2'23,9.26,0.831533
RWT,2023-09-20,7.54,Q3'23,Q2'23,9.26,0.814255
RWT,2023-09-21,7.11,Q3'23,Q2'23,9.26,0.767819
RWT,2023-09-22,7.25,Q3'23,Q2'23,9.26,0.782937
RWT,2023-09-25,7.2,Q3'23,Q2'23,9.26,0.777538
RWT,2023-09-26,7.22,Q3'23,Q2'23,9.26,0.779698
RWT,2023-09-27,7.09,Q3'23,Q2'23,9.26,0.765659
RWT,2023-09-28,7.07,Q3'23,Q2'23,9.26,0.763499
RWT,2023-09-29,7.13,Q3'23,Q2'23,9.26,0.769978
RWT,2023-10-02,6.97,Q4'23,Q3'23,8.77,0.794755
RWT,2023-10-03,6.8,Q4'23,Q3'23,8.77,0.775371
RWT,2023-10-04,6.8,Q4'23,Q3'23,8.77,0.775371
RWT,2023-10-05,6.95,Q4'23,Q3'23,8.77,0.792474
RWT,2023-10-06,6.96,Q4'23,Q3'23,8.77,0.793615
RWT,2023-10-09,7.13,Q4'23,Q3'23,8.77,0.812999
RWT,2023-10-10,7.15,Q4'23,Q3'23,8.77,0.815279
RWT,2023-10-11,7.34,Q4'23,Q3'23,8.77,0.836944
RWT,2023-10-12,7.28,Q4'23,Q3'23,8.77,0.830103
RWT,2023-10-13,7.04,Q4'23,Q3'23,8.77,0.802737
RWT,2023-10-16,7.1,Q4'23,Q3'23,8.77,0.809578
RWT,2023-10-17,7.05,Q4'23,Q3'23,8.77,0.803877
RWT,2023-10-18,6.89,Q4'23,Q3'23,8.77,0.785633
RWT,2023-10-19,6.76,Q4'23,Q3'23,8.77,0.77081
RWT,2023-10-20,6.71,Q4'23,Q3'23,8.77,0.765108
RWT,2023-10-23,6.71,Q4'23,Q3'23,8.77,0.765108
RWT,2023-10-24,6.73,Q4'23,Q3'23,8.77,0.767389
RWT,2023-10-25,6.59,Q4'23,Q3'23,8.77,0.751425
RWT,2023-10-26,6.68,Q4'23,Q3'23,8.77,0.761688
RWT,2023-10-27,6.75,Q4'23,Q3'23,8.77,0.769669
RWT,2023-10-30,6.87,Q4'23,Q3'23,8.77,0.783352
RWT,2023-10-31,6.28,Q4'23,Q3'23,8.77,0.716078
RWT,2023-11-01,6.38,Q4'23,Q3'23,8.77,0.72748
RWT,2023-11-02,6.7,Q4'23,Q3'23,8.77,0.763968
RWT,2023-11-03,6.93,Q4'23,Q3'23,8.77,0.790194
RWT,2023-11-06,6.8,Q4'23,Q3'23,8.77,0.775371
RWT,2023-11-07,6.67,Q4'23,Q3'23,8.77,0.760547
RWT,2023-11-08,6.71,Q4'23,Q3'23,8.77,0.765108
RWT,2023-11-09,6.51,Q4'23,Q3'23,8.77,0.742303
RWT,2023-11-10,6.58,Q4'23,Q3'23,8.77,0.750285
RWT,2023-11-13,6.57,Q4'23,Q3'23,8.77,0.749145
RWT,2023-11-14,6.89,Q4'23,Q3'23,8.77,0.785633
RWT,2023-11-15,6.91,Q4'23,Q3'23,8.77,0.787913
RWT,2023-11-16,6.75,Q4'23,Q3'23,8.77,0.769669
RWT,2023-11-17,6.79,Q4'23,Q3'23,8.77,0.77423
RWT,2023-11-20,6.82,Q4'23,Q3'23,8.77,0.777651
RWT,2023-11-21,6.78,Q4'23,Q3'23,8.77,0.77309
RWT,2023-11-22,6.85,Q4'23,Q3'23,8.77,0.781072
RWT,2023-11-24,6.85,Q4'23,Q3'23,8.77,0.781072
RWT,2023-11-27,6.85,Q4'23,Q3'23,8.77,0.781072
RWT,2023-11-28,6.94,Q4'23,Q3'23,8.77,0.791334
RWT,2023-11-29,7.12,Q4'23,Q3'23,8.77,0.811859
RWT,2023-11-30,7.11,Q4'23,Q3'23,8.77,0.810718
RWT,2023-12-01,7.26,Q4'23,Q3'23,8.77,0.827822
RWT,2023-12-04,7.22,Q4'23,Q3'23,8.77,0.823261
RWT,2023-12-05,7.14,Q4'23,Q3'23,8.77,0.814139
RWT,2023-12-06,7.13,Q4'23,Q3'23,8.77,0.812999
RWT,2023-12-07,7.19,Q4'23,Q3'23,8.77,0.81984
RWT,2023-12-08,7.21,Q4'23,Q3'23,8.77,0.822121
RWT,2023-12-11,7.03,Q4'23,Q3'23,8.77,0.801596
RWT,2023-12-12,7.16,Q4'23,Q3'23,8.77,0.81642
RWT,2023-12-13,7.35,Q4'23,Q3'23,8.77,0.838084
RWT,2023-12-14,7.79,Q4'23,Q3'23,8.77,0.888255
RWT,2023-12-15,7.62,Q4'23,Q3'23,8.77,0.868871
RWT,2023-12-18,7.54,Q4'23,Q3'23,8.77,0.859749
RWT,2023-12-19,7.47,Q4'23,Q3'23,8.77,0.851767
RWT,2023-12-20,7.34,Q4'23,Q3'23,8.77,0.836944
RWT,2023-12-21,7.46,Q4'23,Q3'23,8.77,0.850627
RWT,2023-12-22,7.44,Q4'23,Q3'23,8.77,0.848347
RWT,2023-12-26,7.53,Q4'23,Q3'23,8.77,0.858609
RWT,2023-12-27,7.56,Q4'23,Q3'23,8.77,0.86203
RWT,2023-12-28,7.59,Q4'23,Q3'23,8.77,0.86545
RWT,2023-12-29,7.41,Q4'23,Q3'23,8.77,0.844926
RWT,2024-01-02,7.25,Q1'24,Q4'23,8.64,0.83912
RWT,2024-01-03,7.05,Q1'24,Q4'23,8.64,0.815972
RWT,2024-01-04,7.01,Q1'24,Q4'23,8.64,0.811343
RWT,2024-01-05,6.95,Q1'24,Q4'23,8.64,0.804398
RWT,2024-01-08,7.08,Q1'24,Q4'23,8.64,0.819444
RWT,2024-01-09,7.06,Q1'24,Q4'23,8.64,0.81713
RWT,2024-01-10,7.14,Q1'24,Q4'23,8.64,0.826389
RWT,2024-01-11,7.05,Q1'24,Q4'23,8.64,0.815972
RWT,2024-01-12,7.07,Q1'24,Q4'23,8.64,0.818287
RWT,2024-01-16,7.02,Q1'24,Q4'23,8.64,0.8125
RWT,2024-01-17,6.8,Q1'24,Q4'23,8.64,0.787037
RWT,2024-01-18,6.84,Q1'24,Q4'23,8.64,0.791667
RWT,2024-01-19,6.94,Q1'24,Q4'23,8.64,0.803241
RWT,2024-01-22,7.02,Q1'24,Q4'23,8.64,0.8125
RWT,2024-01-23,7.03,Q1'24,Q4'23,8.64,0.813657
RWT,2024-01-24,6.92,Q1'24,Q4'23,8.64,0.800926
RWT,2024-01-25,6.94,Q1'24,Q4'23,8.64,0.803241
RWT,2024-01-26,6.96,Q1'24,Q4'23,8.64,0.805556
RWT,2024-01-29,7.03,Q1'24,Q4'23,8.64,0.813657
RWT,2024-01-30,6.85,Q1'24,Q4'23,8.64,0.792824
RWT,2024-01-31,6.71,Q1'24,Q4'23,8.64,0.77662
RWT,2024-02-01,6.87,Q1'24,Q4'23,8.64,0.795139
RWT,2024-02-02,6.69,Q1'24,Q4'23,8.64,0.774306
RWT,2024-02-05,6.56,Q1'24,Q4'23,8.64,0.759259
RWT,2024-02-06,6.57,Q1'24,Q4'23,8.64,0.760417
RWT,2024-02-07,6.42,Q1'24,Q4'23,8.64,0.743056
RWT,2024-02-08,6.49,Q1'24,Q4'23,8.64,0.751157
RWT,2024-02-09,6.6,Q1'24,Q4'23,8.64,0.763889
RWT,2024-02-12,6.71,Q1'24,Q4'23,8.64,0.77662
RWT,2024-02-13,6.45,Q1'24,Q4'23,8.64,0.746528
RWT,2024-02-14,6.52,Q1'24,Q4'23,8.64,0.75463
RWT,2024-02-15,6.75,Q1'24,Q4'23,8.64,0.78125
RWT,2024-02-16,6.69,Q1'24,Q4'23,8.64,0.774306
RWT,2024-02-20,6.51,Q1'24,Q4'23,8.64,0.753472
RWT,2024-02-21,6.14,Q1'24,Q4'23,8.64,0.710648
RWT,2024-02-22,6.14,Q1'24,Q4'23,8.64,0.710648
RWT,2024-02-23,6.16,Q1'24,Q4'23,8.64,0.712963
RWT,2024-02-26,6.04,Q1'24,Q4'23,8.64,0.699074
RWT,2024-02-27,6.09,Q1'24,Q4'23,8.64,0.704861
RWT,2024-02-28,6.05,Q1'24,Q4'23,8.64,0.700232
RWT,2024-02-29,6.13,Q1'24,Q4'23,8.64,0.709491
RWT,2024-03-01,6.14,Q1'24,Q4'23,8.64,0.710648
RWT,2024-03-04,6.03,Q1'24,Q4'23,8.64,0.697917
RWT,2024-03-05,6.0,Q1'24,Q4'23,8.64,0.694444
RWT,2024-03-06,6.0,Q1'24,Q4'23,8.64,0.694444
RWT,2024-03-07,6.03,Q1'24,Q4'23,8.64,0.697917
RWT,2024-03-08,6.19,Q1'24,Q4'23,8.64,0.716435
RWT,2024-03-11,6.17,Q1'24,Q4'23,8.64,0.71412
RWT,2024-03-12,6.15,Q1'24,Q4'23,8.64,0.711806
RWT,2024-03-13,6.19,Q1'24,Q4'23,8.64,0.716435
RWT,2024-03-14,6.05,Q1'24,Q4'23,8.64,0.700232
RWT,2024-03-15,6.03,Q1'24,Q4'23,8.64,0.697917
RWT,2024-03-18,5.93,Q1'24,Q4'23,8.64,0.686343
RWT,2024-03-19,6.12,Q1'24,Q4'23,8.64,0.708333
RWT,2024-03-20,6.31,Q1'24,Q4'23,8.64,0.730324
RWT,2024-03-21,6.36,Q1'24,Q4'23,8.64,0.736111
RWT,2024-03-22,6.33,Q1'24,Q4'23,8.64,0.732639
RWT,2024-03-25,6.33,Q1'24,Q4'23,8.64,0.732639
RWT,2024-03-26,6.13,Q1'24,Q4'23,8.64,0.709491
RWT,2024-03-27,6.27,Q1'24,Q4'23,8.64,0.725694
RWT,2024-03-28,6.37,Q1'24,Q4'23,8.64,0.737269
RWT,2024-04-01,6.29,Q2'24,Q1'24,8.78,0.716401
RWT,2024-04-02,6.15,Q2'24,Q1'24,8.78,0.700456
RWT,2024-04-03,6.14,Q2'24,Q1'24,8.78,0.699317
RWT,2024-04-04,6.12,Q2'24,Q1'24,8.78,0.697039
RWT,2024-04-05,6.19,Q2'24,Q1'24,8.78,0.705011
RWT,2024-04-08,6.23,Q2'24,Q1'24,8.78,0.709567
RWT,2024-04-09,6.36,Q2'24,Q1'24,8.78,0.724374
RWT,2024-04-10,5.95,Q2'24,Q1'24,8.78,0.677677
RWT,2024-04-11,5.83,Q2'24,Q1'24,8.78,0.664009
RWT,2024-04-12,5.73,Q2'24,Q1'24,8.78,0.65262
RWT,2024-04-15,5.59,Q2'24,Q1'24,8.78,0.636674
RWT,2024-04-16,5.49,Q2'24,Q1'24,8.78,0.625285
RWT,2024-04-17,5.51,Q2'24,Q1'24,8.78,0.627563
RWT,2024-04-18,5.63,Q2'24,Q1'24,8.78,0.64123
RWT,2024-04-19,5.68,Q2'24,Q1'24,8.78,0.646925
RWT,2024-04-22,5.71,Q2'24,Q1'24,8.78,0.650342
RWT,2024-04-23,5.86,Q2'24,Q1'24,8.78,0.667426
RWT,2024-04-24,5.76,Q2'24,Q1'24,8.78,0.656036
RWT,2024-04-25,5.67,Q2'24,Q1'24,8.78,0.645786
RWT,2024-04-26,5.72,Q2'24,Q1'24,8.78,0.651481
RWT,2024-04-29,5.69,Q2'24,Q1'24,8.78,0.648064
RWT,2024-04-30,5.53,Q2'24,Q1'24,8.78,0.629841
RWT,2024-05-01,6.18,Q2'24,Q1'24,8.78,0.703872
RWT,2024-05-02,6.36,Q2'24,Q1'24,8.78,0.724374
RWT,2024-05-03,6.34,Q2'24,Q1'24,8.78,0.722096
RWT,2024-05-06,6.37,Q2'24,Q1'24,8.78,0.725513
RWT,2024-05-07,6.33,Q2'24,Q1'24,8.78,0.720957
RWT,2024-05-08,6.27,Q2'24,Q1'24,8.78,0.714123
RWT,2024-05-09,6.46,Q2'24,Q1'24,8.78,0.735763
RWT,2024-05-10,6.45,Q2'24,Q1'24,8.78,0.734624
RWT,2024-05-13,6.41,Q2'24,Q1'24,8.78,0.730068
RWT,2024-05-14,6.46,Q2'24,Q1'24,8.78,0.735763
RWT,2024-05-15,6.62,Q2'24,Q1'24,8.78,0.753986
RWT,2024-05-16,6.63,Q2'24,Q1'24,8.78,0.755125
RWT,2024-05-17,6.68,Q2'24,Q1'24,8.78,0.76082
RWT,2024-05-20,6.53,Q2'24,Q1'24,8.78,0.743736
RWT,2024-05-21,6.51,Q2'24,Q1'24,8.78,0.741458
RWT,2024-05-22,6.39,Q2'24,Q1'24,8.78,0.72779
RWT,2024-05-23,6.2,Q2'24,Q1'24,8.78,0.70615
RWT,2024-05-24,6.28,Q2'24,Q1'24,8.78,0.715262
RWT,2024-05-28,6.29,Q2'24,Q1'24,8.78,0.716401
RWT,2024-05-29,6.19,Q2'24,Q1'24,8.78,0.705011
RWT,2024-05-30,6.24,Q2'24,Q1'24,8.78,0.710706
RWT,2024-05-31,6.34,Q2'24,Q1'24,8.78,0.722096
RWT,2024-06-03,6.39,Q2'24,Q1'24,8.78,0.72779
RWT,2024-06-04,6.43,Q2'24,Q1'24,8.78,0.732346
RWT,2024-06-05,6.49,Q2'24,Q1'24,8.78,0.73918
RWT,2024-06-06,6.41,Q2'24,Q1'24,8.78,0.730068
RWT,2024-06-07,6.33,Q2'24,Q1'24,8.78,0.720957
RWT,2024-06-10,6.28,Q2'24,Q1'24,8.78,0.715262
RWT,2024-06-11,6.27,Q2'24,Q1'24,8.78,0.714123
RWT,2024-06-12,6.48,Q2'24,Q1'24,8.78,0.738041
RWT,2024-06-13,6.52,Q2'24,Q1'24,8.78,0.742597
RWT,2024-06-14,6.5,Q2'24,Q1'24,8.78,0.740319
RWT,2024-06-17,6.67,Q2'24,Q1'24,8.78,0.759681
RWT,2024-06-18,6.55,Q2'24,Q1'24,8.78,0.746014
RWT,2024-06-20,6.49,Q2'24,Q1'24,8.78,0.73918
RWT,2024-06-21,6.33,Q2'24,Q1'24,8.78,0.720957
RWT,2024-06-24,6.39,Q2'24,Q1'24,8.78,0.72779
RWT,2024-06-25,6.41,Q2'24,Q1'24,8.78,0.730068
RWT,2024-06-26,6.36,Q2'24,Q1'24,8.78,0.724374
RWT,2024-06-27,6.4,Q2'24,Q1'24,8.78,0.728929
RWT,2024-06-28,6.49,Q2'24,Q1'24,8.78,0.73918
RWT,2024-07-01,6.37,Q3'24,Q2'24,8.73,0.729668
RWT,2024-07-02,6.44,Q3'24,Q2'24,8.73,0.737686
RWT,2024-07-03,6.45,Q3'24,Q2'24,8.73,0.738832
RWT,2024-07-05,6.45,Q3'24,Q2'24,8.73,0.738832
RWT,2024-07-08,6.49,Q3'24,Q2'24,8.73,0.743413
RWT,2024-07-09,6.53,Q3'24,Q2'24,8.73,0.747995
RWT,2024-07-10,6.64,Q3'24,Q2'24,8.73,0.760596
RWT,2024-07-11,6.94,Q3'24,Q2'24,8.73,0.79496
RWT,2024-07-12,7.08,Q3'24,Q2'24,8.73,0.810997
RWT,2024-07-15,7.14,Q3'24,Q2'24,8.73,0.817869
RWT,2024-07-16,7.5,Q3'24,Q2'24,8.73,0.859107
RWT,2024-07-17,7.49,Q3'24,Q2'24,8.73,0.857961
RWT,2024-07-18,7.45,Q3'24,Q2'24,8.73,0.853379
RWT,2024-07-19,7.41,Q3'24,Q2'24,8.73,0.848797
RWT,2024-07-22,7.42,Q3'24,Q2'24,8.73,0.849943
RWT,2024-07-23,7.5,Q3'24,Q2'24,8.73,0.859107
RWT,2024-07-24,7.25,Q3'24,Q2'24,8.73,0.83047
RWT,2024-07-25,7.3,Q3'24,Q2'24,8.73,0.836197
RWT,2024-07-26,7.4,Q3'24,Q2'24,8.73,0.847652
RWT,2024-07-29,7.29,Q3'24,Q2'24,8.73,0.835052
RWT,2024-07-30,7.35,Q3'24,Q2'24,8.73,0.841924
RWT,2024-07-31,7.27,Q3'24,Q2'24,8.73,0.832761
RWT,2024-08-01,7.07,Q3'24,Q2'24,8.73,0.809851
RWT,2024-08-02,7.05,Q3'24,Q2'24,8.73,0.80756
RWT,2024-08-05,6.83,Q3'24,Q2'24,8.73,0.78236
RWT,2024-08-06,6.97,Q3'24,Q2'24,8.73,0.798396
RWT,2024-08-07,6.97,Q3'24,Q2'24,8.73,0.798396
RWT,2024-08-08,6.96,Q3'24,Q2'24,8.73,0.797251
RWT,2024-08-09,7.06,Q3'24,Q2'24,8.73,0.808706
RWT,2024-08-12,6.89,Q3'24,Q2'24,8.73,0.789233
RWT,2024-08-13,7.0,Q3'24,Q2'24,8.73,0.801833
RWT,2024-08-14,7.07,Q3'24,Q2'24,8.73,0.809851
RWT,2024-08-15,7.14,Q3'24,Q2'24,8.73,0.817869
RWT,2024-08-16,7.16,Q3'24,Q2'24,8.73,0.82016
RWT,2024-08-19,7.21,Q3'24,Q2'24,8.73,0.825888
RWT,2024-08-20,7.15,Q3'24,Q2'24,8.73,0.819015
RWT,2024-08-21,7.21,Q3'24,Q2'24,8.73,0.825888
RWT,2024-08-22,7.19,Q3'24,Q2'24,8.73,0.823597
RWT,2024-08-23,7.35,Q3'24,Q2'24,8.73,0.841924
RWT,2024-08-26,7.41,Q3'24,Q2'24,8.73,0.848797
RWT,2024-08-27,7.38,Q3'24,Q2'24,8.73,0.845361
RWT,2024-08-28,7.44,Q3'24,Q2'24,8.73,0.852234
RWT,2024-08-29,7.51,Q3'24,Q2'24,8.73,0.860252
RWT,2024-08-30,7.57,Q3'24,Q2'24,8.73,0.867125
RWT,2024-09-03,7.41,Q3'24,Q2'24,8.73,0.848797
RWT,2024-09-04,7.38,Q3'24,Q2'24,8.73,0.845361
RWT,2024-09-05,7.41,Q3'24,Q2'24,8.73,0.848797
RWT,2024-09-06,7.39,Q3'24,Q2'24,8.73,0.846506
RWT,2024-09-09,7.37,Q3'24,Q2'24,8.73,0.844215
RWT,2024-09-10,7.46,Q3'24,Q2'24,8.73,0.854525
RWT,2024-09-11,7.4,Q3'24,Q2'24,8.73,0.847652
RWT,2024-09-12,7.84,Q3'24,Q2'24,8.73,0.898053
RWT,2024-09-13,8.05,Q3'24,Q2'24,8.73,0.922108
RWT,2024-09-16,8.08,Q3'24,Q2'24,8.73,0.925544
RWT,2024-09-17,7.95,Q3'24,Q2'24,8.73,0.910653
RWT,2024-09-18,7.99,Q3'24,Q2'24,8.73,0.915235
RWT,2024-09-19,8.06,Q3'24,Q2'24,8.73,0.923253
RWT,2024-09-20,7.93,Q3'24,Q2'24,8.73,0.908362
RWT,2024-09-23,7.72,Q3'24,Q2'24,8.73,0.884307
RWT,2024-09-24,7.84,Q3'24,Q2'24,8.73,0.898053
RWT,2024-09-25,7.73,Q3'24,Q2'24,8.73,0.885452
RWT,2024-09-26,7.66,Q3'24,Q2'24,8.73,0.877434
RWT,2024-09-27,7.75,Q3'24,Q2'24,8.73,0.887743
RWT,2024-09-30,7.73,Q3'24,Q2'24,8.73,0.885452
RWT,2024-10-01,7.61,Q4'24,Q3'24,8.74,0.870709
RWT,2024-10-02,7.55,Q4'24,Q3'24,8.74,0.863844
RWT,2024-10-03,7.48,Q4'24,Q3'24,8.74,0.855835
RWT,2024-10-04,7.56,Q4'24,Q3'24,8.74,0.864989
RWT,2024-10-07,7.41,Q4'24,Q3'24,8.74,0.847826
RWT,2024-10-08,7.55,Q4'24,Q3'24,8.74,0.863844
RWT,2024-10-09,7.55,Q4'24,Q3'24,8.74,0.863844
RWT,2024-10-10,7.4,Q4'24,Q3'24,8.74,0.846682
RWT,2024-10-11,7.45,Q4'24,Q3'24,8.74,0.852403
RWT,2024-10-14,7.56,Q4'24,Q3'24,8.74,0.864989
RWT,2024-10-15,7.52,Q4'24,Q3'24,8.74,0.860412
RWT,2024-10-16,7.7,Q4'24,Q3'24,8.74,0.881007
RWT,2024-10-17,7.66,Q4'24,Q3'24,8.74,0.87643
RWT,2024-10-18,7.68,Q4'24,Q3'24,8.74,0.878719
RWT,2024-10-21,7.49,Q4'24,Q3'24,8.74,0.856979
RWT,2024-10-22,7.44,Q4'24,Q3'24,8.74,0.851259
RWT,2024-10-23,7.47,Q4'24,Q3'24,8.74,0.854691
RWT,2024-10-24,7.6,Q4'24,Q3'24,8.74,0.869565
RWT,2024-10-25,7.52,Q4'24,Q3'24,8.74,0.860412
RWT,2024-10-28,7.54,Q4'24,Q3'24,8.74,0.8627
RWT,2024-10-29,7.61,Q4'24,Q3'24,8.74,0.870709
RWT,2024-10-30,7.64,Q4'24,Q3'24,8.74,0.874142
RWT,2024-10-31,7.32,Q4'24,Q3'24,8.74,0.837529
RWT,2024-11-01,7.27,Q4'24,Q3'24,8.74,0.831808
RWT,2024-11-04,7.23,Q4'24,Q3'24,8.74,0.827231
RWT,2024-11-05,7.22,Q4'24,Q3'24,8.74,0.826087
RWT,2024-11-06,7.12,Q4'24,Q3'24,8.74,0.814645
RWT,2024-11-07,7.18,Q4'24,Q3'24,8.74,0.82151
RWT,2024-11-08,7.35,Q4'24,Q3'24,8.74,0.840961
RWT,2024-11-11,7.25,Q4'24,Q3'24,8.74,0.829519
RWT,2024-11-12,7.07,Q4'24,Q3'24,8.74,0.808925
RWT,2024-11-13,7.05,Q4'24,Q3'24,8.74,0.806636
RWT,2024-11-14,7.04,Q4'24,Q3'24,8.74,0.805492
RWT,2024-11-15,7.06,Q4'24,Q3'24,8.74,0.80778
RWT,2024-11-18,7.06,Q4'24,Q3'24,8.74,0.80778
RWT,2024-11-19,7.12,Q4'24,Q3'24,8.74,0.814645
RWT,2024-11-20,7.02,Q4'24,Q3'24,8.74,0.803204
RWT,2024-11-21,7.11,Q4'24,Q3'24,8.74,0.813501
RWT,2024-11-22,7.17,Q4'24,Q3'24,8.74,0.820366
RWT,2024-11-25,7.2,Q4'24,Q3'24,8.74,0.823799
RWT,2024-11-26,7.12,Q4'24,Q3'24,8.74,0.814645
RWT,2024-11-27,7.19,Q4'24,Q3'24,8.74,0.822654
RWT,2024-11-29,7.16,Q4'24,Q3'24,8.74,0.819222
RWT,2024-12-02,7.19,Q4'24,Q3'24,8.74,0.822654
RWT,2024-12-03,7.11,Q4'24,Q3'24,8.74,0.813501
RWT,2024-12-04,7.14,Q4'24,Q3'24,8.74,0.816934
RWT,2024-12-05,7.09,Q4'24,Q3'24,8.74,0.811213
RWT,2024-12-06,7.2,Q4'24,Q3'24,8.74,0.823799
RWT,2024-12-09,6.99,Q4'24,Q3'24,8.74,0.799771
RWT,2024-12-10,6.97,Q4'24,Q3'24,8.74,0.797483
RWT,2024-12-11,6.96,Q4'24,Q3'24,8.74,0.796339
RWT,2024-12-12,6.84,Q4'24,Q3'24,8.74,0.782609
RWT,2024-12-13,7.13,Q4'24,Q3'24,8.74,0.815789
RWT,2024-12-16,7.1,Q4'24,Q3'24,8.74,0.812357
RWT,2024-12-17,6.97,Q4'24,Q3'24,8.74,0.797483
RWT,2024-12-18,6.7,Q4'24,Q3'24,8.74,0.76659
RWT,2024-12-19,6.64,Q4'24,Q3'24,8.74,0.759725
RWT,2024-12-20,6.77,Q4'24,Q3'24,8.74,0.7746
RWT,2024-12-23,6.49,Q4'24,Q3'24,8.74,0.742563
RWT,2024-12-24,6.62,Q4'24,Q3'24,8.74,0.757437
RWT,2024-12-26,6.62,Q4'24,Q3'24,8.74,0.757437
RWT,2024-12-27,6.57,Q4'24,Q3'24,8.74,0.751716
RWT,2024-12-30,6.44,Q4'24,Q3'24,8.74,0.736842
RWT,2024-12-31,6.53,Q4'24,Q3'24,8.74,0.74714
RWT,2025-01-02,6.49,Q1'25,Q4'24,8.46,0.767139
RWT,2025-01-03,6.64,Q1'25,Q4'24,8.46,0.78487
RWT,2025-01-06,6.54,Q1'25,Q4'24,8.46,0.77305
RWT,2025-01-07,6.46,Q1'25,Q4'24,8.46,0.763593
RWT,2025-01-08,6.38,Q1'25,Q4'24,8.46,0.754137
RWT,2025-01-10,6.15,Q1'25,Q4'24,8.46,0.72695
RWT,2025-01-13,6.14,Q1'25,Q4'24,8.46,0.725768
RWT,2025-01-14,6.28,Q1'25,Q4'24,8.46,0.742317
RWT,2025-01-15,6.4,Q1'25,Q4'24,8.46,0.756501
RWT,2025-01-16,6.43,Q1'25,Q4'24,8.46,0.760047
RWT,2025-01-17,6.5,Q1'25,Q4'24,8.46,0.768322
RWT,2025-01-21,6.42,Q1'25,Q4'24,8.46,0.758865
RWT,2025-01-22,6.34,Q1'25,Q4'24,8.46,0.749409
RWT,2025-01-23,6.32,Q1'25,Q4'24,8.46,0.747045
RWT,2025-01-24,6.33,Q1'25,Q4'24,8.46,0.748227
RWT,2025-01-27,6.55,Q1'25,Q4'24,8.46,0.774232
RWT,2025-01-28,6.51,Q1'25,Q4'24,8.46,0.769504
RWT,2025-01-29,6.4,Q1'25,Q4'24,8.46,0.756501
RWT,2025-01-30,6.48,Q1'25,Q4'24,8.46,0.765957
RWT,2025-01-31,6.55,Q1'25,Q4'24,8.46,0.774232
RWT,2025-02-03,6.48,Q1'25,Q4'24,8.46,0.765957
RWT,2025-02-04,6.51,Q1'25,Q4'24,8.46,0.769504
RWT,2025-02-05,6.56,Q1'25,Q4'24,8.46,0.775414
RWT,2025-02-06,6.72,Q1'25,Q4'24,8.46,0.794326
RWT,2025-02-07,6.61,Q1'25,Q4'24,8.46,0.781324
RWT,2025-02-10,6.64,Q1'25,Q4'24,8.46,0.78487
RWT,2025-02-11,6.61,Q1'25,Q4'24,8.46,0.781324
RWT,2025-02-12,6.44,Q1'25,Q4'24,8.46,0.761229
RWT,2025-02-13,6.46,Q1'25,Q4'24,8.46,0.763593
RWT,2025-02-14,6.38,Q1'25,Q4'24,8.46,0.754137
RWT,2025-02-18,6.34,Q1'25,Q4'24,8.46,0.749409
RWT,2025-02-19,6.39,Q1'25,Q4'24,8.46,0.755319
RWT,2025-02-20,6.43,Q1'25,Q4'24,8.46,0.760047
RWT,2025-02-21,6.44,Q1'25,Q4'24,8.46,0.761229
RWT,2025-02-24,6.39,Q1'25,Q4'24,8.46,0.755319
RWT,2025-02-25,6.61,Q1'25,Q4'24,8.46,0.781324
RWT,2025-02-26,6.64,Q1'25,Q4'24,8.46,0.78487
RWT,2025-02-27,6.57,Q1'25,Q4'24,8.46,0.776596
RWT,2025-02-28,6.68,Q1'25,Q4'24,8.46,0.789598
RWT,2025-03-03,6.52,Q1'25,Q4'24,8.46,0.770686
RWT,2025-03-04,6.43,Q1'25,Q4'24,8.46,0.760047
RWT,2025-03-05,6.46,Q1'25,Q4'24,8.46,0.763593
RWT,2025-03-06,6.48,Q1'25,Q4'24,8.46,0.765957
RWT,2025-03-07,6.54,Q1'25,Q4'24,8.46,0.77305
RWT,2025-03-10,6.41,Q1'25,Q4'24,8.46,0.757683
RWT,2025-03-11,6.28,Q1'25,Q4'24,8.46,0.742317
RWT,2025-03-12,6.15,Q1'25,Q4'24,8.46,0.72695
RWT,2025-03-13,6.17,Q1'25,Q4'24,8.46,0.729314
RWT,2025-03-14,6.39,Q1'25,Q4'24,8.46,0.755319
RWT,2025-03-17,6.38,Q1'25,Q4'24,8.46,0.754137
RWT,2025-03-18,6.39,Q1'25,Q4'24,8.46,0.755319
RWT,2025-03-19,6.4,Q1'25,Q4'24,8.46,0.756501
RWT,2025-03-20,6.41,Q1'25,Q4'24,8.46,0.757683
RWT,2025-03-21,6.3,Q1'25,Q4'24,8.46,0.744681
RWT,2025-03-24,6.18,Q1'25,Q4'24,8.46,0.730496
RWT,2025-03-25,6.16,Q1'25,Q4'24,8.46,0.728132
RWT,2025-03-26,6.13,Q1'25,Q4'24,8.46,0.724586
RWT,2025-03-27,6.12,Q1'25,Q4'24,8.46,0.723404
RWT,2025-03-28,6.01,Q1'25,Q4'24,8.46,0.710402
RWT,2025-03-31,6.07,Q1'25,Q4'24,8.46,0.717494
RWT,2025-04-01,6.05,Q2'25,Q1'25,8.39,0.721097
RWT,2025-04-02,6.01,Q2'25,Q1'25,8.39,0.716329
RWT,2025-04-03,5.88,Q2'25,Q1'25,8.39,0.700834
RWT,2025-04-04,5.35,Q2'25,Q1'25,8.39,0.637664
RWT,2025-04-07,5.04,Q2'25,Q1'25,8.39,0.600715
RWT,2025-04-08,4.95,Q2'25,Q1'25,8.39,0.589988
RWT,2025-04-09,5.42,Q2'25,Q1'25,8.39,0.646007
RWT,2025-04-10,5.1,Q2'25,Q1'25,8.39,0.607866
RWT,2025-04-11,5.1,Q2'25,Q1'25,8.39,0.607866
RWT,2025-04-14,5.23,Q2'25,Q1'25,8.39,0.623361
RWT,2025-04-15,5.34,Q2'25,Q1'25,8.39,0.636472
RWT,2025-04-16,5.31,Q2'25,Q1'25,8.39,0.632896
RWT,2025-04-17,5.54,Q2'25,Q1'25,8.39,0.66031
RWT,2025-04-21,5.47,Q2'25,Q1'25,8.39,0.651967
RWT,2025-04-22,5.84,Q2'25,Q1'25,8.39,0.696067
RWT,2025-04-23,5.85,Q2'25,Q1'25,8.39,0.697259
RWT,2025-04-24,5.92,Q2'25,Q1'25,8.39,0.705602
RWT,2025-04-25,6.01,Q2'25,Q1'25,8.39,0.716329
RWT,2025-04-28,6.1,Q2'25,Q1'25,8.39,0.727056
RWT,2025-04-29,6.22,Q2'25,Q1'25,8.39,0.741359
RWT,2025-04-30,6.21,Q2'25,Q1'25,8.39,0.740167
RWT,2025-05-01,5.83,Q2'25,Q1'25,8.39,0.694875
RWT,2025-05-02,5.89,Q2'25,Q1'25,8.39,0.702026
RWT,2025-05-05,5.96,Q2'25,Q1'25,8.39,0.710369
RWT,2025-05-06,5.89,Q2'25,Q1'25,8.39,0.702026
RWT,2025-05-07,5.84,Q2'25,Q1'25,8.39,0.696067
RWT,2025-05-08,5.81,Q2'25,Q1'25,8.39,0.692491
RWT,2025-05-09,5.83,Q2'25,Q1'25,8.39,0.694875
RWT,2025-05-12,5.92,Q2'25,Q1'25,8.39,0.705602
RWT,2025-05-13,5.94,Q2'25,Q1'25,8.39,0.707986
RWT,2025-05-14,5.88,Q2'25,Q1'25,8.39,0.700834
RWT,2025-05-15,6.04,Q2'25,Q1'25,8.39,0.719905
RWT,2025-05-16,6.01,Q2'25,Q1'25,8.39,0.716329
RWT,2025-05-19,5.88,Q2'25,Q1'25,8.39,0.700834
RWT,2025-05-20,5.81,Q2'25,Q1'25,8.39,0.692491
RWT,2025-05-21,5.52,Q2'25,Q1'25,8.39,0.657926
RWT,2025-05-22,5.5,Q2'25,Q1'25,8.39,0.655542
RWT,2025-05-23,5.44,Q2'25,Q1'25,8.39,0.648391
RWT,2025-05-27,5.48,Q2'25,Q1'25,8.39,0.653159
RWT,2025-05-28,5.45,Q2'25,Q1'25,8.39,0.649583
RWT,2025-05-29,5.54,Q2'25,Q1'25,8.39,0.66031
RWT,2025-05-30,5.45,Q2'25,Q1'25,8.39,0.649583
RWT,2025-06-02,5.4,Q2'25,Q1'25,8.39,0.643623
RWT,2025-06-03,5.54,Q2'25,Q1'25,8.39,0.66031
RWT,2025-06-04,5.56,Q2'25,Q1'25,8.39,0.662694
RWT,2025-06-05,5.58,Q2'25,Q1'25,8.39,0.665077
RWT,2025-06-06,5.65,Q2'25,Q1'25,8.39,0.673421
RWT,2025-06-09,5.68,Q2'25,Q1'25,8.39,0.676996
RWT,2025-06-10,5.83,Q2'25,Q1'25,8.39,0.694875
RWT,2025-06-11,5.77,Q2'25,Q1'25,8.39,0.687723
RWT,2025-06-12,5.82,Q2'25,Q1'25,8.39,0.693683
RWT,2025-06-13,5.69,Q2'25,Q1'25,8.39,0.678188
RWT,2025-06-16,5.64,Q2'25,Q1'25,8.39,0.672229
RWT,2025-06-17,5.54,Q2'25,Q1'25,8.39,0.66031
RWT,2025-06-18,5.61,Q2'25,Q1'25,8.39,0.668653
RWT,2025-06-20,5.62,Q2'25,Q1'25,8.39,0.669845
RWT,2025-06-23,5.55,Q2'25,Q1'25,8.39,0.661502
RWT,2025-06-24,5.69,Q2'25,Q1'25,8.39,0.678188
RWT,2025-06-25,5.72,Q2'25,Q1'25,8.39,0.681764
RWT,2025-06-26,5.82,Q2'25,Q1'25,8.39,0.693683
RWT,2025-06-27,5.83,Q2'25,Q1'25,8.39,0.694875
RWT,2025-06-30,5.91,Q2'25,Q1'25,8.39,0.70441
RWT,2025-07-01,6.04,Q3'25,Q2'25,7.49,0.806409
RWT,2025-07-02,6.14,Q3'25,Q2'25,7.49,0.81976
RWT,2025-07-03,6.12,Q3'25,Q2'25,7.49,0.817089
RWT,2025-07-07,6.0,Q3'25,Q2'25,7.49,0.801068
RWT,2025-07-08,6.01,Q3'25,Q2'25,7.49,0.802403
RWT,2025-07-09,6.07,Q3'25,Q2'25,7.49,0.810414
RWT,2025-07-10,6.02,Q3'25,Q2'25,7.49,0.803738
RWT,2025-07-11,6.01,Q3'25,Q2'25,7.49,0.802403
RWT,2025-07-14,6.0,Q3'25,Q2'25,7.49,0.801068
RWT,2025-07-15,5.94,Q3'25,Q2'25,7.49,0.793057
RWT,2025-07-16,6.08,Q3'25,Q2'25,7.49,0.811749
RWT,2025-07-17,6.08,Q3'25,Q2'25,7.49,0.811749
RWT,2025-07-18,6.03,Q3'25,Q2'25,7.49,0.805073
RWT,2025-07-21,6.03,Q3'25,Q2'25,7.49,0.805073
RWT,2025-07-22,6.14,Q3'25,Q2'25,7.49,0.81976
RWT,2025-07-23,6.15,Q3'25,Q2'25,7.49,0.821095
RWT,2025-07-24,6.05,Q3'25,Q2'25,7.49,0.807744
RWT,2025-07-25,6.04,Q3'25,Q2'25,7.49,0.806409
RWT,2025-07-28,6.01,Q3'25,Q2'25,7.49,0.802403
RWT,2025-07-29,6.07,Q3'25,Q2'25,7.49,0.810414
RWT,2025-07-30,5.59,Q3'25,Q2'25,7.49,0.746328
RWT,2025-07-31,5.46,Q3'25,Q2'25,7.49,0.728972
RWT,2025-08-01,5.46,Q3'25,Q2'25,7.49,0.728972
RWT,2025-08-04,5.73,Q3'25,Q2'25,7.49,0.76502
RWT,2025-08-05,5.68,Q3'25,Q2'25,7.49,0.758344
RWT,2025-08-06,5.65,Q3'25,Q2'25,7.49,0.754339
RWT,2025-08-07,5.72,Q3'25,Q2'25,7.49,0.763685
RWT,2025-08-08,5.74,Q3'25,Q2'25,7.49,0.766355
RWT,2025-08-11,5.76,Q3'25,Q2'25,7.49,0.769025
RWT,2025-08-12,5.87,Q3'25,Q2'25,7.49,0.783712
RWT,2025-08-13,6.05,Q3'25,Q2'25,7.49,0.807744
RWT,2025-08-14,6.05,Q3'25,Q2'25,7.49,0.807744
RWT,2025-08-15,5.93,Q3'25,Q2'25,7.49,0.791722
RWT,2025-08-18,5.88,Q3'25,Q2'25,7.49,0.785047
RWT,2025-08-19,5.98,Q3'25,Q2'25,7.49,0.798398
RWT,2025-08-20,6.05,Q3'25,Q2'25,7.49,0.807744
RWT,2025-08-21,5.87,Q3'25,Q2'25,7.49,0.783712
RWT,2025-08-22,6.11,Q3'25,Q2'25,7.49,0.815754
RWT,2025-08-25,5.99,Q3'25,Q2'25,7.49,0.799733
RWT,2025-08-26,6.03,Q3'25,Q2'25,7.49,0.805073
RWT,2025-08-27,6.0,Q3'25,Q2'25,7.49,0.801068
RWT,2025-08-28,6.02,Q3'25,Q2'25,7.49,0.803738
RWT,2025-08-29,6.12,Q3'25,Q2'25,7.49,0.817089
RWT,2025-09-02,5.98,Q3'25,Q2'25,7.49,0.798398
RWT,2025-09-03,6.14,Q3'25,Q2'25,7.49,0.81976
RWT,2025-09-04,6.27,Q3'25,Q2'25,7.49,0.837116
RWT,2025-09-05,6.37,Q3'25,Q2'25,7.49,0.850467
RWT,2025-09-08,6.3,Q3'25,Q2'25,7.49,0.841122
RWT,2025-09-09,6.2,Q3'25,Q2'25,7.49,0.82777
RWT,2025-09-10,6.2,Q3'25,Q2'25,7.49,0.82777
RWT,2025-09-11,6.21,Q3'25,Q2'25,7.49,0.829105
RWT,2025-09-12,6.22,Q3'25,Q2'25,7.49,0.830441
RWT,2025-09-15,6.14,Q3'25,Q2'25,7.49,0.81976
RWT,2025-09-16,6.04,Q3'25,Q2'25,7.49,0.806409
RWT,2025-09-17,6.03,Q3'25,Q2'25,7.49,0.805073
RWT,2025-09-18,6.07,Q3'25,Q2'25,7.49,0.810414
RWT,2025-09-19,6.02,Q3'25,Q2'25,7.49,0.803738
RWT,2025-09-22,5.88,Q3'25,Q2'25,7.49,0.785047
RWT,2025-09-23,5.8,Q3'25,Q2'25,7.49,0.774366
RWT,2025-09-24,5.86,Q3'25,Q2'25,7.49,0.782377
RWT,2025-09-25,5.8,Q3'25,Q2'25,7.49,0.774366
RWT,2025-09-26,5.75,Q3'25,Q2'25,7.49,0.76769
RWT,2025-09-29,5.76,Q3'25,Q2'25,7.49,0.769025
RWT,2025-09-30,5.79,Q3'25,Q2'25,7.49,0.773031
RWT,2025-10-01,5.89,Q4'25,Q3'25,7.35,0.801361
RWT,2025-10-02,5.84,Q4'25,Q3'25,7.35,0.794558
RWT,2025-10-03,5.91,Q4'25,Q3'25,7.35,0.804082
RWT,2025-10-06,5.79,Q4'25,Q3'25,7.35,0.787755
RWT,2025-10-07,5.75,Q4'25,Q3'25,7.35,0.782313
RWT,2025-10-08,5.8,Q4'25,Q3'25,7.35,0.789116
RWT,2025-10-09,5.59,Q4'25,Q3'25,7.35,0.760544
RWT,2025-10-10,5.55,Q4'25,Q3'25,7.35,0.755102
RWT,2025-10-13,5.63,Q4'25,Q3'25,7.35,0.765986
RWT,2025-10-14,5.71,Q4'25,Q3'25,7.35,0.776871
RWT,2025-10-15,5.68,Q4'25,Q3'25,7.35,0.772789
RWT,2025-10-16,5.49,Q4'25,Q3'25,7.35,0.746939
RWT,2025-10-17,5.49,Q4'25,Q3'25,7.35,0.746939
RWT,2025-10-20,5.61,Q4'25,Q3'25,7.35,0.763265
RWT,2025-10-21,5.58,Q4'25,Q3'25,7.35,0.759184
RWT,2025-10-22,5.69,Q4'25,Q3'25,7.35,0.77415
RWT,2025-10-23,5.65,Q4'25,Q3'25,7.35,0.768707
RWT,2025-10-24,5.64,Q4'25,Q3'25,7.35,0.767347
RWT,2025-10-27,5.62,Q4'25,Q3'25,7.35,0.764626
RWT,2025-10-28,5.6,Q4'25,Q3'25,7.35,0.761905
RWT,2025-10-29,5.49,Q4'25,Q3'25,7.35,0.746939
RWT,2025-10-30,5.34,Q4'25,Q3'25,7.35,0.726531
RWT,2025-10-31,5.31,Q4'25,Q3'25,7.35,0.722449
RWT,2025-11-03,5.13,Q4'25,Q3'25,7.35,0.697959
RWT,2025-11-04,5.25,Q4'25,Q3'25,7.35,0.714286
RWT,2025-11-05,5.25,Q4'25,Q3'25,7.35,0.714286
RWT,2025-11-06,5.12,Q4'25,Q3'25,7.35,0.696599
RWT,2025-11-07,5.18,Q4'25,Q3'25,7.35,0.704762
RWT,2025-11-10,5.24,Q4'25,Q3'25,7.35,0.712925
RWT,2025-11-11,5.34,Q4'25,Q3'25,7.35,0.726531
RWT,2025-11-12,5.24,Q4'25,Q3'25,7.35,0.712925
RWT,2025-11-13,5.2,Q4'25,Q3'25,7.35,0.707483
RWT,2025-11-14,5.15,Q4'25,Q3'25,7.35,0.70068
RWT,2025-11-17,5.03,Q4'25,Q3'25,7.35,0.684354
RWT,2025-11-18,5.07,Q4'25,Q3'25,7.35,0.689796
RWT,2025-11-19,5.08,Q4'25,Q3'25,7.35,0.691156
RWT,2025-11-20,5.01,Q4'25,Q3'25,7.35,0.681633
RWT,2025-11-21,5.11,Q4'25,Q3'25,7.35,0.695238
RWT,2025-11-24,5.13,Q4'25,Q3'25,7.35,0.697959
RWT,2025-11-25,5.39,Q4'25,Q3'25,7.35,0.733333
RWT,2025-11-26,5.47,Q4'25,Q3'25,7.35,0.744218
RWT,2025-11-28,5.51,Q4'25,Q3'25,7.35,0.74966
RWT,2025-12-01,5.58,Q4'25,Q3'25,7.35,0.759184
RWT,2025-12-02,5.54,Q4'25,Q3'25,7.35,0.753741
RWT,2025-12-03,5.66,Q4'25,Q3'25,7.35,0.770068
RWT,2025-12-04,5.61,Q4'25,Q3'25,7.35,0.763265
RWT,2025-12-05,5.65,Q4'25,Q3'25,7.35,0.768707
RWT,2025-12-08,5.51,Q4'25,Q3'25,7.35,0.74966
RWT,2025-12-09,5.5,Q4'25,Q3'25,7.35,0.748299
RWT,2025-12-10,5.59,Q4'25,Q3'25,7.35,0.760544
RWT,2025-12-11,5.63,Q4'25,Q3'25,7.35,0.765986
RWT,2025-12-12,5.6,Q4'25,Q3'25,7.35,0.761905
RWT,2025-12-15,5.62,Q4'25,Q3'25,7.35,0.764626
RWT,2025-12-16,5.63,Q4'25,Q3'25,7.35,0.765986
RWT,2025-12-17,5.63,Q4'25,Q3'25,7.35,0.765986
RWT,2025-12-18,5.81,Q4'25,Q3'25,7.35,0.790476
RWT,2025-12-19,5.79,Q4'25,Q3'25,7.35,0.787755
RWT,2025-12-22,5.73,Q4'25,Q3'25,7.35,0.779592
RWT,2025-12-23,5.49,Q4'25,Q3'25,7.35,0.746939
RWT,2025-12-24,5.55,Q4'25,Q3'25,7.35,0.755102
RWT,2025-12-26,5.53,Q4'25,Q3'25,7.35,0.752381
RWT,2025-12-29,5.5,Q4'25,Q3'25,7.35,0.748299
RWT,2025-12-30,5.53,Q4'25,Q3'25,7.35,0.752381
RWT,2025-12-31,5.53,Q4'25,Q3'25,7.35,0.752381
RWT,2026-01-02,5.65,Q1'26,Q4'25,7.36,0.767663
RWT,2026-01-05,5.59,Q1'26,Q4'25,7.36,0.759511
RWT,2026-01-06,5.51,Q1'26,Q4'25,7.36,0.748641
RWT,2026-01-07,5.36,Q1'26,Q4'25,7.36,0.728261
RWT,2026-01-08,5.52,Q1'26,Q4'25,7.36,0.75
RWT,2026-01-09,5.7,Q1'26,Q4'25,7.36,0.774456
RWT,2026-01-12,5.65,Q1'26,Q4'25,7.36,0.767663
RWT,2026-01-13,5.68,Q1'26,Q4'25,7.36,0.771739
RWT,2026-01-14,5.65,Q1'26,Q4'25,7.36,0.767663
RWT,2026-01-15,5.8,Q1'26,Q4'25,7.36,0.788044
RWT,2026-01-16,5.96,Q1'26,Q4'25,7.36,0.809783
RWT,2026-01-20,5.74,Q1'26,Q4'25,7.36,0.779891
RWT,2026-01-21,5.7,Q1'26,Q4'25,7.36,0.774456
RWT,2026-01-22,5.63,Q1'26,Q4'25,7.36,0.764946
RWT,2026-01-23,5.82,Q1'26,Q4'25,7.36,0.790761
RWT,2026-01-26,5.78,Q1'26,Q4'25,7.36,0.785326
RWT,2026-01-27,5.92,Q1'26,Q4'25,7.36,0.804348
RWT,2026-01-28,5.86,Q1'26,Q4'25,7.36,0.796196
RWT,2026-01-29,5.87,Q1'26,Q4'25,7.36,0.797554
RWT,2026-01-30,5.48,Q1'26,Q4'25,7.36,0.744565
RWT,2026-02-02,5.44,Q1'26,Q4'25,7.36,0.73913
RWT,2026-02-03,5.47,Q1'26,Q4'25,7.36,0.743206
RWT,2026-02-04,5.63,Q1'26,Q4'25,7.36,0.764946
RWT,2026-02-05,5.56,Q1'26,Q4'25,7.36,0.755435
RWT,2026-02-06,5.66,Q1'26,Q4'25,7.36,0.769022
RWT,2026-02-09,5.48,Q1'26,Q4'25,7.36,0.744565
RWT,2026-02-10,5.62,Q1'26,Q4'25,7.36,0.763587
RWT,2026-02-11,5.54,Q1'26,Q4'25,7.36,0.752717
RWT,2026-02-12,6.68,Q1'26,Q4'25,7.36,0.907609
RWT,2026-02-13,6.59,Q1'26,Q4'25,7.36,0.89538
RWT,2026-02-17,6.49,Q1'26,Q4'25,7.36,0.881793
RWT,2026-02-18,6.44,Q1'26,Q4'25,7.36,0.875
RWT,2026-02-19,6.26,Q1'26,Q4'25,7.36,0.850544
RWT,2026-02-20,6.16,Q1'26,Q4'25,7.36,0.836957
RWT,2026-02-23,5.99,Q1'26,Q4'25,7.36,0.813859
RWT,2026-02-24,5.98,Q1'26,Q4'25,7.36,0.8125
RWT,2026-02-25,5.93,Q1'26,Q4'25,7.36,0.805706
RWT,2026-02-26,6.02,Q1'26,Q4'25,7.36,0.817935
RWT,2026-02-27,6.05,Q1'26,Q4'25,7.36,0.822011
RWT,2026-03-02,6.09,Q1'26,Q4'25,7.36,0.827446
RWT,2026-03-03,6.0,Q1'26,Q4'25,7.36,0.815217
RWT,2026-03-04,6.12,Q1'26,Q4'25,7.36,0.831522
RWT,2026-03-05,6.06,Q1'26,Q4'25,7.36,0.82337
RWT,2026-03-06,6.01,Q1'26,Q4'25,7.36,0.816576
RWT,2026-03-09,5.99,Q1'26,Q4'25,7.36,0.813859
RWT,2026-03-10,6.1,Q1'26,Q4'25,7.36,0.828804
RWT,2026-03-11,6.04,Q1'26,Q4'25,7.36,0.820652
RWT,2026-03-12,5.91,Q1'26,Q4'25,7.36,0.802989
RWT,2026-03-13,5.83,Q1'26,Q4'25,7.36,0.79212
RWT,2026-03-16,5.82,Q1'26,Q4'25,7.36,0.790761
RWT,2026-03-17,5.88,Q1'26,Q4'25,7.36,0.798913
RWT,2026-03-18,5.85,Q1'26,Q4'25,7.36,0.794837
RWT,2026-03-19,5.87,Q1'26,Q4'25,7.36,0.797554
RWT,2026-03-20,5.35,Q1'26,Q4'25,7.36,0.726902
RWT,2026-03-23,5.49,Q1'26,Q4'25,7.36,0.745924
RWT,2026-03-24,5.29,Q1'26,Q4'25,7.36,0.71875
RWT,2026-03-25,5.46,Q1'26,Q4'25,7.36,0.741848
RWT,2026-03-26,5.36,Q1'26,Q4'25,7.36,0.728261
RWT,2026-03-27,5.29,Q1'26,Q4'25,7.36,0.71875
RWT,2026-03-30,5.38,Q1'26,Q4'25,7.36,0.730978
RWT,2026-03-31,5.61,Q1'26,Q4'25,7.36,0.762228
RWT,2026-04-01,5.64,Q2'26,Q1'26,7.12,0.792135
RWT,2026-04-02,5.66,Q2'26,Q1'26,7.12,0.794944
RWT,2026-04-06,5.72,Q2'26,Q1'26,7.12,0.803371
RWT,2026-04-07,5.69,Q2'26,Q1'26,7.12,0.799157
RWT,2026-04-08,5.86,Q2'26,Q1'26,7.12,0.823034
RWT,2026-04-09,5.91,Q2'26,Q1'26,7.12,0.830056
RWT,2026-04-10,5.93,Q2'26,Q1'26,7.12,0.832865
RWT,2026-04-13,5.97,Q2'26,Q1'26,7.12,0.838483
RWT,2026-04-14,6.05,Q2'26,Q1'26,7.12,0.849719
RWT,2026-04-15,6.06,Q2'26,Q1'26,7.12,0.851124
RWT,2026-04-16,5.92,Q2'26,Q1'26,7.12,0.831461
RWT,2026-04-17,6.0,Q2'26,Q1'26,7.12,0.842697
RWT,2026-04-20,5.96,Q2'26,Q1'26,7.12,0.837079
RWT,2026-04-21,5.78,Q2'26,Q1'26,7.12,0.811798
RWT,2026-04-22,5.84,Q2'26,Q1'26,7.12,0.820225
RWT,2026-04-23,5.7,Q2'26,Q1'26,7.12,0.800562
RWT,2026-04-24,5.71,Q2'26,Q1'26,7.12,0.801966
RWT,2026-04-27,5.75,Q2'26,Q1'26,7.12,0.807584
RWT,2026-04-28,5.75,Q2'26,Q1'26,7.12,0.807584
RWT,2026-04-29,5.61,Q2'26,Q1'26,7.12,0.787921
RWT,2026-04-30,5.56,Q2'26,Q1'26,7.12,0.780899
RWT,2026-05-01,5.73,Q2'26,Q1'26,7.12,0.804775
RWT,2026-05-04,5.6,Q2'26,Q1'26,7.12,0.786517
RWT,2026-05-05,5.57,Q2'26,Q1'26,7.12,0.782303
RWT,2026-05-06,5.57,Q2'26,Q1'26,7.12,0.782303
RWT,2026-05-07,5.58,Q2'26,Q1'26,7.12,0.783708
RWT,2026-05-08,5.57,Q2'26,Q1'26,7.12,0.782303
RWT,2026-05-11,5.33,Q2'26,Q1'26,7.12,0.748595
RWT,2026-05-12,5.31,Q2'26,Q1'26,7.12,0.745787
RWT,2026-05-13,5.24,Q2'26,Q1'26,7.12,0.735955
RWT,2026-05-14,5.26,Q2'26,Q1'26,7.12,0.738764
RWT,2026-05-15,5.18,Q2'26,Q1'26,7.12,0.727528
RWT,2026-05-18,5.25,Q2'26,Q1'26,7.12,0.73736
RWT,2026-05-19,5.24,Q2'26,Q1'26,7.12,0.735955
RWT,2026-05-20,5.29,Q2'26,Q1'26,7.12,0.742978
RWT,2026-05-21,5.29,Q2'26,Q1'26,7.12,0.742978
RWT,2026-05-22,5.28,Q2'26,Q1'26,7.12,0.741573
RWT,2026-05-26,5.31,Q2'26,Q1'26,7.12,0.745787
RWT,2026-05-27,5.34,Q2'26,Q1'26,7.12,0.75
RWT,2026-05-28,5.36,Q2'26,Q1'26,7.12,0.752809
RWT,2026-05-29,5.42,Q2'26,Q1'26,7.12,0.761236
RWT,2026-06-01,5.32,Q2'26,Q1'26,7.12,0.747191
RWT,2026-06-02,5.37,Q2'26,Q1'26,7.12,0.754213
RWT,2026-06-03,5.22,Q2'26,Q1'26,7.12,0.733146
RWT,2026-06-04,5.33,Q2'26,Q1'26,7.12,0.748595
RWT,2026-06-05,5.33,Q2'26,Q1'26,7.12,0.748595
RWT,2026-06-08,5.09,Q2'26,Q1'26,7.12,0.714888
RWT,2026-06-09,5.19,Q2'26,Q1'26,7.12,0.728933
RWT,2026-06-10,5.11,Q2'26,Q1'26,7.12,0.717697
RWT,2026-06-11,5.18,Q2'26,Q1'26,7.12,0.727528
RWT,2026-06-12,5.25,Q2'26,Q1'26,7.12,0.73736
RWT,2026-06-15,5.23,Q2'26,Q1'26,7.12,0.734551
RWT,2026-06-16,5.27,Q2'26,Q1'26,7.12,0.740169
RWT,2026-06-17,5.13,Q2'26,Q1'26,7.12,0.720506
RWT,2026-06-18,5.16,Q2'26,Q1'26,7.12,0.724719
RWT,2026-06-22,4.98,Q2'26,Q1'26,7.12,0.699438
RWT,2026-06-23,4.81,Q2'26,Q1'26,7.12,0.675562
RWT,2026-06-24,4.81,Q2'26,Q1'26,7.12,0.675562
RWT,2026-06-25,4.73,Q2'26,Q1'26,7.12,0.664326
RWT,2026-06-26,4.81,Q2'26,Q1'26,7.12,0.675562
RWT,2026-06-29,4.87,Q2'26,Q1'26,7.12,0.683989
RWT,2026-06-30,4.74,Q2'26,Q1'26,7.12,0.66573
RWT,2026-07-01,4.67,Q3'26,Q2'26,6.9,0.676812
RWT,2026-07-02,4.48,Q3'26,Q2'26,6.9,0.649275
RWT,2026-07-06,4.55,Q3'26,Q2'26,6.9,0.65942
RWT,2026-07-07,4.72,Q3'26,Q2'26,6.9,0.684058
RWT,2026-07-08,4.75,Q3'26,Q2'26,6.9,0.688406
RWT,2026-07-09,5.08,Q3'26,Q2'26,6.9,0.736232
RWT,2026-07-10,5.1,Q3'26,Q2'26,6.9,0.73913
RWT,2026-07-13,5.07,Q3'26,Q2'26,6.9,0.734783
RWT,2026-07-14,5.09,Q3'26,Q2'26,6.9,0.737681
RWT,2026-07-15,5.06,Q3'26,Q2'26,6.9,0.733333
RWT,2026-07-16,5.21,Q3'26,Q2'26,6.9,0.755072
RWT,2026-07-17,5.12,Q3'26,Q2'26,6.9,0.742029
RWT,2026-07-20,5.0,Q3'26,Q2'26,6.9,0.724638
RWT,2026-07-21,5.03,Q3'26,Q2'26,6.9,0.728986
RWT,2026-07-23,4.9,Q3'26,Q2'26,6.9,0.710145
RWT,2026-07-24,4.92,Q3'26,Q2'26,6.9,0.713043
RWT,2026-07-27,4.94,Q3'26,Q2'26,6.9,0.715942
RWT,2026-07-28,4.67,Q3'26,Q2'26,6.9,0.676812
RWT,2026-07-29,4.68,Q3'26,Q2'26,6.9,0.678261
RWT,2026-07-30,4.66,Q3'26,Q2'26,6.9,0.675362
RWT,2026-08-03,4.62,Q3'26,Q2'26,6.9,0.669565
RWT,2026-08-04,4.69,Q3'26,Q2'26,6.9,0.67971
RWT,2026-08-05,4.57,Q3'26,Q2'26,6.9,0.662319
RWT,2026-08-06,4.56,Q3'26,Q2'26,6.9,0.66087
RWT,2026-08-07,4.73,Q3'26,Q2'26,6.9,0.685507
RWT,2026-08-10,4.57,Q3'26,Q2'26,6.9,0.662319
RWT,2026-08-11,4.68,Q3'26,Q2'26,6.9,0.678261
RWT,2026-08-12,4.71,Q3'26,Q2'26,6.9,0.682609
RWT,2026-08-13,4.77,Q3'26,Q2'26,6.9,0.691304
RWT,2026-08-14,4.81,Q3'26,Q2'26,6.9,0.697101
RWT,2026-08-17,4.8,Q3'26,Q2'26,6.9,0.695652
RWT,2026-08-18,4.73,Q3'26,Q2'26,6.9,0.685507
RWT,2026-08-19,4.83,Q3'26,Q2'26,6.9,0.7
