ticker,date,close
ADAM,2021-01-04,14.399999618530273
ADAM,2021-01-05,14.359999656677246
ADAM,2021-01-06,14.920000076293945
ADAM,2021-01-07,14.920000076293945
ADAM,2021-01-08,14.880000114440918
ADAM,2021-01-11,14.680000305175781
ADAM,2021-01-12,14.720000267028809
ADAM,2021-01-13,14.720000267028809
ADAM,2021-01-14,14.920000076293945
ADAM,2021-01-15,14.84000015258789
ADAM,2021-01-19,15.0
ADAM,2021-01-20,15.319999694824219
ADAM,2021-01-21,15.640000343322754
ADAM,2021-01-22,15.760000228881836
ADAM,2021-01-25,15.880000114440918
ADAM,2021-01-26,15.800000190734863
ADAM,2021-01-27,15.279999732971191
ADAM,2021-01-28,15.4399995803833
ADAM,2021-01-29,14.920000076293945
ADAM,2021-02-01,15.399999618530273
ADAM,2021-02-02,15.680000305175781
ADAM,2021-02-03,15.5600004196167
ADAM,2021-02-04,15.760000228881836
ADAM,2021-02-05,15.960000038146973
ADAM,2021-02-08,16.200000762939453
ADAM,2021-02-09,15.880000114440918
ADAM,2021-02-10,16.0
ADAM,2021-02-11,16.079999923706055
ADAM,2021-02-12,15.920000076293945
ADAM,2021-02-16,16.239999771118164
ADAM,2021-02-17,16.079999923706055
ADAM,2021-02-18,15.800000190734863
ADAM,2021-02-19,16.360000610351562
ADAM,2021-02-22,16.639999389648438
ADAM,2021-02-23,16.360000610351562
ADAM,2021-02-24,17.0
ADAM,2021-02-25,16.399999618530273
ADAM,2021-02-26,16.68000030517578
ADAM,2021-03-01,17.0
ADAM,2021-03-02,17.15999984741211
ADAM,2021-03-03,17.239999771118164
ADAM,2021-03-04,16.920000076293945
ADAM,2021-03-05,16.959999084472656
ADAM,2021-03-08,17.239999771118164
ADAM,2021-03-09,17.719999313354492
ADAM,2021-03-10,18.1200008392334
ADAM,2021-03-11,18.440000534057617
ADAM,2021-03-12,18.719999313354492
ADAM,2021-03-15,18.799999237060547
ADAM,2021-03-16,18.559999465942383
ADAM,2021-03-17,18.799999237060547
ADAM,2021-03-18,18.200000762939453
ADAM,2021-03-19,18.719999313354492
ADAM,2021-03-22,18.639999389648438
ADAM,2021-03-23,18.040000915527344
ADAM,2021-03-24,17.559999465942383
ADAM,2021-03-25,17.719999313354492
ADAM,2021-03-26,17.959999084472656
ADAM,2021-03-29,17.639999389648438
ADAM,2021-03-30,18.040000915527344
ADAM,2021-03-31,17.8799991607666
ADAM,2021-04-01,18.280000686645508
ADAM,2021-04-05,18.079999923706055
ADAM,2021-04-06,18.1200008392334
ADAM,2021-04-07,18.040000915527344
ADAM,2021-04-08,18.200000762939453
ADAM,2021-04-09,17.959999084472656
ADAM,2021-04-12,18.079999923706055
ADAM,2021-04-13,18.079999923706055
ADAM,2021-04-14,18.1200008392334
ADAM,2021-04-15,18.1200008392334
ADAM,2021-04-16,17.959999084472656
ADAM,2021-04-19,17.68000030517578
ADAM,2021-04-20,17.440000534057617
ADAM,2021-04-21,17.760000228881836
ADAM,2021-04-22,17.84000015258789
ADAM,2021-04-23,18.360000610351562
ADAM,2021-04-26,18.31999969482422
ADAM,2021-04-27,18.280000686645508
ADAM,2021-04-28,18.520000457763672
ADAM,2021-04-29,18.440000534057617
ADAM,2021-04-30,18.360000610351562
ADAM,2021-05-03,18.479999542236328
ADAM,2021-05-04,18.200000762939453
ADAM,2021-05-05,18.520000457763672
ADAM,2021-05-06,18.360000610351562
ADAM,2021-05-07,18.040000915527344
ADAM,2021-05-10,17.639999389648438
ADAM,2021-05-11,17.399999618530273
ADAM,2021-05-12,17.1200008392334
ADAM,2021-05-13,17.600000381469727
ADAM,2021-05-14,17.959999084472656
ADAM,2021-05-17,17.84000015258789
ADAM,2021-05-18,17.799999237060547
ADAM,2021-05-19,17.959999084472656
ADAM,2021-05-20,18.200000762939453
ADAM,2021-05-21,18.0
ADAM,2021-05-24,18.040000915527344
ADAM,2021-05-25,17.799999237060547
ADAM,2021-05-26,18.079999923706055
ADAM,2021-05-27,18.040000915527344
ADAM,2021-05-28,18.079999923706055
ADAM,2021-06-01,18.31999969482422
ADAM,2021-06-02,18.239999771118164
ADAM,2021-06-03,18.040000915527344
ADAM,2021-06-04,18.31999969482422
ADAM,2021-06-07,18.559999465942383
ADAM,2021-06-08,19.040000915527344
ADAM,2021-06-09,19.280000686645508
ADAM,2021-06-10,19.0
ADAM,2021-06-11,18.959999084472656
ADAM,2021-06-14,18.799999237060547
ADAM,2021-06-15,18.559999465942383
ADAM,2021-06-16,18.8799991607666
ADAM,2021-06-17,18.559999465942383
ADAM,2021-06-18,18.479999542236328
ADAM,2021-06-21,18.84000015258789
ADAM,2021-06-22,18.760000228881836
ADAM,2021-06-23,18.079999923706055
ADAM,2021-06-24,18.399999618530273
ADAM,2021-06-25,18.15999984741211
ADAM,2021-06-28,17.84000015258789
ADAM,2021-06-29,17.719999313354492
ADAM,2021-06-30,17.8799991607666
ADAM,2021-07-01,18.040000915527344
ADAM,2021-07-02,17.84000015258789
ADAM,2021-07-06,17.600000381469727
ADAM,2021-07-07,17.559999465942383
ADAM,2021-07-08,17.440000534057617
ADAM,2021-07-09,18.1200008392334
ADAM,2021-07-12,18.200000762939453
ADAM,2021-07-13,17.440000534057617
ADAM,2021-07-14,17.31999969482422
ADAM,2021-07-15,17.440000534057617
ADAM,2021-07-16,17.360000610351562
ADAM,2021-07-19,17.200000762939453
ADAM,2021-07-20,17.520000457763672
ADAM,2021-07-21,17.920000076293945
ADAM,2021-07-22,17.440000534057617
ADAM,2021-07-23,17.31999969482422
ADAM,2021-07-26,17.639999389648438
ADAM,2021-07-27,17.520000457763672
ADAM,2021-07-28,17.559999465942383
ADAM,2021-07-29,17.84000015258789
ADAM,2021-07-30,17.479999542236328
ADAM,2021-08-02,17.399999618530273
ADAM,2021-08-03,17.360000610351562
ADAM,2021-08-04,17.040000915527344
ADAM,2021-08-05,17.360000610351562
ADAM,2021-08-06,17.280000686645508
ADAM,2021-08-09,17.079999923706055
ADAM,2021-08-10,17.399999618530273
ADAM,2021-08-11,17.280000686645508
ADAM,2021-08-12,17.280000686645508
ADAM,2021-08-13,17.280000686645508
ADAM,2021-08-16,17.15999984741211
ADAM,2021-08-17,17.1200008392334
ADAM,2021-08-18,17.040000915527344
ADAM,2021-08-19,16.799999237060547
ADAM,2021-08-20,17.1200008392334
ADAM,2021-08-23,17.399999618530273
ADAM,2021-08-24,17.520000457763672
ADAM,2021-08-25,17.559999465942383
ADAM,2021-08-26,17.31999969482422
ADAM,2021-08-27,17.600000381469727
ADAM,2021-08-30,17.399999618530273
ADAM,2021-08-31,17.68000030517578
ADAM,2021-09-01,17.760000228881836
ADAM,2021-09-02,17.639999389648438
ADAM,2021-09-03,17.520000457763672
ADAM,2021-09-07,17.239999771118164
ADAM,2021-09-08,17.280000686645508
ADAM,2021-09-09,17.15999984741211
ADAM,2021-09-10,17.0
ADAM,2021-09-13,17.239999771118164
ADAM,2021-09-14,17.1200008392334
ADAM,2021-09-15,17.399999618530273
ADAM,2021-09-16,17.239999771118164
ADAM,2021-09-17,17.479999542236328
ADAM,2021-09-20,17.280000686645508
ADAM,2021-09-21,17.360000610351562
ADAM,2021-09-22,17.31999969482422
ADAM,2021-09-23,17.31999969482422
ADAM,2021-09-24,17.15999984741211
ADAM,2021-09-27,17.280000686645508
ADAM,2021-09-28,17.15999984741211
ADAM,2021-09-29,17.360000610351562
ADAM,2021-09-30,17.040000915527344
ADAM,2021-10-01,17.239999771118164
ADAM,2021-10-04,17.200000762939453
ADAM,2021-10-05,17.360000610351562
ADAM,2021-10-06,17.280000686645508
ADAM,2021-10-07,17.31999969482422
ADAM,2021-10-08,17.239999771118164
ADAM,2021-10-11,17.200000762939453
ADAM,2021-10-12,17.399999618530273
ADAM,2021-10-13,17.440000534057617
ADAM,2021-10-14,17.360000610351562
ADAM,2021-10-15,17.31999969482422
ADAM,2021-10-18,17.440000534057617
ADAM,2021-10-19,17.399999618530273
ADAM,2021-10-20,17.68000030517578
ADAM,2021-10-21,17.799999237060547
ADAM,2021-10-22,17.719999313354492
ADAM,2021-10-25,17.920000076293945
ADAM,2021-10-26,17.600000381469727
ADAM,2021-10-27,17.440000534057617
ADAM,2021-10-28,17.68000030517578
ADAM,2021-10-29,17.559999465942383
ADAM,2021-11-01,18.0
ADAM,2021-11-02,17.31999969482422
ADAM,2021-11-03,17.079999923706055
ADAM,2021-11-04,17.15999984741211
ADAM,2021-11-05,17.520000457763672
ADAM,2021-11-08,17.440000534057617
ADAM,2021-11-09,17.479999542236328
ADAM,2021-11-10,17.079999923706055
ADAM,2021-11-11,17.200000762939453
ADAM,2021-11-12,17.079999923706055
ADAM,2021-11-15,16.84000015258789
ADAM,2021-11-16,16.440000534057617
ADAM,2021-11-17,16.200000762939453
ADAM,2021-11-18,15.960000038146973
ADAM,2021-11-19,15.5600004196167
ADAM,2021-11-22,15.760000228881836
ADAM,2021-11-23,15.760000228881836
ADAM,2021-11-24,15.800000190734863
ADAM,2021-11-26,15.359999656677246
ADAM,2021-11-29,15.279999732971191
ADAM,2021-11-30,14.920000076293945
ADAM,2021-12-01,14.600000381469727
ADAM,2021-12-02,15.119999885559082
ADAM,2021-12-03,14.920000076293945
ADAM,2021-12-06,15.399999618530273
ADAM,2021-12-07,15.5600004196167
ADAM,2021-12-08,15.800000190734863
ADAM,2021-12-09,15.600000381469727
ADAM,2021-12-10,15.399999618530273
ADAM,2021-12-13,15.5600004196167
ADAM,2021-12-14,15.239999771118164
ADAM,2021-12-15,15.479999542236328
ADAM,2021-12-16,15.15999984741211
ADAM,2021-12-17,14.960000038146973
ADAM,2021-12-20,14.4399995803833
ADAM,2021-12-21,15.399999618530273
ADAM,2021-12-22,15.4399995803833
ADAM,2021-12-23,15.239999771118164
ADAM,2021-12-27,15.15999984741211
ADAM,2021-12-28,15.079999923706055
ADAM,2021-12-29,15.079999923706055
ADAM,2021-12-30,14.960000038146973
ADAM,2021-12-31,14.880000114440918
ADAM,2022-01-03,15.279999732971191
ADAM,2022-01-04,15.359999656677246
ADAM,2022-01-05,15.15999984741211
ADAM,2022-01-06,15.119999885559082
ADAM,2022-01-07,15.239999771118164
ADAM,2022-01-10,15.279999732971191
ADAM,2022-01-11,15.279999732971191
ADAM,2022-01-12,15.279999732971191
ADAM,2022-01-13,15.239999771118164
ADAM,2022-01-14,15.119999885559082
ADAM,2022-01-18,14.960000038146973
ADAM,2022-01-19,14.800000190734863
ADAM,2022-01-20,14.520000457763672
ADAM,2022-01-21,14.359999656677246
ADAM,2022-01-24,14.359999656677246
ADAM,2022-01-25,14.600000381469727
ADAM,2022-01-26,14.520000457763672
ADAM,2022-01-27,14.359999656677246
ADAM,2022-01-28,14.5600004196167
ADAM,2022-01-31,15.0
ADAM,2022-02-01,14.920000076293945
ADAM,2022-02-02,14.800000190734863
ADAM,2022-02-03,14.640000343322754
ADAM,2022-02-04,14.520000457763672
ADAM,2022-02-07,14.520000457763672
ADAM,2022-02-08,14.720000267028809
ADAM,2022-02-09,14.640000343322754
ADAM,2022-02-10,14.359999656677246
ADAM,2022-02-11,14.359999656677246
ADAM,2022-02-14,14.319999694824219
ADAM,2022-02-15,14.520000457763672
ADAM,2022-02-16,14.600000381469727
ADAM,2022-02-17,14.319999694824219
ADAM,2022-02-18,14.399999618530273
ADAM,2022-02-22,13.880000114440918
ADAM,2022-02-23,13.720000267028809
ADAM,2022-02-24,13.960000038146973
ADAM,2022-02-25,14.039999961853027
ADAM,2022-02-28,14.039999961853027
ADAM,2022-03-01,13.960000038146973
ADAM,2022-03-02,14.359999656677246
ADAM,2022-03-03,14.359999656677246
ADAM,2022-03-04,14.319999694824219
ADAM,2022-03-07,14.079999923706055
ADAM,2022-03-08,14.479999542236328
ADAM,2022-03-09,14.640000343322754
ADAM,2022-03-10,14.800000190734863
ADAM,2022-03-11,14.720000267028809
ADAM,2022-03-14,14.5600004196167
ADAM,2022-03-15,14.680000305175781
ADAM,2022-03-16,14.84000015258789
ADAM,2022-03-17,14.84000015258789
ADAM,2022-03-18,14.800000190734863
ADAM,2022-03-21,14.720000267028809
ADAM,2022-03-22,14.920000076293945
ADAM,2022-03-23,14.15999984741211
ADAM,2022-03-24,14.199999809265137
ADAM,2022-03-25,14.479999542236328
ADAM,2022-03-28,14.600000381469727
ADAM,2022-03-29,14.800000190734863
ADAM,2022-03-30,14.600000381469727
ADAM,2022-03-31,14.600000381469727
ADAM,2022-04-01,14.600000381469727
ADAM,2022-04-04,14.600000381469727
ADAM,2022-04-05,14.199999809265137
ADAM,2022-04-06,13.880000114440918
ADAM,2022-04-07,13.600000381469727
ADAM,2022-04-08,13.760000228881836
ADAM,2022-04-11,13.800000190734863
ADAM,2022-04-12,13.760000228881836
ADAM,2022-04-13,14.0
ADAM,2022-04-14,14.0
ADAM,2022-04-18,13.760000228881836
ADAM,2022-04-19,13.15999984741211
ADAM,2022-04-20,13.199999809265137
ADAM,2022-04-21,13.199999809265137
ADAM,2022-04-22,12.960000038146973
ADAM,2022-04-25,13.0
ADAM,2022-04-26,12.5600004196167
ADAM,2022-04-27,12.720000267028809
ADAM,2022-04-28,13.199999809265137
ADAM,2022-04-29,12.880000114440918
ADAM,2022-05-02,12.84000015258789
ADAM,2022-05-03,13.4399995803833
ADAM,2022-05-04,13.079999923706055
ADAM,2022-05-05,12.720000267028809
ADAM,2022-05-06,12.600000381469727
ADAM,2022-05-09,12.079999923706055
ADAM,2022-05-10,12.079999923706055
ADAM,2022-05-11,12.039999961853027
ADAM,2022-05-12,11.760000228881836
ADAM,2022-05-13,12.15999984741211
ADAM,2022-05-16,12.0
ADAM,2022-05-17,12.239999771118164
ADAM,2022-05-18,11.880000114440918
ADAM,2022-05-19,11.680000305175781
ADAM,2022-05-20,11.5600004196167
ADAM,2022-05-23,11.800000190734863
ADAM,2022-05-24,11.960000038146973
ADAM,2022-05-25,11.920000076293945
ADAM,2022-05-26,12.079999923706055
ADAM,2022-05-27,12.239999771118164
ADAM,2022-05-31,12.119999885559082
ADAM,2022-06-01,12.239999771118164
ADAM,2022-06-02,12.479999542236328
ADAM,2022-06-03,12.4399995803833
ADAM,2022-06-06,12.4399995803833
ADAM,2022-06-07,12.680000305175781
ADAM,2022-06-08,12.279999732971191
ADAM,2022-06-09,12.15999984741211
ADAM,2022-06-10,11.880000114440918
ADAM,2022-06-13,10.359999656677246
ADAM,2022-06-14,9.760000228881836
ADAM,2022-06-15,9.880000114440918
ADAM,2022-06-16,9.079999923706055
ADAM,2022-06-17,9.4399995803833
ADAM,2022-06-21,10.079999923706055
ADAM,2022-06-22,10.319999694824219
ADAM,2022-06-23,10.640000343322754
ADAM,2022-06-24,11.079999923706055
ADAM,2022-06-27,10.920000076293945
ADAM,2022-06-28,10.84000015258789
ADAM,2022-06-29,10.84000015258789
ADAM,2022-06-30,11.039999961853027
ADAM,2022-07-01,11.359999656677246
ADAM,2022-07-05,11.4399995803833
ADAM,2022-07-06,11.119999885559082
ADAM,2022-07-07,11.4399995803833
ADAM,2022-07-08,11.399999618530273
ADAM,2022-07-11,11.15999984741211
ADAM,2022-07-12,11.199999809265137
ADAM,2022-07-13,11.279999732971191
ADAM,2022-07-14,10.960000038146973
ADAM,2022-07-15,11.279999732971191
ADAM,2022-07-18,10.920000076293945
ADAM,2022-07-19,11.4399995803833
ADAM,2022-07-20,11.479999542236328
ADAM,2022-07-21,11.600000381469727
ADAM,2022-07-22,11.600000381469727
ADAM,2022-07-25,11.760000228881836
ADAM,2022-07-26,11.640000343322754
ADAM,2022-07-27,12.15999984741211
ADAM,2022-07-28,12.680000305175781
ADAM,2022-07-29,12.5600004196167
ADAM,2022-08-01,12.760000228881836
ADAM,2022-08-02,12.4399995803833
ADAM,2022-08-03,12.479999542236328
ADAM,2022-08-04,11.960000038146973
ADAM,2022-08-05,11.84000015258789
ADAM,2022-08-08,12.079999923706055
ADAM,2022-08-09,11.84000015258789
ADAM,2022-08-10,12.119999885559082
ADAM,2022-08-11,12.079999923706055
ADAM,2022-08-12,12.239999771118164
ADAM,2022-08-15,12.239999771118164
ADAM,2022-08-16,12.359999656677246
ADAM,2022-08-17,12.199999809265137
ADAM,2022-08-18,12.079999923706055
ADAM,2022-08-19,11.760000228881836
ADAM,2022-08-22,11.4399995803833
ADAM,2022-08-23,11.600000381469727
ADAM,2022-08-24,11.600000381469727
ADAM,2022-08-25,11.84000015258789
ADAM,2022-08-26,11.600000381469727
ADAM,2022-08-29,11.520000457763672
ADAM,2022-08-30,11.239999771118164
ADAM,2022-08-31,11.199999809265137
ADAM,2022-09-01,10.960000038146973
ADAM,2022-09-02,11.039999961853027
ADAM,2022-09-06,10.720000267028809
ADAM,2022-09-07,11.079999923706055
ADAM,2022-09-08,11.079999923706055
ADAM,2022-09-09,11.399999618530273
ADAM,2022-09-12,11.479999542236328
ADAM,2022-09-13,11.079999923706055
ADAM,2022-09-14,11.279999732971191
ADAM,2022-09-15,11.119999885559082
ADAM,2022-09-16,11.279999732971191
ADAM,2022-09-19,11.279999732971191
ADAM,2022-09-20,11.079999923706055
ADAM,2022-09-21,10.880000114440918
ADAM,2022-09-22,10.479999542236328
ADAM,2022-09-23,9.479999542236328
ADAM,2022-09-26,8.680000305175781
ADAM,2022-09-27,8.84000015258789
ADAM,2022-09-28,9.199999809265137
ADAM,2022-09-29,8.960000038146973
ADAM,2022-09-30,9.359999656677246
ADAM,2022-10-03,8.880000114440918
ADAM,2022-10-04,10.039999961853027
ADAM,2022-10-05,9.600000381469727
ADAM,2022-10-06,9.319999694824219
ADAM,2022-10-07,9.119999885559082
ADAM,2022-10-10,8.920000076293945
ADAM,2022-10-11,9.760000228881836
ADAM,2022-10-12,9.680000305175781
ADAM,2022-10-13,10.0
ADAM,2022-10-14,9.640000343322754
ADAM,2022-10-17,9.84000015258789
ADAM,2022-10-18,10.0
ADAM,2022-10-19,9.84000015258789
ADAM,2022-10-20,9.680000305175781
ADAM,2022-10-21,9.720000267028809
ADAM,2022-10-24,9.800000190734863
ADAM,2022-10-25,10.479999542236328
ADAM,2022-10-26,10.479999542236328
ADAM,2022-10-27,10.640000343322754
ADAM,2022-10-28,10.920000076293945
ADAM,2022-10-31,10.760000228881836
ADAM,2022-11-01,10.600000381469727
ADAM,2022-11-02,10.399999618530273
ADAM,2022-11-03,10.239999771118164
ADAM,2022-11-04,10.600000381469727
ADAM,2022-11-07,10.640000343322754
ADAM,2022-11-08,10.479999542236328
ADAM,2022-11-09,10.359999656677246
ADAM,2022-11-10,11.079999923706055
ADAM,2022-11-11,11.119999885559082
ADAM,2022-11-14,10.960000038146973
ADAM,2022-11-15,11.199999809265137
ADAM,2022-11-16,11.0
ADAM,2022-11-17,10.84000015258789
ADAM,2022-11-18,11.0
ADAM,2022-11-21,10.960000038146973
ADAM,2022-11-22,11.079999923706055
ADAM,2022-11-23,11.039999961853027
ADAM,2022-11-25,11.079999923706055
ADAM,2022-11-28,10.880000114440918
ADAM,2022-11-29,11.0
ADAM,2022-11-30,11.239999771118164
ADAM,2022-12-01,11.520000457763672
ADAM,2022-12-02,11.600000381469727
ADAM,2022-12-05,11.359999656677246
ADAM,2022-12-06,11.279999732971191
ADAM,2022-12-07,11.520000457763672
ADAM,2022-12-08,11.5600004196167
ADAM,2022-12-09,11.4399995803833
ADAM,2022-12-12,11.479999542236328
ADAM,2022-12-13,11.760000228881836
ADAM,2022-12-14,11.760000228881836
ADAM,2022-12-15,11.600000381469727
ADAM,2022-12-16,11.319999694824219
ADAM,2022-12-19,11.359999656677246
ADAM,2022-12-20,11.239999771118164
ADAM,2022-12-21,11.4399995803833
ADAM,2022-12-22,11.279999732971191
ADAM,2022-12-23,10.880000114440918
ADAM,2022-12-27,10.84000015258789
ADAM,2022-12-28,10.279999732971191
ADAM,2022-12-29,10.399999618530273
ADAM,2022-12-30,10.239999771118164
ADAM,2023-01-03,10.520000457763672
ADAM,2023-01-04,10.720000267028809
ADAM,2023-01-05,10.640000343322754
ADAM,2023-01-06,10.720000267028809
ADAM,2023-01-09,10.760000228881836
ADAM,2023-01-10,10.880000114440918
ADAM,2023-01-11,11.399999618530273
ADAM,2023-01-12,11.520000457763672
ADAM,2023-01-13,11.720000267028809
ADAM,2023-01-17,11.760000228881836
ADAM,2023-01-18,11.720000267028809
ADAM,2023-01-19,11.680000305175781
ADAM,2023-01-20,11.880000114440918
ADAM,2023-01-23,11.960000038146973
ADAM,2023-01-24,12.0
ADAM,2023-01-25,12.079999923706055
ADAM,2023-01-26,12.199999809265137
ADAM,2023-01-27,12.359999656677246
ADAM,2023-01-30,12.15999984741211
ADAM,2023-01-31,12.479999542236328
ADAM,2023-02-01,12.680000305175781
ADAM,2023-02-02,12.760000228881836
ADAM,2023-02-03,12.640000343322754
ADAM,2023-02-06,12.199999809265137
ADAM,2023-02-07,12.239999771118164
ADAM,2023-02-08,12.039999961853027
ADAM,2023-02-09,11.760000228881836
ADAM,2023-02-10,11.84000015258789
ADAM,2023-02-13,12.039999961853027
ADAM,2023-02-14,11.800000190734863
ADAM,2023-02-15,11.960000038146973
ADAM,2023-02-16,11.880000114440918
ADAM,2023-02-17,12.0
ADAM,2023-02-21,11.479999542236328
ADAM,2023-02-22,11.399999618530273
ADAM,2023-02-23,10.920000076293945
ADAM,2023-02-24,10.520000457763672
ADAM,2023-02-27,10.640000343322754
ADAM,2023-02-28,10.680000305175781
ADAM,2023-03-01,10.319999694824219
ADAM,2023-03-02,10.079999923706055
ADAM,2023-03-03,10.15999984741211
ADAM,2023-03-06,10.0
ADAM,2023-03-07,9.800000190734863
ADAM,2023-03-08,9.600000381469727
ADAM,2023-03-09,9.170000076293945
ADAM,2023-03-10,8.829999923706055
ADAM,2023-03-13,8.949999809265137
ADAM,2023-03-14,9.289999961853027
ADAM,2023-03-15,9.149999618530273
ADAM,2023-03-16,9.739999771118164
ADAM,2023-03-17,8.9399995803833
ADAM,2023-03-20,9.079999923706055
ADAM,2023-03-21,9.109999656677246
ADAM,2023-03-22,8.880000114440918
ADAM,2023-03-23,8.6899995803833
ADAM,2023-03-24,9.180000305175781
ADAM,2023-03-27,9.380000114440918
ADAM,2023-03-28,9.449999809265137
ADAM,2023-03-29,9.649999618530273
ADAM,2023-03-30,9.720000267028809
ADAM,2023-03-31,9.960000038146973
ADAM,2023-04-03,9.949999809265137
ADAM,2023-04-04,10.039999961853027
ADAM,2023-04-05,10.149999618530273
ADAM,2023-04-06,10.170000076293945
ADAM,2023-04-10,10.170000076293945
ADAM,2023-04-11,10.220000267028809
ADAM,2023-04-12,10.140000343322754
ADAM,2023-04-13,10.130000114440918
ADAM,2023-04-14,9.979999542236328
ADAM,2023-04-17,10.170000076293945
ADAM,2023-04-18,9.890000343322754
ADAM,2023-04-19,10.140000343322754
ADAM,2023-04-20,10.149999618530273
ADAM,2023-04-21,10.210000038146973
ADAM,2023-04-24,10.199999809265137
ADAM,2023-04-25,10.039999961853027
ADAM,2023-04-26,9.970000267028809
ADAM,2023-04-27,10.15999984741211
ADAM,2023-04-28,10.279999732971191
ADAM,2023-05-01,10.010000228881836
ADAM,2023-05-02,9.5600004196167
ADAM,2023-05-03,9.600000381469727
ADAM,2023-05-04,9.539999961853027
ADAM,2023-05-05,9.760000228881836
ADAM,2023-05-08,9.869999885559082
ADAM,2023-05-09,9.699999809265137
ADAM,2023-05-10,9.75
ADAM,2023-05-11,9.739999771118164
ADAM,2023-05-12,9.720000267028809
ADAM,2023-05-15,9.729999542236328
ADAM,2023-05-16,9.569999694824219
ADAM,2023-05-17,9.779999732971191
ADAM,2023-05-18,9.9399995803833
ADAM,2023-05-19,9.8100004196167
ADAM,2023-05-22,9.960000038146973
ADAM,2023-05-23,9.9399995803833
ADAM,2023-05-24,9.670000076293945
ADAM,2023-05-25,9.300000190734863
ADAM,2023-05-26,9.609999656677246
ADAM,2023-05-30,9.760000228881836
ADAM,2023-05-31,9.770000457763672
ADAM,2023-06-01,9.949999809265137
ADAM,2023-06-02,10.270000457763672
ADAM,2023-06-05,10.109999656677246
ADAM,2023-06-06,10.210000038146973
ADAM,2023-06-07,9.9399995803833
ADAM,2023-06-08,10.050000190734863
ADAM,2023-06-09,9.960000038146973
ADAM,2023-06-12,10.039999961853027
ADAM,2023-06-13,10.100000381469727
ADAM,2023-06-14,10.119999885559082
ADAM,2023-06-15,9.979999542236328
ADAM,2023-06-16,9.9399995803833
ADAM,2023-06-20,9.829999923706055
ADAM,2023-06-21,9.90999984741211
ADAM,2023-06-22,9.850000381469727
ADAM,2023-06-23,9.649999618530273
ADAM,2023-06-26,9.770000457763672
ADAM,2023-06-27,9.90999984741211
ADAM,2023-06-28,9.949999809265137
ADAM,2023-06-29,9.930000305175781
ADAM,2023-06-30,9.920000076293945
ADAM,2023-07-03,9.930000305175781
ADAM,2023-07-05,9.760000228881836
ADAM,2023-07-06,9.529999732971191
ADAM,2023-07-07,9.680000305175781
ADAM,2023-07-10,9.949999809265137
ADAM,2023-07-11,10.0
ADAM,2023-07-12,10.149999618530273
ADAM,2023-07-13,10.180000305175781
ADAM,2023-07-14,10.1899995803833
ADAM,2023-07-17,10.210000038146973
ADAM,2023-07-18,10.3100004196167
ADAM,2023-07-19,10.430000305175781
ADAM,2023-07-20,10.329999923706055
ADAM,2023-07-21,10.34000015258789
ADAM,2023-07-24,10.390000343322754
ADAM,2023-07-25,10.4399995803833
ADAM,2023-07-26,10.489999771118164
ADAM,2023-07-27,10.300000190734863
ADAM,2023-07-28,10.34000015258789
ADAM,2023-07-31,10.149999618530273
ADAM,2023-08-01,10.069999694824219
ADAM,2023-08-02,10.039999961853027
ADAM,2023-08-03,9.069999694824219
ADAM,2023-08-04,9.170000076293945
ADAM,2023-08-07,9.079999923706055
ADAM,2023-08-08,9.050000190734863
ADAM,2023-08-09,9.020000457763672
ADAM,2023-08-10,9.050000190734863
ADAM,2023-08-11,9.050000190734863
ADAM,2023-08-14,8.949999809265137
ADAM,2023-08-15,8.949999809265137
ADAM,2023-08-16,8.890000343322754
ADAM,2023-08-17,8.850000381469727
ADAM,2023-08-18,8.850000381469727
ADAM,2023-08-21,8.899999618530273
ADAM,2023-08-22,8.899999618530273
ADAM,2023-08-23,9.09000015258789
ADAM,2023-08-24,9.079999923706055
ADAM,2023-08-25,9.149999618530273
ADAM,2023-08-28,9.460000038146973
ADAM,2023-08-29,9.569999694824219
ADAM,2023-08-30,9.5600004196167
ADAM,2023-08-31,9.520000457763672
ADAM,2023-09-01,9.569999694824219
ADAM,2023-09-05,9.300000190734863
ADAM,2023-09-06,9.220000267028809
ADAM,2023-09-07,9.199999809265137
ADAM,2023-09-08,9.210000038146973
ADAM,2023-09-11,9.25
ADAM,2023-09-12,9.319999694824219
ADAM,2023-09-13,9.390000343322754
ADAM,2023-09-14,9.550000190734863
ADAM,2023-09-15,9.609999656677246
ADAM,2023-09-18,9.59000015258789
ADAM,2023-09-19,9.59000015258789
ADAM,2023-09-20,9.050000190734863
ADAM,2023-09-21,8.460000038146973
ADAM,2023-09-22,8.720000267028809
ADAM,2023-09-25,8.630000114440918
ADAM,2023-09-26,8.399999618530273
ADAM,2023-09-27,8.34000015258789
ADAM,2023-09-28,8.4399995803833
ADAM,2023-09-29,8.489999771118164
ADAM,2023-10-02,8.329999923706055
ADAM,2023-10-03,8.149999618530273
ADAM,2023-10-04,8.140000343322754
ADAM,2023-10-05,8.229999542236328
ADAM,2023-10-06,8.319999694824219
ADAM,2023-10-09,8.569999694824219
ADAM,2023-10-10,8.609999656677246
ADAM,2023-10-11,8.760000228881836
ADAM,2023-10-12,8.600000381469727
ADAM,2023-10-13,8.430000305175781
ADAM,2023-10-16,8.600000381469727
ADAM,2023-10-17,8.510000228881836
ADAM,2023-10-18,8.239999771118164
ADAM,2023-10-19,7.889999866485596
ADAM,2023-10-20,7.809999942779541
ADAM,2023-10-23,7.699999809265137
ADAM,2023-10-24,7.699999809265137
ADAM,2023-10-25,7.400000095367432
ADAM,2023-10-26,7.579999923706055
ADAM,2023-10-27,7.579999923706055
ADAM,2023-10-30,7.699999809265137
ADAM,2023-10-31,7.789999961853027
ADAM,2023-11-01,7.929999828338623
ADAM,2023-11-02,7.829999923706055
ADAM,2023-11-03,8.0
ADAM,2023-11-06,7.900000095367432
ADAM,2023-11-07,7.989999771118164
ADAM,2023-11-08,7.980000019073486
ADAM,2023-11-09,7.829999923706055
ADAM,2023-11-10,7.929999828338623
ADAM,2023-11-13,7.800000190734863
ADAM,2023-11-14,8.319999694824219
ADAM,2023-11-15,8.449999809265137
ADAM,2023-11-16,8.380000114440918
ADAM,2023-11-17,8.569999694824219
ADAM,2023-11-20,8.630000114440918
ADAM,2023-11-21,8.59000015258789
ADAM,2023-11-22,8.630000114440918
ADAM,2023-11-24,8.600000381469727
ADAM,2023-11-27,8.640000343322754
ADAM,2023-11-28,8.649999618530273
ADAM,2023-11-29,8.859999656677246
ADAM,2023-11-30,8.789999961853027
ADAM,2023-12-01,9.15999984741211
ADAM,2023-12-04,9.199999809265137
ADAM,2023-12-05,9.109999656677246
ADAM,2023-12-06,8.949999809265137
ADAM,2023-12-07,8.9399995803833
ADAM,2023-12-08,8.9399995803833
ADAM,2023-12-11,8.800000190734863
ADAM,2023-12-12,8.930000305175781
ADAM,2023-12-13,9.369999885559082
ADAM,2023-12-14,9.579999923706055
ADAM,2023-12-15,8.529999732971191
ADAM,2023-12-18,8.65999984741211
ADAM,2023-12-19,8.930000305175781
ADAM,2023-12-20,8.710000038146973
ADAM,2023-12-21,8.859999656677246
ADAM,2023-12-22,8.630000114440918
ADAM,2023-12-26,8.699999809265137
ADAM,2023-12-27,8.729999542236328
ADAM,2023-12-28,8.6899995803833
ADAM,2023-12-29,8.529999732971191
ADAM,2024-01-02,8.34000015258789
ADAM,2024-01-03,8.15999984741211
ADAM,2024-01-04,8.1899995803833
ADAM,2024-01-05,8.25
ADAM,2024-01-08,8.470000267028809
ADAM,2024-01-09,8.430000305175781
ADAM,2024-01-10,8.460000038146973
ADAM,2024-01-11,8.350000381469727
ADAM,2024-01-12,8.449999809265137
ADAM,2024-01-16,8.270000457763672
ADAM,2024-01-17,8.069999694824219
ADAM,2024-01-18,8.149999618530273
ADAM,2024-01-19,8.3100004196167
ADAM,2024-01-22,8.300000190734863
ADAM,2024-01-23,8.34000015258789
ADAM,2024-01-24,8.229999542236328
ADAM,2024-01-25,8.399999618530273
ADAM,2024-01-26,8.380000114440918
ADAM,2024-01-29,8.470000267028809
ADAM,2024-01-30,8.180000305175781
ADAM,2024-01-31,7.840000152587891
ADAM,2024-02-01,7.96999979019165
ADAM,2024-02-02,7.710000038146973
ADAM,2024-02-05,7.539999961853027
ADAM,2024-02-06,7.559999942779541
ADAM,2024-02-07,7.349999904632568
ADAM,2024-02-08,7.380000114440918
ADAM,2024-02-09,7.539999961853027
ADAM,2024-02-12,7.659999847412109
ADAM,2024-02-13,7.179999828338623
ADAM,2024-02-14,7.139999866485596
ADAM,2024-02-15,7.53000020980835
ADAM,2024-02-16,7.590000152587891
ADAM,2024-02-20,7.510000228881836
ADAM,2024-02-21,7.389999866485596
ADAM,2024-02-22,7.230000019073486
ADAM,2024-02-23,7.340000152587891
ADAM,2024-02-26,7.099999904632568
ADAM,2024-02-27,7.110000133514404
ADAM,2024-02-28,6.989999771118164
ADAM,2024-02-29,7.210000038146973
ADAM,2024-03-01,7.130000114440918
ADAM,2024-03-04,7.03000020980835
ADAM,2024-03-05,6.980000019073486
ADAM,2024-03-06,7.050000190734863
ADAM,2024-03-07,7.170000076293945
ADAM,2024-03-08,7.210000038146973
ADAM,2024-03-11,7.269999980926514
ADAM,2024-03-12,7.269999980926514
ADAM,2024-03-13,7.320000171661377
ADAM,2024-03-14,7.099999904632568
ADAM,2024-03-15,7.210000038146973
ADAM,2024-03-18,7.159999847412109
ADAM,2024-03-19,7.179999828338623
ADAM,2024-03-20,7.309999942779541
ADAM,2024-03-21,7.329999923706055
ADAM,2024-03-22,6.949999809265137
ADAM,2024-03-25,6.989999771118164
ADAM,2024-03-26,6.880000114440918
ADAM,2024-03-27,7.130000114440918
ADAM,2024-03-28,7.199999809265137
ADAM,2024-04-01,7.260000228881836
ADAM,2024-04-02,7.159999847412109
ADAM,2024-04-03,7.239999771118164
ADAM,2024-04-04,7.199999809265137
ADAM,2024-04-05,7.130000114440918
ADAM,2024-04-08,7.239999771118164
ADAM,2024-04-09,7.329999923706055
ADAM,2024-04-10,6.949999809265137
ADAM,2024-04-11,7.070000171661377
ADAM,2024-04-12,6.980000019073486
ADAM,2024-04-15,6.869999885559082
ADAM,2024-04-16,6.730000019073486
ADAM,2024-04-17,6.820000171661377
ADAM,2024-04-18,6.820000171661377
ADAM,2024-04-19,6.960000038146973
ADAM,2024-04-22,7.059999942779541
ADAM,2024-04-23,7.199999809265137
ADAM,2024-04-24,7.099999904632568
ADAM,2024-04-25,6.96999979019165
ADAM,2024-04-26,7.039999961853027
ADAM,2024-04-29,6.980000019073486
ADAM,2024-04-30,6.849999904632568
ADAM,2024-05-01,7.019999980926514
ADAM,2024-05-02,6.269999980926514
ADAM,2024-05-03,6.210000038146973
ADAM,2024-05-06,6.150000095367432
ADAM,2024-05-07,6.150000095367432
ADAM,2024-05-08,6.019999980926514
ADAM,2024-05-09,6.179999828338623
ADAM,2024-05-10,6.150000095367432
ADAM,2024-05-13,6.139999866485596
ADAM,2024-05-14,6.230000019073486
ADAM,2024-05-15,6.269999980926514
ADAM,2024-05-16,6.329999923706055
ADAM,2024-05-17,6.269999980926514
ADAM,2024-05-20,6.170000076293945
ADAM,2024-05-21,6.099999904632568
ADAM,2024-05-22,6.099999904632568
ADAM,2024-05-23,5.769999980926514
ADAM,2024-05-24,5.900000095367432
ADAM,2024-05-28,5.900000095367432
ADAM,2024-05-29,5.690000057220459
ADAM,2024-05-30,5.869999885559082
ADAM,2024-05-31,5.949999809265137
ADAM,2024-06-03,6.0
ADAM,2024-06-04,5.960000038146973
ADAM,2024-06-05,6.010000228881836
ADAM,2024-06-06,5.909999847412109
ADAM,2024-06-07,5.820000171661377
ADAM,2024-06-10,5.849999904632568
ADAM,2024-06-11,5.840000152587891
ADAM,2024-06-12,5.960000038146973
ADAM,2024-06-13,6.039999961853027
ADAM,2024-06-14,6.039999961853027
ADAM,2024-06-17,6.050000190734863
ADAM,2024-06-18,6.03000020980835
ADAM,2024-06-20,6.110000133514404
ADAM,2024-06-21,6.239999771118164
ADAM,2024-06-24,6.230000019073486
ADAM,2024-06-25,6.179999828338623
ADAM,2024-06-26,6.110000133514404
ADAM,2024-06-27,5.909999847412109
ADAM,2024-06-28,5.840000152587891
ADAM,2024-07-01,5.730000019073486
ADAM,2024-07-02,5.909999847412109
ADAM,2024-07-03,5.949999809265137
ADAM,2024-07-05,5.889999866485596
ADAM,2024-07-08,5.949999809265137
ADAM,2024-07-09,5.989999771118164
ADAM,2024-07-10,6.130000114440918
ADAM,2024-07-11,6.429999828338623
ADAM,2024-07-12,6.489999771118164
ADAM,2024-07-15,6.550000190734863
ADAM,2024-07-16,6.800000190734863
ADAM,2024-07-17,6.849999904632568
ADAM,2024-07-18,6.699999809265137
ADAM,2024-07-19,6.639999866485596
ADAM,2024-07-22,6.699999809265137
ADAM,2024-07-23,6.760000228881836
ADAM,2024-07-24,6.460000038146973
ADAM,2024-07-25,6.519999980926514
ADAM,2024-07-26,6.679999828338623
ADAM,2024-07-29,6.539999961853027
ADAM,2024-07-30,6.599999904632568
ADAM,2024-07-31,6.480000019073486
ADAM,2024-08-01,6.349999904632568
ADAM,2024-08-02,6.170000076293945
ADAM,2024-08-05,5.849999904632568
ADAM,2024-08-06,6.110000133514404
ADAM,2024-08-07,6.239999771118164
ADAM,2024-08-08,6.329999923706055
ADAM,2024-08-09,6.28000020980835
ADAM,2024-08-12,6.119999885559082
ADAM,2024-08-13,6.170000076293945
ADAM,2024-08-14,6.230000019073486
ADAM,2024-08-15,6.360000133514404
ADAM,2024-08-16,6.400000095367432
ADAM,2024-08-19,6.460000038146973
ADAM,2024-08-20,6.389999866485596
ADAM,2024-08-21,6.440000057220459
ADAM,2024-08-22,6.5
ADAM,2024-08-23,6.650000095367432
ADAM,2024-08-26,6.699999809265137
ADAM,2024-08-27,6.630000114440918
ADAM,2024-08-28,6.619999885559082
ADAM,2024-08-29,6.659999847412109
ADAM,2024-08-30,6.670000076293945
ADAM,2024-09-03,6.449999809265137
ADAM,2024-09-04,6.300000190734863
ADAM,2024-09-05,6.409999847412109
ADAM,2024-09-06,6.380000114440918
ADAM,2024-09-09,6.329999923706055
ADAM,2024-09-10,6.320000171661377
ADAM,2024-09-11,6.340000152587891
ADAM,2024-09-12,6.480000019073486
ADAM,2024-09-13,6.610000133514404
ADAM,2024-09-16,6.75
ADAM,2024-09-17,6.760000228881836
ADAM,2024-09-18,6.840000152587891
ADAM,2024-09-19,6.849999904632568
ADAM,2024-09-20,6.739999771118164
ADAM,2024-09-23,6.639999866485596
ADAM,2024-09-24,6.690000057220459
ADAM,2024-09-25,6.519999980926514
ADAM,2024-09-26,6.570000171661377
ADAM,2024-09-27,6.53000020980835
ADAM,2024-09-30,6.329999923706055
ADAM,2024-10-01,6.119999885559082
ADAM,2024-10-02,5.989999771118164
ADAM,2024-10-03,5.889999866485596
ADAM,2024-10-04,5.829999923706055
ADAM,2024-10-07,5.659999847412109
ADAM,2024-10-08,5.639999866485596
ADAM,2024-10-09,5.630000114440918
ADAM,2024-10-10,5.550000190734863
ADAM,2024-10-11,5.46999979019165
ADAM,2024-10-14,5.53000020980835
ADAM,2024-10-15,5.650000095367432
ADAM,2024-10-16,5.789999961853027
ADAM,2024-10-17,5.610000133514404
ADAM,2024-10-18,5.579999923706055
ADAM,2024-10-21,5.389999866485596
ADAM,2024-10-22,5.309999942779541
ADAM,2024-10-23,5.230000019073486
ADAM,2024-10-24,5.260000228881836
ADAM,2024-10-25,5.239999771118164
ADAM,2024-10-28,5.28000020980835
ADAM,2024-10-29,5.440000057220459
ADAM,2024-10-30,5.599999904632568
ADAM,2024-10-31,5.769999980926514
ADAM,2024-11-01,5.71999979019165
ADAM,2024-11-04,5.679999828338623
ADAM,2024-11-05,5.710000038146973
ADAM,2024-11-06,5.800000190734863
ADAM,2024-11-07,5.889999866485596
ADAM,2024-11-08,5.960000038146973
ADAM,2024-11-11,6.03000020980835
ADAM,2024-11-12,5.78000020980835
ADAM,2024-11-13,5.800000190734863
ADAM,2024-11-14,5.920000076293945
ADAM,2024-11-15,5.960000038146973
ADAM,2024-11-18,5.960000038146973
ADAM,2024-11-19,5.940000057220459
ADAM,2024-11-20,5.800000190734863
ADAM,2024-11-21,5.889999866485596
ADAM,2024-11-22,5.980000019073486
ADAM,2024-11-25,6.139999866485596
ADAM,2024-11-26,6.010000228881836
ADAM,2024-11-27,6.21999979019165
ADAM,2024-11-29,6.139999866485596
ADAM,2024-12-02,6.170000076293945
ADAM,2024-12-03,6.039999961853027
ADAM,2024-12-04,6.090000152587891
ADAM,2024-12-05,6.179999828338623
ADAM,2024-12-06,6.309999942779541
ADAM,2024-12-09,6.570000171661377
ADAM,2024-12-10,6.550000190734863
ADAM,2024-12-11,6.480000019073486
ADAM,2024-12-12,6.440000057220459
ADAM,2024-12-13,6.510000228881836
ADAM,2024-12-16,6.519999980926514
ADAM,2024-12-17,6.369999885559082
ADAM,2024-12-18,6.039999961853027
ADAM,2024-12-19,5.880000114440918
ADAM,2024-12-20,5.940000057220459
ADAM,2024-12-23,5.840000152587891
ADAM,2024-12-24,5.900000095367432
ADAM,2024-12-26,5.849999904632568
ADAM,2024-12-27,5.789999961853027
ADAM,2024-12-30,5.769999980926514
ADAM,2024-12-31,6.059999942779541
ADAM,2025-01-02,6.139999866485596
ADAM,2025-01-03,6.309999942779541
ADAM,2025-01-06,6.260000228881836
ADAM,2025-01-07,6.079999923706055
ADAM,2025-01-08,5.989999771118164
ADAM,2025-01-10,5.730000019073486
ADAM,2025-01-13,5.710000038146973
ADAM,2025-01-14,5.820000171661377
ADAM,2025-01-15,5.880000114440918
ADAM,2025-01-16,5.929999828338623
ADAM,2025-01-17,5.96999979019165
ADAM,2025-01-21,6.0
ADAM,2025-01-22,5.949999809265137
ADAM,2025-01-23,5.909999847412109
ADAM,2025-01-24,5.920000076293945
ADAM,2025-01-27,6.050000190734863
ADAM,2025-01-28,5.989999771118164
ADAM,2025-01-29,5.920000076293945
ADAM,2025-01-30,6.039999961853027
ADAM,2025-01-31,6.03000020980835
ADAM,2025-02-03,5.989999771118164
ADAM,2025-02-04,6.039999961853027
ADAM,2025-02-05,6.050000190734863
ADAM,2025-02-06,6.170000076293945
ADAM,2025-02-07,6.119999885559082
ADAM,2025-02-10,6.170000076293945
ADAM,2025-02-11,6.179999828338623
ADAM,2025-02-12,6.039999961853027
ADAM,2025-02-13,6.090000152587891
ADAM,2025-02-14,6.150000095367432
ADAM,2025-02-18,6.059999942779541
ADAM,2025-02-19,5.989999771118164
ADAM,2025-02-20,6.429999828338623
ADAM,2025-02-21,6.460000038146973
ADAM,2025-02-24,6.710000038146973
ADAM,2025-02-25,6.849999904632568
ADAM,2025-02-26,7.03000020980835
ADAM,2025-02-27,6.949999809265137
ADAM,2025-02-28,7.010000228881836
ADAM,2025-03-03,6.860000133514404
ADAM,2025-03-04,6.760000228881836
ADAM,2025-03-05,6.889999866485596
ADAM,2025-03-06,6.829999923706055
ADAM,2025-03-07,7.010000228881836
ADAM,2025-03-10,6.820000171661377
ADAM,2025-03-11,6.659999847412109
ADAM,2025-03-12,6.710000038146973
ADAM,2025-03-13,6.579999923706055
ADAM,2025-03-14,6.829999923706055
ADAM,2025-03-17,6.809999942779541
ADAM,2025-03-18,6.820000171661377
ADAM,2025-03-19,6.880000114440918
ADAM,2025-03-20,6.880000114440918
ADAM,2025-03-21,6.789999961853027
ADAM,2025-03-24,6.800000190734863
ADAM,2025-03-25,6.75
ADAM,2025-03-26,6.659999847412109
ADAM,2025-03-27,6.650000095367432
ADAM,2025-03-28,6.5
ADAM,2025-03-31,6.489999771118164
ADAM,2025-04-01,6.489999771118164
ADAM,2025-04-02,6.480000019073486
ADAM,2025-04-03,6.349999904632568
ADAM,2025-04-04,5.880000114440918
ADAM,2025-04-07,5.489999771118164
ADAM,2025-04-08,5.380000114440918
ADAM,2025-04-09,5.659999847412109
ADAM,2025-04-10,5.320000171661377
ADAM,2025-04-11,5.329999923706055
ADAM,2025-04-14,5.449999809265137
ADAM,2025-04-15,5.440000057220459
ADAM,2025-04-16,5.329999923706055
ADAM,2025-04-17,5.429999828338623
ADAM,2025-04-21,5.340000152587891
ADAM,2025-04-22,5.559999942779541
ADAM,2025-04-23,5.550000190734863
ADAM,2025-04-24,5.590000152587891
ADAM,2025-04-25,5.639999866485596
ADAM,2025-04-28,5.75
ADAM,2025-04-29,5.869999885559082
ADAM,2025-04-30,5.869999885559082
ADAM,2025-05-01,6.349999904632568
ADAM,2025-05-02,6.650000095367432
ADAM,2025-05-05,6.599999904632568
ADAM,2025-05-06,6.440000057220459
ADAM,2025-05-07,6.550000190734863
ADAM,2025-05-08,6.579999923706055
ADAM,2025-05-09,6.510000228881836
ADAM,2025-05-12,6.739999771118164
ADAM,2025-05-13,6.840000152587891
ADAM,2025-05-14,6.989999771118164
ADAM,2025-05-15,7.190000057220459
ADAM,2025-05-16,7.119999885559082
ADAM,2025-05-19,7.019999980926514
ADAM,2025-05-20,7.059999942779541
ADAM,2025-05-21,6.510000228881836
ADAM,2025-05-22,6.460000038146973
ADAM,2025-05-23,6.420000076293945
ADAM,2025-05-27,6.53000020980835
ADAM,2025-05-28,6.590000152587891
ADAM,2025-05-29,6.690000057220459
ADAM,2025-05-30,6.53000020980835
ADAM,2025-06-02,6.420000076293945
ADAM,2025-06-03,6.550000190734863
ADAM,2025-06-04,6.590000152587891
ADAM,2025-06-05,6.659999847412109
ADAM,2025-06-06,6.769999980926514
ADAM,2025-06-09,6.809999942779541
ADAM,2025-06-10,6.960000038146973
ADAM,2025-06-11,6.909999847412109
ADAM,2025-06-12,6.960000038146973
ADAM,2025-06-13,6.849999904632568
ADAM,2025-06-16,6.78000020980835
ADAM,2025-06-17,6.650000095367432
ADAM,2025-06-18,6.71999979019165
ADAM,2025-06-20,6.679999828338623
ADAM,2025-06-23,6.460000038146973
ADAM,2025-06-24,6.53000020980835
ADAM,2025-06-25,6.460000038146973
ADAM,2025-06-26,6.630000114440918
ADAM,2025-06-27,6.650000095367432
ADAM,2025-06-30,6.699999809265137
ADAM,2025-07-01,6.760000228881836
ADAM,2025-07-02,6.820000171661377
ADAM,2025-07-03,6.820000171661377
ADAM,2025-07-07,6.630000114440918
ADAM,2025-07-08,6.690000057220459
ADAM,2025-07-09,6.75
ADAM,2025-07-10,6.71999979019165
ADAM,2025-07-11,6.650000095367432
ADAM,2025-07-14,6.730000019073486
ADAM,2025-07-15,6.639999866485596
ADAM,2025-07-16,6.78000020980835
ADAM,2025-07-17,6.690000057220459
ADAM,2025-07-18,6.679999828338623
ADAM,2025-07-21,6.730000019073486
ADAM,2025-07-22,6.920000076293945
ADAM,2025-07-23,6.980000019073486
ADAM,2025-07-24,6.980000019073486
ADAM,2025-07-25,7.010000228881836
ADAM,2025-07-28,6.800000190734863
ADAM,2025-07-29,6.820000171661377
ADAM,2025-07-30,6.739999771118164
ADAM,2025-07-31,6.329999923706055
ADAM,2025-08-01,6.579999923706055
ADAM,2025-08-04,6.71999979019165
ADAM,2025-08-05,6.679999828338623
ADAM,2025-08-06,6.570000171661377
ADAM,2025-08-07,6.639999866485596
ADAM,2025-08-08,6.639999866485596
ADAM,2025-08-11,6.599999904632568
ADAM,2025-08-12,6.789999961853027
ADAM,2025-08-13,6.920000076293945
ADAM,2025-08-14,6.829999923706055
ADAM,2025-08-15,6.840000152587891
ADAM,2025-08-18,6.820000171661377
ADAM,2025-08-19,6.920000076293945
ADAM,2025-08-20,7.039999961853027
ADAM,2025-08-21,6.900000095367432
ADAM,2025-08-22,7.139999866485596
ADAM,2025-08-25,7.099999904632568
ADAM,2025-08-26,7.159999847412109
ADAM,2025-08-27,7.099999904632568
ADAM,2025-08-28,7.059999942779541
ADAM,2025-08-29,7.21999979019165
ADAM,2025-09-02,7.110000133514404
ADAM,2025-09-03,7.360000133514404
ADAM,2025-09-04,7.369999885559082
ADAM,2025-09-05,7.409999847412109
ADAM,2025-09-08,7.300000190734863
ADAM,2025-09-09,7.289999961853027
ADAM,2025-09-10,7.230000019073486
ADAM,2025-09-11,7.239999771118164
ADAM,2025-09-12,7.130000114440918
ADAM,2025-09-15,7.380000114440918
ADAM,2025-09-16,7.239999771118164
ADAM,2025-09-17,7.320000171661377
ADAM,2025-09-18,7.400000095367432
ADAM,2025-09-19,7.389999866485596
ADAM,2025-09-22,7.239999771118164
ADAM,2025-09-23,7.309999942779541
ADAM,2025-09-24,7.300000190734863
ADAM,2025-09-25,7.070000171661377
ADAM,2025-09-26,7.019999980926514
ADAM,2025-09-29,6.849999904632568
ADAM,2025-09-30,6.96999979019165
ADAM,2025-10-01,6.96999979019165
ADAM,2025-10-02,6.920000076293945
ADAM,2025-10-03,6.980000019073486
ADAM,2025-10-06,6.800000190734863
ADAM,2025-10-07,6.789999961853027
ADAM,2025-10-08,6.900000095367432
ADAM,2025-10-09,6.829999923706055
ADAM,2025-10-10,6.800000190734863
ADAM,2025-10-13,6.940000057220459
ADAM,2025-10-14,7.0
ADAM,2025-10-15,7.019999980926514
ADAM,2025-10-16,6.78000020980835
ADAM,2025-10-17,6.880000114440918
ADAM,2025-10-20,6.929999828338623
ADAM,2025-10-21,6.880000114440918
ADAM,2025-10-22,6.989999771118164
ADAM,2025-10-23,6.909999847412109
ADAM,2025-10-24,6.940000057220459
ADAM,2025-10-27,6.929999828338623
ADAM,2025-10-28,6.849999904632568
ADAM,2025-10-29,6.900000095367432
ADAM,2025-10-30,6.579999923706055
ADAM,2025-10-31,6.670000076293945
ADAM,2025-11-03,6.699999809265137
ADAM,2025-11-04,6.800000190734863
ADAM,2025-11-05,6.900000095367432
ADAM,2025-11-06,6.889999866485596
ADAM,2025-11-07,7.0
ADAM,2025-11-10,7.03000020980835
ADAM,2025-11-11,7.190000057220459
ADAM,2025-11-12,7.090000152587891
ADAM,2025-11-13,7.070000171661377
ADAM,2025-11-14,7.150000095367432
ADAM,2025-11-17,7.03000020980835
ADAM,2025-11-18,6.96999979019165
ADAM,2025-11-19,6.909999847412109
ADAM,2025-11-20,6.949999809265137
ADAM,2025-11-21,7.159999847412109
ADAM,2025-11-24,7.210000038146973
ADAM,2025-11-25,7.550000190734863
ADAM,2025-11-26,7.659999847412109
ADAM,2025-11-28,7.619999885559082
ADAM,2025-12-01,7.599999904632568
ADAM,2025-12-02,7.53000020980835
ADAM,2025-12-03,7.610000133514404
ADAM,2025-12-04,7.46999979019165
ADAM,2025-12-05,7.460000038146973
ADAM,2025-12-08,7.110000133514404
ADAM,2025-12-09,7.059999942779541
ADAM,2025-12-10,7.199999809265137
ADAM,2025-12-11,7.119999885559082
ADAM,2025-12-12,7.190000057220459
ADAM,2025-12-15,7.369999885559082
ADAM,2025-12-16,7.300000190734863
ADAM,2025-12-17,7.460000038146973
ADAM,2025-12-18,7.489999771118164
ADAM,2025-12-19,7.46999979019165
ADAM,2025-12-22,7.190000057220459
ADAM,2025-12-23,7.170000076293945
ADAM,2025-12-24,7.289999961853027
ADAM,2025-12-26,7.289999961853027
ADAM,2025-12-29,7.300000190734863
ADAM,2025-12-30,7.269999980926514
ADAM,2025-12-31,7.300000190734863
ADAM,2026-01-02,7.440000057220459
ADAM,2026-01-05,7.360000133514404
ADAM,2026-01-06,7.380000114440918
ADAM,2026-01-07,7.46999979019165
ADAM,2026-01-08,7.619999885559082
ADAM,2026-01-09,7.760000228881836
ADAM,2026-01-12,7.840000152587891
ADAM,2026-01-13,7.860000133514404
ADAM,2026-01-14,8.140000343322754
ADAM,2026-01-15,8.449999809265137
ADAM,2026-01-16,8.729999542236328
ADAM,2026-01-20,8.319999694824219
ADAM,2026-01-21,8.449999809265137
ADAM,2026-01-22,8.329999923706055
ADAM,2026-01-23,8.289999961853027
ADAM,2026-01-26,8.220000267028809
ADAM,2026-01-27,8.40999984741211
ADAM,2026-01-28,8.4399995803833
ADAM,2026-01-29,8.420000076293945
ADAM,2026-01-30,8.0
ADAM,2026-02-02,7.960000038146973
ADAM,2026-02-03,8.0
ADAM,2026-02-04,8.050000190734863
ADAM,2026-02-05,7.940000057220459
ADAM,2026-02-06,8.050000190734863
ADAM,2026-02-09,7.869999885559082
ADAM,2026-02-10,7.949999809265137
ADAM,2026-02-11,7.980000019073486
ADAM,2026-02-12,8.0600004196167
ADAM,2026-02-13,8.15999984741211
ADAM,2026-02-17,8.109999656677246
ADAM,2026-02-18,8.039999961853027
ADAM,2026-02-19,8.289999961853027
ADAM,2026-02-20,8.140000343322754
ADAM,2026-02-23,7.920000076293945
ADAM,2026-02-24,8.020000457763672
ADAM,2026-02-25,8.149999618530273
ADAM,2026-02-26,8.289999961853027
ADAM,2026-02-27,8.239999771118164
ADAM,2026-03-02,8.329999923706055
ADAM,2026-03-03,8.260000228881836
ADAM,2026-03-04,8.270000457763672
ADAM,2026-03-05,8.1899995803833
ADAM,2026-03-06,7.989999771118164
ADAM,2026-03-09,8.0600004196167
ADAM,2026-03-10,8.15999984741211
ADAM,2026-03-11,8.029999732971191
ADAM,2026-03-12,7.909999847412109
ADAM,2026-03-13,7.869999885559082
ADAM,2026-03-16,7.860000133514404
ADAM,2026-03-17,7.980000019073486
ADAM,2026-03-18,7.889999866485596
ADAM,2026-03-19,7.900000095367432
ADAM,2026-03-20,7.349999904632568
ADAM,2026-03-23,7.480000019073486
ADAM,2026-03-24,7.389999866485596
ADAM,2026-03-25,7.53000020980835
ADAM,2026-03-26,7.400000095367432
ADAM,2026-03-27,7.239999771118164
ADAM,2026-03-30,7.170000076293945
ADAM,2026-03-31,7.360000133514404
ADAM,2026-04-01,7.349999904632568
ADAM,2026-04-02,7.389999866485596
ADAM,2026-04-06,7.440000057220459
ADAM,2026-04-07,7.429999828338623
ADAM,2026-04-08,7.619999885559082
ADAM,2026-04-09,7.690000057220459
ADAM,2026-04-10,7.590000152587891
ADAM,2026-04-13,7.650000095367432
ADAM,2026-04-14,7.71999979019165
ADAM,2026-04-15,7.760000228881836
ADAM,2026-04-16,7.619999885559082
ADAM,2026-04-17,7.880000114440918
ADAM,2026-04-20,7.949999809265137
ADAM,2026-04-21,7.829999923706055
ADAM,2026-04-22,7.920000076293945
ADAM,2026-04-23,7.829999923706055
ADAM,2026-04-24,7.949999809265137
ADAM,2026-04-27,8.0600004196167
ADAM,2026-04-28,8.130000114440918
ADAM,2026-04-29,7.75
ADAM,2026-04-30,8.979999542236328
ADAM,2026-05-01,8.890000343322754
ADAM,2026-05-04,8.699999809265137
ADAM,2026-05-05,8.609999656677246
ADAM,2026-05-06,8.829999923706055
ADAM,2026-05-07,8.720000267028809
ADAM,2026-05-08,8.829999923706055
ADAM,2026-05-11,8.65999984741211
ADAM,2026-05-12,8.869999885559082
ADAM,2026-05-13,8.9399995803833
ADAM,2026-05-14,8.920000076293945
ADAM,2026-05-15,8.720000267028809
ADAM,2026-05-18,8.789999961853027
ADAM,2026-05-19,8.720000267028809
ADAM,2026-05-20,8.890000343322754
ADAM,2026-05-21,8.880000114440918
ADAM,2026-05-22,8.899999618530273
ADAM,2026-05-26,9.130000114440918
ADAM,2026-05-27,9.170000076293945
ADAM,2026-05-28,9.1899995803833
ADAM,2026-05-29,9.199999809265137
ADAM,2026-06-01,9.010000228881836
ADAM,2026-06-02,9.050000190734863
ADAM,2026-06-03,8.789999961853027
ADAM,2026-06-04,9.100000381469727
ADAM,2026-06-05,8.979999542236328
ADAM,2026-06-08,8.90999984741211
ADAM,2026-06-09,9.050000190734863
ADAM,2026-06-10,8.989999771118164
ADAM,2026-06-11,9.109999656677246
ADAM,2026-06-12,9.3100004196167
ADAM,2026-06-15,9.279999732971191
ADAM,2026-06-16,9.359999656677246
ADAM,2026-06-17,9.029999732971191
ADAM,2026-06-18,9.130000114440918
ADAM,2026-06-22,8.9399995803833
ADAM,2026-06-23,9.069999694824219
ADAM,2026-06-24,9.319999694824219
ADAM,2026-06-25,9.329999923706055
ADAM,2026-06-26,9.510000228881836
ADAM,2026-06-29,9.4399995803833
ADAM,2026-06-30,9.380000114440918
ADAM,2026-07-01,9.279999732971191
ADAM,2026-07-02,9.140000343322754
ADAM,2026-07-06,9.170000076293945
ADAM,2026-07-07,9.119999885559082
ADAM,2026-07-08,8.979999542236328
ADAM,2026-07-09,9.180000305175781
ADAM,2026-07-10,9.1899995803833
ADAM,2026-07-13,9.0600004196167
ADAM,2026-07-14,9.149999618530273
ADAM,2026-07-15,9.25
ADAM,2026-07-16,9.220000267028809
ADAM,2026-07-17,8.979999542236328
ADAM,2026-07-20,8.829999923706055
ADAM,2026-07-23,8.59000015258789
ADAM,2026-07-24,8.649999618530273
ADAM,2026-07-27,8.710000038146973
ADAM,2026-07-28,8.710000038146973
ADAM,2026-07-29,8.649999618530273
ADAM,2026-07-30,8.9399995803833
ADAM,2026-08-03,9.4399995803833
ADAM,2026-08-04,9.510000228881836
ADAM,2026-08-05,9.4399995803833
ADAM,2026-08-06,9.520000457763672
ADAM,2026-08-07,9.819999694824219
ADAM,2026-08-10,9.789999961853027
ADAM,2026-08-11,10.229999542236328
ADAM,2026-08-12,10.15999984741211
ADAM,2026-08-13,10.09000015258789
ADAM,2026-08-14,10.119999885559082
ADAM,2026-08-17,10.119999885559082
ADAM,2026-08-18,10.079999923706055
ADAM,2026-08-19,10.180000305175781
AGNC,2021-01-04,15.390000343322754
AGNC,2021-01-05,15.3100004196167
AGNC,2021-01-06,15.369999885559082
AGNC,2021-01-07,15.430000305175781
AGNC,2021-01-08,15.539999961853027
AGNC,2021-01-11,15.380000114440918
AGNC,2021-01-12,15.5600004196167
AGNC,2021-01-13,15.520000457763672
AGNC,2021-01-14,15.619999885559082
AGNC,2021-01-15,15.649999618530273
AGNC,2021-01-19,15.789999961853027
AGNC,2021-01-20,15.899999618530273
AGNC,2021-01-21,16.09000015258789
AGNC,2021-01-22,16.139999389648438
AGNC,2021-01-25,16.25
AGNC,2021-01-26,16.15999984741211
AGNC,2021-01-27,15.789999961853027
AGNC,2021-01-28,15.819999694824219
AGNC,2021-01-29,15.600000381469727
AGNC,2021-02-01,15.890000343322754
AGNC,2021-02-02,16.079999923706055
AGNC,2021-02-03,16.100000381469727
AGNC,2021-02-04,16.170000076293945
AGNC,2021-02-05,16.299999237060547
AGNC,2021-02-08,16.280000686645508
AGNC,2021-02-09,16.290000915527344
AGNC,2021-02-10,16.3799991607666
AGNC,2021-02-11,16.3700008392334
AGNC,2021-02-12,16.350000381469727
AGNC,2021-02-16,16.43000030517578
AGNC,2021-02-17,16.309999465942383
AGNC,2021-02-18,16.100000381469727
AGNC,2021-02-19,16.459999084472656
AGNC,2021-02-22,16.510000228881836
AGNC,2021-02-23,16.329999923706055
AGNC,2021-02-24,16.579999923706055
AGNC,2021-02-25,15.989999771118164
AGNC,2021-02-26,16.030000686645508
AGNC,2021-03-01,15.960000038146973
AGNC,2021-03-02,16.139999389648438
AGNC,2021-03-03,15.989999771118164
AGNC,2021-03-04,15.920000076293945
AGNC,2021-03-05,15.899999618530273
AGNC,2021-03-08,16.329999923706055
AGNC,2021-03-09,16.350000381469727
AGNC,2021-03-10,16.399999618530273
AGNC,2021-03-11,16.309999465942383
AGNC,2021-03-12,16.469999313354492
AGNC,2021-03-15,16.520000457763672
AGNC,2021-03-16,16.479999542236328
AGNC,2021-03-17,16.68000030517578
AGNC,2021-03-18,16.5
AGNC,2021-03-19,16.59000015258789
AGNC,2021-03-22,16.670000076293945
AGNC,2021-03-23,16.559999465942383
AGNC,2021-03-24,16.549999237060547
AGNC,2021-03-25,16.790000915527344
AGNC,2021-03-26,17.020000457763672
AGNC,2021-03-29,16.760000228881836
AGNC,2021-03-30,16.889999389648438
AGNC,2021-03-31,16.760000228881836
AGNC,2021-04-01,17.020000457763672
AGNC,2021-04-05,17.0
AGNC,2021-04-06,17.010000228881836
AGNC,2021-04-07,17.110000610351562
AGNC,2021-04-08,17.15999984741211
AGNC,2021-04-09,17.059999465942383
AGNC,2021-04-12,17.170000076293945
AGNC,2021-04-13,17.219999313354492
AGNC,2021-04-14,17.360000610351562
AGNC,2021-04-15,17.329999923706055
AGNC,2021-04-16,17.479999542236328
AGNC,2021-04-19,17.34000015258789
AGNC,2021-04-20,17.31999969482422
AGNC,2021-04-21,17.440000534057617
AGNC,2021-04-22,17.389999389648438
AGNC,2021-04-23,17.469999313354492
AGNC,2021-04-26,17.360000610351562
AGNC,2021-04-27,17.75
AGNC,2021-04-28,17.959999084472656
AGNC,2021-04-29,17.950000762939453
AGNC,2021-04-30,17.93000030517578
AGNC,2021-05-03,17.989999771118164
AGNC,2021-05-04,17.889999389648438
AGNC,2021-05-05,18.1299991607666
AGNC,2021-05-06,18.209999084472656
AGNC,2021-05-07,18.31999969482422
AGNC,2021-05-10,18.280000686645508
AGNC,2021-05-11,18.079999923706055
AGNC,2021-05-12,17.420000076293945
AGNC,2021-05-13,17.84000015258789
AGNC,2021-05-14,18.18000030517578
AGNC,2021-05-17,18.209999084472656
AGNC,2021-05-18,18.3700008392334
AGNC,2021-05-19,18.43000030517578
AGNC,2021-05-20,18.43000030517578
AGNC,2021-05-21,18.5
AGNC,2021-05-24,18.579999923706055
AGNC,2021-05-25,18.530000686645508
AGNC,2021-05-26,18.579999923706055
AGNC,2021-05-27,18.510000228881836
AGNC,2021-05-28,18.540000915527344
AGNC,2021-06-01,18.6299991607666
AGNC,2021-06-02,18.65999984741211
AGNC,2021-06-03,18.600000381469727
AGNC,2021-06-04,18.649999618530273
AGNC,2021-06-07,18.68000030517578
AGNC,2021-06-08,18.700000762939453
AGNC,2021-06-09,18.65999984741211
AGNC,2021-06-10,18.6200008392334
AGNC,2021-06-11,17.709999084472656
AGNC,2021-06-14,17.6299991607666
AGNC,2021-06-15,17.3700008392334
AGNC,2021-06-16,17.459999084472656
AGNC,2021-06-17,16.989999771118164
AGNC,2021-06-18,16.700000762939453
AGNC,2021-06-21,17.06999969482422
AGNC,2021-06-22,17.0
AGNC,2021-06-23,17.06999969482422
AGNC,2021-06-24,17.149999618530273
AGNC,2021-06-25,17.219999313354492
AGNC,2021-06-28,17.200000762939453
AGNC,2021-06-29,16.799999237060547
AGNC,2021-06-30,16.889999389648438
AGNC,2021-07-01,17.010000228881836
AGNC,2021-07-02,16.940000534057617
AGNC,2021-07-06,16.860000610351562
AGNC,2021-07-07,16.65999984741211
AGNC,2021-07-08,16.530000686645508
AGNC,2021-07-09,16.889999389648438
AGNC,2021-07-12,16.8700008392334
AGNC,2021-07-13,16.360000610351562
AGNC,2021-07-14,16.1200008392334
AGNC,2021-07-15,16.15999984741211
AGNC,2021-07-16,16.1299991607666
AGNC,2021-07-19,15.84000015258789
AGNC,2021-07-20,16.25
AGNC,2021-07-21,16.43000030517578
AGNC,2021-07-22,16.200000762939453
AGNC,2021-07-23,16.1200008392334
AGNC,2021-07-26,16.18000030517578
AGNC,2021-07-27,16.18000030517578
AGNC,2021-07-28,16.1299991607666
AGNC,2021-07-29,16.18000030517578
AGNC,2021-07-30,15.869999885559082
AGNC,2021-08-02,15.899999618530273
AGNC,2021-08-03,15.819999694824219
AGNC,2021-08-04,15.739999771118164
AGNC,2021-08-05,15.890000343322754
AGNC,2021-08-06,16.010000228881836
AGNC,2021-08-09,16.030000686645508
AGNC,2021-08-10,16.1200008392334
AGNC,2021-08-11,16.270000457763672
AGNC,2021-08-12,16.350000381469727
AGNC,2021-08-13,16.34000015258789
AGNC,2021-08-16,16.270000457763672
AGNC,2021-08-17,16.290000915527344
AGNC,2021-08-18,16.209999084472656
AGNC,2021-08-19,15.899999618530273
AGNC,2021-08-20,16.09000015258789
AGNC,2021-08-23,16.280000686645508
AGNC,2021-08-24,16.420000076293945
AGNC,2021-08-25,16.440000534057617
AGNC,2021-08-26,16.290000915527344
AGNC,2021-08-27,16.530000686645508
AGNC,2021-08-30,16.229999542236328
AGNC,2021-08-31,16.309999465942383
AGNC,2021-09-01,16.31999969482422
AGNC,2021-09-02,16.219999313354492
AGNC,2021-09-03,16.18000030517578
AGNC,2021-09-07,15.979999542236328
AGNC,2021-09-08,15.869999885559082
AGNC,2021-09-09,16.020000457763672
AGNC,2021-09-10,16.010000228881836
AGNC,2021-09-13,16.079999923706055
AGNC,2021-09-14,15.930000305175781
AGNC,2021-09-15,15.960000038146973
AGNC,2021-09-16,15.960000038146973
AGNC,2021-09-17,15.979999542236328
AGNC,2021-09-20,15.90999984741211
AGNC,2021-09-21,16.020000457763672
AGNC,2021-09-22,16.209999084472656
AGNC,2021-09-23,16.219999313354492
AGNC,2021-09-24,16.15999984741211
AGNC,2021-09-27,16.239999771118164
AGNC,2021-09-28,16.1299991607666
AGNC,2021-09-29,15.970000267028809
AGNC,2021-09-30,15.770000457763672
AGNC,2021-10-01,15.899999618530273
AGNC,2021-10-04,16.06999969482422
AGNC,2021-10-05,16.049999237060547
AGNC,2021-10-06,15.949999809265137
AGNC,2021-10-07,16.020000457763672
AGNC,2021-10-08,16.1200008392334
AGNC,2021-10-11,16.170000076293945
AGNC,2021-10-12,16.200000762939453
AGNC,2021-10-13,16.139999389648438
AGNC,2021-10-14,16.190000534057617
AGNC,2021-10-15,16.219999313354492
AGNC,2021-10-18,16.34000015258789
AGNC,2021-10-19,16.5
AGNC,2021-10-20,16.59000015258789
AGNC,2021-10-21,16.600000381469727
AGNC,2021-10-22,16.549999237060547
AGNC,2021-10-25,16.540000915527344
AGNC,2021-10-26,16.510000228881836
AGNC,2021-10-27,16.3700008392334
AGNC,2021-10-28,15.800000190734863
AGNC,2021-10-29,15.920000076293945
AGNC,2021-11-01,16.18000030517578
AGNC,2021-11-02,15.930000305175781
AGNC,2021-11-03,15.989999771118164
AGNC,2021-11-04,16.010000228881836
AGNC,2021-11-05,16.219999313354492
AGNC,2021-11-08,16.1200008392334
AGNC,2021-11-09,16.06999969482422
AGNC,2021-11-10,16.020000457763672
AGNC,2021-11-11,16.0
AGNC,2021-11-12,16.040000915527344
AGNC,2021-11-15,16.020000457763672
AGNC,2021-11-16,16.040000915527344
AGNC,2021-11-17,15.9399995803833
AGNC,2021-11-18,15.949999809265137
AGNC,2021-11-19,15.979999542236328
AGNC,2021-11-22,16.040000915527344
AGNC,2021-11-23,16.020000457763672
AGNC,2021-11-24,16.030000686645508
AGNC,2021-11-26,15.90999984741211
AGNC,2021-11-29,15.829999923706055
AGNC,2021-11-30,15.289999961853027
AGNC,2021-12-01,15.100000381469727
AGNC,2021-12-02,15.460000038146973
AGNC,2021-12-03,15.329999923706055
AGNC,2021-12-06,15.649999618530273
AGNC,2021-12-07,15.850000381469727
AGNC,2021-12-08,15.890000343322754
AGNC,2021-12-09,15.850000381469727
AGNC,2021-12-10,15.609999656677246
AGNC,2021-12-13,15.34000015258789
AGNC,2021-12-14,15.1899995803833
AGNC,2021-12-15,15.170000076293945
AGNC,2021-12-16,15.119999885559082
AGNC,2021-12-17,14.989999771118164
AGNC,2021-12-20,14.760000228881836
AGNC,2021-12-21,15.15999984741211
AGNC,2021-12-22,15.239999771118164
AGNC,2021-12-23,15.390000343322754
AGNC,2021-12-27,15.470000267028809
AGNC,2021-12-28,15.489999771118164
AGNC,2021-12-29,15.390000343322754
AGNC,2021-12-30,15.210000038146973
AGNC,2021-12-31,15.039999961853027
AGNC,2022-01-03,15.449999809265137
AGNC,2022-01-04,15.5600004196167
AGNC,2022-01-05,15.15999984741211
AGNC,2022-01-06,15.199999809265137
AGNC,2022-01-07,15.300000190734863
AGNC,2022-01-10,15.34000015258789
AGNC,2022-01-11,15.5600004196167
AGNC,2022-01-12,15.5600004196167
AGNC,2022-01-13,15.40999984741211
AGNC,2022-01-14,15.3100004196167
AGNC,2022-01-18,15.170000076293945
AGNC,2022-01-19,15.0600004196167
AGNC,2022-01-20,14.949999809265137
AGNC,2022-01-21,14.729999542236328
AGNC,2022-01-24,14.729999542236328
AGNC,2022-01-25,15.0
AGNC,2022-01-26,14.880000114440918
AGNC,2022-01-27,14.8100004196167
AGNC,2022-01-28,14.760000228881836
AGNC,2022-01-31,14.890000343322754
AGNC,2022-02-01,14.680000305175781
AGNC,2022-02-02,14.470000267028809
AGNC,2022-02-03,14.210000038146973
AGNC,2022-02-04,14.239999771118164
AGNC,2022-02-07,14.319999694824219
AGNC,2022-02-08,14.420000076293945
AGNC,2022-02-09,14.430000305175781
AGNC,2022-02-10,14.260000228881836
AGNC,2022-02-11,14.050000190734863
AGNC,2022-02-14,13.710000038146973
AGNC,2022-02-15,13.850000381469727
AGNC,2022-02-16,13.84000015258789
AGNC,2022-02-17,13.510000228881836
AGNC,2022-02-18,13.4399995803833
AGNC,2022-02-22,13.100000381469727
AGNC,2022-02-23,12.75
AGNC,2022-02-24,12.930000305175781
AGNC,2022-02-25,13.020000457763672
AGNC,2022-02-28,12.90999984741211
AGNC,2022-03-01,12.989999771118164
AGNC,2022-03-02,13.1899995803833
AGNC,2022-03-03,13.130000114440918
AGNC,2022-03-04,13.0600004196167
AGNC,2022-03-07,12.989999771118164
AGNC,2022-03-08,13.260000228881836
AGNC,2022-03-09,13.329999923706055
AGNC,2022-03-10,13.25
AGNC,2022-03-11,12.979999542236328
AGNC,2022-03-14,12.770000457763672
AGNC,2022-03-15,12.899999618530273
AGNC,2022-03-16,12.960000038146973
AGNC,2022-03-17,13.039999961853027
AGNC,2022-03-18,13.210000038146973
AGNC,2022-03-21,13.010000228881836
AGNC,2022-03-22,13.1899995803833
AGNC,2022-03-23,13.069999694824219
AGNC,2022-03-24,13.050000190734863
AGNC,2022-03-25,13.270000457763672
AGNC,2022-03-28,13.380000114440918
AGNC,2022-03-29,13.5600004196167
AGNC,2022-03-30,13.239999771118164
AGNC,2022-03-31,13.100000381469727
AGNC,2022-04-01,13.170000076293945
AGNC,2022-04-04,13.09000015258789
AGNC,2022-04-05,12.84000015258789
AGNC,2022-04-06,12.579999923706055
AGNC,2022-04-07,12.539999961853027
AGNC,2022-04-08,12.600000381469727
AGNC,2022-04-11,12.489999771118164
AGNC,2022-04-12,12.529999732971191
AGNC,2022-04-13,12.539999961853027
AGNC,2022-04-14,12.479999542236328
AGNC,2022-04-18,12.279999732971191
AGNC,2022-04-19,11.859999656677246
AGNC,2022-04-20,11.989999771118164
AGNC,2022-04-21,11.869999885559082
AGNC,2022-04-22,11.59000015258789
AGNC,2022-04-25,11.670000076293945
AGNC,2022-04-26,11.069999694824219
AGNC,2022-04-27,11.09000015258789
AGNC,2022-04-28,11.470000267028809
AGNC,2022-04-29,10.979999542236328
AGNC,2022-05-02,11.199999809265137
AGNC,2022-05-03,11.989999771118164
AGNC,2022-05-04,12.119999885559082
AGNC,2022-05-05,12.140000343322754
AGNC,2022-05-06,12.40999984741211
AGNC,2022-05-09,12.260000228881836
AGNC,2022-05-10,12.229999542236328
AGNC,2022-05-11,12.140000343322754
AGNC,2022-05-12,12.109999656677246
AGNC,2022-05-13,12.390000343322754
AGNC,2022-05-16,12.289999961853027
AGNC,2022-05-17,12.109999656677246
AGNC,2022-05-18,11.890000343322754
AGNC,2022-05-19,11.720000267028809
AGNC,2022-05-20,11.760000228881836
AGNC,2022-05-23,12.0
AGNC,2022-05-24,11.920000076293945
AGNC,2022-05-25,11.880000114440918
AGNC,2022-05-26,12.109999656677246
AGNC,2022-05-27,12.210000038146973
AGNC,2022-05-31,12.229999542236328
AGNC,2022-06-01,12.170000076293945
AGNC,2022-06-02,12.1899995803833
AGNC,2022-06-03,12.0600004196167
AGNC,2022-06-06,12.039999961853027
AGNC,2022-06-07,12.15999984741211
AGNC,2022-06-08,11.989999771118164
AGNC,2022-06-09,12.1899995803833
AGNC,2022-06-10,11.949999809265137
AGNC,2022-06-13,11.020000457763672
AGNC,2022-06-14,10.75
AGNC,2022-06-15,10.670000076293945
AGNC,2022-06-16,10.029999732971191
AGNC,2022-06-17,10.40999984741211
AGNC,2022-06-21,10.720000267028809
AGNC,2022-06-22,10.84000015258789
AGNC,2022-06-23,11.170000076293945
AGNC,2022-06-24,11.600000381469727
AGNC,2022-06-27,11.569999694824219
AGNC,2022-06-28,11.399999618530273
AGNC,2022-06-29,11.149999618530273
AGNC,2022-06-30,11.069999694824219
AGNC,2022-07-01,11.479999542236328
AGNC,2022-07-05,11.609999656677246
AGNC,2022-07-06,11.359999656677246
AGNC,2022-07-07,11.489999771118164
AGNC,2022-07-08,11.420000076293945
AGNC,2022-07-11,11.34000015258789
AGNC,2022-07-12,11.420000076293945
AGNC,2022-07-13,11.600000381469727
AGNC,2022-07-14,11.430000305175781
AGNC,2022-07-15,11.6899995803833
AGNC,2022-07-18,11.609999656677246
AGNC,2022-07-19,12.0
AGNC,2022-07-20,12.119999885559082
AGNC,2022-07-21,12.220000267028809
AGNC,2022-07-22,12.149999618530273
AGNC,2022-07-25,12.270000457763672
AGNC,2022-07-26,12.119999885559082
AGNC,2022-07-27,12.399999618530273
AGNC,2022-07-28,12.569999694824219
AGNC,2022-07-29,12.609999656677246
AGNC,2022-08-01,12.670000076293945
AGNC,2022-08-02,12.300000190734863
AGNC,2022-08-03,12.380000114440918
AGNC,2022-08-04,12.3100004196167
AGNC,2022-08-05,12.25
AGNC,2022-08-08,12.40999984741211
AGNC,2022-08-09,12.4399995803833
AGNC,2022-08-10,12.539999961853027
AGNC,2022-08-11,12.680000305175781
AGNC,2022-08-12,12.779999732971191
AGNC,2022-08-15,12.789999961853027
AGNC,2022-08-16,12.800000190734863
AGNC,2022-08-17,12.720000267028809
AGNC,2022-08-18,12.680000305175781
AGNC,2022-08-19,12.510000228881836
AGNC,2022-08-22,12.220000267028809
AGNC,2022-08-23,12.319999694824219
AGNC,2022-08-24,12.399999618530273
AGNC,2022-08-25,12.529999732971191
AGNC,2022-08-26,12.369999885559082
AGNC,2022-08-29,12.3100004196167
AGNC,2022-08-30,11.9399995803833
AGNC,2022-08-31,11.949999809265137
AGNC,2022-09-01,11.829999923706055
AGNC,2022-09-02,11.770000457763672
AGNC,2022-09-06,11.75
AGNC,2022-09-07,11.920000076293945
AGNC,2022-09-08,12.020000457763672
AGNC,2022-09-09,11.90999984741211
AGNC,2022-09-12,11.850000381469727
AGNC,2022-09-13,11.550000190734863
AGNC,2022-09-14,11.550000190734863
AGNC,2022-09-15,11.1899995803833
AGNC,2022-09-16,11.239999771118164
AGNC,2022-09-19,11.270000457763672
AGNC,2022-09-20,11.1899995803833
AGNC,2022-09-21,11.029999732971191
AGNC,2022-09-22,10.770000457763672
AGNC,2022-09-23,10.420000076293945
AGNC,2022-09-26,9.619999885559082
AGNC,2022-09-27,9.079999923706055
AGNC,2022-09-28,9.220000267028809
AGNC,2022-09-29,8.680000305175781
AGNC,2022-09-30,8.420000076293945
AGNC,2022-10-03,8.520000457763672
AGNC,2022-10-04,9.109999656677246
AGNC,2022-10-05,8.5
AGNC,2022-10-06,8.199999809265137
AGNC,2022-10-07,7.869999885559082
AGNC,2022-10-10,7.369999885559082
AGNC,2022-10-11,8.170000076293945
AGNC,2022-10-12,8.0
AGNC,2022-10-13,8.039999961853027
AGNC,2022-10-14,7.889999866485596
AGNC,2022-10-17,7.960000038146973
AGNC,2022-10-18,8.09000015258789
AGNC,2022-10-19,7.909999847412109
AGNC,2022-10-20,7.829999923706055
AGNC,2022-10-21,7.739999771118164
AGNC,2022-10-24,7.619999885559082
AGNC,2022-10-25,7.909999847412109
AGNC,2022-10-26,7.920000076293945
AGNC,2022-10-27,7.889999866485596
AGNC,2022-10-28,8.180000305175781
AGNC,2022-10-31,8.220000267028809
AGNC,2022-11-01,8.220000267028809
AGNC,2022-11-02,8.15999984741211
AGNC,2022-11-03,8.050000190734863
AGNC,2022-11-04,8.350000381469727
AGNC,2022-11-07,8.4399995803833
AGNC,2022-11-08,8.5600004196167
AGNC,2022-11-09,8.619999885559082
AGNC,2022-11-10,9.449999809265137
AGNC,2022-11-11,9.630000114440918
AGNC,2022-11-14,9.359999656677246
AGNC,2022-11-15,9.59000015258789
AGNC,2022-11-16,9.460000038146973
AGNC,2022-11-17,9.220000267028809
AGNC,2022-11-18,9.130000114440918
AGNC,2022-11-21,9.399999618530273
AGNC,2022-11-22,9.5
AGNC,2022-11-23,9.850000381469727
AGNC,2022-11-25,10.020000457763672
AGNC,2022-11-28,9.760000228881836
AGNC,2022-11-29,9.710000038146973
AGNC,2022-11-30,9.989999771118164
AGNC,2022-12-01,10.069999694824219
AGNC,2022-12-02,10.010000228881836
AGNC,2022-12-05,9.819999694824219
AGNC,2022-12-06,9.6899995803833
AGNC,2022-12-07,9.829999923706055
AGNC,2022-12-08,9.920000076293945
AGNC,2022-12-09,9.899999618530273
AGNC,2022-12-12,9.90999984741211
AGNC,2022-12-13,10.170000076293945
AGNC,2022-12-14,10.140000343322754
AGNC,2022-12-15,10.239999771118164
AGNC,2022-12-16,10.140000343322754
AGNC,2022-12-19,10.180000305175781
AGNC,2022-12-20,10.329999923706055
AGNC,2022-12-21,10.579999923706055
AGNC,2022-12-22,10.649999618530273
AGNC,2022-12-23,10.710000038146973
AGNC,2022-12-27,10.6899995803833
AGNC,2022-12-28,10.40999984741211
AGNC,2022-12-29,10.479999542236328
AGNC,2022-12-30,10.350000381469727
AGNC,2023-01-03,10.460000038146973
AGNC,2023-01-04,10.630000114440918
AGNC,2023-01-05,10.619999885559082
AGNC,2023-01-06,10.850000381469727
AGNC,2023-01-09,10.869999885559082
AGNC,2023-01-10,10.979999542236328
AGNC,2023-01-11,11.140000343322754
AGNC,2023-01-12,11.279999732971191
AGNC,2023-01-13,11.300000190734863
AGNC,2023-01-17,11.210000038146973
AGNC,2023-01-18,11.359999656677246
AGNC,2023-01-19,11.369999885559082
AGNC,2023-01-20,11.529999732971191
AGNC,2023-01-23,11.579999923706055
AGNC,2023-01-24,11.5
AGNC,2023-01-25,11.380000114440918
AGNC,2023-01-26,11.5
AGNC,2023-01-27,11.680000305175781
AGNC,2023-01-30,11.279999732971191
AGNC,2023-01-31,11.600000381469727
AGNC,2023-02-01,11.949999809265137
AGNC,2023-02-02,12.140000343322754
AGNC,2023-02-03,11.960000038146973
AGNC,2023-02-06,11.510000228881836
AGNC,2023-02-07,11.739999771118164
AGNC,2023-02-08,11.729999542236328
AGNC,2023-02-09,11.460000038146973
AGNC,2023-02-10,11.350000381469727
AGNC,2023-02-13,11.4399995803833
AGNC,2023-02-14,11.40999984741211
AGNC,2023-02-15,11.479999542236328
AGNC,2023-02-16,11.470000267028809
AGNC,2023-02-17,11.390000343322754
AGNC,2023-02-21,11.119999885559082
AGNC,2023-02-22,11.25
AGNC,2023-02-23,11.319999694824219
AGNC,2023-02-24,11.100000381469727
AGNC,2023-02-27,10.890000343322754
AGNC,2023-02-28,10.869999885559082
AGNC,2023-03-01,10.59000015258789
AGNC,2023-03-02,10.550000190734863
AGNC,2023-03-03,10.710000038146973
AGNC,2023-03-06,10.720000267028809
AGNC,2023-03-07,10.59000015258789
AGNC,2023-03-08,10.8100004196167
AGNC,2023-03-09,10.449999809265137
AGNC,2023-03-10,9.970000267028809
AGNC,2023-03-13,9.960000038146973
AGNC,2023-03-14,10.260000228881836
AGNC,2023-03-15,9.890000343322754
AGNC,2023-03-16,9.960000038146973
AGNC,2023-03-17,9.739999771118164
AGNC,2023-03-20,9.680000305175781
AGNC,2023-03-21,9.850000381469727
AGNC,2023-03-22,9.760000228881836
AGNC,2023-03-23,9.630000114440918
AGNC,2023-03-24,9.789999961853027
AGNC,2023-03-27,9.890000343322754
AGNC,2023-03-28,9.859999656677246
AGNC,2023-03-29,9.930000305175781
AGNC,2023-03-30,9.90999984741211
AGNC,2023-03-31,10.079999923706055
AGNC,2023-04-03,9.979999542236328
AGNC,2023-04-04,10.149999618530273
AGNC,2023-04-05,10.3100004196167
AGNC,2023-04-06,10.289999961853027
AGNC,2023-04-10,10.020000457763672
AGNC,2023-04-11,10.039999961853027
AGNC,2023-04-12,10.010000228881836
AGNC,2023-04-13,10.0600004196167
AGNC,2023-04-14,9.960000038146973
AGNC,2023-04-17,10.069999694824219
AGNC,2023-04-18,10.0
AGNC,2023-04-19,10.0
AGNC,2023-04-20,9.979999542236328
AGNC,2023-04-21,10.050000190734863
AGNC,2023-04-24,10.050000190734863
AGNC,2023-04-25,9.75
AGNC,2023-04-26,9.779999732971191
AGNC,2023-04-27,9.779999732971191
AGNC,2023-04-28,9.90999984741211
AGNC,2023-05-01,9.569999694824219
AGNC,2023-05-02,9.239999771118164
AGNC,2023-05-03,9.40999984741211
AGNC,2023-05-04,9.25
AGNC,2023-05-05,9.470000267028809
AGNC,2023-05-08,9.5
AGNC,2023-05-09,9.359999656677246
AGNC,2023-05-10,9.34000015258789
AGNC,2023-05-11,9.34000015258789
AGNC,2023-05-12,9.170000076293945
AGNC,2023-05-15,9.119999885559082
AGNC,2023-05-16,9.020000457763672
AGNC,2023-05-17,9.1899995803833
AGNC,2023-05-18,9.279999732971191
AGNC,2023-05-19,9.210000038146973
AGNC,2023-05-22,9.170000076293945
AGNC,2023-05-23,9.010000228881836
AGNC,2023-05-24,8.869999885559082
AGNC,2023-05-25,8.75
AGNC,2023-05-26,9.109999656677246
AGNC,2023-05-30,9.270000457763672
AGNC,2023-05-31,9.1899995803833
AGNC,2023-06-01,9.449999809265137
AGNC,2023-06-02,9.470000267028809
AGNC,2023-06-05,9.489999771118164
AGNC,2023-06-06,9.65999984741211
AGNC,2023-06-07,9.680000305175781
AGNC,2023-06-08,9.729999542236328
AGNC,2023-06-09,9.789999961853027
AGNC,2023-06-12,10.029999732971191
AGNC,2023-06-13,10.140000343322754
AGNC,2023-06-14,10.119999885559082
AGNC,2023-06-15,10.25
AGNC,2023-06-16,10.210000038146973
AGNC,2023-06-20,10.130000114440918
AGNC,2023-06-21,10.180000305175781
AGNC,2023-06-22,10.130000114440918
AGNC,2023-06-23,9.9399995803833
AGNC,2023-06-26,10.15999984741211
AGNC,2023-06-27,10.289999961853027
AGNC,2023-06-28,10.319999694824219
AGNC,2023-06-29,10.149999618530273
AGNC,2023-06-30,10.130000114440918
AGNC,2023-07-03,9.970000267028809
AGNC,2023-07-05,9.789999961853027
AGNC,2023-07-06,9.470000267028809
AGNC,2023-07-07,9.760000228881836
AGNC,2023-07-10,9.970000267028809
AGNC,2023-07-11,9.949999809265137
AGNC,2023-07-12,10.149999618530273
AGNC,2023-07-13,10.25
AGNC,2023-07-14,10.130000114440918
AGNC,2023-07-17,10.210000038146973
AGNC,2023-07-18,10.260000228881836
AGNC,2023-07-19,10.3100004196167
AGNC,2023-07-20,10.140000343322754
AGNC,2023-07-21,10.100000381469727
AGNC,2023-07-24,10.260000228881836
AGNC,2023-07-25,10.399999618530273
AGNC,2023-07-26,10.5
AGNC,2023-07-27,10.220000267028809
AGNC,2023-07-28,10.329999923706055
AGNC,2023-07-31,10.1899995803833
AGNC,2023-08-01,10.109999656677246
AGNC,2023-08-02,10.039999961853027
AGNC,2023-08-03,9.710000038146973
AGNC,2023-08-04,9.90999984741211
AGNC,2023-08-07,9.970000267028809
AGNC,2023-08-08,10.029999732971191
AGNC,2023-08-09,9.989999771118164
AGNC,2023-08-10,9.979999542236328
AGNC,2023-08-11,9.850000381469727
AGNC,2023-08-14,9.680000305175781
AGNC,2023-08-15,9.609999656677246
AGNC,2023-08-16,9.550000190734863
AGNC,2023-08-17,9.449999809265137
AGNC,2023-08-18,9.479999542236328
AGNC,2023-08-21,9.510000228881836
AGNC,2023-08-22,9.460000038146973
AGNC,2023-08-23,9.680000305175781
AGNC,2023-08-24,9.710000038146973
AGNC,2023-08-25,9.760000228881836
AGNC,2023-08-28,9.989999771118164
AGNC,2023-08-29,10.119999885559082
AGNC,2023-08-30,9.850000381469727
AGNC,2023-08-31,9.90999984741211
AGNC,2023-09-01,9.960000038146973
AGNC,2023-09-05,9.760000228881836
AGNC,2023-09-06,9.680000305175781
AGNC,2023-09-07,9.630000114440918
AGNC,2023-09-08,9.6899995803833
AGNC,2023-09-11,9.829999923706055
AGNC,2023-09-12,9.770000457763672
AGNC,2023-09-13,9.930000305175781
AGNC,2023-09-14,10.09000015258789
AGNC,2023-09-15,10.069999694824219
AGNC,2023-09-18,10.170000076293945
AGNC,2023-09-19,10.119999885559082
AGNC,2023-09-20,10.109999656677246
AGNC,2023-09-21,9.779999732971191
AGNC,2023-09-22,9.8100004196167
AGNC,2023-09-25,9.670000076293945
AGNC,2023-09-26,9.449999809265137
AGNC,2023-09-27,9.380000114440918
AGNC,2023-09-28,9.399999618530273
AGNC,2023-09-29,9.4399995803833
AGNC,2023-10-02,9.109999656677246
AGNC,2023-10-03,8.920000076293945
AGNC,2023-10-04,8.789999961853027
AGNC,2023-10-05,9.0
AGNC,2023-10-06,8.930000305175781
AGNC,2023-10-09,9.09000015258789
AGNC,2023-10-10,9.119999885559082
AGNC,2023-10-11,9.180000305175781
AGNC,2023-10-12,8.930000305175781
AGNC,2023-10-13,8.779999732971191
AGNC,2023-10-16,8.90999984741211
AGNC,2023-10-17,8.850000381469727
AGNC,2023-10-18,8.579999923706055
AGNC,2023-10-19,8.260000228881836
AGNC,2023-10-20,8.199999809265137
AGNC,2023-10-23,8.109999656677246
AGNC,2023-10-24,7.539999961853027
AGNC,2023-10-25,6.980000019073486
AGNC,2023-10-26,7.130000114440918
AGNC,2023-10-27,7.0
AGNC,2023-10-30,6.940000057220459
AGNC,2023-10-31,7.380000114440918
AGNC,2023-11-01,7.760000228881836
AGNC,2023-11-02,8.15999984741211
AGNC,2023-11-03,8.350000381469727
AGNC,2023-11-06,8.34000015258789
AGNC,2023-11-07,8.460000038146973
AGNC,2023-11-08,8.510000228881836
AGNC,2023-11-09,8.270000457763672
AGNC,2023-11-10,8.399999618530273
AGNC,2023-11-13,8.4399995803833
AGNC,2023-11-14,8.670000076293945
AGNC,2023-11-15,8.670000076293945
AGNC,2023-11-16,8.680000305175781
AGNC,2023-11-17,8.699999809265137
AGNC,2023-11-20,8.770000457763672
AGNC,2023-11-21,8.819999694824219
AGNC,2023-11-22,8.789999961853027
AGNC,2023-11-24,8.710000038146973
AGNC,2023-11-27,8.720000267028809
AGNC,2023-11-28,8.84000015258789
AGNC,2023-11-29,8.949999809265137
AGNC,2023-11-30,8.819999694824219
AGNC,2023-12-01,9.050000190734863
AGNC,2023-12-04,9.079999923706055
AGNC,2023-12-05,9.0
AGNC,2023-12-06,8.90999984741211
AGNC,2023-12-07,8.960000038146973
AGNC,2023-12-08,9.010000228881836
AGNC,2023-12-11,8.920000076293945
AGNC,2023-12-12,8.949999809265137
AGNC,2023-12-13,9.369999885559082
AGNC,2023-12-14,9.880000114440918
AGNC,2023-12-15,9.729999542236328
AGNC,2023-12-18,9.729999542236328
AGNC,2023-12-19,9.850000381469727
AGNC,2023-12-20,9.770000457763672
AGNC,2023-12-21,9.920000076293945
AGNC,2023-12-22,9.949999809265137
AGNC,2023-12-26,10.069999694824219
AGNC,2023-12-27,10.130000114440918
AGNC,2023-12-28,10.0600004196167
AGNC,2023-12-29,9.8100004196167
AGNC,2024-01-02,9.65999984741211
AGNC,2024-01-03,9.5
AGNC,2024-01-04,9.390000343322754
AGNC,2024-01-05,9.600000381469727
AGNC,2024-01-08,9.960000038146973
AGNC,2024-01-09,9.949999809265137
AGNC,2024-01-10,9.930000305175781
AGNC,2024-01-11,9.970000267028809
AGNC,2024-01-12,10.069999694824219
AGNC,2024-01-16,9.9399995803833
AGNC,2024-01-17,9.699999809265137
AGNC,2024-01-18,9.760000228881836
AGNC,2024-01-19,9.789999961853027
AGNC,2024-01-22,9.699999809265137
AGNC,2024-01-23,9.75
AGNC,2024-01-24,9.720000267028809
AGNC,2024-01-25,9.819999694824219
AGNC,2024-01-26,9.8100004196167
AGNC,2024-01-29,9.920000076293945
AGNC,2024-01-30,9.59000015258789
AGNC,2024-01-31,9.479999542236328
AGNC,2024-02-01,9.670000076293945
AGNC,2024-02-02,9.550000190734863
AGNC,2024-02-05,9.390000343322754
AGNC,2024-02-06,9.479999542236328
AGNC,2024-02-07,9.319999694824219
AGNC,2024-02-08,9.350000381469727
AGNC,2024-02-09,9.4399995803833
AGNC,2024-02-12,9.539999961853027
AGNC,2024-02-13,9.210000038146973
AGNC,2024-02-14,9.25
AGNC,2024-02-15,9.5600004196167
AGNC,2024-02-16,9.479999542236328
AGNC,2024-02-20,9.5
AGNC,2024-02-21,9.479999542236328
AGNC,2024-02-22,9.449999809265137
AGNC,2024-02-23,9.510000228881836
AGNC,2024-02-26,9.539999961853027
AGNC,2024-02-27,9.569999694824219
AGNC,2024-02-28,9.390000343322754
AGNC,2024-02-29,9.5600004196167
AGNC,2024-03-01,9.579999923706055
AGNC,2024-03-04,9.5
AGNC,2024-03-05,9.510000228881836
AGNC,2024-03-06,9.579999923706055
AGNC,2024-03-07,9.630000114440918
AGNC,2024-03-08,9.729999542236328
AGNC,2024-03-11,9.819999694824219
AGNC,2024-03-12,9.84000015258789
AGNC,2024-03-13,9.859999656677246
AGNC,2024-03-14,9.619999885559082
AGNC,2024-03-15,9.630000114440918
AGNC,2024-03-18,9.600000381469727
AGNC,2024-03-19,9.59000015258789
AGNC,2024-03-20,9.739999771118164
AGNC,2024-03-21,9.829999923706055
AGNC,2024-03-22,9.779999732971191
AGNC,2024-03-25,9.859999656677246
AGNC,2024-03-26,9.739999771118164
AGNC,2024-03-27,9.789999961853027
AGNC,2024-03-28,9.899999618530273
AGNC,2024-04-01,9.800000190734863
AGNC,2024-04-02,9.699999809265137
AGNC,2024-04-03,9.6899995803833
AGNC,2024-04-04,9.649999618530273
AGNC,2024-04-05,9.65999984741211
AGNC,2024-04-08,9.699999809265137
AGNC,2024-04-09,9.779999732971191
AGNC,2024-04-10,9.319999694824219
AGNC,2024-04-11,9.390000343322754
AGNC,2024-04-12,9.3100004196167
AGNC,2024-04-15,9.130000114440918
AGNC,2024-04-16,8.960000038146973
AGNC,2024-04-17,9.039999961853027
AGNC,2024-04-18,9.0600004196167
AGNC,2024-04-19,9.149999618530273
AGNC,2024-04-22,9.199999809265137
AGNC,2024-04-23,9.369999885559082
AGNC,2024-04-24,9.359999656677246
AGNC,2024-04-25,9.239999771118164
AGNC,2024-04-26,9.329999923706055
AGNC,2024-04-29,9.239999771118164
AGNC,2024-04-30,9.149999618530273
AGNC,2024-05-01,9.25
AGNC,2024-05-02,9.300000190734863
AGNC,2024-05-03,9.399999618530273
AGNC,2024-05-06,9.539999961853027
AGNC,2024-05-07,9.520000457763672
AGNC,2024-05-08,9.529999732971191
AGNC,2024-05-09,9.640000343322754
AGNC,2024-05-10,9.65999984741211
AGNC,2024-05-13,9.699999809265137
AGNC,2024-05-14,9.760000228881836
AGNC,2024-05-15,9.869999885559082
AGNC,2024-05-16,9.890000343322754
AGNC,2024-05-17,9.899999618530273
AGNC,2024-05-20,9.8100004196167
AGNC,2024-05-21,9.880000114440918
AGNC,2024-05-22,9.770000457763672
AGNC,2024-05-23,9.5600004196167
AGNC,2024-05-24,9.640000343322754
AGNC,2024-05-28,9.59000015258789
AGNC,2024-05-29,9.470000267028809
AGNC,2024-05-30,9.59000015258789
AGNC,2024-05-31,9.59000015258789
AGNC,2024-06-03,9.720000267028809
AGNC,2024-06-04,9.720000267028809
AGNC,2024-06-05,9.8100004196167
AGNC,2024-06-06,9.729999542236328
AGNC,2024-06-07,9.65999984741211
AGNC,2024-06-10,9.65999984741211
AGNC,2024-06-11,9.5600004196167
AGNC,2024-06-12,9.729999542236328
AGNC,2024-06-13,9.869999885559082
AGNC,2024-06-14,9.789999961853027
AGNC,2024-06-17,9.729999542236328
AGNC,2024-06-18,9.729999542236328
AGNC,2024-06-20,9.789999961853027
AGNC,2024-06-21,9.760000228881836
AGNC,2024-06-24,9.850000381469727
AGNC,2024-06-25,9.760000228881836
AGNC,2024-06-26,9.670000076293945
AGNC,2024-06-27,9.640000343322754
AGNC,2024-06-28,9.539999961853027
AGNC,2024-07-01,9.479999542236328
AGNC,2024-07-02,9.65999984741211
AGNC,2024-07-03,9.6899995803833
AGNC,2024-07-05,9.75
AGNC,2024-07-08,9.680000305175781
AGNC,2024-07-09,9.739999771118164
AGNC,2024-07-10,9.899999618530273
AGNC,2024-07-11,10.149999618530273
AGNC,2024-07-12,10.449999809265137
AGNC,2024-07-15,10.369999885559082
AGNC,2024-07-16,10.510000228881836
AGNC,2024-07-17,10.380000114440918
AGNC,2024-07-18,10.289999961853027
AGNC,2024-07-19,10.220000267028809
AGNC,2024-07-22,10.25
AGNC,2024-07-23,10.319999694824219
AGNC,2024-07-24,9.9399995803833
AGNC,2024-07-25,9.869999885559082
AGNC,2024-07-26,10.050000190734863
AGNC,2024-07-29,10.100000381469727
AGNC,2024-07-30,10.149999618530273
AGNC,2024-07-31,10.010000228881836
AGNC,2024-08-01,10.079999923706055
AGNC,2024-08-02,10.0600004196167
AGNC,2024-08-05,9.779999732971191
AGNC,2024-08-06,9.989999771118164
AGNC,2024-08-07,9.949999809265137
AGNC,2024-08-08,10.069999694824219
AGNC,2024-08-09,10.09000015258789
AGNC,2024-08-12,9.949999809265137
AGNC,2024-08-13,10.0
AGNC,2024-08-14,10.0
AGNC,2024-08-15,10.039999961853027
AGNC,2024-08-16,10.100000381469727
AGNC,2024-08-19,10.15999984741211
AGNC,2024-08-20,10.119999885559082
AGNC,2024-08-21,10.149999618530273
AGNC,2024-08-22,10.100000381469727
AGNC,2024-08-23,10.1899995803833
AGNC,2024-08-26,10.3100004196167
AGNC,2024-08-27,10.260000228881836
AGNC,2024-08-28,10.279999732971191
AGNC,2024-08-29,10.279999732971191
AGNC,2024-08-30,10.210000038146973
AGNC,2024-09-03,10.210000038146973
AGNC,2024-09-04,10.170000076293945
AGNC,2024-09-05,10.25
AGNC,2024-09-06,10.210000038146973
AGNC,2024-09-09,10.210000038146973
AGNC,2024-09-10,10.260000228881836
AGNC,2024-09-11,10.180000305175781
AGNC,2024-09-12,10.229999542236328
AGNC,2024-09-13,10.350000381469727
AGNC,2024-09-16,10.550000190734863
AGNC,2024-09-17,10.5600004196167
AGNC,2024-09-18,10.65999984741211
AGNC,2024-09-19,10.5600004196167
AGNC,2024-09-20,10.489999771118164
AGNC,2024-09-23,10.350000381469727
AGNC,2024-09-24,10.470000267028809
AGNC,2024-09-25,10.369999885559082
AGNC,2024-09-26,10.399999618530273
AGNC,2024-09-27,10.529999732971191
AGNC,2024-09-30,10.460000038146973
AGNC,2024-10-01,10.270000457763672
AGNC,2024-10-02,10.300000190734863
AGNC,2024-10-03,10.3100004196167
AGNC,2024-10-04,10.319999694824219
AGNC,2024-10-07,10.149999618530273
AGNC,2024-10-08,10.3100004196167
AGNC,2024-10-09,10.300000190734863
AGNC,2024-10-10,10.369999885559082
AGNC,2024-10-11,10.3100004196167
AGNC,2024-10-14,10.369999885559082
AGNC,2024-10-15,10.449999809265137
AGNC,2024-10-16,10.489999771118164
AGNC,2024-10-17,10.460000038146973
AGNC,2024-10-18,10.600000381469727
AGNC,2024-10-21,10.380000114440918
AGNC,2024-10-22,10.010000228881836
AGNC,2024-10-23,9.9399995803833
AGNC,2024-10-24,9.9399995803833
AGNC,2024-10-25,9.930000305175781
AGNC,2024-10-28,9.640000343322754
AGNC,2024-10-29,9.539999961853027
AGNC,2024-10-30,9.609999656677246
AGNC,2024-10-31,9.3100004196167
AGNC,2024-11-01,9.3100004196167
AGNC,2024-11-04,9.350000381469727
AGNC,2024-11-05,9.520000457763672
AGNC,2024-11-06,9.380000114440918
AGNC,2024-11-07,9.520000457763672
AGNC,2024-11-08,9.65999984741211
AGNC,2024-11-11,9.680000305175781
AGNC,2024-11-12,9.470000267028809
AGNC,2024-11-13,9.520000457763672
AGNC,2024-11-14,9.510000228881836
AGNC,2024-11-15,9.579999923706055
AGNC,2024-11-18,9.670000076293945
AGNC,2024-11-19,9.670000076293945
AGNC,2024-11-20,9.649999618530273
AGNC,2024-11-21,9.699999809265137
AGNC,2024-11-22,9.739999771118164
AGNC,2024-11-25,9.75
AGNC,2024-11-26,9.640000343322754
AGNC,2024-11-27,9.760000228881836
AGNC,2024-11-29,9.65999984741211
AGNC,2024-12-02,9.600000381469727
AGNC,2024-12-03,9.479999542236328
AGNC,2024-12-04,9.510000228881836
AGNC,2024-12-05,9.550000190734863
AGNC,2024-12-06,9.710000038146973
AGNC,2024-12-09,9.680000305175781
AGNC,2024-12-10,9.609999656677246
AGNC,2024-12-11,9.609999656677246
AGNC,2024-12-12,9.539999961853027
AGNC,2024-12-13,9.579999923706055
AGNC,2024-12-16,9.649999618530273
AGNC,2024-12-17,9.569999694824219
AGNC,2024-12-18,9.3100004196167
AGNC,2024-12-19,9.270000457763672
AGNC,2024-12-20,9.449999809265137
AGNC,2024-12-23,9.449999809265137
AGNC,2024-12-24,9.470000267028809
AGNC,2024-12-26,9.380000114440918
AGNC,2024-12-27,9.329999923706055
AGNC,2024-12-30,9.25
AGNC,2024-12-31,9.210000038146973
AGNC,2025-01-02,9.279999732971191
AGNC,2025-01-03,9.4399995803833
AGNC,2025-01-06,9.319999694824219
AGNC,2025-01-07,9.319999694824219
AGNC,2025-01-08,9.289999961853027
AGNC,2025-01-10,9.140000343322754
AGNC,2025-01-13,9.119999885559082
AGNC,2025-01-14,9.239999771118164
AGNC,2025-01-15,9.390000343322754
AGNC,2025-01-16,9.550000190734863
AGNC,2025-01-17,9.609999656677246
AGNC,2025-01-21,9.729999542236328
AGNC,2025-01-22,9.710000038146973
AGNC,2025-01-23,9.640000343322754
AGNC,2025-01-24,9.680000305175781
AGNC,2025-01-27,9.789999961853027
AGNC,2025-01-28,9.869999885559082
AGNC,2025-01-29,9.829999923706055
AGNC,2025-01-30,10.079999923706055
AGNC,2025-01-31,9.970000267028809
AGNC,2025-02-03,9.949999809265137
AGNC,2025-02-04,10.069999694824219
AGNC,2025-02-05,10.109999656677246
AGNC,2025-02-06,10.140000343322754
AGNC,2025-02-07,10.069999694824219
AGNC,2025-02-10,10.140000343322754
AGNC,2025-02-11,10.180000305175781
AGNC,2025-02-12,10.180000305175781
AGNC,2025-02-13,10.319999694824219
AGNC,2025-02-14,10.430000305175781
AGNC,2025-02-18,10.489999771118164
AGNC,2025-02-19,10.470000267028809
AGNC,2025-02-20,10.529999732971191
AGNC,2025-02-21,10.539999961853027
AGNC,2025-02-24,10.489999771118164
AGNC,2025-02-25,10.520000457763672
AGNC,2025-02-26,10.510000228881836
AGNC,2025-02-27,10.420000076293945
AGNC,2025-02-28,10.430000305175781
AGNC,2025-03-03,10.289999961853027
AGNC,2025-03-04,10.220000267028809
AGNC,2025-03-05,10.289999961853027
AGNC,2025-03-06,10.140000343322754
AGNC,2025-03-07,10.380000114440918
AGNC,2025-03-10,10.229999542236328
AGNC,2025-03-11,10.020000457763672
AGNC,2025-03-12,10.09000015258789
AGNC,2025-03-13,10.039999961853027
AGNC,2025-03-14,10.239999771118164
AGNC,2025-03-17,10.350000381469727
AGNC,2025-03-18,10.390000343322754
AGNC,2025-03-19,10.359999656677246
AGNC,2025-03-20,10.289999961853027
AGNC,2025-03-21,10.170000076293945
AGNC,2025-03-24,10.130000114440918
AGNC,2025-03-25,9.930000305175781
AGNC,2025-03-26,9.760000228881836
AGNC,2025-03-27,9.760000228881836
AGNC,2025-03-28,9.520000457763672
AGNC,2025-03-31,9.579999923706055
AGNC,2025-04-01,9.489999771118164
AGNC,2025-04-02,9.479999542236328
AGNC,2025-04-03,9.34000015258789
AGNC,2025-04-04,8.979999542236328
AGNC,2025-04-07,8.65999984741211
AGNC,2025-04-08,8.539999961853027
AGNC,2025-04-09,8.90999984741211
AGNC,2025-04-10,8.119999885559082
AGNC,2025-04-11,8.350000381469727
AGNC,2025-04-14,8.4399995803833
AGNC,2025-04-15,8.40999984741211
AGNC,2025-04-16,8.300000190734863
AGNC,2025-04-17,8.34000015258789
AGNC,2025-04-21,8.15999984741211
AGNC,2025-04-22,8.449999809265137
AGNC,2025-04-23,8.609999656677246
AGNC,2025-04-24,8.720000267028809
AGNC,2025-04-25,8.850000381469727
AGNC,2025-04-28,9.020000457763672
AGNC,2025-04-29,9.069999694824219
AGNC,2025-04-30,8.829999923706055
AGNC,2025-05-01,8.8100004196167
AGNC,2025-05-02,8.789999961853027
AGNC,2025-05-05,8.760000228881836
AGNC,2025-05-06,8.680000305175781
AGNC,2025-05-07,8.720000267028809
AGNC,2025-05-08,8.880000114440918
AGNC,2025-05-09,8.789999961853027
AGNC,2025-05-12,9.0
AGNC,2025-05-13,9.069999694824219
AGNC,2025-05-14,8.960000038146973
AGNC,2025-05-15,9.079999923706055
AGNC,2025-05-16,9.180000305175781
AGNC,2025-05-19,9.149999618530273
AGNC,2025-05-20,9.1899995803833
AGNC,2025-05-21,8.800000190734863
AGNC,2025-05-22,8.8100004196167
AGNC,2025-05-23,8.84000015258789
AGNC,2025-05-27,8.979999542236328
AGNC,2025-05-28,9.079999923706055
AGNC,2025-05-29,9.109999656677246
AGNC,2025-05-30,8.9399995803833
AGNC,2025-06-02,8.829999923706055
AGNC,2025-06-03,8.989999771118164
AGNC,2025-06-04,9.039999961853027
AGNC,2025-06-05,9.039999961853027
AGNC,2025-06-06,9.119999885559082
AGNC,2025-06-09,9.210000038146973
AGNC,2025-06-10,9.329999923706055
AGNC,2025-06-11,9.319999694824219
AGNC,2025-06-12,9.399999618530273
AGNC,2025-06-13,9.300000190734863
AGNC,2025-06-16,9.329999923706055
AGNC,2025-06-17,9.1899995803833
AGNC,2025-06-18,9.260000228881836
AGNC,2025-06-20,9.239999771118164
AGNC,2025-06-23,9.199999809265137
AGNC,2025-06-24,9.3100004196167
AGNC,2025-06-25,9.229999542236328
AGNC,2025-06-26,9.319999694824219
AGNC,2025-06-27,9.279999732971191
AGNC,2025-06-30,9.1899995803833
AGNC,2025-07-01,9.34000015258789
AGNC,2025-07-02,9.420000076293945
AGNC,2025-07-03,9.390000343322754
AGNC,2025-07-07,9.359999656677246
AGNC,2025-07-08,9.420000076293945
AGNC,2025-07-09,9.5
AGNC,2025-07-10,9.449999809265137
AGNC,2025-07-11,9.399999618530273
AGNC,2025-07-14,9.3100004196167
AGNC,2025-07-15,9.199999809265137
AGNC,2025-07-16,9.270000457763672
AGNC,2025-07-17,9.279999732971191
AGNC,2025-07-18,9.25
AGNC,2025-07-21,9.229999542236328
AGNC,2025-07-22,9.369999885559082
AGNC,2025-07-23,9.59000015258789
AGNC,2025-07-24,9.619999885559082
AGNC,2025-07-25,9.710000038146973
AGNC,2025-07-28,9.680000305175781
AGNC,2025-07-29,9.739999771118164
AGNC,2025-07-30,9.600000381469727
AGNC,2025-07-31,9.430000305175781
AGNC,2025-08-01,9.479999542236328
AGNC,2025-08-04,9.630000114440918
AGNC,2025-08-05,9.600000381469727
AGNC,2025-08-06,9.420000076293945
AGNC,2025-08-07,9.40999984741211
AGNC,2025-08-08,9.449999809265137
AGNC,2025-08-11,9.329999923706055
AGNC,2025-08-12,9.460000038146973
AGNC,2025-08-13,9.65999984741211
AGNC,2025-08-14,9.609999656677246
AGNC,2025-08-15,9.630000114440918
AGNC,2025-08-18,9.579999923706055
AGNC,2025-08-19,9.609999656677246
AGNC,2025-08-20,9.710000038146973
AGNC,2025-08-21,9.640000343322754
AGNC,2025-08-22,9.880000114440918
AGNC,2025-08-25,9.819999694824219
AGNC,2025-08-26,9.800000190734863
AGNC,2025-08-27,9.800000190734863
AGNC,2025-08-28,9.789999961853027
AGNC,2025-08-29,9.760000228881836
AGNC,2025-09-02,9.760000228881836
AGNC,2025-09-03,9.949999809265137
AGNC,2025-09-04,10.199999809265137
AGNC,2025-09-05,10.369999885559082
AGNC,2025-09-08,10.34000015258789
AGNC,2025-09-09,10.350000381469727
AGNC,2025-09-10,10.25
AGNC,2025-09-11,10.229999542236328
AGNC,2025-09-12,10.180000305175781
AGNC,2025-09-15,10.1899995803833
AGNC,2025-09-16,10.130000114440918
AGNC,2025-09-17,10.210000038146973
AGNC,2025-09-18,10.100000381469727
AGNC,2025-09-19,9.970000267028809
AGNC,2025-09-22,9.720000267028809
AGNC,2025-09-23,9.8100004196167
AGNC,2025-09-24,9.760000228881836
AGNC,2025-09-25,9.760000228881836
AGNC,2025-09-26,9.84000015258789
AGNC,2025-09-29,9.84000015258789
AGNC,2025-09-30,9.789999961853027
AGNC,2025-10-01,9.930000305175781
AGNC,2025-10-02,10.010000228881836
AGNC,2025-10-03,10.0600004196167
AGNC,2025-10-06,9.880000114440918
AGNC,2025-10-07,9.989999771118164
AGNC,2025-10-08,10.15999984741211
AGNC,2025-10-09,10.0
AGNC,2025-10-10,9.930000305175781
AGNC,2025-10-13,9.989999771118164
AGNC,2025-10-14,10.010000228881836
AGNC,2025-10-15,10.020000457763672
AGNC,2025-10-16,9.920000076293945
AGNC,2025-10-17,9.989999771118164
AGNC,2025-10-20,10.100000381469727
AGNC,2025-10-21,10.050000190734863
AGNC,2025-10-22,10.199999809265137
AGNC,2025-10-23,10.09000015258789
AGNC,2025-10-24,10.199999809265137
AGNC,2025-10-27,10.300000190734863
AGNC,2025-10-28,10.1899995803833
AGNC,2025-10-29,10.0600004196167
AGNC,2025-10-30,10.0
AGNC,2025-10-31,10.0
AGNC,2025-11-03,10.050000190734863
AGNC,2025-11-04,10.180000305175781
AGNC,2025-11-05,10.239999771118164
AGNC,2025-11-06,10.210000038146973
AGNC,2025-11-07,10.34000015258789
AGNC,2025-11-10,10.25
AGNC,2025-11-11,10.3100004196167
AGNC,2025-11-12,10.199999809265137
AGNC,2025-11-13,10.140000343322754
AGNC,2025-11-14,10.149999618530273
AGNC,2025-11-17,10.100000381469727
AGNC,2025-11-18,10.109999656677246
AGNC,2025-11-19,10.079999923706055
AGNC,2025-11-20,10.069999694824219
AGNC,2025-11-21,10.279999732971191
AGNC,2025-11-24,10.300000190734863
AGNC,2025-11-25,10.399999618530273
AGNC,2025-11-26,10.5600004196167
AGNC,2025-11-28,10.489999771118164
AGNC,2025-12-01,10.460000038146973
AGNC,2025-12-02,10.460000038146973
AGNC,2025-12-03,10.460000038146973
AGNC,2025-12-04,10.489999771118164
AGNC,2025-12-05,10.619999885559082
AGNC,2025-12-08,10.489999771118164
AGNC,2025-12-09,10.34000015258789
AGNC,2025-12-10,10.380000114440918
AGNC,2025-12-11,10.300000190734863
AGNC,2025-12-12,10.319999694824219
AGNC,2025-12-15,10.359999656677246
AGNC,2025-12-16,10.329999923706055
AGNC,2025-12-17,10.4399995803833
AGNC,2025-12-18,10.569999694824219
AGNC,2025-12-19,10.65999984741211
AGNC,2025-12-22,10.859999656677246
AGNC,2025-12-23,10.760000228881836
AGNC,2025-12-24,10.84000015258789
AGNC,2025-12-26,10.850000381469727
AGNC,2025-12-29,10.819999694824219
AGNC,2025-12-30,10.819999694824219
AGNC,2025-12-31,10.720000267028809
AGNC,2026-01-02,10.930000305175781
AGNC,2026-01-05,11.069999694824219
AGNC,2026-01-06,11.15999984741211
AGNC,2026-01-07,11.0600004196167
AGNC,2026-01-08,11.1899995803833
AGNC,2026-01-09,11.40999984741211
AGNC,2026-01-12,11.380000114440918
AGNC,2026-01-13,11.350000381469727
AGNC,2026-01-14,11.569999694824219
AGNC,2026-01-15,11.680000305175781
AGNC,2026-01-16,11.930000305175781
AGNC,2026-01-20,11.65999984741211
AGNC,2026-01-21,11.699999809265137
AGNC,2026-01-22,11.789999961853027
AGNC,2026-01-23,11.850000381469727
AGNC,2026-01-26,11.800000190734863
AGNC,2026-01-27,12.170000076293945
AGNC,2026-01-28,12.020000457763672
AGNC,2026-01-29,11.970000267028809
AGNC,2026-01-30,11.399999618530273
AGNC,2026-02-02,11.170000076293945
AGNC,2026-02-03,11.489999771118164
AGNC,2026-02-04,11.510000228881836
AGNC,2026-02-05,11.399999618530273
AGNC,2026-02-06,11.4399995803833
AGNC,2026-02-09,11.34000015258789
AGNC,2026-02-10,11.220000267028809
AGNC,2026-02-11,11.430000305175781
AGNC,2026-02-12,11.380000114440918
AGNC,2026-02-13,11.359999656677246
AGNC,2026-02-17,11.300000190734863
AGNC,2026-02-18,11.3100004196167
AGNC,2026-02-19,11.319999694824219
AGNC,2026-02-20,11.449999809265137
AGNC,2026-02-23,11.270000457763672
AGNC,2026-02-24,11.3100004196167
AGNC,2026-02-25,11.289999961853027
AGNC,2026-02-26,11.350000381469727
AGNC,2026-02-27,11.210000038146973
AGNC,2026-03-02,11.149999618530273
AGNC,2026-03-03,11.0
AGNC,2026-03-04,10.970000267028809
AGNC,2026-03-05,10.899999618530273
AGNC,2026-03-06,10.640000343322754
AGNC,2026-03-09,10.539999961853027
AGNC,2026-03-10,10.720000267028809
AGNC,2026-03-11,10.670000076293945
AGNC,2026-03-12,10.390000343322754
AGNC,2026-03-13,10.229999542236328
AGNC,2026-03-16,10.329999923706055
AGNC,2026-03-17,10.489999771118164
AGNC,2026-03-18,10.300000190734863
AGNC,2026-03-19,10.289999961853027
AGNC,2026-03-20,9.75
AGNC,2026-03-23,10.010000228881836
AGNC,2026-03-24,9.9399995803833
AGNC,2026-03-25,10.140000343322754
AGNC,2026-03-26,9.84000015258789
AGNC,2026-03-27,9.6899995803833
AGNC,2026-03-30,9.84000015258789
AGNC,2026-03-31,10.029999732971191
AGNC,2026-04-01,10.020000457763672
AGNC,2026-04-02,10.149999618530273
AGNC,2026-04-06,10.199999809265137
AGNC,2026-04-07,10.09000015258789
AGNC,2026-04-08,10.319999694824219
AGNC,2026-04-09,10.479999542236328
AGNC,2026-04-10,10.470000267028809
AGNC,2026-04-13,10.520000457763672
AGNC,2026-04-14,10.640000343322754
AGNC,2026-04-15,10.739999771118164
AGNC,2026-04-16,10.5600004196167
AGNC,2026-04-17,10.899999618530273
AGNC,2026-04-20,10.770000457763672
AGNC,2026-04-21,10.90999984741211
AGNC,2026-04-22,10.90999984741211
AGNC,2026-04-23,10.859999656677246
AGNC,2026-04-24,11.020000457763672
AGNC,2026-04-27,11.100000381469727
AGNC,2026-04-28,11.079999923706055
AGNC,2026-04-29,10.970000267028809
AGNC,2026-04-30,11.020000457763672
AGNC,2026-05-01,10.9399995803833
AGNC,2026-05-04,10.649999618530273
AGNC,2026-05-05,10.720000267028809
AGNC,2026-05-06,10.789999961853027
AGNC,2026-05-07,10.720000267028809
AGNC,2026-05-08,10.859999656677246
AGNC,2026-05-11,10.800000190734863
AGNC,2026-05-12,10.739999771118164
AGNC,2026-05-13,10.630000114440918
AGNC,2026-05-14,10.550000190734863
AGNC,2026-05-15,10.34000015258789
AGNC,2026-05-18,10.300000190734863
AGNC,2026-05-19,10.130000114440918
AGNC,2026-05-20,10.25
AGNC,2026-05-21,10.260000228881836
AGNC,2026-05-22,10.210000038146973
AGNC,2026-05-26,10.430000305175781
AGNC,2026-05-27,10.510000228881836
AGNC,2026-05-28,10.550000190734863
AGNC,2026-05-29,10.40999984741211
AGNC,2026-06-01,10.229999542236328
AGNC,2026-06-02,10.199999809265137
AGNC,2026-06-03,10.170000076293945
AGNC,2026-06-04,10.289999961853027
AGNC,2026-06-05,10.170000076293945
AGNC,2026-06-08,10.109999656677246
AGNC,2026-06-09,10.3100004196167
AGNC,2026-06-10,10.180000305175781
AGNC,2026-06-11,10.300000190734863
AGNC,2026-06-12,10.3100004196167
AGNC,2026-06-15,10.460000038146973
AGNC,2026-06-16,10.5600004196167
AGNC,2026-06-17,10.300000190734863
AGNC,2026-06-18,10.380000114440918
AGNC,2026-06-22,10.380000114440918
AGNC,2026-06-23,10.4399995803833
AGNC,2026-06-24,10.489999771118164
AGNC,2026-06-25,10.619999885559082
AGNC,2026-06-26,10.899999618530273
AGNC,2026-06-29,11.0
AGNC,2026-06-30,10.899999618530273
AGNC,2026-07-01,10.789999961853027
AGNC,2026-07-02,11.0
AGNC,2026-07-06,11.170000076293945
AGNC,2026-07-07,11.119999885559082
AGNC,2026-07-08,10.9399995803833
AGNC,2026-07-09,11.069999694824219
AGNC,2026-07-10,11.130000114440918
AGNC,2026-07-13,10.989999771118164
AGNC,2026-07-14,11.180000305175781
AGNC,2026-07-15,11.319999694824219
AGNC,2026-07-16,11.430000305175781
AGNC,2026-07-17,11.220000267028809
AGNC,2026-07-20,10.920000076293945
AGNC,2026-07-21,10.779999732971191
AGNC,2026-07-22,10.720000267028809
AGNC,2026-07-23,10.5600004196167
AGNC,2026-07-24,10.59000015258789
AGNC,2026-07-27,10.640000343322754
AGNC,2026-07-28,11.069999694824219
AGNC,2026-07-29,10.899999618530273
AGNC,2026-07-30,10.920000076293945
AGNC,2026-07-31,10.65999984741211
AGNC,2026-08-03,10.640000343322754
AGNC,2026-08-04,10.640000343322754
AGNC,2026-08-05,10.670000076293945
AGNC,2026-08-06,10.609999656677246
AGNC,2026-08-07,10.84000015258789
AGNC,2026-08-10,10.760000228881836
AGNC,2026-08-11,10.890000343322754
AGNC,2026-08-12,10.880000114440918
AGNC,2026-08-13,10.960000038146973
AGNC,2026-08-14,10.960000038146973
AGNC,2026-08-17,10.949999809265137
AGNC,2026-08-18,10.920000076293945
AGNC,2026-08-19,11.079999923706055
ARR,2021-01-04,53.04999923706055
ARR,2021-01-05,53.099998474121094
ARR,2021-01-06,54.099998474121094
ARR,2021-01-07,54.349998474121094
ARR,2021-01-08,55.349998474121094
ARR,2021-01-11,55.349998474121094
ARR,2021-01-12,55.400001525878906
ARR,2021-01-13,55.400001525878906
ARR,2021-01-14,55.20000076293945
ARR,2021-01-15,54.95000076293945
ARR,2021-01-19,54.900001525878906
ARR,2021-01-20,55.5
ARR,2021-01-21,56.04999923706055
ARR,2021-01-22,56.54999923706055
ARR,2021-01-25,57.400001525878906
ARR,2021-01-26,57.75
ARR,2021-01-27,56.400001525878906
ARR,2021-01-28,56.5
ARR,2021-01-29,55.849998474121094
ARR,2021-02-01,57.099998474121094
ARR,2021-02-02,58.0
ARR,2021-02-03,57.70000076293945
ARR,2021-02-04,58.04999923706055
ARR,2021-02-05,59.150001525878906
ARR,2021-02-08,59.29999923706055
ARR,2021-02-09,59.650001525878906
ARR,2021-02-10,60.45000076293945
ARR,2021-02-11,60.75
ARR,2021-02-12,60.400001525878906
ARR,2021-02-16,60.79999923706055
ARR,2021-02-17,60.0
ARR,2021-02-18,58.099998474121094
ARR,2021-02-19,59.5
ARR,2021-02-22,60.099998474121094
ARR,2021-02-23,59.150001525878906
ARR,2021-02-24,61.150001525878906
ARR,2021-02-25,60.04999923706055
ARR,2021-02-26,60.349998474121094
ARR,2021-03-01,60.849998474121094
ARR,2021-03-02,61.5
ARR,2021-03-03,60.900001525878906
ARR,2021-03-04,59.349998474121094
ARR,2021-03-05,59.04999923706055
ARR,2021-03-08,60.25
ARR,2021-03-09,60.5
ARR,2021-03-10,60.900001525878906
ARR,2021-03-11,61.0
ARR,2021-03-12,60.849998474121094
ARR,2021-03-15,61.349998474121094
ARR,2021-03-16,60.70000076293945
ARR,2021-03-17,61.400001525878906
ARR,2021-03-18,60.25
ARR,2021-03-19,60.45000076293945
ARR,2021-03-22,60.75
ARR,2021-03-23,60.29999923706055
ARR,2021-03-24,60.20000076293945
ARR,2021-03-25,60.95000076293945
ARR,2021-03-26,61.400001525878906
ARR,2021-03-29,60.45000076293945
ARR,2021-03-30,61.650001525878906
ARR,2021-03-31,61.0
ARR,2021-04-01,61.45000076293945
ARR,2021-04-05,61.25
ARR,2021-04-06,61.04999923706055
ARR,2021-04-07,61.20000076293945
ARR,2021-04-08,61.599998474121094
ARR,2021-04-09,61.0
ARR,2021-04-12,62.150001525878906
ARR,2021-04-13,62.54999923706055
ARR,2021-04-14,61.20000076293945
ARR,2021-04-15,61.150001525878906
ARR,2021-04-16,61.54999923706055
ARR,2021-04-19,60.849998474121094
ARR,2021-04-20,60.54999923706055
ARR,2021-04-21,60.099998474121094
ARR,2021-04-22,60.349998474121094
ARR,2021-04-23,61.0
ARR,2021-04-26,60.849998474121094
ARR,2021-04-27,61.29999923706055
ARR,2021-04-28,61.70000076293945
ARR,2021-04-29,61.650001525878906
ARR,2021-04-30,62.150001525878906
ARR,2021-05-03,61.70000076293945
ARR,2021-05-04,61.20000076293945
ARR,2021-05-05,61.349998474121094
ARR,2021-05-06,61.25
ARR,2021-05-07,61.54999923706055
ARR,2021-05-10,60.650001525878906
ARR,2021-05-11,60.5
ARR,2021-05-12,58.599998474121094
ARR,2021-05-13,60.150001525878906
ARR,2021-05-14,60.099998474121094
ARR,2021-05-17,59.900001525878906
ARR,2021-05-18,60.20000076293945
ARR,2021-05-19,60.099998474121094
ARR,2021-05-20,59.95000076293945
ARR,2021-05-21,59.54999923706055
ARR,2021-05-24,59.900001525878906
ARR,2021-05-25,59.5
ARR,2021-05-26,59.75
ARR,2021-05-27,59.900001525878906
ARR,2021-05-28,59.95000076293945
ARR,2021-06-01,60.400001525878906
ARR,2021-06-02,60.29999923706055
ARR,2021-06-03,60.099998474121094
ARR,2021-06-04,60.20000076293945
ARR,2021-06-07,60.29999923706055
ARR,2021-06-08,60.400001525878906
ARR,2021-06-09,60.79999923706055
ARR,2021-06-10,60.650001525878906
ARR,2021-06-11,60.0
ARR,2021-06-14,59.150001525878906
ARR,2021-06-15,57.75
ARR,2021-06-16,57.599998474121094
ARR,2021-06-17,56.5
ARR,2021-06-18,56.0
ARR,2021-06-21,57.5
ARR,2021-06-22,57.20000076293945
ARR,2021-06-23,57.20000076293945
ARR,2021-06-24,57.54999923706055
ARR,2021-06-25,57.849998474121094
ARR,2021-06-28,57.54999923706055
ARR,2021-06-29,57.0
ARR,2021-06-30,57.099998474121094
ARR,2021-07-01,57.45000076293945
ARR,2021-07-02,57.20000076293945
ARR,2021-07-06,56.900001525878906
ARR,2021-07-07,56.20000076293945
ARR,2021-07-08,56.349998474121094
ARR,2021-07-09,57.70000076293945
ARR,2021-07-12,58.099998474121094
ARR,2021-07-13,56.45000076293945
ARR,2021-07-14,54.5
ARR,2021-07-15,54.599998474121094
ARR,2021-07-16,54.849998474121094
ARR,2021-07-19,53.54999923706055
ARR,2021-07-20,54.650001525878906
ARR,2021-07-21,54.900001525878906
ARR,2021-07-22,53.70000076293945
ARR,2021-07-23,51.29999923706055
ARR,2021-07-26,52.900001525878906
ARR,2021-07-27,52.150001525878906
ARR,2021-07-28,51.400001525878906
ARR,2021-07-29,52.70000076293945
ARR,2021-07-30,52.0
ARR,2021-08-02,51.79999923706055
ARR,2021-08-03,51.95000076293945
ARR,2021-08-04,51.400001525878906
ARR,2021-08-05,51.95000076293945
ARR,2021-08-06,52.5
ARR,2021-08-09,52.29999923706055
ARR,2021-08-10,53.0
ARR,2021-08-11,53.400001525878906
ARR,2021-08-12,53.75
ARR,2021-08-13,52.900001525878906
ARR,2021-08-16,52.650001525878906
ARR,2021-08-17,52.75
ARR,2021-08-18,52.45000076293945
ARR,2021-08-19,51.54999923706055
ARR,2021-08-20,52.5
ARR,2021-08-23,53.20000076293945
ARR,2021-08-24,53.849998474121094
ARR,2021-08-25,54.150001525878906
ARR,2021-08-26,54.099998474121094
ARR,2021-08-27,54.650001525878906
ARR,2021-08-30,54.0
ARR,2021-08-31,54.29999923706055
ARR,2021-09-01,54.599998474121094
ARR,2021-09-02,54.650001525878906
ARR,2021-09-03,54.5
ARR,2021-09-07,54.25
ARR,2021-09-08,54.0
ARR,2021-09-09,54.45000076293945
ARR,2021-09-10,54.45000076293945
ARR,2021-09-13,55.0
ARR,2021-09-14,53.849998474121094
ARR,2021-09-15,53.650001525878906
ARR,2021-09-16,53.70000076293945
ARR,2021-09-17,54.0
ARR,2021-09-20,53.599998474121094
ARR,2021-09-21,54.099998474121094
ARR,2021-09-22,54.54999923706055
ARR,2021-09-23,54.599998474121094
ARR,2021-09-24,54.099998474121094
ARR,2021-09-27,54.29999923706055
ARR,2021-09-28,54.349998474121094
ARR,2021-09-29,54.20000076293945
ARR,2021-09-30,53.900001525878906
ARR,2021-10-01,54.650001525878906
ARR,2021-10-04,54.099998474121094
ARR,2021-10-05,54.900001525878906
ARR,2021-10-06,54.75
ARR,2021-10-07,54.599998474121094
ARR,2021-10-08,54.75
ARR,2021-10-11,55.45000076293945
ARR,2021-10-12,55.25
ARR,2021-10-13,55.45000076293945
ARR,2021-10-14,54.45000076293945
ARR,2021-10-15,53.75
ARR,2021-10-18,53.29999923706055
ARR,2021-10-19,53.599998474121094
ARR,2021-10-20,53.75
ARR,2021-10-21,53.70000076293945
ARR,2021-10-22,53.45000076293945
ARR,2021-10-25,53.70000076293945
ARR,2021-10-26,53.25
ARR,2021-10-27,53.5
ARR,2021-10-28,52.75
ARR,2021-10-29,52.599998474121094
ARR,2021-11-01,53.75
ARR,2021-11-02,53.20000076293945
ARR,2021-11-03,53.849998474121094
ARR,2021-11-04,53.599998474121094
ARR,2021-11-05,54.349998474121094
ARR,2021-11-08,54.0
ARR,2021-11-09,53.650001525878906
ARR,2021-11-10,53.099998474121094
ARR,2021-11-11,53.0
ARR,2021-11-12,52.400001525878906
ARR,2021-11-15,51.900001525878906
ARR,2021-11-16,51.5
ARR,2021-11-17,51.75
ARR,2021-11-18,51.900001525878906
ARR,2021-11-19,51.45000076293945
ARR,2021-11-22,50.650001525878906
ARR,2021-11-23,50.400001525878906
ARR,2021-11-24,50.5
ARR,2021-11-26,49.79999923706055
ARR,2021-11-29,50.0
ARR,2021-11-30,48.95000076293945
ARR,2021-12-01,48.0
ARR,2021-12-02,49.20000076293945
ARR,2021-12-03,49.0
ARR,2021-12-06,50.75
ARR,2021-12-07,51.0
ARR,2021-12-08,51.20000076293945
ARR,2021-12-09,51.099998474121094
ARR,2021-12-10,50.29999923706055
ARR,2021-12-13,49.95000076293945
ARR,2021-12-14,48.400001525878906
ARR,2021-12-15,48.349998474121094
ARR,2021-12-16,48.20000076293945
ARR,2021-12-17,47.54999923706055
ARR,2021-12-20,46.349998474121094
ARR,2021-12-21,48.29999923706055
ARR,2021-12-22,48.54999923706055
ARR,2021-12-23,49.20000076293945
ARR,2021-12-27,49.25
ARR,2021-12-28,49.599998474121094
ARR,2021-12-29,49.650001525878906
ARR,2021-12-30,49.29999923706055
ARR,2021-12-31,49.04999923706055
ARR,2022-01-03,50.20000076293945
ARR,2022-01-04,50.150001525878906
ARR,2022-01-05,49.5
ARR,2022-01-06,50.150001525878906
ARR,2022-01-07,50.349998474121094
ARR,2022-01-10,50.349998474121094
ARR,2022-01-11,50.400001525878906
ARR,2022-01-12,50.150001525878906
ARR,2022-01-13,49.599998474121094
ARR,2022-01-14,48.599998474121094
ARR,2022-01-18,48.29999923706055
ARR,2022-01-19,47.75
ARR,2022-01-20,47.20000076293945
ARR,2022-01-21,46.20000076293945
ARR,2022-01-24,45.29999923706055
ARR,2022-01-25,47.0
ARR,2022-01-26,46.5
ARR,2022-01-27,45.5
ARR,2022-01-28,45.95000076293945
ARR,2022-01-31,46.900001525878906
ARR,2022-02-01,46.599998474121094
ARR,2022-02-02,46.099998474121094
ARR,2022-02-03,45.650001525878906
ARR,2022-02-04,45.54999923706055
ARR,2022-02-07,45.5
ARR,2022-02-08,46.20000076293945
ARR,2022-02-09,46.04999923706055
ARR,2022-02-10,45.150001525878906
ARR,2022-02-11,44.70000076293945
ARR,2022-02-14,43.29999923706055
ARR,2022-02-15,43.650001525878906
ARR,2022-02-16,43.849998474121094
ARR,2022-02-17,42.75
ARR,2022-02-18,43.599998474121094
ARR,2022-02-22,41.349998474121094
ARR,2022-02-23,40.0
ARR,2022-02-24,40.900001525878906
ARR,2022-02-25,40.849998474121094
ARR,2022-02-28,40.650001525878906
ARR,2022-03-01,40.650001525878906
ARR,2022-03-02,41.349998474121094
ARR,2022-03-03,41.5
ARR,2022-03-04,41.349998474121094
ARR,2022-03-07,41.75
ARR,2022-03-08,43.45000076293945
ARR,2022-03-09,43.150001525878906
ARR,2022-03-10,43.25
ARR,2022-03-11,42.849998474121094
ARR,2022-03-14,42.099998474121094
ARR,2022-03-15,42.150001525878906
ARR,2022-03-16,41.95000076293945
ARR,2022-03-17,41.79999923706055
ARR,2022-03-18,41.95000076293945
ARR,2022-03-21,41.0
ARR,2022-03-22,42.20000076293945
ARR,2022-03-23,41.5
ARR,2022-03-24,41.650001525878906
ARR,2022-03-25,42.150001525878906
ARR,2022-03-28,42.0
ARR,2022-03-29,43.0
ARR,2022-03-30,42.25
ARR,2022-03-31,42.0
ARR,2022-04-01,42.099998474121094
ARR,2022-04-04,41.95000076293945
ARR,2022-04-05,41.70000076293945
ARR,2022-04-06,41.0
ARR,2022-04-07,40.70000076293945
ARR,2022-04-08,40.900001525878906
ARR,2022-04-11,40.650001525878906
ARR,2022-04-12,40.400001525878906
ARR,2022-04-13,41.099998474121094
ARR,2022-04-14,39.79999923706055
ARR,2022-04-18,39.54999923706055
ARR,2022-04-19,37.849998474121094
ARR,2022-04-20,37.849998474121094
ARR,2022-04-21,38.04999923706055
ARR,2022-04-22,37.150001525878906
ARR,2022-04-25,37.29999923706055
ARR,2022-04-26,36.04999923706055
ARR,2022-04-27,36.75
ARR,2022-04-28,37.45000076293945
ARR,2022-04-29,36.70000076293945
ARR,2022-05-02,37.04999923706055
ARR,2022-05-03,37.599998474121094
ARR,2022-05-04,38.25
ARR,2022-05-05,37.849998474121094
ARR,2022-05-06,38.04999923706055
ARR,2022-05-09,37.29999923706055
ARR,2022-05-10,37.25
ARR,2022-05-11,37.5
ARR,2022-05-12,37.20000076293945
ARR,2022-05-13,37.79999923706055
ARR,2022-05-16,37.900001525878906
ARR,2022-05-17,37.650001525878906
ARR,2022-05-18,37.04999923706055
ARR,2022-05-19,36.599998474121094
ARR,2022-05-20,36.650001525878906
ARR,2022-05-23,37.25
ARR,2022-05-24,37.400001525878906
ARR,2022-05-25,37.349998474121094
ARR,2022-05-26,37.599998474121094
ARR,2022-05-27,37.849998474121094
ARR,2022-05-31,37.79999923706055
ARR,2022-06-01,38.04999923706055
ARR,2022-06-02,38.04999923706055
ARR,2022-06-03,38.099998474121094
ARR,2022-06-06,37.95000076293945
ARR,2022-06-07,38.20000076293945
ARR,2022-06-08,38.0
ARR,2022-06-09,38.04999923706055
ARR,2022-06-10,37.45000076293945
ARR,2022-06-13,34.29999923706055
ARR,2022-06-14,31.799999237060547
ARR,2022-06-15,31.600000381469727
ARR,2022-06-16,28.700000762939453
ARR,2022-06-17,29.75
ARR,2022-06-21,30.799999237060547
ARR,2022-06-22,31.200000762939453
ARR,2022-06-23,32.5
ARR,2022-06-24,34.0
ARR,2022-06-27,34.20000076293945
ARR,2022-06-28,34.45000076293945
ARR,2022-06-29,34.5
ARR,2022-06-30,35.20000076293945
ARR,2022-07-01,36.150001525878906
ARR,2022-07-05,36.20000076293945
ARR,2022-07-06,35.29999923706055
ARR,2022-07-07,35.900001525878906
ARR,2022-07-08,35.599998474121094
ARR,2022-07-11,35.150001525878906
ARR,2022-07-12,35.150001525878906
ARR,2022-07-13,35.70000076293945
ARR,2022-07-14,33.79999923706055
ARR,2022-07-15,34.70000076293945
ARR,2022-07-18,33.70000076293945
ARR,2022-07-19,34.70000076293945
ARR,2022-07-20,35.349998474121094
ARR,2022-07-21,35.900001525878906
ARR,2022-07-22,35.599998474121094
ARR,2022-07-25,35.5
ARR,2022-07-26,35.75
ARR,2022-07-27,36.900001525878906
ARR,2022-07-28,39.0
ARR,2022-07-29,39.349998474121094
ARR,2022-08-01,39.599998474121094
ARR,2022-08-02,38.349998474121094
ARR,2022-08-03,38.5
ARR,2022-08-04,38.0
ARR,2022-08-05,37.75
ARR,2022-08-08,38.650001525878906
ARR,2022-08-09,38.25
ARR,2022-08-10,38.70000076293945
ARR,2022-08-11,38.650001525878906
ARR,2022-08-12,37.95000076293945
ARR,2022-08-15,37.5
ARR,2022-08-16,37.599998474121094
ARR,2022-08-17,37.25
ARR,2022-08-18,37.099998474121094
ARR,2022-08-19,36.650001525878906
ARR,2022-08-22,35.29999923706055
ARR,2022-08-23,36.29999923706055
ARR,2022-08-24,36.150001525878906
ARR,2022-08-25,36.79999923706055
ARR,2022-08-26,36.599998474121094
ARR,2022-08-29,36.04999923706055
ARR,2022-08-30,35.25
ARR,2022-08-31,35.5
ARR,2022-09-01,35.0
ARR,2022-09-02,35.25
ARR,2022-09-06,35.20000076293945
ARR,2022-09-07,35.70000076293945
ARR,2022-09-08,35.75
ARR,2022-09-09,36.0
ARR,2022-09-12,35.400001525878906
ARR,2022-09-13,34.599998474121094
ARR,2022-09-14,34.20000076293945
ARR,2022-09-15,33.0
ARR,2022-09-16,32.75
ARR,2022-09-19,32.79999923706055
ARR,2022-09-20,32.349998474121094
ARR,2022-09-21,32.099998474121094
ARR,2022-09-22,31.399999618530273
ARR,2022-09-23,30.049999237060547
ARR,2022-09-26,26.950000762939453
ARR,2022-09-27,26.450000762939453
ARR,2022-09-28,26.700000762939453
ARR,2022-09-29,24.049999237060547
ARR,2022-09-30,24.350000381469727
ARR,2022-10-03,24.450000762939453
ARR,2022-10-04,27.049999237060547
ARR,2022-10-05,25.75
ARR,2022-10-06,24.649999618530273
ARR,2022-10-07,24.200000762939453
ARR,2022-10-10,22.549999237060547
ARR,2022-10-11,25.200000762939453
ARR,2022-10-12,24.399999618530273
ARR,2022-10-13,24.700000762939453
ARR,2022-10-14,23.399999618530273
ARR,2022-10-17,24.0
ARR,2022-10-18,24.25
ARR,2022-10-19,23.950000762939453
ARR,2022-10-20,23.799999237060547
ARR,2022-10-21,23.950000762939453
ARR,2022-10-24,23.850000381469727
ARR,2022-10-25,24.799999237060547
ARR,2022-10-26,25.25
ARR,2022-10-27,26.149999618530273
ARR,2022-10-28,26.700000762939453
ARR,2022-10-31,26.600000381469727
ARR,2022-11-01,26.75
ARR,2022-11-02,26.200000762939453
ARR,2022-11-03,25.850000381469727
ARR,2022-11-04,27.0
ARR,2022-11-07,27.450000762939453
ARR,2022-11-08,27.75
ARR,2022-11-09,27.649999618530273
ARR,2022-11-10,29.649999618530273
ARR,2022-11-11,30.450000762939453
ARR,2022-11-14,28.350000381469727
ARR,2022-11-15,28.450000762939453
ARR,2022-11-16,27.850000381469727
ARR,2022-11-17,27.799999237060547
ARR,2022-11-18,27.899999618530273
ARR,2022-11-21,28.350000381469727
ARR,2022-11-22,28.450000762939453
ARR,2022-11-23,28.799999237060547
ARR,2022-11-25,29.450000762939453
ARR,2022-11-28,29.049999237060547
ARR,2022-11-29,29.0
ARR,2022-11-30,29.399999618530273
ARR,2022-12-01,29.700000762939453
ARR,2022-12-02,29.600000381469727
ARR,2022-12-05,29.149999618530273
ARR,2022-12-06,28.850000381469727
ARR,2022-12-07,29.299999237060547
ARR,2022-12-08,29.5
ARR,2022-12-09,29.5
ARR,2022-12-12,29.5
ARR,2022-12-13,29.25
ARR,2022-12-14,28.950000762939453
ARR,2022-12-15,29.100000381469727
ARR,2022-12-16,28.350000381469727
ARR,2022-12-19,28.700000762939453
ARR,2022-12-20,28.399999618530273
ARR,2022-12-21,28.850000381469727
ARR,2022-12-22,29.25
ARR,2022-12-23,29.450000762939453
ARR,2022-12-27,28.850000381469727
ARR,2022-12-28,27.950000762939453
ARR,2022-12-29,28.450000762939453
ARR,2022-12-30,28.149999618530273
ARR,2023-01-03,28.950000762939453
ARR,2023-01-04,28.850000381469727
ARR,2023-01-05,28.5
ARR,2023-01-06,28.899999618530273
ARR,2023-01-09,29.299999237060547
ARR,2023-01-10,29.799999237060547
ARR,2023-01-11,30.149999618530273
ARR,2023-01-12,30.700000762939453
ARR,2023-01-13,30.399999618530273
ARR,2023-01-17,30.450000762939453
ARR,2023-01-18,30.299999237060547
ARR,2023-01-19,30.350000381469727
ARR,2023-01-20,30.549999237060547
ARR,2023-01-23,30.350000381469727
ARR,2023-01-24,30.25
ARR,2023-01-25,30.049999237060547
ARR,2023-01-26,30.549999237060547
ARR,2023-01-27,31.049999237060547
ARR,2023-01-30,30.799999237060547
ARR,2023-01-31,31.399999618530273
ARR,2023-02-01,32.349998474121094
ARR,2023-02-02,32.5
ARR,2023-02-03,32.099998474121094
ARR,2023-02-06,30.850000381469727
ARR,2023-02-07,30.950000762939453
ARR,2023-02-08,30.850000381469727
ARR,2023-02-09,30.350000381469727
ARR,2023-02-10,30.399999618530273
ARR,2023-02-13,30.799999237060547
ARR,2023-02-14,29.649999618530273
ARR,2023-02-15,28.700000762939453
ARR,2023-02-16,29.350000381469727
ARR,2023-02-17,29.350000381469727
ARR,2023-02-21,28.149999618530273
ARR,2023-02-22,28.25
ARR,2023-02-23,28.5
ARR,2023-02-24,28.100000381469727
ARR,2023-02-27,27.149999618530273
ARR,2023-02-28,27.149999618530273
ARR,2023-03-01,26.350000381469727
ARR,2023-03-02,26.200000762939453
ARR,2023-03-03,26.75
ARR,2023-03-06,26.850000381469727
ARR,2023-03-07,26.75
ARR,2023-03-08,26.850000381469727
ARR,2023-03-09,26.149999618530273
ARR,2023-03-10,25.25
ARR,2023-03-13,25.600000381469727
ARR,2023-03-14,25.5
ARR,2023-03-15,25.100000381469727
ARR,2023-03-16,25.100000381469727
ARR,2023-03-17,23.899999618530273
ARR,2023-03-20,24.049999237060547
ARR,2023-03-21,24.399999618530273
ARR,2023-03-22,24.049999237060547
ARR,2023-03-23,23.950000762939453
ARR,2023-03-24,25.100000381469727
ARR,2023-03-27,25.700000762939453
ARR,2023-03-28,24.950000762939453
ARR,2023-03-29,25.350000381469727
ARR,2023-03-30,25.549999237060547
ARR,2023-03-31,26.25
ARR,2023-04-03,26.149999618530273
ARR,2023-04-04,26.450000762939453
ARR,2023-04-05,26.799999237060547
ARR,2023-04-06,26.850000381469727
ARR,2023-04-10,26.25
ARR,2023-04-11,26.200000762939453
ARR,2023-04-12,26.600000381469727
ARR,2023-04-13,26.25
ARR,2023-04-14,25.649999618530273
ARR,2023-04-17,26.0
ARR,2023-04-18,25.549999237060547
ARR,2023-04-19,25.649999618530273
ARR,2023-04-20,25.700000762939453
ARR,2023-04-21,26.0
ARR,2023-04-24,25.700000762939453
ARR,2023-04-25,25.149999618530273
ARR,2023-04-26,24.950000762939453
ARR,2023-04-27,25.450000762939453
ARR,2023-04-28,25.5
ARR,2023-05-01,25.049999237060547
ARR,2023-05-02,24.450000762939453
ARR,2023-05-03,24.899999618530273
ARR,2023-05-04,24.649999618530273
ARR,2023-05-05,25.450000762939453
ARR,2023-05-08,25.799999237060547
ARR,2023-05-09,25.399999618530273
ARR,2023-05-10,25.5
ARR,2023-05-11,25.399999618530273
ARR,2023-05-12,24.600000381469727
ARR,2023-05-15,24.399999618530273
ARR,2023-05-16,23.799999237060547
ARR,2023-05-17,24.25
ARR,2023-05-18,24.5
ARR,2023-05-19,24.100000381469727
ARR,2023-05-22,24.100000381469727
ARR,2023-05-23,24.200000762939453
ARR,2023-05-24,23.700000762939453
ARR,2023-05-25,22.950000762939453
ARR,2023-05-26,23.899999618530273
ARR,2023-05-30,25.25
ARR,2023-05-31,25.100000381469727
ARR,2023-06-01,25.600000381469727
ARR,2023-06-02,25.75
ARR,2023-06-05,25.649999618530273
ARR,2023-06-06,25.299999237060547
ARR,2023-06-07,25.5
ARR,2023-06-08,25.5
ARR,2023-06-09,25.649999618530273
ARR,2023-06-12,26.100000381469727
ARR,2023-06-13,26.299999237060547
ARR,2023-06-14,25.649999618530273
ARR,2023-06-15,26.049999237060547
ARR,2023-06-16,26.0
ARR,2023-06-20,26.149999618530273
ARR,2023-06-21,26.25
ARR,2023-06-22,26.049999237060547
ARR,2023-06-23,25.450000762939453
ARR,2023-06-26,26.0
ARR,2023-06-27,26.600000381469727
ARR,2023-06-28,26.899999618530273
ARR,2023-06-29,26.700000762939453
ARR,2023-06-30,26.649999618530273
ARR,2023-07-03,26.549999237060547
ARR,2023-07-05,25.899999618530273
ARR,2023-07-06,25.25
ARR,2023-07-07,25.850000381469727
ARR,2023-07-10,25.850000381469727
ARR,2023-07-11,25.549999237060547
ARR,2023-07-12,25.950000762939453
ARR,2023-07-13,26.200000762939453
ARR,2023-07-14,25.149999618530273
ARR,2023-07-17,24.899999618530273
ARR,2023-07-18,25.299999237060547
ARR,2023-07-19,25.700000762939453
ARR,2023-07-20,25.350000381469727
ARR,2023-07-21,25.450000762939453
ARR,2023-07-24,25.799999237060547
ARR,2023-07-25,25.899999618530273
ARR,2023-07-26,25.950000762939453
ARR,2023-07-27,25.950000762939453
ARR,2023-07-28,25.799999237060547
ARR,2023-07-31,25.549999237060547
ARR,2023-08-01,25.649999618530273
ARR,2023-08-02,25.5
ARR,2023-08-03,25.100000381469727
ARR,2023-08-04,25.549999237060547
ARR,2023-08-07,25.450000762939453
ARR,2023-08-08,25.399999618530273
ARR,2023-08-09,25.549999237060547
ARR,2023-08-10,25.299999237060547
ARR,2023-08-11,25.299999237060547
ARR,2023-08-14,24.399999618530273
ARR,2023-08-15,24.100000381469727
ARR,2023-08-16,23.850000381469727
ARR,2023-08-17,23.450000762939453
ARR,2023-08-18,23.200000762939453
ARR,2023-08-21,23.149999618530273
ARR,2023-08-22,23.299999237060547
ARR,2023-08-23,24.0
ARR,2023-08-24,24.100000381469727
ARR,2023-08-25,24.299999237060547
ARR,2023-08-28,25.100000381469727
ARR,2023-08-29,25.350000381469727
ARR,2023-08-30,24.5
ARR,2023-08-31,24.549999237060547
ARR,2023-09-01,24.649999618530273
ARR,2023-09-05,24.350000381469727
ARR,2023-09-06,24.399999618530273
ARR,2023-09-07,24.100000381469727
ARR,2023-09-08,24.149999618530273
ARR,2023-09-11,24.5
ARR,2023-09-12,24.399999618530273
ARR,2023-09-13,24.5
ARR,2023-09-14,24.350000381469727
ARR,2023-09-15,24.5
ARR,2023-09-18,24.350000381469727
ARR,2023-09-19,24.200000762939453
ARR,2023-09-20,24.0
ARR,2023-09-21,23.049999237060547
ARR,2023-09-22,23.149999618530273
ARR,2023-09-25,22.5
ARR,2023-09-26,21.600000381469727
ARR,2023-09-27,21.100000381469727
ARR,2023-09-28,21.049999237060547
ARR,2023-09-29,21.25
ARR,2023-10-02,20.450000762939453
ARR,2023-10-03,19.100000381469727
ARR,2023-10-04,18.719999313354492
ARR,2023-10-05,18.860000610351562
ARR,2023-10-06,18.770000457763672
ARR,2023-10-09,19.420000076293945
ARR,2023-10-10,19.510000228881836
ARR,2023-10-11,19.690000534057617
ARR,2023-10-12,19.06999969482422
ARR,2023-10-13,18.190000534057617
ARR,2023-10-16,17.959999084472656
ARR,2023-10-17,17.450000762939453
ARR,2023-10-18,16.520000457763672
ARR,2023-10-19,15.539999961853027
ARR,2023-10-20,15.260000228881836
ARR,2023-10-23,15.15999984741211
ARR,2023-10-24,14.949999809265137
ARR,2023-10-25,14.220000267028809
ARR,2023-10-26,13.90999984741211
ARR,2023-10-27,13.680000305175781
ARR,2023-10-30,13.609999656677246
ARR,2023-10-31,14.569999694824219
ARR,2023-11-01,15.15999984741211
ARR,2023-11-02,15.779999732971191
ARR,2023-11-03,16.1200008392334
ARR,2023-11-06,16.18000030517578
ARR,2023-11-07,16.729999542236328
ARR,2023-11-08,16.649999618530273
ARR,2023-11-09,16.209999084472656
ARR,2023-11-10,16.360000610351562
ARR,2023-11-13,16.59000015258789
ARR,2023-11-14,16.770000457763672
ARR,2023-11-15,16.780000686645508
ARR,2023-11-16,16.790000915527344
ARR,2023-11-17,17.209999084472656
ARR,2023-11-20,17.40999984741211
ARR,2023-11-21,17.399999618530273
ARR,2023-11-22,17.459999084472656
ARR,2023-11-24,17.100000381469727
ARR,2023-11-27,17.059999465942383
ARR,2023-11-28,17.440000534057617
ARR,2023-11-29,17.68000030517578
ARR,2023-11-30,17.600000381469727
ARR,2023-12-01,18.489999771118164
ARR,2023-12-04,18.8799991607666
ARR,2023-12-05,18.8799991607666
ARR,2023-12-06,18.540000915527344
ARR,2023-12-07,18.809999465942383
ARR,2023-12-08,19.100000381469727
ARR,2023-12-11,18.8799991607666
ARR,2023-12-12,19.06999969482422
ARR,2023-12-13,19.829999923706055
ARR,2023-12-14,19.84000015258789
ARR,2023-12-15,19.290000915527344
ARR,2023-12-18,18.90999984741211
ARR,2023-12-19,19.110000610351562
ARR,2023-12-20,18.989999771118164
ARR,2023-12-21,19.530000686645508
ARR,2023-12-22,19.6200008392334
ARR,2023-12-26,19.780000686645508
ARR,2023-12-27,19.920000076293945
ARR,2023-12-28,19.81999969482422
ARR,2023-12-29,19.31999969482422
ARR,2024-01-02,18.8799991607666
ARR,2024-01-03,18.6299991607666
ARR,2024-01-04,18.489999771118164
ARR,2024-01-05,18.959999084472656
ARR,2024-01-08,19.6299991607666
ARR,2024-01-09,19.899999618530273
ARR,2024-01-10,19.979999542236328
ARR,2024-01-11,19.739999771118164
ARR,2024-01-12,19.790000915527344
ARR,2024-01-16,19.459999084472656
ARR,2024-01-17,19.110000610351562
ARR,2024-01-18,19.040000915527344
ARR,2024-01-19,19.030000686645508
ARR,2024-01-22,19.010000228881836
ARR,2024-01-23,19.40999984741211
ARR,2024-01-24,19.459999084472656
ARR,2024-01-25,19.860000610351562
ARR,2024-01-26,19.860000610351562
ARR,2024-01-29,20.280000686645508
ARR,2024-01-30,19.440000534057617
ARR,2024-01-31,19.049999237060547
ARR,2024-02-01,19.56999969482422
ARR,2024-02-02,19.31999969482422
ARR,2024-02-05,18.799999237060547
ARR,2024-02-06,18.850000381469727
ARR,2024-02-07,18.489999771118164
ARR,2024-02-08,18.559999465942383
ARR,2024-02-09,18.850000381469727
ARR,2024-02-12,19.260000228881836
ARR,2024-02-13,18.40999984741211
ARR,2024-02-14,18.270000457763672
ARR,2024-02-15,19.290000915527344
ARR,2024-02-16,19.1200008392334
ARR,2024-02-20,18.799999237060547
ARR,2024-02-21,18.8799991607666
ARR,2024-02-22,18.920000076293945
ARR,2024-02-23,19.020000457763672
ARR,2024-02-26,18.829999923706055
ARR,2024-02-27,19.09000015258789
ARR,2024-02-28,19.040000915527344
ARR,2024-02-29,19.799999237060547
ARR,2024-03-01,19.729999542236328
ARR,2024-03-04,19.31999969482422
ARR,2024-03-05,19.219999313354492
ARR,2024-03-06,19.31999969482422
ARR,2024-03-07,19.360000610351562
ARR,2024-03-08,19.479999542236328
ARR,2024-03-11,19.670000076293945
ARR,2024-03-12,19.75
ARR,2024-03-13,19.829999923706055
ARR,2024-03-14,18.719999313354492
ARR,2024-03-15,18.780000686645508
ARR,2024-03-18,18.690000534057617
ARR,2024-03-19,18.889999389648438
ARR,2024-03-20,19.299999237060547
ARR,2024-03-21,19.43000030517578
ARR,2024-03-22,19.239999771118164
ARR,2024-03-25,19.200000762939453
ARR,2024-03-26,19.020000457763672
ARR,2024-03-27,19.610000610351562
ARR,2024-03-28,19.770000457763672
ARR,2024-04-01,19.6200008392334
ARR,2024-04-02,19.350000381469727
ARR,2024-04-03,19.34000015258789
ARR,2024-04-04,19.290000915527344
ARR,2024-04-05,19.450000762939453
ARR,2024-04-08,19.479999542236328
ARR,2024-04-09,19.780000686645508
ARR,2024-04-10,18.510000228881836
ARR,2024-04-11,18.760000228881836
ARR,2024-04-12,18.420000076293945
ARR,2024-04-15,17.81999969482422
ARR,2024-04-16,17.360000610351562
ARR,2024-04-17,17.510000228881836
ARR,2024-04-18,17.709999084472656
ARR,2024-04-19,18.170000076293945
ARR,2024-04-22,18.3700008392334
ARR,2024-04-23,18.989999771118164
ARR,2024-04-24,18.729999542236328
ARR,2024-04-25,18.209999084472656
ARR,2024-04-26,18.520000457763672
ARR,2024-04-29,18.5
ARR,2024-04-30,18.170000076293945
ARR,2024-05-01,18.6299991607666
ARR,2024-05-02,18.829999923706055
ARR,2024-05-03,19.020000457763672
ARR,2024-05-06,19.239999771118164
ARR,2024-05-07,19.0
ARR,2024-05-08,19.079999923706055
ARR,2024-05-09,19.350000381469727
ARR,2024-05-10,19.360000610351562
ARR,2024-05-13,19.239999771118164
ARR,2024-05-14,19.110000610351562
ARR,2024-05-15,19.190000534057617
ARR,2024-05-16,19.209999084472656
ARR,2024-05-17,19.200000762939453
ARR,2024-05-20,19.260000228881836
ARR,2024-05-21,19.260000228881836
ARR,2024-05-22,19.0
ARR,2024-05-23,18.649999618530273
ARR,2024-05-24,18.979999542236328
ARR,2024-05-28,19.0
ARR,2024-05-29,18.739999771118164
ARR,2024-05-30,19.079999923706055
ARR,2024-05-31,19.34000015258789
ARR,2024-06-03,19.549999237060547
ARR,2024-06-04,19.34000015258789
ARR,2024-06-05,19.790000915527344
ARR,2024-06-06,19.6299991607666
ARR,2024-06-07,19.549999237060547
ARR,2024-06-10,19.329999923706055
ARR,2024-06-11,19.020000457763672
ARR,2024-06-12,19.3700008392334
ARR,2024-06-13,19.56999969482422
ARR,2024-06-14,19.540000915527344
ARR,2024-06-17,19.34000015258789
ARR,2024-06-18,19.100000381469727
ARR,2024-06-20,19.34000015258789
ARR,2024-06-21,19.649999618530273
ARR,2024-06-24,19.520000457763672
ARR,2024-06-25,19.40999984741211
ARR,2024-06-26,19.399999618530273
ARR,2024-06-27,19.389999389648438
ARR,2024-06-28,19.3799991607666
ARR,2024-07-01,19.149999618530273
ARR,2024-07-02,19.450000762939453
ARR,2024-07-03,19.479999542236328
ARR,2024-07-05,19.68000030517578
ARR,2024-07-08,19.709999084472656
ARR,2024-07-09,19.700000762939453
ARR,2024-07-10,20.06999969482422
ARR,2024-07-11,20.489999771118164
ARR,2024-07-12,21.139999389648438
ARR,2024-07-15,20.920000076293945
ARR,2024-07-16,21.639999389648438
ARR,2024-07-17,21.649999618530273
ARR,2024-07-18,21.360000610351562
ARR,2024-07-19,21.100000381469727
ARR,2024-07-22,21.31999969482422
ARR,2024-07-23,21.350000381469727
ARR,2024-07-24,20.68000030517578
ARR,2024-07-25,20.18000030517578
ARR,2024-07-26,20.469999313354492
ARR,2024-07-29,20.559999465942383
ARR,2024-07-30,20.520000457763672
ARR,2024-07-31,20.200000762939453
ARR,2024-08-01,20.260000228881836
ARR,2024-08-02,20.420000076293945
ARR,2024-08-05,19.6200008392334
ARR,2024-08-06,20.09000015258789
ARR,2024-08-07,20.06999969482422
ARR,2024-08-08,20.209999084472656
ARR,2024-08-09,20.229999542236328
ARR,2024-08-12,20.09000015258789
ARR,2024-08-13,19.969999313354492
ARR,2024-08-14,20.0
ARR,2024-08-15,19.899999618530273
ARR,2024-08-16,20.06999969482422
ARR,2024-08-19,20.139999389648438
ARR,2024-08-20,20.15999984741211
ARR,2024-08-21,20.309999465942383
ARR,2024-08-22,20.010000228881836
ARR,2024-08-23,20.09000015258789
ARR,2024-08-26,20.270000457763672
ARR,2024-08-27,20.420000076293945
ARR,2024-08-28,20.31999969482422
ARR,2024-08-29,20.31999969482422
ARR,2024-08-30,20.450000762939453
ARR,2024-09-03,20.270000457763672
ARR,2024-09-04,20.229999542236328
ARR,2024-09-05,20.260000228881836
ARR,2024-09-06,20.420000076293945
ARR,2024-09-09,20.489999771118164
ARR,2024-09-10,20.600000381469727
ARR,2024-09-11,20.59000015258789
ARR,2024-09-12,20.559999465942383
ARR,2024-09-13,20.760000228881836
ARR,2024-09-16,20.68000030517578
ARR,2024-09-17,20.649999618530273
ARR,2024-09-18,20.700000762939453
ARR,2024-09-19,20.90999984741211
ARR,2024-09-20,20.920000076293945
ARR,2024-09-23,20.110000610351562
ARR,2024-09-24,20.459999084472656
ARR,2024-09-25,20.229999542236328
ARR,2024-09-26,20.34000015258789
ARR,2024-09-27,20.510000228881836
ARR,2024-09-30,20.399999618530273
ARR,2024-10-01,19.959999084472656
ARR,2024-10-02,19.950000762939453
ARR,2024-10-03,19.8700008392334
ARR,2024-10-04,19.760000228881836
ARR,2024-10-07,19.510000228881836
ARR,2024-10-08,19.65999984741211
ARR,2024-10-09,19.670000076293945
ARR,2024-10-10,19.770000457763672
ARR,2024-10-11,19.729999542236328
ARR,2024-10-14,19.829999923706055
ARR,2024-10-15,19.639999389648438
ARR,2024-10-16,20.1200008392334
ARR,2024-10-17,20.100000381469727
ARR,2024-10-18,20.360000610351562
ARR,2024-10-21,19.969999313354492
ARR,2024-10-22,19.690000534057617
ARR,2024-10-23,19.579999923706055
ARR,2024-10-24,19.6200008392334
ARR,2024-10-25,19.389999389648438
ARR,2024-10-28,19.100000381469727
ARR,2024-10-29,19.010000228881836
ARR,2024-10-30,19.010000228881836
ARR,2024-10-31,18.75
ARR,2024-11-01,18.59000015258789
ARR,2024-11-04,18.6200008392334
ARR,2024-11-05,18.739999771118164
ARR,2024-11-06,18.729999542236328
ARR,2024-11-07,18.989999771118164
ARR,2024-11-08,19.309999465942383
ARR,2024-11-11,19.420000076293945
ARR,2024-11-12,19.010000228881836
ARR,2024-11-13,19.020000457763672
ARR,2024-11-14,18.959999084472656
ARR,2024-11-15,18.809999465942383
ARR,2024-11-18,18.799999237060547
ARR,2024-11-19,18.809999465942383
ARR,2024-11-20,18.43000030517578
ARR,2024-11-21,18.700000762939453
ARR,2024-11-22,18.690000534057617
ARR,2024-11-25,18.809999465942383
ARR,2024-11-26,18.709999084472656
ARR,2024-11-27,18.780000686645508
ARR,2024-11-29,18.920000076293945
ARR,2024-12-02,19.1200008392334
ARR,2024-12-03,19.100000381469727
ARR,2024-12-04,19.079999923706055
ARR,2024-12-05,18.989999771118164
ARR,2024-12-06,19.309999465942383
ARR,2024-12-09,19.459999084472656
ARR,2024-12-10,19.43000030517578
ARR,2024-12-11,19.459999084472656
ARR,2024-12-12,19.450000762939453
ARR,2024-12-13,19.3799991607666
ARR,2024-12-16,19.170000076293945
ARR,2024-12-17,19.030000686645508
ARR,2024-12-18,18.469999313354492
ARR,2024-12-19,18.520000457763672
ARR,2024-12-20,18.850000381469727
ARR,2024-12-23,18.690000534057617
ARR,2024-12-24,18.850000381469727
ARR,2024-12-26,18.68000030517578
ARR,2024-12-27,18.690000534057617
ARR,2024-12-30,18.59000015258789
ARR,2024-12-31,18.860000610351562
ARR,2025-01-02,18.969999313354492
ARR,2025-01-03,19.270000457763672
ARR,2025-01-06,19.010000228881836
ARR,2025-01-07,18.899999618530273
ARR,2025-01-08,18.799999237060547
ARR,2025-01-10,18.31999969482422
ARR,2025-01-13,18.149999618530273
ARR,2025-01-14,18.049999237060547
ARR,2025-01-15,18.079999923706055
ARR,2025-01-16,18.479999542236328
ARR,2025-01-17,18.65999984741211
ARR,2025-01-21,18.799999237060547
ARR,2025-01-22,18.649999618530273
ARR,2025-01-23,18.479999542236328
ARR,2025-01-24,18.510000228881836
ARR,2025-01-27,18.690000534057617
ARR,2025-01-28,18.549999237060547
ARR,2025-01-29,18.510000228881836
ARR,2025-01-30,18.780000686645508
ARR,2025-01-31,18.81999969482422
ARR,2025-02-03,18.75
ARR,2025-02-04,18.809999465942383
ARR,2025-02-05,18.829999923706055
ARR,2025-02-06,18.8799991607666
ARR,2025-02-07,18.809999465942383
ARR,2025-02-10,18.899999618530273
ARR,2025-02-11,19.059999465942383
ARR,2025-02-12,18.90999984741211
ARR,2025-02-13,19.209999084472656
ARR,2025-02-14,19.18000030517578
ARR,2025-02-18,18.950000762939453
ARR,2025-02-19,18.959999084472656
ARR,2025-02-20,18.940000534057617
ARR,2025-02-21,18.889999389648438
ARR,2025-02-24,18.739999771118164
ARR,2025-02-25,18.84000015258789
ARR,2025-02-26,19.049999237060547
ARR,2025-02-27,18.979999542236328
ARR,2025-02-28,19.049999237060547
ARR,2025-03-03,18.649999618530273
ARR,2025-03-04,18.549999237060547
ARR,2025-03-05,18.690000534057617
ARR,2025-03-06,18.649999618530273
ARR,2025-03-07,19.010000228881836
ARR,2025-03-10,18.989999771118164
ARR,2025-03-11,18.479999542236328
ARR,2025-03-12,18.56999969482422
ARR,2025-03-13,18.579999923706055
ARR,2025-03-14,18.799999237060547
ARR,2025-03-17,18.719999313354492
ARR,2025-03-18,18.799999237060547
ARR,2025-03-19,18.68000030517578
ARR,2025-03-20,18.6200008392334
ARR,2025-03-21,18.530000686645508
ARR,2025-03-24,18.540000915527344
ARR,2025-03-25,18.15999984741211
ARR,2025-03-26,17.6200008392334
ARR,2025-03-27,17.579999923706055
ARR,2025-03-28,17.049999237060547
ARR,2025-03-31,17.100000381469727
ARR,2025-04-01,17.030000686645508
ARR,2025-04-02,16.739999771118164
ARR,2025-04-03,16.399999618530273
ARR,2025-04-04,15.069999694824219
ARR,2025-04-07,14.619999885559082
ARR,2025-04-08,14.359999656677246
ARR,2025-04-09,15.050000190734863
ARR,2025-04-10,14.149999618530273
ARR,2025-04-11,14.09000015258789
ARR,2025-04-14,14.430000305175781
ARR,2025-04-15,14.229999542236328
ARR,2025-04-16,13.970000267028809
ARR,2025-04-17,14.300000190734863
ARR,2025-04-21,14.079999923706055
ARR,2025-04-22,14.699999809265137
ARR,2025-04-23,14.880000114440918
ARR,2025-04-24,15.300000190734863
ARR,2025-04-25,15.989999771118164
ARR,2025-04-28,16.420000076293945
ARR,2025-04-29,16.649999618530273
ARR,2025-04-30,16.469999313354492
ARR,2025-05-01,16.399999618530273
ARR,2025-05-02,16.219999313354492
ARR,2025-05-05,16.15999984741211
ARR,2025-05-06,16.100000381469727
ARR,2025-05-07,16.469999313354492
ARR,2025-05-08,16.84000015258789
ARR,2025-05-09,16.850000381469727
ARR,2025-05-12,16.959999084472656
ARR,2025-05-13,17.020000457763672
ARR,2025-05-14,16.81999969482422
ARR,2025-05-15,16.760000228881836
ARR,2025-05-16,16.809999465942383
ARR,2025-05-19,16.780000686645508
ARR,2025-05-20,16.719999313354492
ARR,2025-05-21,15.949999809265137
ARR,2025-05-22,15.949999809265137
ARR,2025-05-23,15.979999542236328
ARR,2025-05-27,16.06999969482422
ARR,2025-05-28,16.139999389648438
ARR,2025-05-29,16.31999969482422
ARR,2025-05-30,16.209999084472656
ARR,2025-06-02,16.049999237060547
ARR,2025-06-03,16.40999984741211
ARR,2025-06-04,16.479999542236328
ARR,2025-06-05,16.530000686645508
ARR,2025-06-06,16.540000915527344
ARR,2025-06-09,16.579999923706055
ARR,2025-06-10,16.75
ARR,2025-06-11,16.809999465942383
ARR,2025-06-12,16.899999618530273
ARR,2025-06-13,16.75
ARR,2025-06-16,16.479999542236328
ARR,2025-06-17,16.200000762939453
ARR,2025-06-18,16.56999969482422
ARR,2025-06-20,16.459999084472656
ARR,2025-06-23,16.420000076293945
ARR,2025-06-24,16.469999313354492
ARR,2025-06-25,16.479999542236328
ARR,2025-06-26,16.690000534057617
ARR,2025-06-27,16.579999923706055
ARR,2025-06-30,16.809999465942383
ARR,2025-07-01,16.75
ARR,2025-07-02,16.850000381469727
ARR,2025-07-03,16.860000610351562
ARR,2025-07-07,16.690000534057617
ARR,2025-07-08,16.65999984741211
ARR,2025-07-09,16.8799991607666
ARR,2025-07-10,16.93000030517578
ARR,2025-07-11,16.850000381469727
ARR,2025-07-14,16.739999771118164
ARR,2025-07-15,16.540000915527344
ARR,2025-07-16,16.5
ARR,2025-07-17,16.59000015258789
ARR,2025-07-18,16.479999542236328
ARR,2025-07-21,16.309999465942383
ARR,2025-07-22,16.68000030517578
ARR,2025-07-23,16.889999389648438
ARR,2025-07-24,16.690000534057617
ARR,2025-07-25,16.860000610351562
ARR,2025-07-28,16.6299991607666
ARR,2025-07-29,16.690000534057617
ARR,2025-07-30,16.43000030517578
ARR,2025-07-31,16.309999465942383
ARR,2025-08-01,16.3799991607666
ARR,2025-08-04,16.799999237060547
ARR,2025-08-05,16.799999237060547
ARR,2025-08-06,15.899999618530273
ARR,2025-08-07,15.819999694824219
ARR,2025-08-08,15.619999885559082
ARR,2025-08-11,14.880000114440918
ARR,2025-08-12,15.079999923706055
ARR,2025-08-13,15.420000076293945
ARR,2025-08-14,15.289999961853027
ARR,2025-08-15,15.0600004196167
ARR,2025-08-18,14.880000114440918
ARR,2025-08-19,14.710000038146973
ARR,2025-08-20,14.8100004196167
ARR,2025-08-21,14.739999771118164
ARR,2025-08-22,15.1899995803833
ARR,2025-08-25,15.029999732971191
ARR,2025-08-26,15.140000343322754
ARR,2025-08-27,15.079999923706055
ARR,2025-08-28,15.140000343322754
ARR,2025-08-29,15.3100004196167
ARR,2025-09-02,15.149999618530273
ARR,2025-09-03,15.390000343322754
ARR,2025-09-04,15.630000114440918
ARR,2025-09-05,15.819999694824219
ARR,2025-09-08,15.710000038146973
ARR,2025-09-09,15.630000114440918
ARR,2025-09-10,15.460000038146973
ARR,2025-09-11,15.239999771118164
ARR,2025-09-12,15.319999694824219
ARR,2025-09-15,15.069999694824219
ARR,2025-09-16,14.869999885559082
ARR,2025-09-17,14.9399995803833
ARR,2025-09-18,14.75
ARR,2025-09-19,14.59000015258789
ARR,2025-09-22,14.050000190734863
ARR,2025-09-23,14.229999542236328
ARR,2025-09-24,14.130000114440918
ARR,2025-09-25,14.34000015258789
ARR,2025-09-26,14.569999694824219
ARR,2025-09-29,14.670000076293945
ARR,2025-09-30,14.9399995803833
ARR,2025-10-01,15.420000076293945
ARR,2025-10-02,15.520000457763672
ARR,2025-10-03,15.489999771118164
ARR,2025-10-06,15.460000038146973
ARR,2025-10-07,15.59000015258789
ARR,2025-10-08,15.890000343322754
ARR,2025-10-09,15.760000228881836
ARR,2025-10-10,15.640000343322754
ARR,2025-10-13,15.65999984741211
ARR,2025-10-14,15.680000305175781
ARR,2025-10-15,15.579999923706055
ARR,2025-10-16,15.4399995803833
ARR,2025-10-17,15.65999984741211
ARR,2025-10-20,15.75
ARR,2025-10-21,15.6899995803833
ARR,2025-10-22,15.770000457763672
ARR,2025-10-23,15.9399995803833
ARR,2025-10-24,16.40999984741211
ARR,2025-10-27,16.389999389648438
ARR,2025-10-28,16.290000915527344
ARR,2025-10-29,16.209999084472656
ARR,2025-10-30,15.949999809265137
ARR,2025-10-31,16.219999313354492
ARR,2025-11-03,16.34000015258789
ARR,2025-11-04,16.459999084472656
ARR,2025-11-05,16.670000076293945
ARR,2025-11-06,16.579999923706055
ARR,2025-11-07,16.829999923706055
ARR,2025-11-10,16.760000228881836
ARR,2025-11-11,17.010000228881836
ARR,2025-11-12,16.81999969482422
ARR,2025-11-13,16.549999237060547
ARR,2025-11-14,16.690000534057617
ARR,2025-11-17,16.440000534057617
ARR,2025-11-18,16.639999389648438
ARR,2025-11-19,16.450000762939453
ARR,2025-11-20,16.309999465942383
ARR,2025-11-21,16.610000610351562
ARR,2025-11-24,16.75
ARR,2025-11-25,17.049999237060547
ARR,2025-11-26,17.420000076293945
ARR,2025-11-28,17.520000457763672
ARR,2025-12-01,17.260000228881836
ARR,2025-12-02,17.299999237060547
ARR,2025-12-03,17.520000457763672
ARR,2025-12-04,17.440000534057617
ARR,2025-12-05,17.579999923706055
ARR,2025-12-08,17.31999969482422
ARR,2025-12-09,16.75
ARR,2025-12-10,16.790000915527344
ARR,2025-12-11,16.950000762939453
ARR,2025-12-12,16.90999984741211
ARR,2025-12-15,17.030000686645508
ARR,2025-12-16,16.8700008392334
ARR,2025-12-17,16.940000534057617
ARR,2025-12-18,17.200000762939453
ARR,2025-12-19,17.399999618530273
ARR,2025-12-22,17.719999313354492
ARR,2025-12-23,17.510000228881836
ARR,2025-12-24,17.559999465942383
ARR,2025-12-26,17.530000686645508
ARR,2025-12-29,17.559999465942383
ARR,2025-12-30,17.540000915527344
ARR,2025-12-31,17.690000534057617
ARR,2026-01-02,18.09000015258789
ARR,2026-01-05,18.170000076293945
ARR,2026-01-06,18.219999313354492
ARR,2026-01-07,18.1299991607666
ARR,2026-01-08,18.06999969482422
ARR,2026-01-09,18.100000381469727
ARR,2026-01-12,18.649999618530273
ARR,2026-01-13,18.68000030517578
ARR,2026-01-14,18.8700008392334
ARR,2026-01-15,18.81999969482422
ARR,2026-01-16,19.1200008392334
ARR,2026-01-20,18.559999465942383
ARR,2026-01-21,18.450000762939453
ARR,2026-01-22,18.440000534057617
ARR,2026-01-23,18.360000610351562
ARR,2026-01-26,18.290000915527344
ARR,2026-01-27,18.56999969482422
ARR,2026-01-28,18.469999313354492
ARR,2026-01-29,18.3700008392334
ARR,2026-01-30,17.399999618530273
ARR,2026-02-02,17.059999465942383
ARR,2026-02-03,17.34000015258789
ARR,2026-02-04,17.600000381469727
ARR,2026-02-05,17.65999984741211
ARR,2026-02-06,17.690000534057617
ARR,2026-02-09,17.489999771118164
ARR,2026-02-10,17.600000381469727
ARR,2026-02-11,17.65999984741211
ARR,2026-02-12,18.139999389648438
ARR,2026-02-13,18.299999237060547
ARR,2026-02-17,17.780000686645508
ARR,2026-02-18,17.68000030517578
ARR,2026-02-19,17.65999984741211
ARR,2026-02-20,17.889999389648438
ARR,2026-02-23,18.030000686645508
ARR,2026-02-24,18.18000030517578
ARR,2026-02-25,18.0
ARR,2026-02-26,18.110000610351562
ARR,2026-02-27,17.950000762939453
ARR,2026-03-02,17.860000610351562
ARR,2026-03-03,17.84000015258789
ARR,2026-03-04,17.81999969482422
ARR,2026-03-05,17.889999389648438
ARR,2026-03-06,17.709999084472656
ARR,2026-03-09,17.270000457763672
ARR,2026-03-10,17.799999237060547
ARR,2026-03-11,17.84000015258789
ARR,2026-03-12,17.40999984741211
ARR,2026-03-13,17.079999923706055
ARR,2026-03-16,17.030000686645508
ARR,2026-03-17,17.170000076293945
ARR,2026-03-18,16.6200008392334
ARR,2026-03-19,16.56999969482422
ARR,2026-03-20,15.479999542236328
ARR,2026-03-23,15.850000381469727
ARR,2026-03-24,15.989999771118164
ARR,2026-03-25,16.389999389648438
ARR,2026-03-26,16.010000228881836
ARR,2026-03-27,15.729999542236328
ARR,2026-03-30,16.149999618530273
ARR,2026-03-31,16.68000030517578
ARR,2026-04-01,16.8799991607666
ARR,2026-04-02,17.139999389648438
ARR,2026-04-06,17.34000015258789
ARR,2026-04-07,17.190000534057617
ARR,2026-04-08,17.329999923706055
ARR,2026-04-09,17.559999465942383
ARR,2026-04-10,17.670000076293945
ARR,2026-04-13,17.56999969482422
ARR,2026-04-14,17.780000686645508
ARR,2026-04-15,17.559999465942383
ARR,2026-04-16,16.969999313354492
ARR,2026-04-17,17.639999389648438
ARR,2026-04-20,17.440000534057617
ARR,2026-04-21,17.450000762939453
ARR,2026-04-22,17.559999465942383
ARR,2026-04-23,17.5
ARR,2026-04-24,17.6200008392334
ARR,2026-04-27,17.610000610351562
ARR,2026-04-28,17.610000610351562
ARR,2026-04-29,17.260000228881836
ARR,2026-04-30,17.540000915527344
ARR,2026-05-01,17.729999542236328
ARR,2026-05-04,17.290000915527344
ARR,2026-05-05,17.309999465942383
ARR,2026-05-06,17.43000030517578
ARR,2026-05-07,17.549999237060547
ARR,2026-05-08,17.6299991607666
ARR,2026-05-11,17.719999313354492
ARR,2026-05-12,17.559999465942383
ARR,2026-05-13,17.389999389648438
ARR,2026-05-14,17.3700008392334
ARR,2026-05-15,16.979999542236328
ARR,2026-05-18,16.43000030517578
ARR,2026-05-19,16.40999984741211
ARR,2026-05-20,16.469999313354492
ARR,2026-05-21,16.719999313354492
ARR,2026-05-22,16.56999969482422
ARR,2026-05-26,16.920000076293945
ARR,2026-05-27,17.020000457763672
ARR,2026-05-28,17.110000610351562
ARR,2026-05-29,17.149999618530273
ARR,2026-06-01,17.1299991607666
ARR,2026-06-02,17.260000228881836
ARR,2026-06-03,17.06999969482422
ARR,2026-06-04,17.219999313354492
ARR,2026-06-05,17.110000610351562
ARR,2026-06-08,16.700000762939453
ARR,2026-06-09,17.15999984741211
ARR,2026-06-10,16.829999923706055
ARR,2026-06-11,17.1299991607666
ARR,2026-06-12,17.100000381469727
ARR,2026-06-15,17.040000915527344
ARR,2026-06-16,17.040000915527344
ARR,2026-06-17,16.68000030517578
ARR,2026-06-18,16.760000228881836
ARR,2026-06-22,16.549999237060547
ARR,2026-06-23,16.799999237060547
ARR,2026-06-24,16.950000762939453
ARR,2026-06-25,17.139999389648438
ARR,2026-06-26,17.260000228881836
ARR,2026-06-29,17.34000015258789
ARR,2026-06-30,17.450000762939453
ARR,2026-07-01,17.25
ARR,2026-07-02,17.1299991607666
ARR,2026-07-06,17.18000030517578
ARR,2026-07-07,16.979999542236328
ARR,2026-07-08,16.889999389648438
ARR,2026-07-09,17.09000015258789
ARR,2026-07-10,17.049999237060547
ARR,2026-07-13,16.8700008392334
ARR,2026-07-14,17.110000610351562
ARR,2026-07-15,17.299999237060547
ARR,2026-07-16,17.1200008392334
ARR,2026-07-17,16.610000610351562
ARR,2026-07-20,16.399999618530273
ARR,2026-07-21,16.43000030517578
ARR,2026-07-22,16.3799991607666
ARR,2026-07-23,16.1299991607666
ARR,2026-07-24,16.270000457763672
ARR,2026-07-27,16.209999084472656
ARR,2026-07-28,16.40999984741211
ARR,2026-07-29,16.360000610351562
ARR,2026-07-30,16.450000762939453
ARR,2026-07-31,16.469999313354492
ARR,2026-08-03,16.329999923706055
ARR,2026-08-04,16.43000030517578
ARR,2026-08-05,16.6299991607666
ARR,2026-08-06,16.549999237060547
ARR,2026-08-07,16.68000030517578
ARR,2026-08-10,16.540000915527344
ARR,2026-08-11,16.670000076293945
ARR,2026-08-12,16.639999389648438
ARR,2026-08-13,16.719999313354492
ARR,2026-08-14,16.739999771118164
ARR,2026-08-17,16.459999084472656
ARR,2026-08-18,16.3799991607666
ARR,2026-08-19,16.479999542236328
CIM,2021-01-04,29.520000457763672
CIM,2021-01-05,29.3700008392334
CIM,2021-01-06,30.510000228881836
CIM,2021-01-07,30.270000457763672
CIM,2021-01-08,30.360000610351562
CIM,2021-01-11,30.030000686645508
CIM,2021-01-12,30.450000762939453
CIM,2021-01-13,30.6299991607666
CIM,2021-01-14,31.110000610351562
CIM,2021-01-15,30.6299991607666
CIM,2021-01-19,30.719999313354492
CIM,2021-01-20,31.139999389648438
CIM,2021-01-21,31.5
CIM,2021-01-22,31.469999313354492
CIM,2021-01-25,31.799999237060547
CIM,2021-01-26,31.950000762939453
CIM,2021-01-27,30.510000228881836
CIM,2021-01-28,30.899999618530273
CIM,2021-01-29,30.299999237060547
CIM,2021-02-01,31.020000457763672
CIM,2021-02-02,31.739999771118164
CIM,2021-02-03,31.68000030517578
CIM,2021-02-04,32.369998931884766
CIM,2021-02-05,32.66999816894531
CIM,2021-02-08,32.880001068115234
CIM,2021-02-09,33.2400016784668
CIM,2021-02-10,33.38999938964844
CIM,2021-02-11,33.5099983215332
CIM,2021-02-12,34.04999923706055
CIM,2021-02-16,35.81999969482422
CIM,2021-02-17,34.2599983215332
CIM,2021-02-18,33.47999954223633
CIM,2021-02-19,34.529998779296875
CIM,2021-02-22,34.619998931884766
CIM,2021-02-23,34.40999984741211
CIM,2021-02-24,35.939998626708984
CIM,2021-02-25,34.77000045776367
CIM,2021-02-26,34.619998931884766
CIM,2021-03-01,35.279998779296875
CIM,2021-03-02,35.90999984741211
CIM,2021-03-03,36.150001525878906
CIM,2021-03-04,35.58000183105469
CIM,2021-03-05,35.7599983215332
CIM,2021-03-08,36.630001068115234
CIM,2021-03-09,36.779998779296875
CIM,2021-03-10,37.31999969482422
CIM,2021-03-11,37.59000015258789
CIM,2021-03-12,38.099998474121094
CIM,2021-03-15,38.63999938964844
CIM,2021-03-16,38.61000061035156
CIM,2021-03-17,38.970001220703125
CIM,2021-03-18,37.91999816894531
CIM,2021-03-19,37.97999954223633
CIM,2021-03-22,37.88999938964844
CIM,2021-03-23,37.439998626708984
CIM,2021-03-24,37.709999084472656
CIM,2021-03-25,38.130001068115234
CIM,2021-03-26,38.58000183105469
CIM,2021-03-29,38.369998931884766
CIM,2021-03-30,38.25
CIM,2021-03-31,38.099998474121094
CIM,2021-04-01,38.459999084472656
CIM,2021-04-05,38.099998474121094
CIM,2021-04-06,38.369998931884766
CIM,2021-04-07,38.459999084472656
CIM,2021-04-08,38.54999923706055
CIM,2021-04-09,38.66999816894531
CIM,2021-04-12,38.70000076293945
CIM,2021-04-13,38.7599983215332
CIM,2021-04-14,38.81999969482422
CIM,2021-04-15,38.7599983215332
CIM,2021-04-16,38.4900016784668
CIM,2021-04-19,37.59000015258789
CIM,2021-04-20,36.810001373291016
CIM,2021-04-21,37.709999084472656
CIM,2021-04-22,37.529998779296875
CIM,2021-04-23,38.15999984741211
CIM,2021-04-26,37.97999954223633
CIM,2021-04-27,38.34000015258789
CIM,2021-04-28,38.939998626708984
CIM,2021-04-29,39.0
CIM,2021-04-30,39.41999816894531
CIM,2021-05-03,39.779998779296875
CIM,2021-05-04,38.790000915527344
CIM,2021-05-05,40.560001373291016
CIM,2021-05-06,40.439998626708984
CIM,2021-05-07,40.5
CIM,2021-05-10,40.40999984741211
CIM,2021-05-11,40.16999816894531
CIM,2021-05-12,39.060001373291016
CIM,2021-05-13,39.900001525878906
CIM,2021-05-14,40.59000015258789
CIM,2021-05-17,40.79999923706055
CIM,2021-05-18,41.0099983215332
CIM,2021-05-19,41.189998626708984
CIM,2021-05-20,41.369998931884766
CIM,2021-05-21,41.310001373291016
CIM,2021-05-24,41.52000045776367
CIM,2021-05-25,41.220001220703125
CIM,2021-05-26,41.90999984741211
CIM,2021-05-27,42.09000015258789
CIM,2021-05-28,42.38999938964844
CIM,2021-06-01,43.08000183105469
CIM,2021-06-02,43.5
CIM,2021-06-03,43.470001220703125
CIM,2021-06-04,43.5
CIM,2021-06-07,44.790000915527344
CIM,2021-06-08,45.720001220703125
CIM,2021-06-09,46.86000061035156
CIM,2021-06-10,46.349998474121094
CIM,2021-06-11,46.08000183105469
CIM,2021-06-14,46.13999938964844
CIM,2021-06-15,45.959999084472656
CIM,2021-06-16,46.5
CIM,2021-06-17,45.75
CIM,2021-06-18,44.70000076293945
CIM,2021-06-21,46.290000915527344
CIM,2021-06-22,46.08000183105469
CIM,2021-06-23,45.900001525878906
CIM,2021-06-24,46.619998931884766
CIM,2021-06-25,46.20000076293945
CIM,2021-06-28,46.22999954223633
CIM,2021-06-29,44.52000045776367
CIM,2021-06-30,45.18000030517578
CIM,2021-07-01,45.29999923706055
CIM,2021-07-02,45.119998931884766
CIM,2021-07-06,44.790000915527344
CIM,2021-07-07,44.189998626708984
CIM,2021-07-08,43.380001068115234
CIM,2021-07-09,44.81999969482422
CIM,2021-07-12,45.2400016784668
CIM,2021-07-13,43.86000061035156
CIM,2021-07-14,42.959999084472656
CIM,2021-07-15,43.2599983215332
CIM,2021-07-16,43.22999954223633
CIM,2021-07-19,42.09000015258789
CIM,2021-07-20,43.59000015258789
CIM,2021-07-21,44.279998779296875
CIM,2021-07-22,43.619998931884766
CIM,2021-07-23,43.380001068115234
CIM,2021-07-26,43.86000061035156
CIM,2021-07-27,43.59000015258789
CIM,2021-07-28,43.97999954223633
CIM,2021-07-29,44.81999969482422
CIM,2021-07-30,44.15999984741211
CIM,2021-08-02,43.59000015258789
CIM,2021-08-03,43.77000045776367
CIM,2021-08-04,43.83000183105469
CIM,2021-08-05,45.0
CIM,2021-08-06,45.33000183105469
CIM,2021-08-09,44.7599983215332
CIM,2021-08-10,45.060001373291016
CIM,2021-08-11,45.38999938964844
CIM,2021-08-12,45.38999938964844
CIM,2021-08-13,45.47999954223633
CIM,2021-08-16,45.18000030517578
CIM,2021-08-17,45.45000076293945
CIM,2021-08-18,45.0
CIM,2021-08-19,44.54999923706055
CIM,2021-08-20,45.18000030517578
CIM,2021-08-23,45.36000061035156
CIM,2021-08-24,45.689998626708984
CIM,2021-08-25,45.630001068115234
CIM,2021-08-26,45.119998931884766
CIM,2021-08-27,45.810001373291016
CIM,2021-08-30,45.540000915527344
CIM,2021-08-31,45.959999084472656
CIM,2021-09-01,45.959999084472656
CIM,2021-09-02,45.9900016784668
CIM,2021-09-03,45.84000015258789
CIM,2021-09-07,45.33000183105469
CIM,2021-09-08,44.970001220703125
CIM,2021-09-09,45.029998779296875
CIM,2021-09-10,44.63999938964844
CIM,2021-09-13,45.18000030517578
CIM,2021-09-14,45.150001525878906
CIM,2021-09-15,45.47999954223633
CIM,2021-09-16,45.65999984741211
CIM,2021-09-17,45.45000076293945
CIM,2021-09-20,45.29999923706055
CIM,2021-09-21,45.540000915527344
CIM,2021-09-22,45.900001525878906
CIM,2021-09-23,46.22999954223633
CIM,2021-09-24,46.31999969482422
CIM,2021-09-27,46.59000015258789
CIM,2021-09-28,45.900001525878906
CIM,2021-09-29,45.060001373291016
CIM,2021-09-30,44.54999923706055
CIM,2021-10-01,45.060001373291016
CIM,2021-10-04,45.029998779296875
CIM,2021-10-05,45.119998931884766
CIM,2021-10-06,45.27000045776367
CIM,2021-10-07,45.36000061035156
CIM,2021-10-08,45.689998626708984
CIM,2021-10-11,45.779998779296875
CIM,2021-10-12,46.11000061035156
CIM,2021-10-13,46.290000915527344
CIM,2021-10-14,46.5
CIM,2021-10-15,45.959999084472656
CIM,2021-10-18,46.16999816894531
CIM,2021-10-19,46.7400016784668
CIM,2021-10-20,46.95000076293945
CIM,2021-10-21,46.68000030517578
CIM,2021-10-22,46.5
CIM,2021-10-25,46.91999816894531
CIM,2021-10-26,46.88999938964844
CIM,2021-10-27,46.529998779296875
CIM,2021-10-28,46.470001220703125
CIM,2021-10-29,46.83000183105469
CIM,2021-11-01,47.400001525878906
CIM,2021-11-02,46.290000915527344
CIM,2021-11-03,49.13999938964844
CIM,2021-11-04,49.04999923706055
CIM,2021-11-05,50.400001525878906
CIM,2021-11-08,49.40999984741211
CIM,2021-11-09,49.86000061035156
CIM,2021-11-10,49.560001373291016
CIM,2021-11-11,49.88999938964844
CIM,2021-11-12,49.68000030517578
CIM,2021-11-15,49.77000045776367
CIM,2021-11-16,49.470001220703125
CIM,2021-11-17,49.349998474121094
CIM,2021-11-18,49.5
CIM,2021-11-19,49.290000915527344
CIM,2021-11-22,49.31999969482422
CIM,2021-11-23,49.91999816894531
CIM,2021-11-24,50.25
CIM,2021-11-26,49.290000915527344
CIM,2021-11-29,48.720001220703125
CIM,2021-11-30,47.70000076293945
CIM,2021-12-01,46.86000061035156
CIM,2021-12-02,48.09000015258789
CIM,2021-12-03,47.189998626708984
CIM,2021-12-06,48.779998779296875
CIM,2021-12-07,49.16999816894531
CIM,2021-12-08,48.84000015258789
CIM,2021-12-09,48.689998626708984
CIM,2021-12-10,47.81999969482422
CIM,2021-12-13,46.40999984741211
CIM,2021-12-14,45.689998626708984
CIM,2021-12-15,45.630001068115234
CIM,2021-12-16,45.2400016784668
CIM,2021-12-17,44.400001525878906
CIM,2021-12-20,43.470001220703125
CIM,2021-12-21,45.75
CIM,2021-12-22,46.22999954223633
CIM,2021-12-23,46.380001068115234
CIM,2021-12-27,46.650001525878906
CIM,2021-12-28,46.97999954223633
CIM,2021-12-29,45.45000076293945
CIM,2021-12-30,45.29999923706055
CIM,2021-12-31,45.2400016784668
CIM,2022-01-03,45.959999084472656
CIM,2022-01-04,45.65999984741211
CIM,2022-01-05,45.119998931884766
CIM,2022-01-06,45.33000183105469
CIM,2022-01-07,45.18000030517578
CIM,2022-01-10,44.61000061035156
CIM,2022-01-11,45.060001373291016
CIM,2022-01-12,44.369998931884766
CIM,2022-01-13,44.189998626708984
CIM,2022-01-14,44.25
CIM,2022-01-18,43.349998474121094
CIM,2022-01-19,43.04999923706055
CIM,2022-01-20,42.540000915527344
CIM,2022-01-21,41.72999954223633
CIM,2022-01-24,41.52000045776367
CIM,2022-01-25,42.45000076293945
CIM,2022-01-26,42.47999954223633
CIM,2022-01-27,41.90999984741211
CIM,2022-01-28,42.150001525878906
CIM,2022-01-31,43.5
CIM,2022-02-01,42.869998931884766
CIM,2022-02-02,42.209999084472656
CIM,2022-02-03,40.77000045776367
CIM,2022-02-04,40.88999938964844
CIM,2022-02-07,40.470001220703125
CIM,2022-02-08,41.369998931884766
CIM,2022-02-09,40.79999923706055
CIM,2022-02-10,39.93000030517578
CIM,2022-02-11,39.900001525878906
CIM,2022-02-14,39.45000076293945
CIM,2022-02-15,40.11000061035156
CIM,2022-02-16,40.380001068115234
CIM,2022-02-17,38.459999084472656
CIM,2022-02-18,38.939998626708984
CIM,2022-02-22,37.02000045776367
CIM,2022-02-23,35.70000076293945
CIM,2022-02-24,36.38999938964844
CIM,2022-02-25,36.689998626708984
CIM,2022-02-28,36.5099983215332
CIM,2022-03-01,35.7599983215332
CIM,2022-03-02,36.65999984741211
CIM,2022-03-03,36.810001373291016
CIM,2022-03-04,36.5099983215332
CIM,2022-03-07,35.54999923706055
CIM,2022-03-08,36.47999954223633
CIM,2022-03-09,36.75
CIM,2022-03-10,36.689998626708984
CIM,2022-03-11,36.56999969482422
CIM,2022-03-14,36.41999816894531
CIM,2022-03-15,36.84000015258789
CIM,2022-03-16,36.84000015258789
CIM,2022-03-17,36.900001525878906
CIM,2022-03-18,37.5
CIM,2022-03-21,36.93000030517578
CIM,2022-03-22,37.2599983215332
CIM,2022-03-23,36.869998931884766
CIM,2022-03-24,37.02000045776367
CIM,2022-03-25,37.5
CIM,2022-03-28,37.40999984741211
CIM,2022-03-29,37.91999816894531
CIM,2022-03-30,36.33000183105469
CIM,2022-03-31,36.119998931884766
CIM,2022-04-01,36.33000183105469
CIM,2022-04-04,35.66999816894531
CIM,2022-04-05,34.86000061035156
CIM,2022-04-06,33.9900016784668
CIM,2022-04-07,33.209999084472656
CIM,2022-04-08,33.27000045776367
CIM,2022-04-11,33.060001373291016
CIM,2022-04-12,32.72999954223633
CIM,2022-04-13,32.880001068115234
CIM,2022-04-14,32.70000076293945
CIM,2022-04-18,32.459999084472656
CIM,2022-04-19,31.170000076293945
CIM,2022-04-20,31.889999389648438
CIM,2022-04-21,31.469999313354492
CIM,2022-04-22,30.6299991607666
CIM,2022-04-25,30.450000762939453
CIM,2022-04-26,29.520000457763672
CIM,2022-04-27,29.729999542236328
CIM,2022-04-28,30.84000015258789
CIM,2022-04-29,30.059999465942383
CIM,2022-05-02,30.510000228881836
CIM,2022-05-03,32.0099983215332
CIM,2022-05-04,32.880001068115234
CIM,2022-05-05,31.40999984741211
CIM,2022-05-06,30.93000030517578
CIM,2022-05-09,29.489999771118164
CIM,2022-05-10,29.610000610351562
CIM,2022-05-11,29.25
CIM,2022-05-12,28.469999313354492
CIM,2022-05-13,29.100000381469727
CIM,2022-05-16,28.6200008392334
CIM,2022-05-17,28.979999542236328
CIM,2022-05-18,28.049999237060547
CIM,2022-05-19,27.75
CIM,2022-05-20,28.229999542236328
CIM,2022-05-23,28.260000228881836
CIM,2022-05-24,28.59000015258789
CIM,2022-05-25,28.31999969482422
CIM,2022-05-26,29.190000534057617
CIM,2022-05-27,29.579999923706055
CIM,2022-05-31,29.399999618530273
CIM,2022-06-01,29.760000228881836
CIM,2022-06-02,29.940000534057617
CIM,2022-06-03,29.610000610351562
CIM,2022-06-06,29.579999923706055
CIM,2022-06-07,30.030000686645508
CIM,2022-06-08,29.549999237060547
CIM,2022-06-09,29.3700008392334
CIM,2022-06-10,28.799999237060547
CIM,2022-06-13,25.920000076293945
CIM,2022-06-14,25.709999084472656
CIM,2022-06-15,24.75
CIM,2022-06-16,23.34000015258789
CIM,2022-06-17,24.209999084472656
CIM,2022-06-21,25.170000076293945
CIM,2022-06-22,25.469999313354492
CIM,2022-06-23,26.610000610351562
CIM,2022-06-24,27.600000381469727
CIM,2022-06-27,27.540000915527344
CIM,2022-06-28,27.420000076293945
CIM,2022-06-29,26.399999618530273
CIM,2022-06-30,26.459999084472656
CIM,2022-07-01,27.1200008392334
CIM,2022-07-05,27.6299991607666
CIM,2022-07-06,27.059999465942383
CIM,2022-07-07,27.450000762939453
CIM,2022-07-08,27.65999984741211
CIM,2022-07-11,27.09000015258789
CIM,2022-07-12,27.389999389648438
CIM,2022-07-13,27.6299991607666
CIM,2022-07-14,26.81999969482422
CIM,2022-07-15,27.329999923706055
CIM,2022-07-18,26.639999389648438
CIM,2022-07-19,27.690000534057617
CIM,2022-07-20,27.989999771118164
CIM,2022-07-21,28.770000457763672
CIM,2022-07-22,28.3799991607666
CIM,2022-07-25,28.6200008392334
CIM,2022-07-26,28.950000762939453
CIM,2022-07-27,29.90999984741211
CIM,2022-07-28,31.260000228881836
CIM,2022-07-29,31.40999984741211
CIM,2022-08-01,31.59000015258789
CIM,2022-08-02,30.450000762939453
CIM,2022-08-03,30.389999389648438
CIM,2022-08-04,27.780000686645508
CIM,2022-08-05,27.899999618530273
CIM,2022-08-08,28.31999969482422
CIM,2022-08-09,28.079999923706055
CIM,2022-08-10,28.079999923706055
CIM,2022-08-11,28.139999389648438
CIM,2022-08-12,28.829999923706055
CIM,2022-08-15,28.950000762939453
CIM,2022-08-16,28.770000457763672
CIM,2022-08-17,28.260000228881836
CIM,2022-08-18,28.350000381469727
CIM,2022-08-19,27.6299991607666
CIM,2022-08-22,26.43000030517578
CIM,2022-08-23,26.670000076293945
CIM,2022-08-24,26.399999618530273
CIM,2022-08-25,26.790000915527344
CIM,2022-08-26,26.489999771118164
CIM,2022-08-29,26.190000534057617
CIM,2022-08-30,25.799999237060547
CIM,2022-08-31,25.5
CIM,2022-09-01,24.719999313354492
CIM,2022-09-02,24.329999923706055
CIM,2022-09-06,24.0
CIM,2022-09-07,24.18000030517578
CIM,2022-09-08,24.420000076293945
CIM,2022-09-09,24.93000030517578
CIM,2022-09-12,25.139999389648438
CIM,2022-09-13,24.299999237060547
CIM,2022-09-14,24.18000030517578
CIM,2022-09-15,23.309999465942383
CIM,2022-09-16,23.549999237060547
CIM,2022-09-19,23.459999084472656
CIM,2022-09-20,22.950000762939453
CIM,2022-09-21,22.68000030517578
CIM,2022-09-22,20.520000457763672
CIM,2022-09-23,19.68000030517578
CIM,2022-09-26,17.729999542236328
CIM,2022-09-27,17.969999313354492
CIM,2022-09-28,18.270000457763672
CIM,2022-09-29,15.779999732971191
CIM,2022-09-30,15.65999984741211
CIM,2022-10-03,15.84000015258789
CIM,2022-10-04,18.510000228881836
CIM,2022-10-05,17.1299991607666
CIM,2022-10-06,16.40999984741211
CIM,2022-10-07,15.779999732971191
CIM,2022-10-10,15.09000015258789
CIM,2022-10-11,16.260000228881836
CIM,2022-10-12,16.170000076293945
CIM,2022-10-13,16.649999618530273
CIM,2022-10-14,16.31999969482422
CIM,2022-10-17,16.739999771118164
CIM,2022-10-18,17.100000381469727
CIM,2022-10-19,16.829999923706055
CIM,2022-10-20,16.889999389648438
CIM,2022-10-21,17.43000030517578
CIM,2022-10-24,17.700000762939453
CIM,2022-10-25,19.260000228881836
CIM,2022-10-26,19.40999984741211
CIM,2022-10-27,19.40999984741211
CIM,2022-10-28,20.309999465942383
CIM,2022-10-31,20.25
CIM,2022-11-01,20.34000015258789
CIM,2022-11-02,19.5
CIM,2022-11-03,17.760000228881836
CIM,2022-11-04,18.809999465942383
CIM,2022-11-07,18.899999618530273
CIM,2022-11-08,18.75
CIM,2022-11-09,18.809999465942383
CIM,2022-11-10,19.709999084472656
CIM,2022-11-11,20.3700008392334
CIM,2022-11-14,19.920000076293945
CIM,2022-11-15,20.190000534057617
CIM,2022-11-16,19.59000015258789
CIM,2022-11-17,19.290000915527344
CIM,2022-11-18,19.290000915527344
CIM,2022-11-21,19.3799991607666
CIM,2022-11-22,19.6200008392334
CIM,2022-11-23,19.829999923706055
CIM,2022-11-25,20.06999969482422
CIM,2022-11-28,19.559999465942383
CIM,2022-11-29,19.979999542236328
CIM,2022-11-30,20.549999237060547
CIM,2022-12-01,20.90999984741211
CIM,2022-12-02,20.850000381469727
CIM,2022-12-05,20.399999618530273
CIM,2022-12-06,19.920000076293945
CIM,2022-12-07,19.979999542236328
CIM,2022-12-08,20.309999465942383
CIM,2022-12-09,19.979999542236328
CIM,2022-12-12,19.350000381469727
CIM,2022-12-13,19.31999969482422
CIM,2022-12-14,18.93000030517578
CIM,2022-12-15,18.8700008392334
CIM,2022-12-16,18.56999969482422
CIM,2022-12-19,18.56999969482422
CIM,2022-12-20,18.270000457763672
CIM,2022-12-21,18.450000762939453
CIM,2022-12-22,18.420000076293945
CIM,2022-12-23,18.299999237060547
CIM,2022-12-27,18.600000381469727
CIM,2022-12-28,17.34000015258789
CIM,2022-12-29,17.100000381469727
CIM,2022-12-30,16.5
CIM,2023-01-03,17.610000610351562
CIM,2023-01-04,18.600000381469727
CIM,2023-01-05,18.56999969482422
CIM,2023-01-06,18.809999465942383
CIM,2023-01-09,18.479999542236328
CIM,2023-01-10,18.8700008392334
CIM,2023-01-11,19.290000915527344
CIM,2023-01-12,19.889999389648438
CIM,2023-01-13,20.520000457763672
CIM,2023-01-17,20.06999969482422
CIM,2023-01-18,20.34000015258789
CIM,2023-01-19,20.190000534057617
CIM,2023-01-20,20.399999618530273
CIM,2023-01-23,20.729999542236328
CIM,2023-01-24,20.579999923706055
CIM,2023-01-25,20.399999618530273
CIM,2023-01-26,20.81999969482422
CIM,2023-01-27,21.479999542236328
CIM,2023-01-30,21.1200008392334
CIM,2023-01-31,21.8700008392334
CIM,2023-02-01,22.6200008392334
CIM,2023-02-02,22.950000762939453
CIM,2023-02-03,22.6200008392334
CIM,2023-02-06,21.690000534057617
CIM,2023-02-07,21.75
CIM,2023-02-08,21.389999389648438
CIM,2023-02-09,20.670000076293945
CIM,2023-02-10,20.729999542236328
CIM,2023-02-13,21.209999084472656
CIM,2023-02-14,21.209999084472656
CIM,2023-02-15,20.489999771118164
CIM,2023-02-16,20.940000534057617
CIM,2023-02-17,20.8799991607666
CIM,2023-02-21,19.770000457763672
CIM,2023-02-22,19.829999923706055
CIM,2023-02-23,19.950000762939453
CIM,2023-02-24,19.6200008392334
CIM,2023-02-27,19.649999618530273
CIM,2023-02-28,19.469999313354492
CIM,2023-03-01,18.959999084472656
CIM,2023-03-02,18.8700008392334
CIM,2023-03-03,19.079999923706055
CIM,2023-03-06,18.93000030517578
CIM,2023-03-07,18.420000076293945
CIM,2023-03-08,18.09000015258789
CIM,2023-03-09,16.979999542236328
CIM,2023-03-10,16.229999542236328
CIM,2023-03-13,16.200000762939453
CIM,2023-03-14,16.5
CIM,2023-03-15,16.170000076293945
CIM,2023-03-16,16.260000228881836
CIM,2023-03-17,15.65999984741211
CIM,2023-03-20,15.84000015258789
CIM,2023-03-21,16.260000228881836
CIM,2023-03-22,15.930000305175781
CIM,2023-03-23,15.569999694824219
CIM,2023-03-24,16.290000915527344
CIM,2023-03-27,16.649999618530273
CIM,2023-03-28,16.860000610351562
CIM,2023-03-29,17.1299991607666
CIM,2023-03-30,16.40999984741211
CIM,2023-03-31,16.920000076293945
CIM,2023-04-03,16.799999237060547
CIM,2023-04-04,16.709999084472656
CIM,2023-04-05,16.799999237060547
CIM,2023-04-06,16.739999771118164
CIM,2023-04-10,16.3799991607666
CIM,2023-04-11,16.440000534057617
CIM,2023-04-12,16.530000686645508
CIM,2023-04-13,16.6200008392334
CIM,2023-04-14,16.3799991607666
CIM,2023-04-17,16.799999237060547
CIM,2023-04-18,16.440000534057617
CIM,2023-04-19,16.799999237060547
CIM,2023-04-20,16.860000610351562
CIM,2023-04-21,16.950000762939453
CIM,2023-04-24,16.739999771118164
CIM,2023-04-25,16.59000015258789
CIM,2023-04-26,16.290000915527344
CIM,2023-04-27,16.739999771118164
CIM,2023-04-28,17.040000915527344
CIM,2023-05-01,16.469999313354492
CIM,2023-05-02,15.6899995803833
CIM,2023-05-03,15.6899995803833
CIM,2023-05-04,15.210000038146973
CIM,2023-05-05,15.569999694824219
CIM,2023-05-08,15.479999542236328
CIM,2023-05-09,14.880000114440918
CIM,2023-05-10,14.970000267028809
CIM,2023-05-11,14.970000267028809
CIM,2023-05-12,14.640000343322754
CIM,2023-05-15,14.760000228881836
CIM,2023-05-16,14.430000305175781
CIM,2023-05-17,14.850000381469727
CIM,2023-05-18,14.9399995803833
CIM,2023-05-19,14.430000305175781
CIM,2023-05-22,14.640000343322754
CIM,2023-05-23,14.760000228881836
CIM,2023-05-24,14.3100004196167
CIM,2023-05-25,13.619999885559082
CIM,2023-05-26,14.130000114440918
CIM,2023-05-30,14.399999618530273
CIM,2023-05-31,14.460000038146973
CIM,2023-06-01,14.789999961853027
CIM,2023-06-02,15.479999542236328
CIM,2023-06-05,15.210000038146973
CIM,2023-06-06,15.65999984741211
CIM,2023-06-07,15.75
CIM,2023-06-08,15.779999732971191
CIM,2023-06-09,15.569999694824219
CIM,2023-06-12,15.960000038146973
CIM,2023-06-13,16.049999237060547
CIM,2023-06-14,16.110000610351562
CIM,2023-06-15,16.530000686645508
CIM,2023-06-16,16.59000015258789
CIM,2023-06-20,16.59000015258789
CIM,2023-06-21,16.979999542236328
CIM,2023-06-22,16.829999923706055
CIM,2023-06-23,16.440000534057617
CIM,2023-06-26,17.15999984741211
CIM,2023-06-27,17.8799991607666
CIM,2023-06-28,17.639999389648438
CIM,2023-06-29,17.040000915527344
CIM,2023-06-30,17.309999465942383
CIM,2023-07-03,16.889999389648438
CIM,2023-07-05,16.559999465942383
CIM,2023-07-06,16.170000076293945
CIM,2023-07-07,16.3799991607666
CIM,2023-07-10,16.739999771118164
CIM,2023-07-11,16.950000762939453
CIM,2023-07-12,17.190000534057617
CIM,2023-07-13,17.34000015258789
CIM,2023-07-14,17.15999984741211
CIM,2023-07-17,17.34000015258789
CIM,2023-07-18,17.700000762939453
CIM,2023-07-19,18.299999237060547
CIM,2023-07-20,18.1200008392334
CIM,2023-07-21,18.059999465942383
CIM,2023-07-24,18.6299991607666
CIM,2023-07-25,18.75
CIM,2023-07-26,19.170000076293945
CIM,2023-07-27,18.8700008392334
CIM,2023-07-28,19.170000076293945
CIM,2023-07-31,18.84000015258789
CIM,2023-08-01,18.780000686645508
CIM,2023-08-02,18.600000381469727
CIM,2023-08-03,17.010000228881836
CIM,2023-08-04,18.059999465942383
CIM,2023-08-07,17.790000915527344
CIM,2023-08-08,17.639999389648438
CIM,2023-08-09,17.579999923706055
CIM,2023-08-10,17.459999084472656
CIM,2023-08-11,17.459999084472656
CIM,2023-08-14,17.06999969482422
CIM,2023-08-15,16.860000610351562
CIM,2023-08-16,16.709999084472656
CIM,2023-08-17,16.59000015258789
CIM,2023-08-18,16.559999465942383
CIM,2023-08-21,16.530000686645508
CIM,2023-08-22,16.530000686645508
CIM,2023-08-23,17.010000228881836
CIM,2023-08-24,16.979999542236328
CIM,2023-08-25,17.100000381469727
CIM,2023-08-28,17.850000381469727
CIM,2023-08-29,17.940000534057617
CIM,2023-08-30,17.850000381469727
CIM,2023-08-31,18.149999618530273
CIM,2023-09-01,18.270000457763672
CIM,2023-09-05,17.700000762939453
CIM,2023-09-06,17.639999389648438
CIM,2023-09-07,17.489999771118164
CIM,2023-09-08,17.549999237060547
CIM,2023-09-11,17.90999984741211
CIM,2023-09-12,17.850000381469727
CIM,2023-09-13,17.8799991607666
CIM,2023-09-14,18.299999237060547
CIM,2023-09-15,18.239999771118164
CIM,2023-09-18,18.299999237060547
CIM,2023-09-19,18.389999389648438
CIM,2023-09-20,18.059999465942383
CIM,2023-09-21,17.100000381469727
CIM,2023-09-22,17.459999084472656
CIM,2023-09-25,17.219999313354492
CIM,2023-09-26,16.950000762939453
CIM,2023-09-27,16.59000015258789
CIM,2023-09-28,16.079999923706055
CIM,2023-09-29,16.3799991607666
CIM,2023-10-02,15.720000267028809
CIM,2023-10-03,15.180000305175781
CIM,2023-10-04,15.149999618530273
CIM,2023-10-05,15.479999542236328
CIM,2023-10-06,15.390000343322754
CIM,2023-10-09,15.8100004196167
CIM,2023-10-10,15.899999618530273
CIM,2023-10-11,16.290000915527344
CIM,2023-10-12,15.989999771118164
CIM,2023-10-13,15.630000114440918
CIM,2023-10-16,15.930000305175781
CIM,2023-10-17,15.630000114440918
CIM,2023-10-18,14.819999694824219
CIM,2023-10-19,14.34000015258789
CIM,2023-10-20,14.25
CIM,2023-10-23,14.130000114440918
CIM,2023-10-24,13.979999542236328
CIM,2023-10-25,13.5600004196167
CIM,2023-10-26,13.890000343322754
CIM,2023-10-27,13.920000076293945
CIM,2023-10-30,14.15999984741211
CIM,2023-10-31,14.399999618530273
CIM,2023-11-01,14.699999809265137
CIM,2023-11-02,14.430000305175781
CIM,2023-11-03,14.640000343322754
CIM,2023-11-06,14.670000076293945
CIM,2023-11-07,14.609999656677246
CIM,2023-11-08,14.460000038146973
CIM,2023-11-09,13.920000076293945
CIM,2023-11-10,14.15999984741211
CIM,2023-11-13,14.039999961853027
CIM,2023-11-14,15.0
CIM,2023-11-15,15.359999656677246
CIM,2023-11-16,15.0
CIM,2023-11-17,15.149999618530273
CIM,2023-11-20,15.180000305175781
CIM,2023-11-21,15.119999885559082
CIM,2023-11-22,15.180000305175781
CIM,2023-11-24,15.119999885559082
CIM,2023-11-27,15.149999618530273
CIM,2023-11-28,15.239999771118164
CIM,2023-11-29,15.869999885559082
CIM,2023-11-30,15.630000114440918
CIM,2023-12-01,16.079999923706055
CIM,2023-12-04,16.020000457763672
CIM,2023-12-05,15.600000381469727
CIM,2023-12-06,15.239999771118164
CIM,2023-12-07,15.539999961853027
CIM,2023-12-08,15.270000457763672
CIM,2023-12-11,14.850000381469727
CIM,2023-12-12,14.880000114440918
CIM,2023-12-13,15.329999923706055
CIM,2023-12-14,15.539999961853027
CIM,2023-12-15,15.0600004196167
CIM,2023-12-18,14.880000114440918
CIM,2023-12-19,15.479999542236328
CIM,2023-12-20,15.329999923706055
CIM,2023-12-21,15.65999984741211
CIM,2023-12-22,15.569999694824219
CIM,2023-12-26,15.960000038146973
CIM,2023-12-27,15.84000015258789
CIM,2023-12-28,15.420000076293945
CIM,2023-12-29,14.970000267028809
CIM,2024-01-02,14.880000114440918
CIM,2024-01-03,14.3100004196167
CIM,2024-01-04,14.34000015258789
CIM,2024-01-05,14.699999809265137
CIM,2024-01-08,15.09000015258789
CIM,2024-01-09,14.9399995803833
CIM,2024-01-10,15.09000015258789
CIM,2024-01-11,14.880000114440918
CIM,2024-01-12,14.90999984741211
CIM,2024-01-16,14.819999694824219
CIM,2024-01-17,14.729999542236328
CIM,2024-01-18,14.729999542236328
CIM,2024-01-19,14.819999694824219
CIM,2024-01-22,14.789999961853027
CIM,2024-01-23,14.9399995803833
CIM,2024-01-24,14.819999694824219
CIM,2024-01-25,14.90999984741211
CIM,2024-01-26,15.09000015258789
CIM,2024-01-29,15.420000076293945
CIM,2024-01-30,14.970000267028809
CIM,2024-01-31,14.399999618530273
CIM,2024-02-01,14.670000076293945
CIM,2024-02-02,14.3100004196167
CIM,2024-02-05,13.979999542236328
CIM,2024-02-06,14.130000114440918
CIM,2024-02-07,13.5600004196167
CIM,2024-02-08,13.770000457763672
CIM,2024-02-09,14.010000228881836
CIM,2024-02-12,14.34000015258789
CIM,2024-02-13,13.529999732971191
CIM,2024-02-14,12.65999984741211
CIM,2024-02-15,13.319999694824219
CIM,2024-02-16,13.289999961853027
CIM,2024-02-20,13.109999656677246
CIM,2024-02-21,13.020000457763672
CIM,2024-02-22,13.079999923706055
CIM,2024-02-23,13.289999961853027
CIM,2024-02-26,13.079999923706055
CIM,2024-02-27,13.109999656677246
CIM,2024-02-28,12.75
CIM,2024-02-29,13.079999923706055
CIM,2024-03-01,13.140000343322754
CIM,2024-03-04,12.930000305175781
CIM,2024-03-05,12.989999771118164
CIM,2024-03-06,13.199999809265137
CIM,2024-03-07,13.350000381469727
CIM,2024-03-08,13.40999984741211
CIM,2024-03-11,13.5600004196167
CIM,2024-03-12,13.619999885559082
CIM,2024-03-13,13.739999771118164
CIM,2024-03-14,13.199999809265137
CIM,2024-03-15,13.5600004196167
CIM,2024-03-18,13.260000228881836
CIM,2024-03-19,13.140000343322754
CIM,2024-03-20,13.5
CIM,2024-03-21,13.800000190734863
CIM,2024-03-22,13.470000267028809
CIM,2024-03-25,13.5600004196167
CIM,2024-03-26,13.260000228881836
CIM,2024-03-27,13.619999885559082
CIM,2024-03-28,13.829999923706055
CIM,2024-04-01,13.619999885559082
CIM,2024-04-02,13.380000114440918
CIM,2024-04-03,13.470000267028809
CIM,2024-04-04,13.319999694824219
CIM,2024-04-05,12.960000038146973
CIM,2024-04-08,12.930000305175781
CIM,2024-04-09,13.109999656677246
CIM,2024-04-10,12.300000190734863
CIM,2024-04-11,12.420000076293945
CIM,2024-04-12,12.239999771118164
CIM,2024-04-15,12.09000015258789
CIM,2024-04-16,11.850000381469727
CIM,2024-04-17,11.90999984741211
CIM,2024-04-18,12.0600004196167
CIM,2024-04-19,12.329999923706055
CIM,2024-04-22,12.329999923706055
CIM,2024-04-23,12.539999961853027
CIM,2024-04-24,12.479999542236328
CIM,2024-04-25,12.449999809265137
CIM,2024-04-26,12.569999694824219
CIM,2024-04-29,12.65999984741211
CIM,2024-04-30,12.359999656677246
CIM,2024-05-01,12.75
CIM,2024-05-02,12.869999885559082
CIM,2024-05-03,12.989999771118164
CIM,2024-05-06,13.050000190734863
CIM,2024-05-07,12.84000015258789
CIM,2024-05-08,12.720000267028809
CIM,2024-05-09,14.130000114440918
CIM,2024-05-10,13.829999923706055
CIM,2024-05-13,13.079999923706055
CIM,2024-05-14,13.4399995803833
CIM,2024-05-15,13.619999885559082
CIM,2024-05-16,13.680000305175781
CIM,2024-05-17,13.5600004196167
CIM,2024-05-20,13.170000076293945
CIM,2024-05-21,13.170000076293945
CIM,2024-05-22,13.069999694824219
CIM,2024-05-23,11.649999618530273
CIM,2024-05-24,11.699999809265137
CIM,2024-05-28,11.90999984741211
CIM,2024-05-29,11.569999694824219
CIM,2024-05-30,11.779999732971191
CIM,2024-05-31,11.899999618530273
CIM,2024-06-03,11.890000343322754
CIM,2024-06-04,11.800000190734863
CIM,2024-06-05,12.079999923706055
CIM,2024-06-06,11.920000076293945
CIM,2024-06-07,11.630000114440918
CIM,2024-06-10,11.479999542236328
CIM,2024-06-11,11.369999885559082
CIM,2024-06-12,11.789999961853027
CIM,2024-06-13,11.930000305175781
CIM,2024-06-14,12.829999923706055
CIM,2024-06-17,13.34000015258789
CIM,2024-06-18,13.430000305175781
CIM,2024-06-20,13.569999694824219
CIM,2024-06-21,13.649999618530273
CIM,2024-06-24,13.34000015258789
CIM,2024-06-25,13.270000457763672
CIM,2024-06-26,13.15999984741211
CIM,2024-06-27,12.9399995803833
CIM,2024-06-28,12.800000190734863
CIM,2024-07-01,12.510000228881836
CIM,2024-07-02,12.789999961853027
CIM,2024-07-03,12.789999961853027
CIM,2024-07-05,13.0
CIM,2024-07-08,13.119999885559082
CIM,2024-07-09,13.229999542236328
CIM,2024-07-10,13.609999656677246
CIM,2024-07-11,14.539999961853027
CIM,2024-07-12,14.829999923706055
CIM,2024-07-15,14.9399995803833
CIM,2024-07-16,15.399999618530273
CIM,2024-07-17,15.630000114440918
CIM,2024-07-18,15.069999694824219
CIM,2024-07-19,15.020000457763672
CIM,2024-07-22,15.09000015258789
CIM,2024-07-23,15.319999694824219
CIM,2024-07-24,14.640000343322754
CIM,2024-07-25,14.710000038146973
CIM,2024-07-26,14.989999771118164
CIM,2024-07-29,14.899999618530273
CIM,2024-07-30,15.020000457763672
CIM,2024-07-31,14.609999656677246
CIM,2024-08-01,14.25
CIM,2024-08-02,14.0600004196167
CIM,2024-08-05,13.510000228881836
CIM,2024-08-06,13.649999618530273
CIM,2024-08-07,14.609999656677246
CIM,2024-08-08,14.609999656677246
CIM,2024-08-09,14.529999732971191
CIM,2024-08-12,14.260000228881836
CIM,2024-08-13,14.40999984741211
CIM,2024-08-14,14.520000457763672
CIM,2024-08-15,14.789999961853027
CIM,2024-08-16,14.970000267028809
CIM,2024-08-19,15.119999885559082
CIM,2024-08-20,14.9399995803833
CIM,2024-08-21,15.010000228881836
CIM,2024-08-22,14.880000114440918
CIM,2024-08-23,15.3100004196167
CIM,2024-08-26,15.539999961853027
CIM,2024-08-27,15.369999885559082
CIM,2024-08-28,15.369999885559082
CIM,2024-08-29,15.5
CIM,2024-08-30,15.479999542236328
CIM,2024-09-03,15.369999885559082
CIM,2024-09-04,15.300000190734863
CIM,2024-09-05,15.40999984741211
CIM,2024-09-06,15.4399995803833
CIM,2024-09-09,15.520000457763672
CIM,2024-09-10,15.640000343322754
CIM,2024-09-11,15.40999984741211
CIM,2024-09-12,15.5600004196167
CIM,2024-09-13,15.859999656677246
CIM,2024-09-16,16.079999923706055
CIM,2024-09-17,15.960000038146973
CIM,2024-09-18,16.200000762939453
CIM,2024-09-19,16.3700008392334
CIM,2024-09-20,16.649999618530273
CIM,2024-09-23,16.43000030517578
CIM,2024-09-24,16.40999984741211
CIM,2024-09-25,16.149999618530273
CIM,2024-09-26,16.09000015258789
CIM,2024-09-27,16.190000534057617
CIM,2024-09-30,15.829999923706055
CIM,2024-10-01,15.510000228881836
CIM,2024-10-02,15.380000114440918
CIM,2024-10-03,15.430000305175781
CIM,2024-10-04,15.40999984741211
CIM,2024-10-07,15.020000457763672
CIM,2024-10-08,15.180000305175781
CIM,2024-10-09,15.239999771118164
CIM,2024-10-10,15.15999984741211
CIM,2024-10-11,15.180000305175781
CIM,2024-10-14,15.270000457763672
CIM,2024-10-15,15.470000267028809
CIM,2024-10-16,16.059999465942383
CIM,2024-10-17,16.190000534057617
CIM,2024-10-18,16.079999923706055
CIM,2024-10-21,15.699999809265137
CIM,2024-10-22,15.460000038146973
CIM,2024-10-23,15.3100004196167
CIM,2024-10-24,15.510000228881836
CIM,2024-10-25,15.300000190734863
CIM,2024-10-28,15.380000114440918
CIM,2024-10-29,15.569999694824219
CIM,2024-10-30,15.850000381469727
CIM,2024-10-31,15.100000381469727
CIM,2024-11-01,14.989999771118164
CIM,2024-11-04,14.979999542236328
CIM,2024-11-05,14.9399995803833
CIM,2024-11-06,14.9399995803833
CIM,2024-11-07,15.15999984741211
CIM,2024-11-08,15.279999732971191
CIM,2024-11-11,15.3100004196167
CIM,2024-11-12,14.729999542236328
CIM,2024-11-13,14.819999694824219
CIM,2024-11-14,14.720000267028809
CIM,2024-11-15,14.6899995803833
CIM,2024-11-18,14.760000228881836
CIM,2024-11-19,14.75
CIM,2024-11-20,14.520000457763672
CIM,2024-11-21,14.619999885559082
CIM,2024-11-22,14.65999984741211
CIM,2024-11-25,14.899999618530273
CIM,2024-11-26,14.819999694824219
CIM,2024-11-27,14.989999771118164
CIM,2024-11-29,14.84000015258789
CIM,2024-12-02,14.789999961853027
CIM,2024-12-03,14.6899995803833
CIM,2024-12-04,14.739999771118164
CIM,2024-12-05,14.65999984741211
CIM,2024-12-06,14.710000038146973
CIM,2024-12-09,14.930000305175781
CIM,2024-12-10,15.140000343322754
CIM,2024-12-11,15.010000228881836
CIM,2024-12-12,14.970000267028809
CIM,2024-12-13,15.079999923706055
CIM,2024-12-16,15.119999885559082
CIM,2024-12-17,14.859999656677246
CIM,2024-12-18,14.229999542236328
CIM,2024-12-19,14.109999656677246
CIM,2024-12-20,14.380000114440918
CIM,2024-12-23,14.270000457763672
CIM,2024-12-24,14.369999885559082
CIM,2024-12-26,14.279999732971191
CIM,2024-12-27,14.170000076293945
CIM,2024-12-30,13.970000267028809
CIM,2024-12-31,14.0
CIM,2025-01-02,14.069999694824219
CIM,2025-01-03,14.350000381469727
CIM,2025-01-06,14.149999618530273
CIM,2025-01-07,14.140000343322754
CIM,2025-01-08,14.09000015258789
CIM,2025-01-10,13.640000343322754
CIM,2025-01-13,13.640000343322754
CIM,2025-01-14,14.0
CIM,2025-01-15,14.220000267028809
CIM,2025-01-16,14.270000457763672
CIM,2025-01-17,14.300000190734863
CIM,2025-01-21,14.4399995803833
CIM,2025-01-22,14.279999732971191
CIM,2025-01-23,14.279999732971191
CIM,2025-01-24,14.319999694824219
CIM,2025-01-27,14.569999694824219
CIM,2025-01-28,14.5
CIM,2025-01-29,14.3100004196167
CIM,2025-01-30,14.699999809265137
CIM,2025-01-31,14.890000343322754
CIM,2025-02-03,14.8100004196167
CIM,2025-02-04,15.199999809265137
CIM,2025-02-05,15.140000343322754
CIM,2025-02-06,15.329999923706055
CIM,2025-02-07,15.1899995803833
CIM,2025-02-10,15.140000343322754
CIM,2025-02-11,15.09000015258789
CIM,2025-02-12,13.90999984741211
CIM,2025-02-13,14.170000076293945
CIM,2025-02-14,14.0600004196167
CIM,2025-02-18,13.789999961853027
CIM,2025-02-19,13.710000038146973
CIM,2025-02-20,13.84000015258789
CIM,2025-02-21,13.760000228881836
CIM,2025-02-24,13.739999771118164
CIM,2025-02-25,14.020000457763672
CIM,2025-02-26,14.010000228881836
CIM,2025-02-27,14.0600004196167
CIM,2025-02-28,14.229999542236328
CIM,2025-03-03,14.15999984741211
CIM,2025-03-04,13.819999694824219
CIM,2025-03-05,13.899999618530273
CIM,2025-03-06,13.75
CIM,2025-03-07,13.930000305175781
CIM,2025-03-10,13.8100004196167
CIM,2025-03-11,13.34000015258789
CIM,2025-03-12,13.399999618530273
CIM,2025-03-13,13.319999694824219
CIM,2025-03-14,13.630000114440918
CIM,2025-03-17,13.739999771118164
CIM,2025-03-18,13.670000076293945
CIM,2025-03-19,13.670000076293945
CIM,2025-03-20,13.630000114440918
CIM,2025-03-21,13.539999961853027
CIM,2025-03-24,13.489999771118164
CIM,2025-03-25,13.3100004196167
CIM,2025-03-26,13.220000267028809
CIM,2025-03-27,13.289999961853027
CIM,2025-03-28,13.100000381469727
CIM,2025-03-31,12.829999923706055
CIM,2025-04-01,12.75
CIM,2025-04-02,12.789999961853027
CIM,2025-04-03,12.5
CIM,2025-04-04,11.739999771118164
CIM,2025-04-07,10.90999984741211
CIM,2025-04-08,10.470000267028809
CIM,2025-04-09,11.489999771118164
CIM,2025-04-10,10.869999885559082
CIM,2025-04-11,10.699999809265137
CIM,2025-04-14,11.020000457763672
CIM,2025-04-15,11.149999618530273
CIM,2025-04-16,11.010000228881836
CIM,2025-04-17,11.390000343322754
CIM,2025-04-21,11.170000076293945
CIM,2025-04-22,11.65999984741211
CIM,2025-04-23,11.579999923706055
CIM,2025-04-24,11.720000267028809
CIM,2025-04-25,11.920000076293945
CIM,2025-04-28,12.109999656677246
CIM,2025-04-29,12.300000190734863
CIM,2025-04-30,12.34000015258789
CIM,2025-05-01,12.15999984741211
CIM,2025-05-02,12.34000015258789
CIM,2025-05-05,12.180000305175781
CIM,2025-05-06,12.0
CIM,2025-05-07,12.010000228881836
CIM,2025-05-08,12.800000190734863
CIM,2025-05-09,12.630000114440918
CIM,2025-05-12,12.90999984741211
CIM,2025-05-13,13.029999732971191
CIM,2025-05-14,13.539999961853027
CIM,2025-05-15,13.989999771118164
CIM,2025-05-16,14.039999961853027
CIM,2025-05-19,13.90999984741211
CIM,2025-05-20,13.850000381469727
CIM,2025-05-21,13.140000343322754
CIM,2025-05-22,13.069999694824219
CIM,2025-05-23,12.979999542236328
CIM,2025-05-27,13.149999618530273
CIM,2025-05-28,13.199999809265137
CIM,2025-05-29,13.350000381469727
CIM,2025-05-30,13.180000305175781
CIM,2025-06-02,13.0600004196167
CIM,2025-06-03,13.350000381469727
CIM,2025-06-04,13.319999694824219
CIM,2025-06-05,13.550000190734863
CIM,2025-06-06,13.59000015258789
CIM,2025-06-09,13.75
CIM,2025-06-10,13.90999984741211
CIM,2025-06-11,13.890000343322754
CIM,2025-06-12,14.319999694824219
CIM,2025-06-13,14.0
CIM,2025-06-16,13.880000114440918
CIM,2025-06-17,13.609999656677246
CIM,2025-06-18,13.680000305175781
CIM,2025-06-20,13.729999542236328
CIM,2025-06-23,13.770000457763672
CIM,2025-06-24,13.90999984741211
CIM,2025-06-25,13.90999984741211
CIM,2025-06-26,14.09000015258789
CIM,2025-06-27,14.0600004196167
CIM,2025-06-30,13.869999885559082
CIM,2025-07-01,13.989999771118164
CIM,2025-07-02,14.239999771118164
CIM,2025-07-03,14.34000015258789
CIM,2025-07-07,14.109999656677246
CIM,2025-07-08,14.149999618530273
CIM,2025-07-09,14.239999771118164
CIM,2025-07-10,14.140000343322754
CIM,2025-07-11,14.069999694824219
CIM,2025-07-14,14.0
CIM,2025-07-15,13.8100004196167
CIM,2025-07-16,13.960000038146973
CIM,2025-07-17,13.880000114440918
CIM,2025-07-18,13.779999732971191
CIM,2025-07-21,13.880000114440918
CIM,2025-07-22,14.010000228881836
CIM,2025-07-23,14.130000114440918
CIM,2025-07-24,14.039999961853027
CIM,2025-07-25,14.069999694824219
CIM,2025-07-28,13.859999656677246
CIM,2025-07-29,13.9399995803833
CIM,2025-07-30,13.710000038146973
CIM,2025-07-31,13.369999885559082
CIM,2025-08-01,13.4399995803833
CIM,2025-08-04,13.670000076293945
CIM,2025-08-05,13.569999694824219
CIM,2025-08-06,13.220000267028809
CIM,2025-08-07,13.3100004196167
CIM,2025-08-08,13.430000305175781
CIM,2025-08-11,13.3100004196167
CIM,2025-08-12,13.520000457763672
CIM,2025-08-13,13.819999694824219
CIM,2025-08-14,13.699999809265137
CIM,2025-08-15,13.619999885559082
CIM,2025-08-18,13.520000457763672
CIM,2025-08-19,13.789999961853027
CIM,2025-08-20,13.829999923706055
CIM,2025-08-21,13.579999923706055
CIM,2025-08-22,14.140000343322754
CIM,2025-08-25,13.960000038146973
CIM,2025-08-26,14.0600004196167
CIM,2025-08-27,14.029999732971191
CIM,2025-08-28,14.0
CIM,2025-08-29,14.170000076293945
CIM,2025-09-02,14.010000228881836
CIM,2025-09-03,14.1899995803833
CIM,2025-09-04,14.670000076293945
CIM,2025-09-05,14.739999771118164
CIM,2025-09-08,14.640000343322754
CIM,2025-09-09,14.510000228881836
CIM,2025-09-10,14.470000267028809
CIM,2025-09-11,14.430000305175781
CIM,2025-09-12,14.170000076293945
CIM,2025-09-15,14.229999542236328
CIM,2025-09-16,13.979999542236328
CIM,2025-09-17,13.989999771118164
CIM,2025-09-18,14.039999961853027
CIM,2025-09-19,13.989999771118164
CIM,2025-09-22,13.699999809265137
CIM,2025-09-23,13.720000267028809
CIM,2025-09-24,13.6899995803833
CIM,2025-09-25,13.65999984741211
CIM,2025-09-26,13.680000305175781
CIM,2025-09-29,13.5
CIM,2025-09-30,13.220000267028809
CIM,2025-10-01,13.420000076293945
CIM,2025-10-02,13.390000343322754
CIM,2025-10-03,13.390000343322754
CIM,2025-10-06,13.0600004196167
CIM,2025-10-07,13.020000457763672
CIM,2025-10-08,13.050000190734863
CIM,2025-10-09,12.819999694824219
CIM,2025-10-10,12.789999961853027
CIM,2025-10-13,12.869999885559082
CIM,2025-10-14,13.020000457763672
CIM,2025-10-15,12.930000305175781
CIM,2025-10-16,12.699999809265137
CIM,2025-10-17,12.729999542236328
CIM,2025-10-20,12.960000038146973
CIM,2025-10-21,12.8100004196167
CIM,2025-10-22,13.09000015258789
CIM,2025-10-23,12.9399995803833
CIM,2025-10-24,13.0600004196167
CIM,2025-10-27,13.069999694824219
CIM,2025-10-28,13.020000457763672
CIM,2025-10-29,12.729999542236328
CIM,2025-10-30,12.600000381469727
CIM,2025-10-31,12.760000228881836
CIM,2025-11-03,12.680000305175781
CIM,2025-11-04,12.819999694824219
CIM,2025-11-05,12.979999542236328
CIM,2025-11-06,11.729999542236328
CIM,2025-11-07,12.199999809265137
CIM,2025-11-10,12.020000457763672
CIM,2025-11-11,12.239999771118164
CIM,2025-11-12,12.100000381469727
CIM,2025-11-13,12.050000190734863
CIM,2025-11-14,12.029999732971191
CIM,2025-11-17,11.8100004196167
CIM,2025-11-18,11.869999885559082
CIM,2025-11-19,11.890000343322754
CIM,2025-11-20,11.899999618530273
CIM,2025-11-21,12.199999809265137
CIM,2025-11-24,12.180000305175781
CIM,2025-11-25,12.619999885559082
CIM,2025-11-26,12.8100004196167
CIM,2025-11-28,12.789999961853027
CIM,2025-12-01,12.850000381469727
CIM,2025-12-02,12.770000457763672
CIM,2025-12-03,12.960000038146973
CIM,2025-12-04,12.850000381469727
CIM,2025-12-05,12.949999809265137
CIM,2025-12-08,12.829999923706055
CIM,2025-12-09,12.579999923706055
CIM,2025-12-10,12.850000381469727
CIM,2025-12-11,12.90999984741211
CIM,2025-12-12,12.710000038146973
CIM,2025-12-15,12.760000228881836
CIM,2025-12-16,12.569999694824219
CIM,2025-12-17,12.8100004196167
CIM,2025-12-18,12.979999542236328
CIM,2025-12-19,12.90999984741211
CIM,2025-12-22,12.989999771118164
CIM,2025-12-23,12.739999771118164
CIM,2025-12-24,12.899999618530273
CIM,2025-12-26,12.880000114440918
CIM,2025-12-29,12.770000457763672
CIM,2025-12-30,12.800000190734863
CIM,2025-12-31,12.430000305175781
CIM,2026-01-02,12.739999771118164
CIM,2026-01-05,12.680000305175781
CIM,2026-01-06,12.550000190734863
CIM,2026-01-07,12.479999542236328
CIM,2026-01-08,12.729999542236328
CIM,2026-01-09,13.050000190734863
CIM,2026-01-12,13.130000114440918
CIM,2026-01-13,13.039999961853027
CIM,2026-01-14,13.069999694824219
CIM,2026-01-15,13.180000305175781
CIM,2026-01-16,13.390000343322754
CIM,2026-01-20,12.979999542236328
CIM,2026-01-21,12.979999542236328
CIM,2026-01-22,12.890000343322754
CIM,2026-01-23,12.890000343322754
CIM,2026-01-26,12.819999694824219
CIM,2026-01-27,12.979999542236328
CIM,2026-01-28,12.890000343322754
CIM,2026-01-29,12.960000038146973
CIM,2026-01-30,12.350000381469727
CIM,2026-02-02,12.329999923706055
CIM,2026-02-03,12.420000076293945
CIM,2026-02-04,12.5
CIM,2026-02-05,12.359999656677246
CIM,2026-02-06,12.380000114440918
CIM,2026-02-09,12.119999885559082
CIM,2026-02-10,12.300000190734863
CIM,2026-02-11,13.09000015258789
CIM,2026-02-12,13.260000228881836
CIM,2026-02-13,14.079999923706055
CIM,2026-02-17,13.699999809265137
CIM,2026-02-18,13.779999732971191
CIM,2026-02-19,13.59000015258789
CIM,2026-02-20,13.539999961853027
CIM,2026-02-23,13.350000381469727
CIM,2026-02-24,13.289999961853027
CIM,2026-02-25,13.390000343322754
CIM,2026-02-26,13.59000015258789
CIM,2026-02-27,13.609999656677246
CIM,2026-03-02,13.720000267028809
CIM,2026-03-03,13.710000038146973
CIM,2026-03-04,13.779999732971191
CIM,2026-03-05,13.789999961853027
CIM,2026-03-06,13.579999923706055
CIM,2026-03-09,13.510000228881836
CIM,2026-03-10,13.5
CIM,2026-03-11,13.380000114440918
CIM,2026-03-12,13.149999618530273
CIM,2026-03-13,13.09000015258789
CIM,2026-03-16,13.229999542236328
CIM,2026-03-17,13.300000190734863
CIM,2026-03-18,13.079999923706055
CIM,2026-03-19,13.15999984741211
CIM,2026-03-20,12.630000114440918
CIM,2026-03-23,12.75
CIM,2026-03-24,12.65999984741211
CIM,2026-03-25,12.859999656677246
CIM,2026-03-26,12.720000267028809
CIM,2026-03-27,12.40999984741211
CIM,2026-03-30,12.649999618530273
CIM,2026-03-31,12.550000190734863
CIM,2026-04-01,12.5600004196167
CIM,2026-04-02,12.84000015258789
CIM,2026-04-06,13.039999961853027
CIM,2026-04-07,12.930000305175781
CIM,2026-04-08,13.079999923706055
CIM,2026-04-09,13.279999732971191
CIM,2026-04-10,13.359999656677246
CIM,2026-04-13,13.430000305175781
CIM,2026-04-14,13.5600004196167
CIM,2026-04-15,13.680000305175781
CIM,2026-04-16,13.359999656677246
CIM,2026-04-17,13.699999809265137
CIM,2026-04-20,13.59000015258789
CIM,2026-04-21,13.239999771118164
CIM,2026-04-22,13.430000305175781
CIM,2026-04-23,13.34000015258789
CIM,2026-04-24,13.569999694824219
CIM,2026-04-27,13.6899995803833
CIM,2026-04-28,13.720000267028809
CIM,2026-04-29,13.550000190734863
CIM,2026-04-30,13.75
CIM,2026-05-01,13.949999809265137
CIM,2026-05-04,13.630000114440918
CIM,2026-05-05,13.640000343322754
CIM,2026-05-06,13.630000114440918
CIM,2026-05-07,13.539999961853027
CIM,2026-05-08,13.640000343322754
CIM,2026-05-11,13.4399995803833
CIM,2026-05-12,13.430000305175781
CIM,2026-05-13,13.319999694824219
CIM,2026-05-14,13.300000190734863
CIM,2026-05-15,13.09000015258789
CIM,2026-05-18,13.140000343322754
CIM,2026-05-19,13.0
CIM,2026-05-20,13.25
CIM,2026-05-21,13.289999961853027
CIM,2026-05-22,13.260000228881836
CIM,2026-05-26,13.470000267028809
CIM,2026-05-27,13.510000228881836
CIM,2026-05-28,13.569999694824219
CIM,2026-05-29,13.619999885559082
CIM,2026-06-01,13.529999732971191
CIM,2026-06-02,13.539999961853027
CIM,2026-06-03,13.140000343322754
CIM,2026-06-04,13.279999732971191
CIM,2026-06-05,13.239999771118164
CIM,2026-06-08,13.039999961853027
CIM,2026-06-09,13.380000114440918
CIM,2026-06-10,13.220000267028809
CIM,2026-06-11,13.319999694824219
CIM,2026-06-12,13.359999656677246
CIM,2026-06-15,13.380000114440918
CIM,2026-06-16,13.539999961853027
CIM,2026-06-17,13.270000457763672
CIM,2026-06-18,13.279999732971191
CIM,2026-06-22,13.119999885559082
CIM,2026-06-23,13.260000228881836
CIM,2026-06-24,13.520000457763672
CIM,2026-06-25,13.470000267028809
CIM,2026-06-26,13.670000076293945
CIM,2026-06-29,13.6899995803833
CIM,2026-06-30,13.34000015258789
CIM,2026-07-01,13.3100004196167
CIM,2026-07-02,13.119999885559082
CIM,2026-07-06,13.149999618530273
CIM,2026-07-07,13.039999961853027
CIM,2026-07-08,12.989999771118164
CIM,2026-07-09,13.109999656677246
CIM,2026-07-10,13.130000114440918
CIM,2026-07-13,12.899999618530273
CIM,2026-07-14,13.039999961853027
CIM,2026-07-15,13.0
CIM,2026-07-16,13.140000343322754
CIM,2026-07-17,12.899999618530273
CIM,2026-07-20,12.710000038146973
CIM,2026-07-21,12.739999771118164
CIM,2026-07-23,12.329999923706055
CIM,2026-07-24,12.5
CIM,2026-07-27,12.5
CIM,2026-07-28,12.6899995803833
CIM,2026-07-29,12.6899995803833
CIM,2026-07-30,12.65999984741211
CIM,2026-08-03,12.619999885559082
CIM,2026-08-04,12.65999984741211
CIM,2026-08-05,11.850000381469727
CIM,2026-08-06,11.859999656677246
CIM,2026-08-07,11.970000267028809
CIM,2026-08-10,11.710000038146973
CIM,2026-08-11,11.899999618530273
CIM,2026-08-12,11.84000015258789
CIM,2026-08-13,11.859999656677246
CIM,2026-08-14,11.800000190734863
CIM,2026-08-17,11.739999771118164
CIM,2026-08-18,11.729999542236328
CIM,2026-08-19,11.760000228881836
DX,2021-01-04,17.579999923706055
DX,2021-01-05,17.350000381469727
DX,2021-01-06,17.520000457763672
DX,2021-01-07,17.639999389648438
DX,2021-01-08,17.68000030517578
DX,2021-01-11,17.530000686645508
DX,2021-01-12,17.600000381469727
DX,2021-01-13,17.59000015258789
DX,2021-01-14,17.799999237060547
DX,2021-01-15,17.920000076293945
DX,2021-01-19,18.06999969482422
DX,2021-01-20,18.459999084472656
DX,2021-01-21,18.600000381469727
DX,2021-01-22,18.43000030517578
DX,2021-01-25,18.479999542236328
DX,2021-01-26,18.600000381469727
DX,2021-01-27,18.450000762939453
DX,2021-01-28,18.75
DX,2021-01-29,18.049999237060547
DX,2021-02-01,17.780000686645508
DX,2021-02-02,18.020000457763672
DX,2021-02-03,17.809999465942383
DX,2021-02-04,18.0
DX,2021-02-05,18.450000762939453
DX,2021-02-08,18.3799991607666
DX,2021-02-09,18.479999542236328
DX,2021-02-10,18.43000030517578
DX,2021-02-11,18.510000228881836
DX,2021-02-12,18.579999923706055
DX,2021-02-16,18.969999313354492
DX,2021-02-17,18.799999237060547
DX,2021-02-18,18.770000457763672
DX,2021-02-19,18.8799991607666
DX,2021-02-22,18.889999389648438
DX,2021-02-23,18.729999542236328
DX,2021-02-24,18.989999771118164
DX,2021-02-25,18.690000534057617
DX,2021-02-26,18.81999969482422
DX,2021-03-01,19.030000686645508
DX,2021-03-02,19.190000534057617
DX,2021-03-03,19.1299991607666
DX,2021-03-04,18.290000915527344
DX,2021-03-05,17.760000228881836
DX,2021-03-08,18.149999618530273
DX,2021-03-09,18.399999618530273
DX,2021-03-10,18.489999771118164
DX,2021-03-11,18.43000030517578
DX,2021-03-12,18.639999389648438
DX,2021-03-15,18.979999542236328
DX,2021-03-16,18.889999389648438
DX,2021-03-17,19.010000228881836
DX,2021-03-18,18.809999465942383
DX,2021-03-19,18.549999237060547
DX,2021-03-22,18.65999984741211
DX,2021-03-23,18.43000030517578
DX,2021-03-24,18.420000076293945
DX,2021-03-25,18.579999923706055
DX,2021-03-26,18.780000686645508
DX,2021-03-29,18.6299991607666
DX,2021-03-30,18.969999313354492
DX,2021-03-31,18.93000030517578
DX,2021-04-01,19.020000457763672
DX,2021-04-05,19.149999618530273
DX,2021-04-06,19.209999084472656
DX,2021-04-07,19.209999084472656
DX,2021-04-08,19.3700008392334
DX,2021-04-09,19.260000228881836
DX,2021-04-12,19.489999771118164
DX,2021-04-13,19.600000381469727
DX,2021-04-14,19.639999389648438
DX,2021-04-15,19.649999618530273
DX,2021-04-16,19.8700008392334
DX,2021-04-19,19.739999771118164
DX,2021-04-20,19.719999313354492
DX,2021-04-21,19.56999969482422
DX,2021-04-22,19.3799991607666
DX,2021-04-23,19.510000228881836
DX,2021-04-26,19.469999313354492
DX,2021-04-27,19.56999969482422
DX,2021-04-28,19.920000076293945
DX,2021-04-29,20.1299991607666
DX,2021-04-30,20.200000762939453
DX,2021-05-03,20.200000762939453
DX,2021-05-04,20.030000686645508
DX,2021-05-05,20.170000076293945
DX,2021-05-06,20.190000534057617
DX,2021-05-07,20.1200008392334
DX,2021-05-10,19.8700008392334
DX,2021-05-11,19.459999084472656
DX,2021-05-12,18.770000457763672
DX,2021-05-13,19.1200008392334
DX,2021-05-14,19.309999465942383
DX,2021-05-17,19.59000015258789
DX,2021-05-18,19.700000762939453
DX,2021-05-19,19.709999084472656
DX,2021-05-20,19.68000030517578
DX,2021-05-21,19.559999465942383
DX,2021-05-24,19.559999465942383
DX,2021-05-25,19.260000228881836
DX,2021-05-26,19.399999618530273
DX,2021-05-27,19.450000762939453
DX,2021-05-28,19.549999237060547
DX,2021-06-01,19.889999389648438
DX,2021-06-02,19.940000534057617
DX,2021-06-03,19.860000610351562
DX,2021-06-04,19.8799991607666
DX,2021-06-07,19.969999313354492
DX,2021-06-08,20.170000076293945
DX,2021-06-09,20.3799991607666
DX,2021-06-10,20.360000610351562
DX,2021-06-11,20.170000076293945
DX,2021-06-14,20.329999923706055
DX,2021-06-15,20.110000610351562
DX,2021-06-16,20.18000030517578
DX,2021-06-17,19.729999542236328
DX,2021-06-18,19.100000381469727
DX,2021-06-21,19.389999389648438
DX,2021-06-22,19.309999465942383
DX,2021-06-23,19.270000457763672
DX,2021-06-24,19.290000915527344
DX,2021-06-25,19.100000381469727
DX,2021-06-28,18.809999465942383
DX,2021-06-29,18.510000228881836
DX,2021-06-30,18.65999984741211
DX,2021-07-01,18.799999237060547
DX,2021-07-02,18.610000610351562
DX,2021-07-06,18.559999465942383
DX,2021-07-07,18.299999237060547
DX,2021-07-08,18.209999084472656
DX,2021-07-09,18.56999969482422
DX,2021-07-12,18.56999969482422
DX,2021-07-13,18.049999237060547
DX,2021-07-14,18.010000228881836
DX,2021-07-15,18.079999923706055
DX,2021-07-16,18.0
DX,2021-07-19,17.770000457763672
DX,2021-07-20,17.81999969482422
DX,2021-07-21,17.850000381469727
DX,2021-07-22,17.450000762939453
DX,2021-07-23,17.43000030517578
DX,2021-07-26,17.579999923706055
DX,2021-07-27,17.440000534057617
DX,2021-07-28,17.610000610351562
DX,2021-07-29,17.790000915527344
DX,2021-07-30,17.450000762939453
DX,2021-08-02,17.399999618530273
DX,2021-08-03,17.360000610351562
DX,2021-08-04,17.190000534057617
DX,2021-08-05,17.329999923706055
DX,2021-08-06,17.420000076293945
DX,2021-08-09,17.3700008392334
DX,2021-08-10,17.489999771118164
DX,2021-08-11,17.59000015258789
DX,2021-08-12,17.600000381469727
DX,2021-08-13,17.690000534057617
DX,2021-08-16,17.670000076293945
DX,2021-08-17,17.690000534057617
DX,2021-08-18,17.56999969482422
DX,2021-08-19,17.420000076293945
DX,2021-08-20,17.450000762939453
DX,2021-08-23,17.56999969482422
DX,2021-08-24,17.719999313354492
DX,2021-08-25,17.68000030517578
DX,2021-08-26,17.6200008392334
DX,2021-08-27,17.760000228881836
DX,2021-08-30,17.670000076293945
DX,2021-08-31,17.760000228881836
DX,2021-09-01,17.770000457763672
DX,2021-09-02,17.719999313354492
DX,2021-09-03,17.719999313354492
DX,2021-09-07,17.559999465942383
DX,2021-09-08,17.510000228881836
DX,2021-09-09,17.549999237060547
DX,2021-09-10,17.479999542236328
DX,2021-09-13,17.6299991607666
DX,2021-09-14,17.559999465942383
DX,2021-09-15,17.579999923706055
DX,2021-09-16,17.549999237060547
DX,2021-09-17,17.5
DX,2021-09-20,17.459999084472656
DX,2021-09-21,17.360000610351562
DX,2021-09-22,17.459999084472656
DX,2021-09-23,17.489999771118164
DX,2021-09-24,17.469999313354492
DX,2021-09-27,17.549999237060547
DX,2021-09-28,17.479999542236328
DX,2021-09-29,17.43000030517578
DX,2021-09-30,17.280000686645508
DX,2021-10-01,17.479999542236328
DX,2021-10-04,17.5
DX,2021-10-05,17.530000686645508
DX,2021-10-06,17.530000686645508
DX,2021-10-07,17.549999237060547
DX,2021-10-08,17.610000610351562
DX,2021-10-11,17.670000076293945
DX,2021-10-12,17.739999771118164
DX,2021-10-13,17.84000015258789
DX,2021-10-14,17.8799991607666
DX,2021-10-15,17.850000381469727
DX,2021-10-18,17.90999984741211
DX,2021-10-19,18.020000457763672
DX,2021-10-20,18.079999923706055
DX,2021-10-21,17.850000381469727
DX,2021-10-22,17.809999465942383
DX,2021-10-25,17.770000457763672
DX,2021-10-26,17.739999771118164
DX,2021-10-27,17.780000686645508
DX,2021-10-28,17.479999542236328
DX,2021-10-29,17.5
DX,2021-11-01,17.700000762939453
DX,2021-11-02,17.549999237060547
DX,2021-11-03,17.610000610351562
DX,2021-11-04,17.729999542236328
DX,2021-11-05,17.979999542236328
DX,2021-11-08,17.920000076293945
DX,2021-11-09,17.889999389648438
DX,2021-11-10,17.8700008392334
DX,2021-11-11,17.850000381469727
DX,2021-11-12,17.809999465942383
DX,2021-11-15,17.889999389648438
DX,2021-11-16,17.81999969482422
DX,2021-11-17,17.770000457763672
DX,2021-11-18,17.790000915527344
DX,2021-11-19,17.469999313354492
DX,2021-11-22,17.290000915527344
DX,2021-11-23,17.260000228881836
DX,2021-11-24,17.290000915527344
DX,2021-11-26,17.149999618530273
DX,2021-11-29,17.149999618530273
DX,2021-11-30,16.719999313354492
DX,2021-12-01,16.459999084472656
DX,2021-12-02,16.780000686645508
DX,2021-12-03,16.75
DX,2021-12-06,17.170000076293945
DX,2021-12-07,17.219999313354492
DX,2021-12-08,17.34000015258789
DX,2021-12-09,17.219999313354492
DX,2021-12-10,17.079999923706055
DX,2021-12-13,16.899999618530273
DX,2021-12-14,16.670000076293945
DX,2021-12-15,16.739999771118164
DX,2021-12-16,16.6200008392334
DX,2021-12-17,16.25
DX,2021-12-20,15.680000305175781
DX,2021-12-21,16.329999923706055
DX,2021-12-22,16.3799991607666
DX,2021-12-23,16.68000030517578
DX,2021-12-27,16.84000015258789
DX,2021-12-28,17.0
DX,2021-12-29,16.93000030517578
DX,2021-12-30,16.889999389648438
DX,2021-12-31,16.709999084472656
DX,2022-01-03,17.030000686645508
DX,2022-01-04,16.81999969482422
DX,2022-01-05,16.700000762939453
DX,2022-01-06,16.719999313354492
DX,2022-01-07,16.90999984741211
DX,2022-01-10,16.920000076293945
DX,2022-01-11,17.010000228881836
DX,2022-01-12,17.040000915527344
DX,2022-01-13,16.989999771118164
DX,2022-01-14,16.920000076293945
DX,2022-01-18,16.81999969482422
DX,2022-01-19,16.729999542236328
DX,2022-01-20,16.399999618530273
DX,2022-01-21,15.819999694824219
DX,2022-01-24,15.640000343322754
DX,2022-01-25,16.040000915527344
DX,2022-01-26,15.949999809265137
DX,2022-01-27,15.720000267028809
DX,2022-01-28,15.789999961853027
DX,2022-01-31,16.079999923706055
DX,2022-02-01,15.979999542236328
DX,2022-02-02,15.960000038146973
DX,2022-02-03,16.09000015258789
DX,2022-02-04,16.09000015258789
DX,2022-02-07,16.229999542236328
DX,2022-02-08,16.540000915527344
DX,2022-02-09,16.56999969482422
DX,2022-02-10,16.399999618530273
DX,2022-02-11,16.34000015258789
DX,2022-02-14,16.18000030517578
DX,2022-02-15,16.489999771118164
DX,2022-02-16,16.549999237060547
DX,2022-02-17,16.270000457763672
DX,2022-02-18,16.100000381469727
DX,2022-02-22,15.699999809265137
DX,2022-02-23,15.1899995803833
DX,2022-02-24,15.460000038146973
DX,2022-02-25,15.510000228881836
DX,2022-02-28,15.369999885559082
DX,2022-03-01,15.220000267028809
DX,2022-03-02,15.460000038146973
DX,2022-03-03,15.5
DX,2022-03-04,15.399999618530273
DX,2022-03-07,15.5600004196167
DX,2022-03-08,15.960000038146973
DX,2022-03-09,16.059999465942383
DX,2022-03-10,16.049999237060547
DX,2022-03-11,15.930000305175781
DX,2022-03-14,15.789999961853027
DX,2022-03-15,15.850000381469727
DX,2022-03-16,15.920000076293945
DX,2022-03-17,16.0
DX,2022-03-18,16.06999969482422
DX,2022-03-21,15.760000228881836
DX,2022-03-22,16.040000915527344
DX,2022-03-23,15.890000343322754
DX,2022-03-24,16.030000686645508
DX,2022-03-25,16.309999465942383
DX,2022-03-28,16.209999084472656
DX,2022-03-29,16.350000381469727
DX,2022-03-30,16.110000610351562
DX,2022-03-31,16.200000762939453
DX,2022-04-01,16.25
DX,2022-04-04,16.15999984741211
DX,2022-04-05,15.989999771118164
DX,2022-04-06,15.779999732971191
DX,2022-04-07,15.699999809265137
DX,2022-04-08,15.869999885559082
DX,2022-04-11,15.770000457763672
DX,2022-04-12,15.699999809265137
DX,2022-04-13,15.960000038146973
DX,2022-04-14,15.90999984741211
DX,2022-04-18,15.880000114440918
DX,2022-04-19,15.350000381469727
DX,2022-04-20,15.4399995803833
DX,2022-04-21,15.300000190734863
DX,2022-04-22,14.920000076293945
DX,2022-04-25,14.989999771118164
DX,2022-04-26,14.539999961853027
DX,2022-04-27,15.930000305175781
DX,2022-04-28,16.510000228881836
DX,2022-04-29,16.229999542236328
DX,2022-05-02,16.530000686645508
DX,2022-05-03,16.670000076293945
DX,2022-05-04,16.719999313354492
DX,2022-05-05,16.690000534057617
DX,2022-05-06,16.68000030517578
DX,2022-05-09,16.25
DX,2022-05-10,16.290000915527344
DX,2022-05-11,16.200000762939453
DX,2022-05-12,15.850000381469727
DX,2022-05-13,16.1200008392334
DX,2022-05-16,16.34000015258789
DX,2022-05-17,16.299999237060547
DX,2022-05-18,16.110000610351562
DX,2022-05-19,16.030000686645508
DX,2022-05-20,15.9399995803833
DX,2022-05-23,16.079999923706055
DX,2022-05-24,16.229999542236328
DX,2022-05-25,16.18000030517578
DX,2022-05-26,16.350000381469727
DX,2022-05-27,16.420000076293945
DX,2022-05-31,16.299999237060547
DX,2022-06-01,16.329999923706055
DX,2022-06-02,16.270000457763672
DX,2022-06-03,16.18000030517578
DX,2022-06-06,16.110000610351562
DX,2022-06-07,16.18000030517578
DX,2022-06-08,16.06999969482422
DX,2022-06-09,16.280000686645508
DX,2022-06-10,16.15999984741211
DX,2022-06-13,15.100000381469727
DX,2022-06-14,14.8100004196167
DX,2022-06-15,14.850000381469727
DX,2022-06-16,14.039999961853027
DX,2022-06-17,14.5600004196167
DX,2022-06-21,15.069999694824219
DX,2022-06-22,15.140000343322754
DX,2022-06-23,15.550000190734863
DX,2022-06-24,16.040000915527344
DX,2022-06-27,15.90999984741211
DX,2022-06-28,16.040000915527344
DX,2022-06-29,15.859999656677246
DX,2022-06-30,15.920000076293945
DX,2022-07-01,16.15999984741211
DX,2022-07-05,16.260000228881836
DX,2022-07-06,16.049999237060547
DX,2022-07-07,16.100000381469727
DX,2022-07-08,16.15999984741211
DX,2022-07-11,16.15999984741211
DX,2022-07-12,16.190000534057617
DX,2022-07-13,16.420000076293945
DX,2022-07-14,16.25
DX,2022-07-15,16.549999237060547
DX,2022-07-18,16.100000381469727
DX,2022-07-19,16.459999084472656
DX,2022-07-20,16.440000534057617
DX,2022-07-21,16.600000381469727
DX,2022-07-22,16.479999542236328
DX,2022-07-25,15.949999809265137
DX,2022-07-26,16.389999389648438
DX,2022-07-27,16.56999969482422
DX,2022-07-28,16.84000015258789
DX,2022-07-29,16.799999237060547
DX,2022-08-01,16.84000015258789
DX,2022-08-02,16.459999084472656
DX,2022-08-03,16.56999969482422
DX,2022-08-04,16.350000381469727
DX,2022-08-05,16.290000915527344
DX,2022-08-08,16.440000534057617
DX,2022-08-09,16.399999618530273
DX,2022-08-10,16.440000534057617
DX,2022-08-11,16.479999542236328
DX,2022-08-12,16.549999237060547
DX,2022-08-15,16.5
DX,2022-08-16,16.479999542236328
DX,2022-08-17,16.389999389648438
DX,2022-08-18,16.389999389648438
DX,2022-08-19,16.100000381469727
DX,2022-08-22,15.510000228881836
DX,2022-08-23,15.8100004196167
DX,2022-08-24,15.760000228881836
DX,2022-08-25,16.040000915527344
DX,2022-08-26,15.930000305175781
DX,2022-08-29,15.800000190734863
DX,2022-08-30,15.479999542236328
DX,2022-08-31,15.510000228881836
DX,2022-09-01,15.380000114440918
DX,2022-09-02,15.270000457763672
DX,2022-09-06,15.170000076293945
DX,2022-09-07,15.420000076293945
DX,2022-09-08,15.369999885559082
DX,2022-09-09,15.550000190734863
DX,2022-09-12,15.520000457763672
DX,2022-09-13,15.1899995803833
DX,2022-09-14,15.260000228881836
DX,2022-09-15,14.90999984741211
DX,2022-09-16,14.859999656677246
DX,2022-09-19,14.829999923706055
DX,2022-09-20,14.6899995803833
DX,2022-09-21,14.609999656677246
DX,2022-09-22,14.029999732971191
DX,2022-09-23,13.619999885559082
DX,2022-09-26,12.670000076293945
DX,2022-09-27,12.420000076293945
DX,2022-09-28,12.59000015258789
DX,2022-09-29,11.630000114440918
DX,2022-09-30,11.649999618530273
DX,2022-10-03,11.850000381469727
DX,2022-10-04,12.779999732971191
DX,2022-10-05,12.279999732971191
DX,2022-10-06,11.6899995803833
DX,2022-10-07,11.619999885559082
DX,2022-10-10,11.239999771118164
DX,2022-10-11,11.9399995803833
DX,2022-10-12,11.520000457763672
DX,2022-10-13,11.739999771118164
DX,2022-10-14,11.5
DX,2022-10-17,11.710000038146973
DX,2022-10-18,11.949999809265137
DX,2022-10-19,11.84000015258789
DX,2022-10-20,11.65999984741211
DX,2022-10-21,11.680000305175781
DX,2022-10-24,10.970000267028809
DX,2022-10-25,11.4399995803833
DX,2022-10-26,11.489999771118164
DX,2022-10-27,11.529999732971191
DX,2022-10-28,12.050000190734863
DX,2022-10-31,11.9399995803833
DX,2022-11-01,11.899999618530273
DX,2022-11-02,11.600000381469727
DX,2022-11-03,11.34000015258789
DX,2022-11-04,11.789999961853027
DX,2022-11-07,11.90999984741211
DX,2022-11-08,11.850000381469727
DX,2022-11-09,11.859999656677246
DX,2022-11-10,12.619999885559082
DX,2022-11-11,12.920000076293945
DX,2022-11-14,12.710000038146973
DX,2022-11-15,12.819999694824219
DX,2022-11-16,12.649999618530273
DX,2022-11-17,12.479999542236328
DX,2022-11-18,12.220000267028809
DX,2022-11-21,12.510000228881836
DX,2022-11-22,12.770000457763672
DX,2022-11-23,12.970000267028809
DX,2022-11-25,13.050000190734863
DX,2022-11-28,12.779999732971191
DX,2022-11-29,12.8100004196167
DX,2022-11-30,13.100000381469727
DX,2022-12-01,13.109999656677246
DX,2022-12-02,13.069999694824219
DX,2022-12-05,12.890000343322754
DX,2022-12-06,12.75
DX,2022-12-07,12.949999809265137
DX,2022-12-08,13.100000381469727
DX,2022-12-09,13.119999885559082
DX,2022-12-12,13.130000114440918
DX,2022-12-13,13.1899995803833
DX,2022-12-14,13.069999694824219
DX,2022-12-15,13.199999809265137
DX,2022-12-16,12.949999809265137
DX,2022-12-19,13.039999961853027
DX,2022-12-20,13.09000015258789
DX,2022-12-21,12.989999771118164
DX,2022-12-22,12.9399995803833
DX,2022-12-23,13.050000190734863
DX,2022-12-27,12.970000267028809
DX,2022-12-28,12.6899995803833
DX,2022-12-29,12.970000267028809
DX,2022-12-30,12.720000267028809
DX,2023-01-03,12.979999542236328
DX,2023-01-04,13.100000381469727
DX,2023-01-05,13.180000305175781
DX,2023-01-06,13.449999809265137
DX,2023-01-09,13.899999618530273
DX,2023-01-10,14.279999732971191
DX,2023-01-11,14.220000267028809
DX,2023-01-12,14.289999961853027
DX,2023-01-13,14.34000015258789
DX,2023-01-17,14.3100004196167
DX,2023-01-18,14.489999771118164
DX,2023-01-19,14.460000038146973
DX,2023-01-20,14.489999771118164
DX,2023-01-23,14.479999542236328
DX,2023-01-24,14.399999618530273
DX,2023-01-25,14.380000114440918
DX,2023-01-26,14.84000015258789
DX,2023-01-27,14.979999542236328
DX,2023-01-30,14.140000343322754
DX,2023-01-31,14.40999984741211
DX,2023-02-01,14.779999732971191
DX,2023-02-02,14.8100004196167
DX,2023-02-03,14.619999885559082
DX,2023-02-06,14.199999809265137
DX,2023-02-07,14.539999961853027
DX,2023-02-08,14.470000267028809
DX,2023-02-09,14.239999771118164
DX,2023-02-10,14.109999656677246
DX,2023-02-13,14.050000190734863
DX,2023-02-14,13.930000305175781
DX,2023-02-15,13.8100004196167
DX,2023-02-16,13.920000076293945
DX,2023-02-17,13.789999961853027
DX,2023-02-21,13.420000076293945
DX,2023-02-22,13.670000076293945
DX,2023-02-23,13.6899995803833
DX,2023-02-24,13.479999542236328
DX,2023-02-27,13.34000015258789
DX,2023-02-28,13.229999542236328
DX,2023-03-01,12.920000076293945
DX,2023-03-02,12.890000343322754
DX,2023-03-03,13.079999923706055
DX,2023-03-06,13.130000114440918
DX,2023-03-07,13.0
DX,2023-03-08,13.039999961853027
DX,2023-03-09,12.529999732971191
DX,2023-03-10,11.970000267028809
DX,2023-03-13,11.970000267028809
DX,2023-03-14,12.239999771118164
DX,2023-03-15,11.729999542236328
DX,2023-03-16,12.029999732971191
DX,2023-03-17,11.680000305175781
DX,2023-03-20,11.569999694824219
DX,2023-03-21,11.75
DX,2023-03-22,11.550000190734863
DX,2023-03-23,11.399999618530273
DX,2023-03-24,11.75
DX,2023-03-27,11.800000190734863
DX,2023-03-28,11.75
DX,2023-03-29,11.869999885559082
DX,2023-03-30,11.869999885559082
DX,2023-03-31,12.119999885559082
DX,2023-04-03,12.079999923706055
DX,2023-04-04,12.149999618530273
DX,2023-04-05,12.289999961853027
DX,2023-04-06,12.229999542236328
DX,2023-04-10,11.920000076293945
DX,2023-04-11,11.979999542236328
DX,2023-04-12,12.020000457763672
DX,2023-04-13,12.050000190734863
DX,2023-04-14,11.949999809265137
DX,2023-04-17,12.029999732971191
DX,2023-04-18,11.90999984741211
DX,2023-04-19,11.930000305175781
DX,2023-04-20,11.800000190734863
DX,2023-04-21,11.800000190734863
DX,2023-04-24,11.75
DX,2023-04-25,11.680000305175781
DX,2023-04-26,11.619999885559082
DX,2023-04-27,11.800000190734863
DX,2023-04-28,11.859999656677246
DX,2023-05-01,11.460000038146973
DX,2023-05-02,10.84000015258789
DX,2023-05-03,10.899999618530273
DX,2023-05-04,10.699999809265137
DX,2023-05-05,10.930000305175781
DX,2023-05-08,11.029999732971191
DX,2023-05-09,11.050000190734863
DX,2023-05-10,11.069999694824219
DX,2023-05-11,10.979999542236328
DX,2023-05-12,11.039999961853027
DX,2023-05-15,11.010000228881836
DX,2023-05-16,10.779999732971191
DX,2023-05-17,10.989999771118164
DX,2023-05-18,11.130000114440918
DX,2023-05-19,10.850000381469727
DX,2023-05-22,10.970000267028809
DX,2023-05-23,10.979999542236328
DX,2023-05-24,10.819999694824219
DX,2023-05-25,10.550000190734863
DX,2023-05-26,10.90999984741211
DX,2023-05-30,11.220000267028809
DX,2023-05-31,11.239999771118164
DX,2023-06-01,11.460000038146973
DX,2023-06-02,11.710000038146973
DX,2023-06-05,11.539999961853027
DX,2023-06-06,11.869999885559082
DX,2023-06-07,11.970000267028809
DX,2023-06-08,12.029999732971191
DX,2023-06-09,12.069999694824219
DX,2023-06-12,12.25
DX,2023-06-13,12.3100004196167
DX,2023-06-14,12.289999961853027
DX,2023-06-15,12.489999771118164
DX,2023-06-16,12.40999984741211
DX,2023-06-20,12.4399995803833
DX,2023-06-21,12.539999961853027
DX,2023-06-22,12.289999961853027
DX,2023-06-23,12.0600004196167
DX,2023-06-26,12.329999923706055
DX,2023-06-27,12.569999694824219
DX,2023-06-28,12.600000381469727
DX,2023-06-29,12.5600004196167
DX,2023-06-30,12.59000015258789
DX,2023-07-03,12.510000228881836
DX,2023-07-05,12.270000457763672
DX,2023-07-06,11.949999809265137
DX,2023-07-07,12.289999961853027
DX,2023-07-10,12.420000076293945
DX,2023-07-11,12.399999618530273
DX,2023-07-12,12.529999732971191
DX,2023-07-13,12.640000343322754
DX,2023-07-14,12.539999961853027
DX,2023-07-17,12.59000015258789
DX,2023-07-18,12.720000267028809
DX,2023-07-19,12.819999694824219
DX,2023-07-20,12.5600004196167
DX,2023-07-21,12.579999923706055
DX,2023-07-24,13.119999885559082
DX,2023-07-25,13.319999694824219
DX,2023-07-26,13.329999923706055
DX,2023-07-27,13.130000114440918
DX,2023-07-28,13.289999961853027
DX,2023-07-31,13.050000190734863
DX,2023-08-01,13.029999732971191
DX,2023-08-02,12.970000267028809
DX,2023-08-03,12.600000381469727
DX,2023-08-04,12.90999984741211
DX,2023-08-07,13.020000457763672
DX,2023-08-08,13.039999961853027
DX,2023-08-09,12.989999771118164
DX,2023-08-10,12.979999542236328
DX,2023-08-11,12.920000076293945
DX,2023-08-14,12.680000305175781
DX,2023-08-15,12.579999923706055
DX,2023-08-16,12.470000267028809
DX,2023-08-17,12.300000190734863
DX,2023-08-18,12.289999961853027
DX,2023-08-21,12.279999732971191
DX,2023-08-22,12.100000381469727
DX,2023-08-23,12.40999984741211
DX,2023-08-24,12.489999771118164
DX,2023-08-25,12.520000457763672
DX,2023-08-28,12.960000038146973
DX,2023-08-29,13.130000114440918
DX,2023-08-30,12.9399995803833
DX,2023-08-31,12.960000038146973
DX,2023-09-01,13.039999961853027
DX,2023-09-05,12.829999923706055
DX,2023-09-06,12.819999694824219
DX,2023-09-07,12.760000228881836
DX,2023-09-08,12.8100004196167
DX,2023-09-11,12.930000305175781
DX,2023-09-12,12.949999809265137
DX,2023-09-13,13.0
DX,2023-09-14,13.100000381469727
DX,2023-09-15,13.229999542236328
DX,2023-09-18,13.239999771118164
DX,2023-09-19,13.020000457763672
DX,2023-09-20,12.949999809265137
DX,2023-09-21,12.1899995803833
DX,2023-09-22,12.369999885559082
DX,2023-09-25,12.199999809265137
DX,2023-09-26,11.75
DX,2023-09-27,11.5600004196167
DX,2023-09-28,11.739999771118164
DX,2023-09-29,11.9399995803833
DX,2023-10-02,11.649999618530273
DX,2023-10-03,11.399999618530273
DX,2023-10-04,11.289999961853027
DX,2023-10-05,11.579999923706055
DX,2023-10-06,11.600000381469727
DX,2023-10-09,11.819999694824219
DX,2023-10-10,11.8100004196167
DX,2023-10-11,12.029999732971191
DX,2023-10-12,11.680000305175781
DX,2023-10-13,11.489999771118164
DX,2023-10-16,11.640000343322754
DX,2023-10-17,11.5
DX,2023-10-18,11.25
DX,2023-10-19,10.800000190734863
DX,2023-10-20,10.670000076293945
DX,2023-10-23,10.300000190734863
DX,2023-10-24,10.170000076293945
DX,2023-10-25,9.640000343322754
DX,2023-10-26,9.850000381469727
DX,2023-10-27,9.600000381469727
DX,2023-10-30,9.649999618530273
DX,2023-10-31,10.039999961853027
DX,2023-11-01,10.399999618530273
DX,2023-11-02,10.850000381469727
DX,2023-11-03,11.050000190734863
DX,2023-11-06,11.0
DX,2023-11-07,11.020000457763672
DX,2023-11-08,11.0
DX,2023-11-09,10.760000228881836
DX,2023-11-10,10.779999732971191
DX,2023-11-13,10.710000038146973
DX,2023-11-14,11.170000076293945
DX,2023-11-15,11.300000190734863
DX,2023-11-16,11.220000267028809
DX,2023-11-17,11.359999656677246
DX,2023-11-20,11.399999618530273
DX,2023-11-21,11.390000343322754
DX,2023-11-22,11.399999618530273
DX,2023-11-24,11.329999923706055
DX,2023-11-27,11.210000038146973
DX,2023-11-28,11.210000038146973
DX,2023-11-29,11.460000038146973
DX,2023-11-30,11.4399995803833
DX,2023-12-01,11.819999694824219
DX,2023-12-04,11.819999694824219
DX,2023-12-05,11.850000381469727
DX,2023-12-06,11.630000114440918
DX,2023-12-07,11.789999961853027
DX,2023-12-08,11.890000343322754
DX,2023-12-11,11.770000457763672
DX,2023-12-12,11.890000343322754
DX,2023-12-13,12.369999885559082
DX,2023-12-14,12.779999732971191
DX,2023-12-15,12.680000305175781
DX,2023-12-18,12.579999923706055
DX,2023-12-19,12.739999771118164
DX,2023-12-20,12.619999885559082
DX,2023-12-21,12.640000343322754
DX,2023-12-22,12.600000381469727
DX,2023-12-26,12.710000038146973
DX,2023-12-27,12.729999542236328
DX,2023-12-28,12.739999771118164
DX,2023-12-29,12.520000457763672
DX,2024-01-02,12.4399995803833
DX,2024-01-03,12.1899995803833
DX,2024-01-04,12.079999923706055
DX,2024-01-05,12.289999961853027
DX,2024-01-08,12.649999618530273
DX,2024-01-09,12.729999542236328
DX,2024-01-10,12.770000457763672
DX,2024-01-11,12.670000076293945
DX,2024-01-12,12.8100004196167
DX,2024-01-16,12.65999984741211
DX,2024-01-17,12.520000457763672
DX,2024-01-18,12.670000076293945
DX,2024-01-19,12.630000114440918
DX,2024-01-22,12.4399995803833
DX,2024-01-23,12.5600004196167
DX,2024-01-24,12.489999771118164
DX,2024-01-25,12.6899995803833
DX,2024-01-26,12.6899995803833
DX,2024-01-29,12.84000015258789
DX,2024-01-30,12.5
DX,2024-01-31,12.239999771118164
DX,2024-02-01,12.4399995803833
DX,2024-02-02,12.34000015258789
DX,2024-02-05,12.109999656677246
DX,2024-02-06,12.1899995803833
DX,2024-02-07,11.850000381469727
DX,2024-02-08,11.989999771118164
DX,2024-02-09,12.180000305175781
DX,2024-02-12,12.369999885559082
DX,2024-02-13,11.819999694824219
DX,2024-02-14,12.100000381469727
DX,2024-02-15,12.489999771118164
DX,2024-02-16,12.420000076293945
DX,2024-02-20,12.350000381469727
DX,2024-02-21,12.34000015258789
DX,2024-02-22,12.239999771118164
DX,2024-02-23,12.220000267028809
DX,2024-02-26,12.15999984741211
DX,2024-02-27,12.1899995803833
DX,2024-02-28,12.149999618530273
DX,2024-02-29,12.34000015258789
DX,2024-03-01,12.380000114440918
DX,2024-03-04,12.260000228881836
DX,2024-03-05,12.260000228881836
DX,2024-03-06,12.380000114440918
DX,2024-03-07,12.4399995803833
DX,2024-03-08,12.5
DX,2024-03-11,12.59000015258789
DX,2024-03-12,12.670000076293945
DX,2024-03-13,12.770000457763672
DX,2024-03-14,12.329999923706055
DX,2024-03-15,12.479999542236328
DX,2024-03-18,12.479999542236328
DX,2024-03-19,12.5
DX,2024-03-20,12.4399995803833
DX,2024-03-21,12.270000457763672
DX,2024-03-22,12.260000228881836
DX,2024-03-25,12.3100004196167
DX,2024-03-26,12.199999809265137
DX,2024-03-27,12.399999618530273
DX,2024-03-28,12.449999809265137
DX,2024-04-01,12.3100004196167
DX,2024-04-02,12.180000305175781
DX,2024-04-03,12.119999885559082
DX,2024-04-04,12.140000343322754
DX,2024-04-05,12.130000114440918
DX,2024-04-08,12.119999885559082
DX,2024-04-09,12.270000457763672
DX,2024-04-10,11.680000305175781
DX,2024-04-11,11.729999542236328
DX,2024-04-12,11.789999961853027
DX,2024-04-15,11.619999885559082
DX,2024-04-16,11.460000038146973
DX,2024-04-17,11.520000457763672
DX,2024-04-18,11.479999542236328
DX,2024-04-19,11.710000038146973
DX,2024-04-22,11.460000038146973
DX,2024-04-23,11.829999923706055
DX,2024-04-24,11.890000343322754
DX,2024-04-25,11.65999984741211
DX,2024-04-26,11.920000076293945
DX,2024-04-29,11.800000190734863
DX,2024-04-30,11.670000076293945
DX,2024-05-01,11.859999656677246
DX,2024-05-02,11.989999771118164
DX,2024-05-03,12.079999923706055
DX,2024-05-06,12.229999542236328
DX,2024-05-07,12.170000076293945
DX,2024-05-08,12.180000305175781
DX,2024-05-09,12.319999694824219
DX,2024-05-10,12.390000343322754
DX,2024-05-13,12.319999694824219
DX,2024-05-14,12.420000076293945
DX,2024-05-15,12.550000190734863
DX,2024-05-16,12.569999694824219
DX,2024-05-17,12.609999656677246
DX,2024-05-20,12.539999961853027
DX,2024-05-21,12.510000228881836
DX,2024-05-22,12.300000190734863
DX,2024-05-23,12.0
DX,2024-05-24,12.199999809265137
DX,2024-05-28,12.140000343322754
DX,2024-05-29,12.010000228881836
DX,2024-05-30,12.170000076293945
DX,2024-05-31,12.25
DX,2024-06-03,12.34000015258789
DX,2024-06-04,12.329999923706055
DX,2024-06-05,12.470000267028809
DX,2024-06-06,11.84000015258789
DX,2024-06-07,11.6899995803833
DX,2024-06-10,11.680000305175781
DX,2024-06-11,11.5
DX,2024-06-12,11.710000038146973
DX,2024-06-13,11.850000381469727
DX,2024-06-14,11.859999656677246
DX,2024-06-17,11.9399995803833
DX,2024-06-18,11.930000305175781
DX,2024-06-20,12.020000457763672
DX,2024-06-21,12.039999961853027
DX,2024-06-24,11.9399995803833
DX,2024-06-25,11.779999732971191
DX,2024-06-26,11.869999885559082
DX,2024-06-27,11.84000015258789
DX,2024-06-28,11.9399995803833
DX,2024-07-01,11.720000267028809
DX,2024-07-02,11.75
DX,2024-07-03,11.739999771118164
DX,2024-07-05,11.789999961853027
DX,2024-07-08,11.710000038146973
DX,2024-07-09,11.859999656677246
DX,2024-07-10,12.050000190734863
DX,2024-07-11,12.260000228881836
DX,2024-07-12,12.350000381469727
DX,2024-07-15,12.470000267028809
DX,2024-07-16,12.619999885559082
DX,2024-07-17,12.529999732971191
DX,2024-07-18,12.479999542236328
DX,2024-07-19,12.329999923706055
DX,2024-07-22,12.449999809265137
DX,2024-07-23,12.449999809265137
DX,2024-07-24,12.279999732971191
DX,2024-07-25,12.079999923706055
DX,2024-07-26,12.210000038146973
DX,2024-07-29,12.130000114440918
DX,2024-07-30,12.220000267028809
DX,2024-07-31,12.170000076293945
DX,2024-08-01,12.15999984741211
DX,2024-08-02,12.109999656677246
DX,2024-08-05,11.75
DX,2024-08-06,12.020000457763672
DX,2024-08-07,12.119999885559082
DX,2024-08-08,12.279999732971191
DX,2024-08-09,12.239999771118164
DX,2024-08-12,12.09000015258789
DX,2024-08-13,12.170000076293945
DX,2024-08-14,12.199999809265137
DX,2024-08-15,12.229999542236328
DX,2024-08-16,12.300000190734863
DX,2024-08-19,12.380000114440918
DX,2024-08-20,12.34000015258789
DX,2024-08-21,12.369999885559082
DX,2024-08-22,12.3100004196167
DX,2024-08-23,12.319999694824219
DX,2024-08-26,12.550000190734863
DX,2024-08-27,12.5600004196167
DX,2024-08-28,12.579999923706055
DX,2024-08-29,12.609999656677246
DX,2024-08-30,12.600000381469727
DX,2024-09-03,12.470000267028809
DX,2024-09-04,12.420000076293945
DX,2024-09-05,12.460000038146973
DX,2024-09-06,12.470000267028809
DX,2024-09-09,12.470000267028809
DX,2024-09-10,12.579999923706055
DX,2024-09-11,12.5
DX,2024-09-12,12.550000190734863
DX,2024-09-13,12.75
DX,2024-09-16,12.880000114440918
DX,2024-09-17,12.779999732971191
DX,2024-09-18,12.819999694824219
DX,2024-09-19,12.960000038146973
DX,2024-09-20,12.880000114440918
DX,2024-09-23,12.390000343322754
DX,2024-09-24,12.600000381469727
DX,2024-09-25,12.40999984741211
DX,2024-09-26,12.539999961853027
DX,2024-09-27,12.649999618530273
DX,2024-09-30,12.760000228881836
DX,2024-10-01,12.520000457763672
DX,2024-10-02,12.350000381469727
DX,2024-10-03,12.3100004196167
DX,2024-10-04,12.210000038146973
DX,2024-10-07,12.069999694824219
DX,2024-10-08,12.199999809265137
DX,2024-10-09,12.229999542236328
DX,2024-10-10,12.3100004196167
DX,2024-10-11,12.25
DX,2024-10-14,12.3100004196167
DX,2024-10-15,12.390000343322754
DX,2024-10-16,12.600000381469727
DX,2024-10-17,12.65999984741211
DX,2024-10-18,12.630000114440918
DX,2024-10-21,12.550000190734863
DX,2024-10-22,12.470000267028809
DX,2024-10-23,12.59000015258789
DX,2024-10-24,12.649999618530273
DX,2024-10-25,12.40999984741211
DX,2024-10-28,12.40999984741211
DX,2024-10-29,12.359999656677246
DX,2024-10-30,12.390000343322754
DX,2024-10-31,12.210000038146973
DX,2024-11-01,12.130000114440918
DX,2024-11-04,12.210000038146973
DX,2024-11-05,12.3100004196167
DX,2024-11-06,12.350000381469727
DX,2024-11-07,12.460000038146973
DX,2024-11-08,12.630000114440918
DX,2024-11-11,12.520000457763672
DX,2024-11-12,12.25
DX,2024-11-13,12.380000114440918
DX,2024-11-14,12.380000114440918
DX,2024-11-15,12.420000076293945
DX,2024-11-18,12.489999771118164
DX,2024-11-19,12.5
DX,2024-11-20,12.40999984741211
DX,2024-11-21,12.489999771118164
DX,2024-11-22,12.390000343322754
DX,2024-11-25,12.5
DX,2024-11-26,12.420000076293945
DX,2024-11-27,12.470000267028809
DX,2024-11-29,12.550000190734863
DX,2024-12-02,12.520000457763672
DX,2024-12-03,12.449999809265137
DX,2024-12-04,12.550000190734863
DX,2024-12-05,12.5600004196167
DX,2024-12-06,12.640000343322754
DX,2024-12-09,12.6899995803833
DX,2024-12-10,12.720000267028809
DX,2024-12-11,12.710000038146973
DX,2024-12-12,12.6899995803833
DX,2024-12-13,12.670000076293945
DX,2024-12-16,12.710000038146973
DX,2024-12-17,12.569999694824219
DX,2024-12-18,12.350000381469727
DX,2024-12-19,12.430000305175781
DX,2024-12-20,12.569999694824219
DX,2024-12-23,12.489999771118164
DX,2024-12-24,12.630000114440918
DX,2024-12-26,12.569999694824219
DX,2024-12-27,12.569999694824219
DX,2024-12-30,12.520000457763672
DX,2024-12-31,12.649999618530273
DX,2025-01-02,12.600000381469727
DX,2025-01-03,12.670000076293945
DX,2025-01-06,12.600000381469727
DX,2025-01-07,12.5600004196167
DX,2025-01-08,12.5
DX,2025-01-10,12.239999771118164
DX,2025-01-13,12.180000305175781
DX,2025-01-14,12.289999961853027
DX,2025-01-15,12.489999771118164
DX,2025-01-16,12.630000114440918
DX,2025-01-17,12.75
DX,2025-01-21,12.84000015258789
DX,2025-01-22,12.760000228881836
DX,2025-01-23,12.600000381469727
DX,2025-01-24,12.630000114440918
DX,2025-01-27,12.779999732971191
DX,2025-01-28,12.90999984741211
DX,2025-01-29,12.859999656677246
DX,2025-01-30,13.149999618530273
DX,2025-01-31,13.270000457763672
DX,2025-02-03,13.210000038146973
DX,2025-02-04,13.270000457763672
DX,2025-02-05,13.34000015258789
DX,2025-02-06,13.40999984741211
DX,2025-02-07,13.34000015258789
DX,2025-02-10,13.34000015258789
DX,2025-02-11,13.3100004196167
DX,2025-02-12,13.260000228881836
DX,2025-02-13,13.470000267028809
DX,2025-02-14,13.789999961853027
DX,2025-02-18,13.710000038146973
DX,2025-02-19,13.8100004196167
DX,2025-02-20,13.869999885559082
DX,2025-02-21,14.0600004196167
DX,2025-02-24,13.920000076293945
DX,2025-02-25,13.880000114440918
DX,2025-02-26,13.960000038146973
DX,2025-02-27,13.949999809265137
DX,2025-02-28,14.069999694824219
DX,2025-03-03,13.970000267028809
DX,2025-03-04,13.859999656677246
DX,2025-03-05,14.069999694824219
DX,2025-03-06,14.020000457763672
DX,2025-03-07,14.369999885559082
DX,2025-03-10,14.260000228881836
DX,2025-03-11,13.890000343322754
DX,2025-03-12,13.930000305175781
DX,2025-03-13,13.989999771118164
DX,2025-03-14,14.220000267028809
DX,2025-03-17,14.34000015258789
DX,2025-03-18,14.420000076293945
DX,2025-03-19,14.229999542236328
DX,2025-03-20,14.100000381469727
DX,2025-03-21,14.039999961853027
DX,2025-03-24,13.850000381469727
DX,2025-03-25,13.600000381469727
DX,2025-03-26,13.359999656677246
DX,2025-03-27,13.279999732971191
DX,2025-03-28,13.050000190734863
DX,2025-03-31,13.020000457763672
DX,2025-04-01,12.989999771118164
DX,2025-04-02,12.8100004196167
DX,2025-04-03,12.699999809265137
DX,2025-04-04,12.130000114440918
DX,2025-04-07,11.729999542236328
DX,2025-04-08,11.529999732971191
DX,2025-04-09,11.920000076293945
DX,2025-04-10,11.130000114440918
DX,2025-04-11,11.390000343322754
DX,2025-04-14,11.6899995803833
DX,2025-04-15,11.760000228881836
DX,2025-04-16,11.59000015258789
DX,2025-04-17,11.670000076293945
DX,2025-04-21,11.460000038146973
DX,2025-04-22,11.8100004196167
DX,2025-04-23,11.859999656677246
DX,2025-04-24,11.979999542236328
DX,2025-04-25,12.229999542236328
DX,2025-04-28,12.420000076293945
DX,2025-04-29,12.460000038146973
DX,2025-04-30,12.329999923706055
DX,2025-05-01,12.1899995803833
DX,2025-05-02,12.1899995803833
DX,2025-05-05,12.15999984741211
DX,2025-05-06,12.119999885559082
DX,2025-05-07,12.239999771118164
DX,2025-05-08,12.420000076293945
DX,2025-05-09,12.430000305175781
DX,2025-05-12,12.529999732971191
DX,2025-05-13,12.550000190734863
DX,2025-05-14,12.529999732971191
DX,2025-05-15,12.5600004196167
DX,2025-05-16,12.609999656677246
DX,2025-05-19,12.489999771118164
DX,2025-05-20,12.5
DX,2025-05-21,12.029999732971191
DX,2025-05-22,11.989999771118164
DX,2025-05-23,11.850000381469727
DX,2025-05-27,11.90999984741211
DX,2025-05-28,12.050000190734863
DX,2025-05-29,12.109999656677246
DX,2025-05-30,12.039999961853027
DX,2025-06-02,11.890000343322754
DX,2025-06-03,12.010000228881836
DX,2025-06-04,12.0600004196167
DX,2025-06-05,12.100000381469727
DX,2025-06-06,12.15999984741211
DX,2025-06-09,12.210000038146973
DX,2025-06-10,12.300000190734863
DX,2025-06-11,12.3100004196167
DX,2025-06-12,12.399999618530273
DX,2025-06-13,12.300000190734863
DX,2025-06-16,12.300000190734863
DX,2025-06-17,12.069999694824219
DX,2025-06-18,12.210000038146973
DX,2025-06-20,12.180000305175781
DX,2025-06-23,12.010000228881836
DX,2025-06-24,12.079999923706055
DX,2025-06-25,12.020000457763672
DX,2025-06-26,12.199999809265137
DX,2025-06-27,12.119999885559082
DX,2025-06-30,12.220000267028809
DX,2025-07-01,12.25
DX,2025-07-02,12.550000190734863
DX,2025-07-03,12.8100004196167
DX,2025-07-07,12.729999542236328
DX,2025-07-08,12.75
DX,2025-07-09,12.859999656677246
DX,2025-07-10,12.84000015258789
DX,2025-07-11,12.75
DX,2025-07-14,12.59000015258789
DX,2025-07-15,12.470000267028809
DX,2025-07-16,12.649999618530273
DX,2025-07-17,12.579999923706055
DX,2025-07-18,12.529999732971191
DX,2025-07-21,12.539999961853027
DX,2025-07-22,12.720000267028809
DX,2025-07-23,12.75
DX,2025-07-24,12.670000076293945
DX,2025-07-25,12.75
DX,2025-07-28,12.670000076293945
DX,2025-07-29,12.770000457763672
DX,2025-07-30,12.520000457763672
DX,2025-07-31,12.4399995803833
DX,2025-08-01,12.449999809265137
DX,2025-08-04,12.569999694824219
DX,2025-08-05,12.529999732971191
DX,2025-08-06,12.359999656677246
DX,2025-08-07,12.329999923706055
DX,2025-08-08,12.420000076293945
DX,2025-08-11,12.300000190734863
DX,2025-08-12,12.40999984741211
DX,2025-08-13,12.630000114440918
DX,2025-08-14,12.569999694824219
DX,2025-08-15,12.579999923706055
DX,2025-08-18,12.470000267028809
DX,2025-08-19,12.489999771118164
DX,2025-08-20,12.520000457763672
DX,2025-08-21,12.430000305175781
DX,2025-08-22,12.460000038146973
DX,2025-08-25,12.4399995803833
DX,2025-08-26,12.529999732971191
DX,2025-08-27,12.489999771118164
DX,2025-08-28,12.489999771118164
DX,2025-08-29,12.619999885559082
DX,2025-09-02,12.4399995803833
DX,2025-09-03,12.609999656677246
DX,2025-09-04,12.770000457763672
DX,2025-09-05,12.920000076293945
DX,2025-09-08,12.930000305175781
DX,2025-09-09,12.899999618530273
DX,2025-09-10,12.710000038146973
DX,2025-09-11,12.5600004196167
DX,2025-09-12,12.529999732971191
DX,2025-09-15,12.5
DX,2025-09-16,12.34000015258789
DX,2025-09-17,12.470000267028809
DX,2025-09-18,12.369999885559082
DX,2025-09-19,12.270000457763672
DX,2025-09-22,11.850000381469727
DX,2025-09-23,12.100000381469727
DX,2025-09-24,12.050000190734863
DX,2025-09-25,12.039999961853027
DX,2025-09-26,12.100000381469727
DX,2025-09-29,12.069999694824219
DX,2025-09-30,12.289999961853027
DX,2025-10-01,12.479999542236328
DX,2025-10-02,12.65999984741211
DX,2025-10-03,12.729999542236328
DX,2025-10-06,12.649999618530273
DX,2025-10-07,12.890000343322754
DX,2025-10-08,13.069999694824219
DX,2025-10-09,12.960000038146973
DX,2025-10-10,12.979999542236328
DX,2025-10-13,13.15999984741211
DX,2025-10-14,13.300000190734863
DX,2025-10-15,13.289999961853027
DX,2025-10-16,13.199999809265137
DX,2025-10-17,13.380000114440918
DX,2025-10-20,13.430000305175781
DX,2025-10-21,13.289999961853027
DX,2025-10-22,13.369999885559082
DX,2025-10-23,13.229999542236328
DX,2025-10-24,13.399999618530273
DX,2025-10-27,13.579999923706055
DX,2025-10-28,13.479999542236328
DX,2025-10-29,13.329999923706055
DX,2025-10-30,13.119999885559082
DX,2025-10-31,13.239999771118164
DX,2025-11-03,13.279999732971191
DX,2025-11-04,13.359999656677246
DX,2025-11-05,13.4399995803833
DX,2025-11-06,13.350000381469727
DX,2025-11-07,13.619999885559082
DX,2025-11-10,13.59000015258789
DX,2025-11-11,13.729999542236328
DX,2025-11-12,13.720000267028809
DX,2025-11-13,13.649999618530273
DX,2025-11-14,13.59000015258789
DX,2025-11-17,13.5
DX,2025-11-18,13.510000228881836
DX,2025-11-19,13.40999984741211
DX,2025-11-20,13.399999618530273
DX,2025-11-21,13.489999771118164
DX,2025-11-24,13.529999732971191
DX,2025-11-25,13.789999961853027
DX,2025-11-26,13.930000305175781
DX,2025-11-28,14.010000228881836
DX,2025-12-01,13.880000114440918
DX,2025-12-02,13.829999923706055
DX,2025-12-03,13.890000343322754
DX,2025-12-04,13.880000114440918
DX,2025-12-05,14.029999732971191
DX,2025-12-08,13.920000076293945
DX,2025-12-09,13.699999809265137
DX,2025-12-10,13.6899995803833
DX,2025-12-11,13.520000457763672
DX,2025-12-12,13.529999732971191
DX,2025-12-15,13.640000343322754
DX,2025-12-16,13.649999618530273
DX,2025-12-17,13.699999809265137
DX,2025-12-18,13.75
DX,2025-12-19,13.829999923706055
DX,2025-12-22,13.930000305175781
DX,2025-12-23,13.8100004196167
DX,2025-12-24,13.949999809265137
DX,2025-12-26,13.880000114440918
DX,2025-12-29,13.859999656677246
DX,2025-12-30,13.920000076293945
DX,2025-12-31,14.010000228881836
DX,2026-01-02,14.079999923706055
DX,2026-01-05,14.069999694824219
DX,2026-01-06,14.069999694824219
DX,2026-01-07,13.960000038146973
DX,2026-01-08,13.920000076293945
DX,2026-01-09,13.979999542236328
DX,2026-01-12,14.050000190734863
DX,2026-01-13,14.039999961853027
DX,2026-01-14,14.0600004196167
DX,2026-01-15,14.260000228881836
DX,2026-01-16,14.649999618530273
DX,2026-01-20,14.569999694824219
DX,2026-01-21,14.369999885559082
DX,2026-01-22,14.4399995803833
DX,2026-01-23,14.619999885559082
DX,2026-01-26,14.600000381469727
DX,2026-01-27,14.739999771118164
DX,2026-01-28,14.640000343322754
DX,2026-01-29,14.569999694824219
DX,2026-01-30,13.880000114440918
DX,2026-02-02,13.819999694824219
DX,2026-02-03,14.039999961853027
DX,2026-02-04,14.09000015258789
DX,2026-02-05,14.010000228881836
DX,2026-02-06,14.069999694824219
DX,2026-02-09,13.920000076293945
DX,2026-02-10,13.829999923706055
DX,2026-02-11,13.960000038146973
DX,2026-02-12,14.100000381469727
DX,2026-02-13,14.050000190734863
DX,2026-02-17,13.970000267028809
DX,2026-02-18,13.970000267028809
DX,2026-02-19,14.010000228881836
DX,2026-02-20,14.130000114440918
DX,2026-02-23,13.970000267028809
DX,2026-02-24,13.949999809265137
DX,2026-02-25,13.960000038146973
DX,2026-02-26,14.029999732971191
DX,2026-02-27,14.029999732971191
DX,2026-03-02,13.869999885559082
DX,2026-03-03,13.779999732971191
DX,2026-03-04,13.680000305175781
DX,2026-03-05,13.609999656677246
DX,2026-03-06,13.4399995803833
DX,2026-03-09,13.420000076293945
DX,2026-03-10,13.600000381469727
DX,2026-03-11,13.529999732971191
DX,2026-03-12,13.329999923706055
DX,2026-03-13,13.0600004196167
DX,2026-03-16,13.119999885559082
DX,2026-03-17,13.220000267028809
DX,2026-03-18,12.930000305175781
DX,2026-03-19,12.970000267028809
DX,2026-03-20,12.390000343322754
DX,2026-03-23,12.420000076293945
DX,2026-03-24,12.460000038146973
DX,2026-03-25,12.6899995803833
DX,2026-03-26,12.399999618530273
DX,2026-03-27,12.170000076293945
DX,2026-03-30,12.460000038146973
DX,2026-03-31,12.760000228881836
DX,2026-04-01,12.75
DX,2026-04-02,12.869999885559082
DX,2026-04-06,12.899999618530273
DX,2026-04-07,12.6899995803833
DX,2026-04-08,13.079999923706055
DX,2026-04-09,13.210000038146973
DX,2026-04-10,13.170000076293945
DX,2026-04-13,13.079999923706055
DX,2026-04-14,13.25
DX,2026-04-15,13.40999984741211
DX,2026-04-16,13.239999771118164
DX,2026-04-17,13.609999656677246
DX,2026-04-20,13.720000267028809
DX,2026-04-21,13.760000228881836
DX,2026-04-22,13.779999732971191
DX,2026-04-23,13.600000381469727
DX,2026-04-24,13.760000228881836
DX,2026-04-27,13.789999961853027
DX,2026-04-28,13.739999771118164
DX,2026-04-29,13.5
DX,2026-04-30,13.619999885559082
DX,2026-05-01,13.569999694824219
DX,2026-05-04,13.260000228881836
DX,2026-05-05,13.34000015258789
DX,2026-05-06,13.350000381469727
DX,2026-05-07,13.319999694824219
DX,2026-05-08,13.40999984741211
DX,2026-05-11,13.369999885559082
DX,2026-05-12,13.300000190734863
DX,2026-05-13,13.1899995803833
DX,2026-05-14,13.109999656677246
DX,2026-05-15,12.970000267028809
DX,2026-05-18,12.989999771118164
DX,2026-05-19,12.779999732971191
DX,2026-05-20,12.869999885559082
DX,2026-05-21,12.850000381469727
DX,2026-05-22,12.720000267028809
DX,2026-05-26,13.0
DX,2026-05-27,13.050000190734863
DX,2026-05-28,13.029999732971191
DX,2026-05-29,13.09000015258789
DX,2026-06-01,12.970000267028809
DX,2026-06-02,12.869999885559082
DX,2026-06-03,12.789999961853027
DX,2026-06-04,13.010000228881836
DX,2026-06-05,12.869999885559082
DX,2026-06-08,12.729999542236328
DX,2026-06-09,12.960000038146973
DX,2026-06-10,12.760000228881836
DX,2026-06-11,12.899999618530273
DX,2026-06-12,12.930000305175781
DX,2026-06-15,13.100000381469727
DX,2026-06-16,13.210000038146973
DX,2026-06-17,13.050000190734863
DX,2026-06-18,13.0600004196167
DX,2026-06-22,12.84000015258789
DX,2026-06-23,12.920000076293945
DX,2026-06-24,13.010000228881836
DX,2026-06-25,13.09000015258789
DX,2026-06-26,13.140000343322754
DX,2026-06-29,13.180000305175781
DX,2026-06-30,13.109999656677246
DX,2026-07-01,12.960000038146973
DX,2026-07-02,13.010000228881836
DX,2026-07-06,13.239999771118164
DX,2026-07-07,13.170000076293945
DX,2026-07-08,13.020000457763672
DX,2026-07-09,13.149999618530273
DX,2026-07-10,13.149999618530273
DX,2026-07-13,12.979999542236328
DX,2026-07-14,13.220000267028809
DX,2026-07-15,13.319999694824219
DX,2026-07-16,13.529999732971191
DX,2026-07-17,13.329999923706055
DX,2026-07-20,13.119999885559082
DX,2026-07-21,13.020000457763672
DX,2026-07-22,12.949999809265137
DX,2026-07-23,12.600000381469727
DX,2026-07-24,12.600000381469727
DX,2026-07-27,12.640000343322754
DX,2026-07-28,12.90999984741211
DX,2026-07-29,12.829999923706055
DX,2026-07-30,12.819999694824219
DX,2026-07-31,12.710000038146973
DX,2026-08-03,12.710000038146973
DX,2026-08-04,12.760000228881836
DX,2026-08-05,12.850000381469727
DX,2026-08-06,12.8100004196167
DX,2026-08-07,12.949999809265137
DX,2026-08-10,12.779999732971191
DX,2026-08-11,12.930000305175781
DX,2026-08-12,12.970000267028809
DX,2026-08-13,13.020000457763672
DX,2026-08-14,13.0600004196167
DX,2026-08-17,13.069999694824219
DX,2026-08-18,13.180000305175781
DX,2026-08-19,13.329999923706055
EFC,2021-01-04,14.600000381469727
EFC,2021-01-05,14.520000457763672
EFC,2021-01-06,15.050000190734863
EFC,2021-01-07,15.15999984741211
EFC,2021-01-08,15.149999618530273
EFC,2021-01-11,15.140000343322754
EFC,2021-01-12,15.239999771118164
EFC,2021-01-13,15.220000267028809
EFC,2021-01-14,15.289999961853027
EFC,2021-01-15,15.210000038146973
EFC,2021-01-19,15.40999984741211
EFC,2021-01-20,15.489999771118164
EFC,2021-01-21,15.789999961853027
EFC,2021-01-22,15.770000457763672
EFC,2021-01-25,15.720000267028809
EFC,2021-01-26,15.460000038146973
EFC,2021-01-27,15.079999923706055
EFC,2021-01-28,15.210000038146973
EFC,2021-01-29,14.960000038146973
EFC,2021-02-01,15.050000190734863
EFC,2021-02-02,15.380000114440918
EFC,2021-02-03,15.319999694824219
EFC,2021-02-04,15.510000228881836
EFC,2021-02-05,15.739999771118164
EFC,2021-02-08,15.770000457763672
EFC,2021-02-09,15.649999618530273
EFC,2021-02-10,15.699999809265137
EFC,2021-02-11,15.680000305175781
EFC,2021-02-12,15.859999656677246
EFC,2021-02-16,16.209999084472656
EFC,2021-02-17,15.920000076293945
EFC,2021-02-18,15.699999809265137
EFC,2021-02-19,15.960000038146973
EFC,2021-02-22,15.9399995803833
EFC,2021-02-23,15.989999771118164
EFC,2021-02-24,16.200000762939453
EFC,2021-02-25,15.619999885559082
EFC,2021-02-26,15.720000267028809
EFC,2021-03-01,15.960000038146973
EFC,2021-03-02,15.949999809265137
EFC,2021-03-03,15.960000038146973
EFC,2021-03-04,15.84000015258789
EFC,2021-03-05,15.819999694824219
EFC,2021-03-08,16.149999618530273
EFC,2021-03-09,16.229999542236328
EFC,2021-03-10,16.260000228881836
EFC,2021-03-11,16.459999084472656
EFC,2021-03-12,16.639999389648438
EFC,2021-03-15,16.790000915527344
EFC,2021-03-16,16.649999618530273
EFC,2021-03-17,16.950000762939453
EFC,2021-03-18,16.450000762939453
EFC,2021-03-19,16.309999465942383
EFC,2021-03-22,16.239999771118164
EFC,2021-03-23,16.1200008392334
EFC,2021-03-24,16.049999237060547
EFC,2021-03-25,16.15999984741211
EFC,2021-03-26,16.15999984741211
EFC,2021-03-29,16.079999923706055
EFC,2021-03-30,16.18000030517578
EFC,2021-03-31,16.010000228881836
EFC,2021-04-01,16.309999465942383
EFC,2021-04-05,17.06999969482422
EFC,2021-04-06,17.219999313354492
EFC,2021-04-07,17.559999465942383
EFC,2021-04-08,17.649999618530273
EFC,2021-04-09,17.56999969482422
EFC,2021-04-12,17.579999923706055
EFC,2021-04-13,17.520000457763672
EFC,2021-04-14,17.649999618530273
EFC,2021-04-15,17.739999771118164
EFC,2021-04-16,17.6299991607666
EFC,2021-04-19,17.5
EFC,2021-04-20,17.5
EFC,2021-04-21,17.799999237060547
EFC,2021-04-22,17.729999542236328
EFC,2021-04-23,18.18000030517578
EFC,2021-04-26,18.09000015258789
EFC,2021-04-27,18.360000610351562
EFC,2021-04-28,18.229999542236328
EFC,2021-04-29,18.0
EFC,2021-04-30,17.940000534057617
EFC,2021-05-03,17.899999618530273
EFC,2021-05-04,17.799999237060547
EFC,2021-05-05,17.799999237060547
EFC,2021-05-06,17.8700008392334
EFC,2021-05-07,18.15999984741211
EFC,2021-05-10,17.8700008392334
EFC,2021-05-11,18.790000915527344
EFC,2021-05-12,18.459999084472656
EFC,2021-05-13,18.799999237060547
EFC,2021-05-14,18.989999771118164
EFC,2021-05-17,19.290000915527344
EFC,2021-05-18,19.020000457763672
EFC,2021-05-19,19.0
EFC,2021-05-20,19.059999465942383
EFC,2021-05-21,18.979999542236328
EFC,2021-05-24,19.030000686645508
EFC,2021-05-25,18.799999237060547
EFC,2021-05-26,19.049999237060547
EFC,2021-05-27,18.780000686645508
EFC,2021-05-28,18.8799991607666
EFC,2021-06-01,19.0
EFC,2021-06-02,19.030000686645508
EFC,2021-06-03,18.940000534057617
EFC,2021-06-04,18.959999084472656
EFC,2021-06-07,19.25
EFC,2021-06-08,19.229999542236328
EFC,2021-06-09,19.31999969482422
EFC,2021-06-10,19.31999969482422
EFC,2021-06-11,19.219999313354492
EFC,2021-06-14,19.399999618530273
EFC,2021-06-15,19.1200008392334
EFC,2021-06-16,19.25
EFC,2021-06-17,18.829999923706055
EFC,2021-06-18,18.760000228881836
EFC,2021-06-21,19.06999969482422
EFC,2021-06-22,19.100000381469727
EFC,2021-06-23,19.1299991607666
EFC,2021-06-24,19.40999984741211
EFC,2021-06-25,19.440000534057617
EFC,2021-06-28,19.31999969482422
EFC,2021-06-29,19.100000381469727
EFC,2021-06-30,19.149999618530273
EFC,2021-07-01,19.229999542236328
EFC,2021-07-02,19.1299991607666
EFC,2021-07-06,18.8799991607666
EFC,2021-07-07,18.09000015258789
EFC,2021-07-08,17.989999771118164
EFC,2021-07-09,18.219999313354492
EFC,2021-07-12,18.239999771118164
EFC,2021-07-13,17.889999389648438
EFC,2021-07-14,17.68000030517578
EFC,2021-07-15,17.829999923706055
EFC,2021-07-16,18.15999984741211
EFC,2021-07-19,17.790000915527344
EFC,2021-07-20,18.1200008392334
EFC,2021-07-21,18.170000076293945
EFC,2021-07-22,18.059999465942383
EFC,2021-07-23,18.1200008392334
EFC,2021-07-26,18.219999313354492
EFC,2021-07-27,18.229999542236328
EFC,2021-07-28,18.209999084472656
EFC,2021-07-29,18.209999084472656
EFC,2021-07-30,18.18000030517578
EFC,2021-08-02,18.010000228881836
EFC,2021-08-03,18.200000762939453
EFC,2021-08-04,18.1200008392334
EFC,2021-08-05,18.1200008392334
EFC,2021-08-06,18.3700008392334
EFC,2021-08-09,18.139999389648438
EFC,2021-08-10,18.31999969482422
EFC,2021-08-11,18.25
EFC,2021-08-12,18.43000030517578
EFC,2021-08-13,18.5
EFC,2021-08-16,18.3799991607666
EFC,2021-08-17,18.440000534057617
EFC,2021-08-18,18.239999771118164
EFC,2021-08-19,18.06999969482422
EFC,2021-08-20,18.350000381469727
EFC,2021-08-23,18.420000076293945
EFC,2021-08-24,18.649999618530273
EFC,2021-08-25,18.690000534057617
EFC,2021-08-26,18.549999237060547
EFC,2021-08-27,18.719999313354492
EFC,2021-08-30,18.440000534057617
EFC,2021-08-31,18.520000457763672
EFC,2021-09-01,18.530000686645508
EFC,2021-09-02,18.56999969482422
EFC,2021-09-03,18.520000457763672
EFC,2021-09-07,18.260000228881836
EFC,2021-09-08,18.270000457763672
EFC,2021-09-09,18.469999313354492
EFC,2021-09-10,18.329999923706055
EFC,2021-09-13,18.510000228881836
EFC,2021-09-14,18.450000762939453
EFC,2021-09-15,18.600000381469727
EFC,2021-09-16,18.6200008392334
EFC,2021-09-17,18.299999237060547
EFC,2021-09-20,18.299999237060547
EFC,2021-09-21,18.290000915527344
EFC,2021-09-22,18.600000381469727
EFC,2021-09-23,18.639999389648438
EFC,2021-09-24,18.65999984741211
EFC,2021-09-27,18.809999465942383
EFC,2021-09-28,18.489999771118164
EFC,2021-09-29,18.3799991607666
EFC,2021-09-30,18.290000915527344
EFC,2021-10-01,18.549999237060547
EFC,2021-10-04,18.56999969482422
EFC,2021-10-05,18.649999618530273
EFC,2021-10-06,18.6299991607666
EFC,2021-10-07,18.6299991607666
EFC,2021-10-08,18.729999542236328
EFC,2021-10-11,18.780000686645508
EFC,2021-10-12,18.8799991607666
EFC,2021-10-13,18.139999389648438
EFC,2021-10-14,18.34000015258789
EFC,2021-10-15,18.229999542236328
EFC,2021-10-18,18.399999618530273
EFC,2021-10-19,18.350000381469727
EFC,2021-10-20,18.440000534057617
EFC,2021-10-21,18.479999542236328
EFC,2021-10-22,18.420000076293945
EFC,2021-10-25,18.59000015258789
EFC,2021-10-26,18.459999084472656
EFC,2021-10-27,18.440000534057617
EFC,2021-10-28,18.40999984741211
EFC,2021-10-29,18.18000030517578
EFC,2021-11-01,18.3700008392334
EFC,2021-11-02,18.09000015258789
EFC,2021-11-03,18.290000915527344
EFC,2021-11-04,18.260000228881836
EFC,2021-11-05,18.43000030517578
EFC,2021-11-08,18.15999984741211
EFC,2021-11-09,18.209999084472656
EFC,2021-11-10,18.079999923706055
EFC,2021-11-11,18.09000015258789
EFC,2021-11-12,17.90999984741211
EFC,2021-11-15,17.989999771118164
EFC,2021-11-16,17.8799991607666
EFC,2021-11-17,17.799999237060547
EFC,2021-11-18,17.709999084472656
EFC,2021-11-19,17.690000534057617
EFC,2021-11-22,17.670000076293945
EFC,2021-11-23,17.65999984741211
EFC,2021-11-24,17.68000030517578
EFC,2021-11-26,17.31999969482422
EFC,2021-11-29,17.15999984741211
EFC,2021-11-30,16.56999969482422
EFC,2021-12-01,16.489999771118164
EFC,2021-12-02,17.010000228881836
EFC,2021-12-03,17.079999923706055
EFC,2021-12-06,17.209999084472656
EFC,2021-12-07,17.489999771118164
EFC,2021-12-08,17.56999969482422
EFC,2021-12-09,17.549999237060547
EFC,2021-12-10,17.420000076293945
EFC,2021-12-13,17.1200008392334
EFC,2021-12-14,16.75
EFC,2021-12-15,16.780000686645508
EFC,2021-12-16,16.6299991607666
EFC,2021-12-17,16.459999084472656
EFC,2021-12-20,15.890000343322754
EFC,2021-12-21,16.739999771118164
EFC,2021-12-22,16.969999313354492
EFC,2021-12-23,17.030000686645508
EFC,2021-12-27,17.260000228881836
EFC,2021-12-28,17.280000686645508
EFC,2021-12-29,17.1299991607666
EFC,2021-12-30,16.989999771118164
EFC,2021-12-31,17.09000015258789
EFC,2022-01-03,17.440000534057617
EFC,2022-01-04,17.3799991607666
EFC,2022-01-05,17.219999313354492
EFC,2022-01-06,17.290000915527344
EFC,2022-01-07,17.3700008392334
EFC,2022-01-10,17.43000030517578
EFC,2022-01-11,17.610000610351562
EFC,2022-01-12,17.670000076293945
EFC,2022-01-13,17.610000610351562
EFC,2022-01-14,17.700000762939453
EFC,2022-01-18,17.889999389648438
EFC,2022-01-19,17.700000762939453
EFC,2022-01-20,17.639999389648438
EFC,2022-01-21,17.479999542236328
EFC,2022-01-24,17.049999237060547
EFC,2022-01-25,17.739999771118164
EFC,2022-01-26,17.639999389648438
EFC,2022-01-27,17.6200008392334
EFC,2022-01-28,17.549999237060547
EFC,2022-01-31,17.770000457763672
EFC,2022-02-01,17.700000762939453
EFC,2022-02-02,17.649999618530273
EFC,2022-02-03,17.5
EFC,2022-02-04,17.43000030517578
EFC,2022-02-07,17.389999389648438
EFC,2022-02-08,17.6200008392334
EFC,2022-02-09,17.719999313354492
EFC,2022-02-10,17.530000686645508
EFC,2022-02-11,17.510000228881836
EFC,2022-02-14,17.479999542236328
EFC,2022-02-15,17.649999618530273
EFC,2022-02-16,17.75
EFC,2022-02-17,17.520000457763672
EFC,2022-02-18,17.540000915527344
EFC,2022-02-22,17.149999618530273
EFC,2022-02-23,16.829999923706055
EFC,2022-02-24,17.290000915527344
EFC,2022-02-25,17.549999237060547
EFC,2022-02-28,17.670000076293945
EFC,2022-03-01,17.549999237060547
EFC,2022-03-02,17.780000686645508
EFC,2022-03-03,17.809999465942383
EFC,2022-03-04,17.690000534057617
EFC,2022-03-07,17.389999389648438
EFC,2022-03-08,17.6299991607666
EFC,2022-03-09,17.649999618530273
EFC,2022-03-10,17.799999237060547
EFC,2022-03-11,17.770000457763672
EFC,2022-03-14,17.6200008392334
EFC,2022-03-15,17.670000076293945
EFC,2022-03-16,17.81999969482422
EFC,2022-03-17,17.6299991607666
EFC,2022-03-18,17.6200008392334
EFC,2022-03-21,17.65999984741211
EFC,2022-03-22,17.770000457763672
EFC,2022-03-23,17.760000228881836
EFC,2022-03-24,17.829999923706055
EFC,2022-03-25,17.940000534057617
EFC,2022-03-28,17.989999771118164
EFC,2022-03-29,18.010000228881836
EFC,2022-03-30,17.8700008392334
EFC,2022-03-31,17.75
EFC,2022-04-01,17.709999084472656
EFC,2022-04-04,17.639999389648438
EFC,2022-04-05,17.40999984741211
EFC,2022-04-06,17.329999923706055
EFC,2022-04-07,17.079999923706055
EFC,2022-04-08,17.079999923706055
EFC,2022-04-11,16.969999313354492
EFC,2022-04-12,16.969999313354492
EFC,2022-04-13,17.1200008392334
EFC,2022-04-14,17.110000610351562
EFC,2022-04-18,16.969999313354492
EFC,2022-04-19,16.450000762939453
EFC,2022-04-20,16.81999969482422
EFC,2022-04-21,16.809999465942383
EFC,2022-04-22,16.579999923706055
EFC,2022-04-25,16.479999542236328
EFC,2022-04-26,16.110000610351562
EFC,2022-04-27,16.239999771118164
EFC,2022-04-28,16.239999771118164
EFC,2022-04-29,16.190000534057617
EFC,2022-05-02,15.949999809265137
EFC,2022-05-03,16.639999389648438
EFC,2022-05-04,16.860000610351562
EFC,2022-05-05,16.649999618530273
EFC,2022-05-06,15.859999656677246
EFC,2022-05-09,15.029999732971191
EFC,2022-05-10,15.010000228881836
EFC,2022-05-11,14.989999771118164
EFC,2022-05-12,14.609999656677246
EFC,2022-05-13,15.069999694824219
EFC,2022-05-16,15.100000381469727
EFC,2022-05-17,15.449999809265137
EFC,2022-05-18,15.039999961853027
EFC,2022-05-19,14.9399995803833
EFC,2022-05-20,15.0
EFC,2022-05-23,15.210000038146973
EFC,2022-05-24,15.279999732971191
EFC,2022-05-25,15.260000228881836
EFC,2022-05-26,15.4399995803833
EFC,2022-05-27,15.449999809265137
EFC,2022-05-31,15.489999771118164
EFC,2022-06-01,15.670000076293945
EFC,2022-06-02,15.819999694824219
EFC,2022-06-03,15.680000305175781
EFC,2022-06-06,15.600000381469727
EFC,2022-06-07,15.75
EFC,2022-06-08,15.65999984741211
EFC,2022-06-09,15.979999542236328
EFC,2022-06-10,15.670000076293945
EFC,2022-06-13,14.050000190734863
EFC,2022-06-14,13.779999732971191
EFC,2022-06-15,13.869999885559082
EFC,2022-06-16,12.829999923706055
EFC,2022-06-17,13.369999885559082
EFC,2022-06-21,14.0600004196167
EFC,2022-06-22,14.170000076293945
EFC,2022-06-23,14.569999694824219
EFC,2022-06-24,15.029999732971191
EFC,2022-06-27,14.869999885559082
EFC,2022-06-28,14.779999732971191
EFC,2022-06-29,14.59000015258789
EFC,2022-06-30,14.670000076293945
EFC,2022-07-01,15.140000343322754
EFC,2022-07-05,15.170000076293945
EFC,2022-07-06,15.020000457763672
EFC,2022-07-07,15.210000038146973
EFC,2022-07-08,15.420000076293945
EFC,2022-07-11,15.279999732971191
EFC,2022-07-12,15.380000114440918
EFC,2022-07-13,15.510000228881836
EFC,2022-07-14,15.300000190734863
EFC,2022-07-15,15.359999656677246
EFC,2022-07-18,14.779999732971191
EFC,2022-07-19,15.40999984741211
EFC,2022-07-20,15.5600004196167
EFC,2022-07-21,15.770000457763672
EFC,2022-07-22,15.649999618530273
EFC,2022-07-25,15.75
EFC,2022-07-26,15.75
EFC,2022-07-27,16.1200008392334
EFC,2022-07-28,16.200000762939453
EFC,2022-07-29,16.049999237060547
EFC,2022-08-01,16.200000762939453
EFC,2022-08-02,15.880000114440918
EFC,2022-08-03,15.930000305175781
EFC,2022-08-04,15.779999732971191
EFC,2022-08-05,15.630000114440918
EFC,2022-08-08,15.770000457763672
EFC,2022-08-09,15.75
EFC,2022-08-10,15.6899995803833
EFC,2022-08-11,15.619999885559082
EFC,2022-08-12,15.680000305175781
EFC,2022-08-15,15.65999984741211
EFC,2022-08-16,15.720000267028809
EFC,2022-08-17,15.619999885559082
EFC,2022-08-18,15.609999656677246
EFC,2022-08-19,15.520000457763672
EFC,2022-08-22,15.100000381469727
EFC,2022-08-23,15.270000457763672
EFC,2022-08-24,15.270000457763672
EFC,2022-08-25,15.420000076293945
EFC,2022-08-26,15.319999694824219
EFC,2022-08-29,15.210000038146973
EFC,2022-08-30,14.619999885559082
EFC,2022-08-31,14.680000305175781
EFC,2022-09-01,14.15999984741211
EFC,2022-09-02,14.149999618530273
EFC,2022-09-06,14.140000343322754
EFC,2022-09-07,14.329999923706055
EFC,2022-09-08,14.4399995803833
EFC,2022-09-09,14.800000190734863
EFC,2022-09-12,14.9399995803833
EFC,2022-09-13,14.520000457763672
EFC,2022-09-14,14.520000457763672
EFC,2022-09-15,14.229999542236328
EFC,2022-09-16,14.479999542236328
EFC,2022-09-19,14.420000076293945
EFC,2022-09-20,14.239999771118164
EFC,2022-09-21,14.09000015258789
EFC,2022-09-22,13.8100004196167
EFC,2022-09-23,13.279999732971191
EFC,2022-09-26,12.149999618530273
EFC,2022-09-27,12.180000305175781
EFC,2022-09-28,12.479999542236328
EFC,2022-09-29,11.539999961853027
EFC,2022-09-30,11.369999885559082
EFC,2022-10-03,11.479999542236328
EFC,2022-10-04,12.539999961853027
EFC,2022-10-05,12.09000015258789
EFC,2022-10-06,11.699999809265137
EFC,2022-10-07,11.569999694824219
EFC,2022-10-10,11.109999656677246
EFC,2022-10-11,11.699999809265137
EFC,2022-10-12,11.65999984741211
EFC,2022-10-13,11.90999984741211
EFC,2022-10-14,11.739999771118164
EFC,2022-10-17,11.960000038146973
EFC,2022-10-18,12.15999984741211
EFC,2022-10-19,12.210000038146973
EFC,2022-10-20,12.260000228881836
EFC,2022-10-21,12.300000190734863
EFC,2022-10-24,12.329999923706055
EFC,2022-10-25,12.699999809265137
EFC,2022-10-26,13.0
EFC,2022-10-27,13.149999618530273
EFC,2022-10-28,13.329999923706055
EFC,2022-10-31,13.380000114440918
EFC,2022-11-01,13.109999656677246
EFC,2022-11-02,12.710000038146973
EFC,2022-11-03,12.760000228881836
EFC,2022-11-04,13.220000267028809
EFC,2022-11-07,13.399999618530273
EFC,2022-11-08,13.640000343322754
EFC,2022-11-09,13.65999984741211
EFC,2022-11-10,14.390000343322754
EFC,2022-11-11,14.569999694824219
EFC,2022-11-14,14.329999923706055
EFC,2022-11-15,14.34000015258789
EFC,2022-11-16,14.119999885559082
EFC,2022-11-17,13.8100004196167
EFC,2022-11-18,13.789999961853027
EFC,2022-11-21,13.90999984741211
EFC,2022-11-22,13.989999771118164
EFC,2022-11-23,13.949999809265137
EFC,2022-11-25,14.039999961853027
EFC,2022-11-28,13.760000228881836
EFC,2022-11-29,13.550000190734863
EFC,2022-11-30,13.640000343322754
EFC,2022-12-01,13.880000114440918
EFC,2022-12-02,13.770000457763672
EFC,2022-12-05,13.350000381469727
EFC,2022-12-06,13.180000305175781
EFC,2022-12-07,13.390000343322754
EFC,2022-12-08,13.569999694824219
EFC,2022-12-09,13.59000015258789
EFC,2022-12-12,13.539999961853027
EFC,2022-12-13,13.729999542236328
EFC,2022-12-14,13.529999732971191
EFC,2022-12-15,13.399999618530273
EFC,2022-12-16,12.8100004196167
EFC,2022-12-19,13.149999618530273
EFC,2022-12-20,12.770000457763672
EFC,2022-12-21,12.970000267028809
EFC,2022-12-22,12.890000343322754
EFC,2022-12-23,12.970000267028809
EFC,2022-12-27,12.880000114440918
EFC,2022-12-28,12.369999885559082
EFC,2022-12-29,12.550000190734863
EFC,2022-12-30,12.369999885559082
EFC,2023-01-03,12.569999694824219
EFC,2023-01-04,12.9399995803833
EFC,2023-01-05,12.899999618530273
EFC,2023-01-06,12.970000267028809
EFC,2023-01-09,12.960000038146973
EFC,2023-01-10,13.210000038146973
EFC,2023-01-11,13.520000457763672
EFC,2023-01-12,13.550000190734863
EFC,2023-01-13,13.640000343322754
EFC,2023-01-17,13.640000343322754
EFC,2023-01-18,13.630000114440918
EFC,2023-01-19,13.65999984741211
EFC,2023-01-20,13.699999809265137
EFC,2023-01-23,13.84000015258789
EFC,2023-01-24,13.819999694824219
EFC,2023-01-25,13.739999771118164
EFC,2023-01-26,13.75
EFC,2023-01-27,13.850000381469727
EFC,2023-01-30,13.489999771118164
EFC,2023-01-31,13.729999542236328
EFC,2023-02-01,14.140000343322754
EFC,2023-02-02,14.050000190734863
EFC,2023-02-03,13.90999984741211
EFC,2023-02-06,13.619999885559082
EFC,2023-02-07,13.890000343322754
EFC,2023-02-08,13.779999732971191
EFC,2023-02-09,13.40999984741211
EFC,2023-02-10,13.619999885559082
EFC,2023-02-13,13.720000267028809
EFC,2023-02-14,13.579999923706055
EFC,2023-02-15,13.699999809265137
EFC,2023-02-16,13.729999542236328
EFC,2023-02-17,13.699999809265137
EFC,2023-02-21,13.279999732971191
EFC,2023-02-22,13.399999618530273
EFC,2023-02-23,13.34000015258789
EFC,2023-02-24,13.130000114440918
EFC,2023-02-27,12.829999923706055
EFC,2023-02-28,12.869999885559082
EFC,2023-03-01,12.680000305175781
EFC,2023-03-02,12.770000457763672
EFC,2023-03-03,12.829999923706055
EFC,2023-03-06,12.800000190734863
EFC,2023-03-07,12.609999656677246
EFC,2023-03-08,12.390000343322754
EFC,2023-03-09,12.0
EFC,2023-03-10,11.5
EFC,2023-03-13,11.289999961853027
EFC,2023-03-14,11.569999694824219
EFC,2023-03-15,11.34000015258789
EFC,2023-03-16,11.460000038146973
EFC,2023-03-17,10.829999923706055
EFC,2023-03-20,11.039999961853027
EFC,2023-03-21,11.350000381469727
EFC,2023-03-22,11.210000038146973
EFC,2023-03-23,11.130000114440918
EFC,2023-03-24,11.59000015258789
EFC,2023-03-27,11.770000457763672
EFC,2023-03-28,11.920000076293945
EFC,2023-03-29,12.149999618530273
EFC,2023-03-30,12.050000190734863
EFC,2023-03-31,12.210000038146973
EFC,2023-04-03,12.289999961853027
EFC,2023-04-04,12.270000457763672
EFC,2023-04-05,12.260000228881836
EFC,2023-04-06,12.3100004196167
EFC,2023-04-10,12.260000228881836
EFC,2023-04-11,12.369999885559082
EFC,2023-04-12,12.369999885559082
EFC,2023-04-13,12.25
EFC,2023-04-14,12.140000343322754
EFC,2023-04-17,12.380000114440918
EFC,2023-04-18,12.239999771118164
EFC,2023-04-19,12.460000038146973
EFC,2023-04-20,12.5600004196167
EFC,2023-04-21,12.539999961853027
EFC,2023-04-24,12.649999618530273
EFC,2023-04-25,12.600000381469727
EFC,2023-04-26,12.390000343322754
EFC,2023-04-27,12.600000381469727
EFC,2023-04-28,12.770000457763672
EFC,2023-05-01,12.520000457763672
EFC,2023-05-02,11.930000305175781
EFC,2023-05-03,11.970000267028809
EFC,2023-05-04,11.779999732971191
EFC,2023-05-05,12.050000190734863
EFC,2023-05-08,12.15999984741211
EFC,2023-05-09,12.170000076293945
EFC,2023-05-10,12.239999771118164
EFC,2023-05-11,12.239999771118164
EFC,2023-05-12,12.25
EFC,2023-05-15,12.460000038146973
EFC,2023-05-16,12.399999618530273
EFC,2023-05-17,12.670000076293945
EFC,2023-05-18,12.779999732971191
EFC,2023-05-19,12.6899995803833
EFC,2023-05-22,12.8100004196167
EFC,2023-05-23,12.880000114440918
EFC,2023-05-24,12.720000267028809
EFC,2023-05-25,12.420000076293945
EFC,2023-05-26,12.920000076293945
EFC,2023-05-30,12.399999618530273
EFC,2023-05-31,12.539999961853027
EFC,2023-06-01,12.600000381469727
EFC,2023-06-02,12.930000305175781
EFC,2023-06-05,12.800000190734863
EFC,2023-06-06,13.0
EFC,2023-06-07,13.15999984741211
EFC,2023-06-08,13.220000267028809
EFC,2023-06-09,13.15999984741211
EFC,2023-06-12,13.529999732971191
EFC,2023-06-13,13.5600004196167
EFC,2023-06-14,13.470000267028809
EFC,2023-06-15,13.710000038146973
EFC,2023-06-16,13.520000457763672
EFC,2023-06-20,13.510000228881836
EFC,2023-06-21,13.680000305175781
EFC,2023-06-22,13.529999732971191
EFC,2023-06-23,13.300000190734863
EFC,2023-06-26,13.550000190734863
EFC,2023-06-27,13.779999732971191
EFC,2023-06-28,13.819999694824219
EFC,2023-06-29,13.739999771118164
EFC,2023-06-30,13.800000190734863
EFC,2023-07-03,13.539999961853027
EFC,2023-07-05,13.319999694824219
EFC,2023-07-06,13.140000343322754
EFC,2023-07-07,13.380000114440918
EFC,2023-07-10,13.640000343322754
EFC,2023-07-11,13.75
EFC,2023-07-12,13.65999984741211
EFC,2023-07-13,13.880000114440918
EFC,2023-07-14,13.850000381469727
EFC,2023-07-17,13.869999885559082
EFC,2023-07-18,13.9399995803833
EFC,2023-07-19,14.069999694824219
EFC,2023-07-20,14.0600004196167
EFC,2023-07-21,14.0600004196167
EFC,2023-07-24,13.859999656677246
EFC,2023-07-25,13.890000343322754
EFC,2023-07-26,13.989999771118164
EFC,2023-07-27,13.680000305175781
EFC,2023-07-28,13.670000076293945
EFC,2023-07-31,13.520000457763672
EFC,2023-08-01,13.520000457763672
EFC,2023-08-02,13.390000343322754
EFC,2023-08-03,13.079999923706055
EFC,2023-08-04,13.3100004196167
EFC,2023-08-07,13.369999885559082
EFC,2023-08-08,13.300000190734863
EFC,2023-08-09,13.300000190734863
EFC,2023-08-10,13.260000228881836
EFC,2023-08-11,13.289999961853027
EFC,2023-08-14,13.199999809265137
EFC,2023-08-15,13.100000381469727
EFC,2023-08-16,12.970000267028809
EFC,2023-08-17,12.850000381469727
EFC,2023-08-18,12.850000381469727
EFC,2023-08-21,12.789999961853027
EFC,2023-08-22,12.8100004196167
EFC,2023-08-23,13.0
EFC,2023-08-24,12.949999809265137
EFC,2023-08-25,13.050000190734863
EFC,2023-08-28,13.319999694824219
EFC,2023-08-29,13.479999542236328
EFC,2023-08-30,13.350000381469727
EFC,2023-08-31,13.369999885559082
EFC,2023-09-01,13.369999885559082
EFC,2023-09-05,13.220000267028809
EFC,2023-09-06,13.15999984741211
EFC,2023-09-07,13.109999656677246
EFC,2023-09-08,13.1899995803833
EFC,2023-09-11,13.329999923706055
EFC,2023-09-12,13.319999694824219
EFC,2023-09-13,13.270000457763672
EFC,2023-09-14,13.4399995803833
EFC,2023-09-15,13.4399995803833
EFC,2023-09-18,13.359999656677246
EFC,2023-09-19,13.380000114440918
EFC,2023-09-20,13.210000038146973
EFC,2023-09-21,12.75
EFC,2023-09-22,12.890000343322754
EFC,2023-09-25,12.930000305175781
EFC,2023-09-26,12.479999542236328
EFC,2023-09-27,12.449999809265137
EFC,2023-09-28,12.300000190734863
EFC,2023-09-29,12.470000267028809
EFC,2023-10-02,12.300000190734863
EFC,2023-10-03,12.010000228881836
EFC,2023-10-04,12.039999961853027
EFC,2023-10-05,12.270000457763672
EFC,2023-10-06,12.350000381469727
EFC,2023-10-09,12.630000114440918
EFC,2023-10-10,12.65999984741211
EFC,2023-10-11,12.819999694824219
EFC,2023-10-12,12.699999809265137
EFC,2023-10-13,12.569999694824219
EFC,2023-10-16,12.819999694824219
EFC,2023-10-17,12.789999961853027
EFC,2023-10-18,12.479999542236328
EFC,2023-10-19,12.350000381469727
EFC,2023-10-20,12.229999542236328
EFC,2023-10-23,12.079999923706055
EFC,2023-10-24,12.109999656677246
EFC,2023-10-25,11.779999732971191
EFC,2023-10-26,12.0
EFC,2023-10-27,12.010000228881836
EFC,2023-10-30,11.819999694824219
EFC,2023-10-31,12.029999732971191
EFC,2023-11-01,12.239999771118164
EFC,2023-11-02,12.619999885559082
EFC,2023-11-03,12.800000190734863
EFC,2023-11-06,12.699999809265137
EFC,2023-11-07,12.720000267028809
EFC,2023-11-08,12.510000228881836
EFC,2023-11-09,12.300000190734863
EFC,2023-11-10,12.699999809265137
EFC,2023-11-13,12.5600004196167
EFC,2023-11-14,13.09000015258789
EFC,2023-11-15,13.149999618530273
EFC,2023-11-16,12.9399995803833
EFC,2023-11-17,13.010000228881836
EFC,2023-11-20,13.029999732971191
EFC,2023-11-21,12.949999809265137
EFC,2023-11-22,13.050000190734863
EFC,2023-11-24,13.079999923706055
EFC,2023-11-27,13.09000015258789
EFC,2023-11-28,13.0600004196167
EFC,2023-11-29,13.020000457763672
EFC,2023-11-30,13.0
EFC,2023-12-01,13.119999885559082
EFC,2023-12-04,12.960000038146973
EFC,2023-12-05,12.850000381469727
EFC,2023-12-06,12.729999542236328
EFC,2023-12-07,12.800000190734863
EFC,2023-12-08,12.899999618530273
EFC,2023-12-11,12.930000305175781
EFC,2023-12-12,13.050000190734863
EFC,2023-12-13,13.039999961853027
EFC,2023-12-14,13.0600004196167
EFC,2023-12-15,12.960000038146973
EFC,2023-12-18,12.819999694824219
EFC,2023-12-19,12.930000305175781
EFC,2023-12-20,12.8100004196167
EFC,2023-12-21,12.899999618530273
EFC,2023-12-22,12.930000305175781
EFC,2023-12-26,12.960000038146973
EFC,2023-12-27,12.970000267028809
EFC,2023-12-28,12.859999656677246
EFC,2023-12-29,12.710000038146973
EFC,2024-01-02,12.529999732971191
EFC,2024-01-03,12.170000076293945
EFC,2024-01-04,12.170000076293945
EFC,2024-01-05,12.239999771118164
EFC,2024-01-08,12.479999542236328
EFC,2024-01-09,12.5600004196167
EFC,2024-01-10,12.6899995803833
EFC,2024-01-11,12.720000267028809
EFC,2024-01-12,12.84000015258789
EFC,2024-01-16,12.829999923706055
EFC,2024-01-17,12.640000343322754
EFC,2024-01-18,12.6899995803833
EFC,2024-01-19,12.850000381469727
EFC,2024-01-22,12.859999656677246
EFC,2024-01-23,12.90999984741211
EFC,2024-01-24,12.800000190734863
EFC,2024-01-25,12.850000381469727
EFC,2024-01-26,12.899999618530273
EFC,2024-01-29,12.9399995803833
EFC,2024-01-30,12.550000190734863
EFC,2024-01-31,12.210000038146973
EFC,2024-02-01,12.470000267028809
EFC,2024-02-02,12.319999694824219
EFC,2024-02-05,12.180000305175781
EFC,2024-02-06,12.319999694824219
EFC,2024-02-07,11.819999694824219
EFC,2024-02-08,11.989999771118164
EFC,2024-02-09,12.0
EFC,2024-02-12,12.119999885559082
EFC,2024-02-13,11.680000305175781
EFC,2024-02-14,11.84000015258789
EFC,2024-02-15,12.1899995803833
EFC,2024-02-16,12.079999923706055
EFC,2024-02-20,11.90999984741211
EFC,2024-02-21,11.899999618530273
EFC,2024-02-22,12.09000015258789
EFC,2024-02-23,12.15999984741211
EFC,2024-02-26,12.0600004196167
EFC,2024-02-27,11.289999961853027
EFC,2024-02-28,10.90999984741211
EFC,2024-02-29,11.329999923706055
EFC,2024-03-01,11.34000015258789
EFC,2024-03-04,11.109999656677246
EFC,2024-03-05,11.050000190734863
EFC,2024-03-06,11.1899995803833
EFC,2024-03-07,11.369999885559082
EFC,2024-03-08,11.350000381469727
EFC,2024-03-11,11.40999984741211
EFC,2024-03-12,11.510000228881836
EFC,2024-03-13,11.569999694824219
EFC,2024-03-14,11.25
EFC,2024-03-15,11.399999618530273
EFC,2024-03-18,11.369999885559082
EFC,2024-03-19,11.449999809265137
EFC,2024-03-20,11.649999618530273
EFC,2024-03-21,11.819999694824219
EFC,2024-03-22,11.649999618530273
EFC,2024-03-25,11.800000190734863
EFC,2024-03-26,11.59000015258789
EFC,2024-03-27,11.609999656677246
EFC,2024-03-28,11.8100004196167
EFC,2024-04-01,11.619999885559082
EFC,2024-04-02,11.390000343322754
EFC,2024-04-03,11.430000305175781
EFC,2024-04-04,11.279999732971191
EFC,2024-04-05,11.380000114440918
EFC,2024-04-08,11.460000038146973
EFC,2024-04-09,11.59000015258789
EFC,2024-04-10,11.130000114440918
EFC,2024-04-11,11.279999732971191
EFC,2024-04-12,11.1899995803833
EFC,2024-04-15,11.029999732971191
EFC,2024-04-16,11.029999732971191
EFC,2024-04-17,11.119999885559082
EFC,2024-04-18,11.270000457763672
EFC,2024-04-19,11.420000076293945
EFC,2024-04-22,11.470000267028809
EFC,2024-04-23,11.670000076293945
EFC,2024-04-24,11.550000190734863
EFC,2024-04-25,11.600000381469727
EFC,2024-04-26,11.710000038146973
EFC,2024-04-29,11.5600004196167
EFC,2024-04-30,11.4399995803833
EFC,2024-05-01,11.609999656677246
EFC,2024-05-02,11.649999618530273
EFC,2024-05-03,11.65999984741211
EFC,2024-05-06,11.710000038146973
EFC,2024-05-07,11.619999885559082
EFC,2024-05-08,11.75
EFC,2024-05-09,11.829999923706055
EFC,2024-05-10,11.899999618530273
EFC,2024-05-13,11.75
EFC,2024-05-14,11.920000076293945
EFC,2024-05-15,12.069999694824219
EFC,2024-05-16,12.09000015258789
EFC,2024-05-17,12.149999618530273
EFC,2024-05-20,12.109999656677246
EFC,2024-05-21,12.050000190734863
EFC,2024-05-22,12.050000190734863
EFC,2024-05-23,11.84000015258789
EFC,2024-05-24,12.010000228881836
EFC,2024-05-28,12.020000457763672
EFC,2024-05-29,11.920000076293945
EFC,2024-05-30,12.15999984741211
EFC,2024-05-31,12.119999885559082
EFC,2024-06-03,12.149999618530273
EFC,2024-06-04,12.010000228881836
EFC,2024-06-05,12.15999984741211
EFC,2024-06-06,12.020000457763672
EFC,2024-06-07,11.930000305175781
EFC,2024-06-10,11.920000076293945
EFC,2024-06-11,11.850000381469727
EFC,2024-06-12,12.09000015258789
EFC,2024-06-13,12.109999656677246
EFC,2024-06-14,12.0600004196167
EFC,2024-06-17,12.170000076293945
EFC,2024-06-18,12.180000305175781
EFC,2024-06-20,12.130000114440918
EFC,2024-06-21,12.119999885559082
EFC,2024-06-24,12.199999809265137
EFC,2024-06-25,12.140000343322754
EFC,2024-06-26,12.180000305175781
EFC,2024-06-27,12.130000114440918
EFC,2024-06-28,12.079999923706055
EFC,2024-07-01,11.869999885559082
EFC,2024-07-02,12.149999618530273
EFC,2024-07-03,12.149999618530273
EFC,2024-07-05,12.170000076293945
EFC,2024-07-08,12.289999961853027
EFC,2024-07-09,12.3100004196167
EFC,2024-07-10,12.59000015258789
EFC,2024-07-11,12.869999885559082
EFC,2024-07-12,12.970000267028809
EFC,2024-07-15,12.960000038146973
EFC,2024-07-16,13.079999923706055
EFC,2024-07-17,13.100000381469727
EFC,2024-07-18,12.989999771118164
EFC,2024-07-19,13.020000457763672
EFC,2024-07-22,13.100000381469727
EFC,2024-07-23,13.119999885559082
EFC,2024-07-24,12.680000305175781
EFC,2024-07-25,12.710000038146973
EFC,2024-07-26,12.890000343322754
EFC,2024-07-29,12.819999694824219
EFC,2024-07-30,12.970000267028809
EFC,2024-07-31,12.6899995803833
EFC,2024-08-01,12.649999618530273
EFC,2024-08-02,12.489999771118164
EFC,2024-08-05,12.039999961853027
EFC,2024-08-06,12.180000305175781
EFC,2024-08-07,12.569999694824219
EFC,2024-08-08,12.8100004196167
EFC,2024-08-09,12.829999923706055
EFC,2024-08-12,12.600000381469727
EFC,2024-08-13,12.770000457763672
EFC,2024-08-14,12.869999885559082
EFC,2024-08-15,12.9399995803833
EFC,2024-08-16,13.0600004196167
EFC,2024-08-19,13.15999984741211
EFC,2024-08-20,13.130000114440918
EFC,2024-08-21,13.170000076293945
EFC,2024-08-22,13.220000267028809
EFC,2024-08-23,13.380000114440918
EFC,2024-08-26,13.1899995803833
EFC,2024-08-27,13.1899995803833
EFC,2024-08-28,13.210000038146973
EFC,2024-08-29,13.220000267028809
EFC,2024-08-30,13.149999618530273
EFC,2024-09-03,13.140000343322754
EFC,2024-09-04,12.989999771118164
EFC,2024-09-05,13.130000114440918
EFC,2024-09-06,13.029999732971191
EFC,2024-09-09,13.079999923706055
EFC,2024-09-10,13.199999809265137
EFC,2024-09-11,13.130000114440918
EFC,2024-09-12,13.229999542236328
EFC,2024-09-13,13.300000190734863
EFC,2024-09-16,13.329999923706055
EFC,2024-09-17,13.239999771118164
EFC,2024-09-18,13.149999618530273
EFC,2024-09-19,13.25
EFC,2024-09-20,13.109999656677246
EFC,2024-09-23,13.029999732971191
EFC,2024-09-24,13.109999656677246
EFC,2024-09-25,12.960000038146973
EFC,2024-09-26,12.979999542236328
EFC,2024-09-27,13.020000457763672
EFC,2024-09-30,12.890000343322754
EFC,2024-10-01,12.579999923706055
EFC,2024-10-02,12.600000381469727
EFC,2024-10-03,12.5
EFC,2024-10-04,12.460000038146973
EFC,2024-10-07,12.369999885559082
EFC,2024-10-08,12.4399995803833
EFC,2024-10-09,12.420000076293945
EFC,2024-10-10,12.4399995803833
EFC,2024-10-11,12.479999542236328
EFC,2024-10-14,12.520000457763672
EFC,2024-10-15,12.579999923706055
EFC,2024-10-16,12.8100004196167
EFC,2024-10-17,12.739999771118164
EFC,2024-10-18,12.8100004196167
EFC,2024-10-21,12.649999618530273
EFC,2024-10-22,12.609999656677246
EFC,2024-10-23,12.600000381469727
EFC,2024-10-24,12.6899995803833
EFC,2024-10-25,12.569999694824219
EFC,2024-10-28,12.510000228881836
EFC,2024-10-29,12.5
EFC,2024-10-30,12.449999809265137
EFC,2024-10-31,12.09000015258789
EFC,2024-11-01,11.949999809265137
EFC,2024-11-04,11.920000076293945
EFC,2024-11-05,11.949999809265137
EFC,2024-11-06,12.039999961853027
EFC,2024-11-07,12.430000305175781
EFC,2024-11-08,12.420000076293945
EFC,2024-11-11,12.390000343322754
EFC,2024-11-12,12.270000457763672
EFC,2024-11-13,12.210000038146973
EFC,2024-11-14,12.180000305175781
EFC,2024-11-15,12.199999809265137
EFC,2024-11-18,12.260000228881836
EFC,2024-11-19,12.369999885559082
EFC,2024-11-20,12.289999961853027
EFC,2024-11-21,12.399999618530273
EFC,2024-11-22,12.520000457763672
EFC,2024-11-25,12.479999542236328
EFC,2024-11-26,12.369999885559082
EFC,2024-11-27,12.470000267028809
EFC,2024-11-29,12.359999656677246
EFC,2024-12-02,12.369999885559082
EFC,2024-12-03,12.289999961853027
EFC,2024-12-04,12.199999809265137
EFC,2024-12-05,12.15999984741211
EFC,2024-12-06,12.270000457763672
EFC,2024-12-09,12.270000457763672
EFC,2024-12-10,12.329999923706055
EFC,2024-12-11,12.329999923706055
EFC,2024-12-12,12.34000015258789
EFC,2024-12-13,12.350000381469727
EFC,2024-12-16,12.430000305175781
EFC,2024-12-17,12.279999732971191
EFC,2024-12-18,11.960000038146973
EFC,2024-12-19,12.050000190734863
EFC,2024-12-20,12.130000114440918
EFC,2024-12-23,12.140000343322754
EFC,2024-12-24,12.270000457763672
EFC,2024-12-26,12.239999771118164
EFC,2024-12-27,12.180000305175781
EFC,2024-12-30,12.079999923706055
EFC,2024-12-31,12.119999885559082
EFC,2025-01-02,12.15999984741211
EFC,2025-01-03,12.34000015258789
EFC,2025-01-06,12.239999771118164
EFC,2025-01-07,12.239999771118164
EFC,2025-01-08,12.140000343322754
EFC,2025-01-10,12.079999923706055
EFC,2025-01-13,12.100000381469727
EFC,2025-01-14,12.210000038146973
EFC,2025-01-15,12.300000190734863
EFC,2025-01-16,12.479999542236328
EFC,2025-01-17,12.550000190734863
EFC,2025-01-21,12.609999656677246
EFC,2025-01-22,12.479999542236328
EFC,2025-01-23,12.449999809265137
EFC,2025-01-24,12.520000457763672
EFC,2025-01-27,12.619999885559082
EFC,2025-01-28,12.680000305175781
EFC,2025-01-29,12.449999809265137
EFC,2025-01-30,12.59000015258789
EFC,2025-01-31,12.5600004196167
EFC,2025-02-03,12.520000457763672
EFC,2025-02-04,12.619999885559082
EFC,2025-02-05,12.649999618530273
EFC,2025-02-06,12.739999771118164
EFC,2025-02-07,12.6899995803833
EFC,2025-02-10,12.680000305175781
EFC,2025-02-11,12.729999542236328
EFC,2025-02-12,12.6899995803833
EFC,2025-02-13,12.880000114440918
EFC,2025-02-14,12.989999771118164
EFC,2025-02-18,13.09000015258789
EFC,2025-02-19,13.100000381469727
EFC,2025-02-20,13.119999885559082
EFC,2025-02-21,13.100000381469727
EFC,2025-02-24,13.119999885559082
EFC,2025-02-25,13.3100004196167
EFC,2025-02-26,13.329999923706055
EFC,2025-02-27,13.300000190734863
EFC,2025-02-28,14.350000381469727
EFC,2025-03-03,13.859999656677246
EFC,2025-03-04,13.600000381469727
EFC,2025-03-05,13.609999656677246
EFC,2025-03-06,13.470000267028809
EFC,2025-03-07,13.600000381469727
EFC,2025-03-10,13.270000457763672
EFC,2025-03-11,13.0600004196167
EFC,2025-03-12,13.149999618530273
EFC,2025-03-13,13.100000381469727
EFC,2025-03-14,13.399999618530273
EFC,2025-03-17,13.4399995803833
EFC,2025-03-18,13.4399995803833
EFC,2025-03-19,13.40999984741211
EFC,2025-03-20,13.430000305175781
EFC,2025-03-21,13.229999542236328
EFC,2025-03-24,13.40999984741211
EFC,2025-03-25,13.390000343322754
EFC,2025-03-26,13.270000457763672
EFC,2025-03-27,13.359999656677246
EFC,2025-03-28,13.279999732971191
EFC,2025-03-31,13.260000228881836
EFC,2025-04-01,13.25
EFC,2025-04-02,13.1899995803833
EFC,2025-04-03,13.079999923706055
EFC,2025-04-04,12.430000305175781
EFC,2025-04-07,11.770000457763672
EFC,2025-04-08,11.59000015258789
EFC,2025-04-09,12.100000381469727
EFC,2025-04-10,11.529999732971191
EFC,2025-04-11,11.600000381469727
EFC,2025-04-14,11.949999809265137
EFC,2025-04-15,12.09000015258789
EFC,2025-04-16,11.979999542236328
EFC,2025-04-17,12.1899995803833
EFC,2025-04-21,12.09000015258789
EFC,2025-04-22,12.550000190734863
EFC,2025-04-23,12.649999618530273
EFC,2025-04-24,12.779999732971191
EFC,2025-04-25,12.979999542236328
EFC,2025-04-28,13.109999656677246
EFC,2025-04-29,13.229999542236328
EFC,2025-04-30,13.029999732971191
EFC,2025-05-01,12.960000038146973
EFC,2025-05-02,13.020000457763672
EFC,2025-05-05,12.899999618530273
EFC,2025-05-06,12.75
EFC,2025-05-07,12.779999732971191
EFC,2025-05-08,12.9399995803833
EFC,2025-05-09,12.9399995803833
EFC,2025-05-12,12.989999771118164
EFC,2025-05-13,13.069999694824219
EFC,2025-05-14,13.029999732971191
EFC,2025-05-15,13.279999732971191
EFC,2025-05-16,13.25
EFC,2025-05-19,13.109999656677246
EFC,2025-05-20,13.039999961853027
EFC,2025-05-21,12.600000381469727
EFC,2025-05-22,12.65999984741211
EFC,2025-05-23,12.600000381469727
EFC,2025-05-27,12.8100004196167
EFC,2025-05-28,12.739999771118164
EFC,2025-05-29,12.829999923706055
EFC,2025-05-30,12.569999694824219
EFC,2025-06-02,12.390000343322754
EFC,2025-06-03,12.510000228881836
EFC,2025-06-04,12.5
EFC,2025-06-05,12.569999694824219
EFC,2025-06-06,12.6899995803833
EFC,2025-06-09,12.770000457763672
EFC,2025-06-10,12.949999809265137
EFC,2025-06-11,12.970000267028809
EFC,2025-06-12,13.069999694824219
EFC,2025-06-13,12.869999885559082
EFC,2025-06-16,12.84000015258789
EFC,2025-06-17,12.670000076293945
EFC,2025-06-18,12.800000190734863
EFC,2025-06-20,12.880000114440918
EFC,2025-06-23,12.930000305175781
EFC,2025-06-24,13.0
EFC,2025-06-25,12.949999809265137
EFC,2025-06-26,13.140000343322754
EFC,2025-06-27,12.979999542236328
EFC,2025-06-30,12.989999771118164
EFC,2025-07-01,12.970000267028809
EFC,2025-07-02,13.09000015258789
EFC,2025-07-03,13.15999984741211
EFC,2025-07-07,13.020000457763672
EFC,2025-07-08,13.1899995803833
EFC,2025-07-09,13.279999732971191
EFC,2025-07-10,13.239999771118164
EFC,2025-07-11,13.220000267028809
EFC,2025-07-14,13.260000228881836
EFC,2025-07-15,13.199999809265137
EFC,2025-07-16,13.369999885559082
EFC,2025-07-17,13.239999771118164
EFC,2025-07-18,13.130000114440918
EFC,2025-07-21,13.15999984741211
EFC,2025-07-22,13.1899995803833
EFC,2025-07-23,13.329999923706055
EFC,2025-07-24,13.25
EFC,2025-07-25,13.239999771118164
EFC,2025-07-28,13.079999923706055
EFC,2025-07-29,13.15999984741211
EFC,2025-07-30,12.970000267028809
EFC,2025-07-31,12.6899995803833
EFC,2025-08-01,12.699999809265137
EFC,2025-08-04,12.949999809265137
EFC,2025-08-05,12.920000076293945
EFC,2025-08-06,12.720000267028809
EFC,2025-08-07,12.65999984741211
EFC,2025-08-08,12.979999542236328
EFC,2025-08-11,13.15999984741211
EFC,2025-08-12,13.359999656677246
EFC,2025-08-13,13.710000038146973
EFC,2025-08-14,13.770000457763672
EFC,2025-08-15,13.75
EFC,2025-08-18,13.710000038146973
EFC,2025-08-19,13.75
EFC,2025-08-20,13.84000015258789
EFC,2025-08-21,13.6899995803833
EFC,2025-08-22,14.020000457763672
EFC,2025-08-25,13.859999656677246
EFC,2025-08-26,13.880000114440918
EFC,2025-08-27,13.789999961853027
EFC,2025-08-28,13.75
EFC,2025-08-29,13.640000343322754
EFC,2025-09-02,13.579999923706055
EFC,2025-09-03,13.670000076293945
EFC,2025-09-04,13.710000038146973
EFC,2025-09-05,13.829999923706055
EFC,2025-09-08,13.699999809265137
EFC,2025-09-09,13.65999984741211
EFC,2025-09-10,13.59000015258789
EFC,2025-09-11,13.539999961853027
EFC,2025-09-12,13.430000305175781
EFC,2025-09-15,13.40999984741211
EFC,2025-09-16,13.229999542236328
EFC,2025-09-17,13.229999542236328
EFC,2025-09-18,13.229999542236328
EFC,2025-09-19,13.170000076293945
EFC,2025-09-22,12.979999542236328
EFC,2025-09-23,13.050000190734863
EFC,2025-09-24,12.970000267028809
EFC,2025-09-25,13.069999694824219
EFC,2025-09-26,13.170000076293945
EFC,2025-09-29,13.010000228881836
EFC,2025-09-30,12.979999542236328
EFC,2025-10-01,13.09000015258789
EFC,2025-10-02,13.149999618530273
EFC,2025-10-03,13.34000015258789
EFC,2025-10-06,13.279999732971191
EFC,2025-10-07,13.449999809265137
EFC,2025-10-08,13.619999885559082
EFC,2025-10-09,13.470000267028809
EFC,2025-10-10,13.430000305175781
EFC,2025-10-13,13.479999542236328
EFC,2025-10-14,13.649999618530273
EFC,2025-10-15,13.680000305175781
EFC,2025-10-16,13.640000343322754
EFC,2025-10-17,13.600000381469727
EFC,2025-10-20,13.680000305175781
EFC,2025-10-21,13.569999694824219
EFC,2025-10-22,13.670000076293945
EFC,2025-10-23,13.479999542236328
EFC,2025-10-24,13.319999694824219
EFC,2025-10-27,13.359999656677246
EFC,2025-10-28,13.369999885559082
EFC,2025-10-29,13.3100004196167
EFC,2025-10-30,13.390000343322754
EFC,2025-10-31,13.319999694824219
EFC,2025-11-03,13.479999542236328
EFC,2025-11-04,13.6899995803833
EFC,2025-11-05,13.670000076293945
EFC,2025-11-06,13.779999732971191
EFC,2025-11-07,13.350000381469727
EFC,2025-11-10,13.279999732971191
EFC,2025-11-11,13.9399995803833
EFC,2025-11-12,13.760000228881836
EFC,2025-11-13,13.640000343322754
EFC,2025-11-14,13.739999771118164
EFC,2025-11-17,13.600000381469727
EFC,2025-11-18,13.670000076293945
EFC,2025-11-19,13.640000343322754
EFC,2025-11-20,13.65999984741211
EFC,2025-11-21,13.779999732971191
EFC,2025-11-24,13.680000305175781
EFC,2025-11-25,13.880000114440918
EFC,2025-11-26,13.9399995803833
EFC,2025-11-28,13.699999809265137
EFC,2025-12-01,13.470000267028809
EFC,2025-12-02,13.609999656677246
EFC,2025-12-03,13.680000305175781
EFC,2025-12-04,13.630000114440918
EFC,2025-12-05,13.720000267028809
EFC,2025-12-08,13.609999656677246
EFC,2025-12-09,13.569999694824219
EFC,2025-12-10,13.6899995803833
EFC,2025-12-11,13.6899995803833
EFC,2025-12-12,13.649999618530273
EFC,2025-12-15,13.649999618530273
EFC,2025-12-16,13.5600004196167
EFC,2025-12-17,13.729999542236328
EFC,2025-12-18,13.800000190734863
EFC,2025-12-19,13.84000015258789
EFC,2025-12-22,13.9399995803833
EFC,2025-12-23,13.760000228881836
EFC,2025-12-24,13.850000381469727
EFC,2025-12-26,13.84000015258789
EFC,2025-12-29,13.789999961853027
EFC,2025-12-30,13.75
EFC,2025-12-31,13.579999923706055
EFC,2026-01-02,13.680000305175781
EFC,2026-01-05,13.460000038146973
EFC,2026-01-06,13.529999732971191
EFC,2026-01-07,13.609999656677246
EFC,2026-01-08,13.649999618530273
EFC,2026-01-09,13.720000267028809
EFC,2026-01-12,13.729999542236328
EFC,2026-01-13,13.720000267028809
EFC,2026-01-14,13.770000457763672
EFC,2026-01-15,13.850000381469727
EFC,2026-01-16,14.010000228881836
EFC,2026-01-20,13.920000076293945
EFC,2026-01-21,13.989999771118164
EFC,2026-01-22,13.989999771118164
EFC,2026-01-23,13.899999618530273
EFC,2026-01-26,13.859999656677246
EFC,2026-01-27,13.369999885559082
EFC,2026-01-28,13.359999656677246
EFC,2026-01-29,13.5
EFC,2026-01-30,12.850000381469727
EFC,2026-02-02,12.65999984741211
EFC,2026-02-03,12.600000381469727
EFC,2026-02-04,12.850000381469727
EFC,2026-02-05,12.859999656677246
EFC,2026-02-06,13.0
EFC,2026-02-09,12.829999923706055
EFC,2026-02-10,12.850000381469727
EFC,2026-02-11,12.960000038146973
EFC,2026-02-12,12.989999771118164
EFC,2026-02-13,12.9399995803833
EFC,2026-02-17,12.819999694824219
EFC,2026-02-18,12.649999618530273
EFC,2026-02-19,12.449999809265137
EFC,2026-02-20,12.369999885559082
EFC,2026-02-23,12.40999984741211
EFC,2026-02-24,12.460000038146973
EFC,2026-02-25,12.520000457763672
EFC,2026-02-26,12.579999923706055
EFC,2026-02-27,12.420000076293945
EFC,2026-03-02,12.460000038146973
EFC,2026-03-03,12.289999961853027
EFC,2026-03-04,12.199999809265137
EFC,2026-03-05,12.199999809265137
EFC,2026-03-06,12.029999732971191
EFC,2026-03-09,11.8100004196167
EFC,2026-03-10,12.09000015258789
EFC,2026-03-11,12.029999732971191
EFC,2026-03-12,11.920000076293945
EFC,2026-03-13,11.800000190734863
EFC,2026-03-16,11.9399995803833
EFC,2026-03-17,11.989999771118164
EFC,2026-03-18,11.75
EFC,2026-03-19,11.75
EFC,2026-03-20,11.300000190734863
EFC,2026-03-23,11.529999732971191
EFC,2026-03-24,11.510000228881836
EFC,2026-03-25,11.770000457763672
EFC,2026-03-26,11.699999809265137
EFC,2026-03-27,11.550000190734863
EFC,2026-03-30,11.760000228881836
EFC,2026-03-31,11.850000381469727
EFC,2026-04-01,11.899999618530273
EFC,2026-04-02,12.039999961853027
EFC,2026-04-06,12.100000381469727
EFC,2026-04-07,12.050000190734863
EFC,2026-04-08,12.300000190734863
EFC,2026-04-09,12.59000015258789
EFC,2026-04-10,12.550000190734863
EFC,2026-04-13,12.65999984741211
EFC,2026-04-14,12.710000038146973
EFC,2026-04-15,12.8100004196167
EFC,2026-04-16,12.6899995803833
EFC,2026-04-17,12.960000038146973
EFC,2026-04-20,13.039999961853027
EFC,2026-04-21,12.930000305175781
EFC,2026-04-22,12.989999771118164
EFC,2026-04-23,13.050000190734863
EFC,2026-04-24,13.140000343322754
EFC,2026-04-27,13.260000228881836
EFC,2026-04-28,13.329999923706055
EFC,2026-04-29,13.180000305175781
EFC,2026-04-30,13.25
EFC,2026-05-01,13.239999771118164
EFC,2026-05-04,13.010000228881836
EFC,2026-05-05,13.109999656677246
EFC,2026-05-06,13.569999694824219
EFC,2026-05-07,13.59000015258789
EFC,2026-05-08,13.619999885559082
EFC,2026-05-11,13.460000038146973
EFC,2026-05-12,13.479999542236328
EFC,2026-05-13,13.40999984741211
EFC,2026-05-14,13.460000038146973
EFC,2026-05-15,13.329999923706055
EFC,2026-05-18,13.329999923706055
EFC,2026-05-19,13.350000381469727
EFC,2026-05-20,13.5
EFC,2026-05-21,13.569999694824219
EFC,2026-05-22,13.489999771118164
EFC,2026-05-26,13.59000015258789
EFC,2026-05-27,13.600000381469727
EFC,2026-05-28,13.59000015258789
EFC,2026-05-29,13.569999694824219
EFC,2026-06-01,13.430000305175781
EFC,2026-06-02,13.600000381469727
EFC,2026-06-03,13.359999656677246
EFC,2026-06-04,13.520000457763672
EFC,2026-06-05,13.550000190734863
EFC,2026-06-08,13.380000114440918
EFC,2026-06-09,13.59000015258789
EFC,2026-06-10,13.609999656677246
EFC,2026-06-11,13.630000114440918
EFC,2026-06-12,13.680000305175781
EFC,2026-06-15,13.59000015258789
EFC,2026-06-16,13.670000076293945
EFC,2026-06-17,13.420000076293945
EFC,2026-06-18,13.4399995803833
EFC,2026-06-22,13.300000190734863
EFC,2026-06-23,13.489999771118164
EFC,2026-06-24,13.649999618530273
EFC,2026-06-25,13.649999618530273
EFC,2026-06-26,13.569999694824219
EFC,2026-06-29,13.670000076293945
EFC,2026-06-30,13.609999656677246
EFC,2026-07-01,13.520000457763672
EFC,2026-07-02,13.470000267028809
EFC,2026-07-06,13.579999923706055
EFC,2026-07-07,13.479999542236328
EFC,2026-07-08,13.420000076293945
EFC,2026-07-09,13.529999732971191
EFC,2026-07-10,13.579999923706055
EFC,2026-07-13,13.449999809265137
EFC,2026-07-14,13.619999885559082
EFC,2026-07-15,13.710000038146973
EFC,2026-07-16,13.699999809265137
EFC,2026-07-17,13.529999732971191
EFC,2026-07-20,13.40999984741211
EFC,2026-07-23,13.279999732971191
EFC,2026-07-24,13.369999885559082
EFC,2026-07-27,13.359999656677246
EFC,2026-07-28,13.550000190734863
EFC,2026-07-29,13.460000038146973
EFC,2026-07-30,13.489999771118164
EFC,2026-08-03,13.329999923706055
EFC,2026-08-04,13.300000190734863
EFC,2026-08-05,13.239999771118164
EFC,2026-08-06,13.140000343322754
EFC,2026-08-07,13.600000381469727
EFC,2026-08-10,13.470000267028809
EFC,2026-08-11,13.600000381469727
EFC,2026-08-12,13.619999885559082
EFC,2026-08-13,13.680000305175781
EFC,2026-08-14,13.670000076293945
EFC,2026-08-17,13.59000015258789
EFC,2026-08-18,13.609999656677246
EFC,2026-08-19,13.710000038146973
IVR,2021-01-04,33.0
IVR,2021-01-05,33.29999923706055
IVR,2021-01-06,33.79999923706055
IVR,2021-01-07,34.5
IVR,2021-01-08,34.599998474121094
IVR,2021-01-11,33.5
IVR,2021-01-12,33.29999923706055
IVR,2021-01-13,32.70000076293945
IVR,2021-01-14,33.599998474121094
IVR,2021-01-15,33.0
IVR,2021-01-19,33.0
IVR,2021-01-20,34.400001525878906
IVR,2021-01-21,35.599998474121094
IVR,2021-01-22,35.599998474121094
IVR,2021-01-25,37.79999923706055
IVR,2021-01-26,41.900001525878906
IVR,2021-01-27,42.29999923706055
IVR,2021-01-28,39.400001525878906
IVR,2021-01-29,40.400001525878906
IVR,2021-02-01,40.099998474121094
IVR,2021-02-02,38.400001525878906
IVR,2021-02-03,37.400001525878906
IVR,2021-02-04,38.0
IVR,2021-02-05,38.5
IVR,2021-02-08,38.599998474121094
IVR,2021-02-09,38.099998474121094
IVR,2021-02-10,38.29999923706055
IVR,2021-02-11,38.5
IVR,2021-02-12,38.29999923706055
IVR,2021-02-16,37.599998474121094
IVR,2021-02-17,36.20000076293945
IVR,2021-02-18,35.400001525878906
IVR,2021-02-19,37.0
IVR,2021-02-22,38.900001525878906
IVR,2021-02-23,38.20000076293945
IVR,2021-02-24,41.5
IVR,2021-02-25,38.400001525878906
IVR,2021-02-26,38.900001525878906
IVR,2021-03-01,39.20000076293945
IVR,2021-03-02,39.900001525878906
IVR,2021-03-03,40.0
IVR,2021-03-04,38.400001525878906
IVR,2021-03-05,37.599998474121094
IVR,2021-03-08,37.29999923706055
IVR,2021-03-09,37.599998474121094
IVR,2021-03-10,37.5
IVR,2021-03-11,37.599998474121094
IVR,2021-03-12,38.400001525878906
IVR,2021-03-15,39.900001525878906
IVR,2021-03-16,39.599998474121094
IVR,2021-03-17,40.70000076293945
IVR,2021-03-18,38.900001525878906
IVR,2021-03-19,40.0
IVR,2021-03-22,40.20000076293945
IVR,2021-03-23,39.20000076293945
IVR,2021-03-24,38.79999923706055
IVR,2021-03-25,39.599998474121094
IVR,2021-03-26,39.599998474121094
IVR,2021-03-29,39.900001525878906
IVR,2021-03-30,40.5
IVR,2021-03-31,40.099998474121094
IVR,2021-04-01,40.900001525878906
IVR,2021-04-05,40.599998474121094
IVR,2021-04-06,40.79999923706055
IVR,2021-04-07,40.599998474121094
IVR,2021-04-08,39.599998474121094
IVR,2021-04-09,39.29999923706055
IVR,2021-04-12,38.79999923706055
IVR,2021-04-13,38.79999923706055
IVR,2021-04-14,38.70000076293945
IVR,2021-04-15,38.0
IVR,2021-04-16,38.5
IVR,2021-04-19,37.900001525878906
IVR,2021-04-20,37.099998474121094
IVR,2021-04-21,37.29999923706055
IVR,2021-04-22,37.20000076293945
IVR,2021-04-23,38.099998474121094
IVR,2021-04-26,38.20000076293945
IVR,2021-04-27,38.5
IVR,2021-04-28,39.099998474121094
IVR,2021-04-29,38.79999923706055
IVR,2021-04-30,39.0
IVR,2021-05-03,39.0
IVR,2021-05-04,38.29999923706055
IVR,2021-05-05,38.0
IVR,2021-05-06,36.29999923706055
IVR,2021-05-07,36.099998474121094
IVR,2021-05-10,35.5
IVR,2021-05-11,35.099998474121094
IVR,2021-05-12,33.70000076293945
IVR,2021-05-13,34.79999923706055
IVR,2021-05-14,35.400001525878906
IVR,2021-05-17,35.70000076293945
IVR,2021-05-18,36.29999923706055
IVR,2021-05-19,35.5
IVR,2021-05-20,35.400001525878906
IVR,2021-05-21,35.29999923706055
IVR,2021-05-24,35.099998474121094
IVR,2021-05-25,35.0
IVR,2021-05-26,35.79999923706055
IVR,2021-05-27,34.0
IVR,2021-05-28,34.0
IVR,2021-06-01,33.900001525878906
IVR,2021-06-02,33.79999923706055
IVR,2021-06-03,33.5
IVR,2021-06-04,33.599998474121094
IVR,2021-06-07,34.20000076293945
IVR,2021-06-08,35.400001525878906
IVR,2021-06-09,41.599998474121094
IVR,2021-06-10,42.70000076293945
IVR,2021-06-11,42.5
IVR,2021-06-14,43.0
IVR,2021-06-15,39.900001525878906
IVR,2021-06-16,40.79999923706055
IVR,2021-06-17,40.29999923706055
IVR,2021-06-18,40.20000076293945
IVR,2021-06-21,40.29999923706055
IVR,2021-06-22,40.0
IVR,2021-06-23,40.29999923706055
IVR,2021-06-24,41.20000076293945
IVR,2021-06-25,40.599998474121094
IVR,2021-06-28,40.79999923706055
IVR,2021-06-29,39.20000076293945
IVR,2021-06-30,39.0
IVR,2021-07-01,38.599998474121094
IVR,2021-07-02,37.0
IVR,2021-07-06,35.20000076293945
IVR,2021-07-07,34.5
IVR,2021-07-08,34.5
IVR,2021-07-09,35.599998474121094
IVR,2021-07-12,35.0
IVR,2021-07-13,33.900001525878906
IVR,2021-07-14,33.29999923706055
IVR,2021-07-15,34.29999923706055
IVR,2021-07-16,33.900001525878906
IVR,2021-07-19,33.20000076293945
IVR,2021-07-20,35.0
IVR,2021-07-21,35.900001525878906
IVR,2021-07-22,34.5
IVR,2021-07-23,34.20000076293945
IVR,2021-07-26,34.70000076293945
IVR,2021-07-27,34.20000076293945
IVR,2021-07-28,34.5
IVR,2021-07-29,34.79999923706055
IVR,2021-07-30,34.400001525878906
IVR,2021-08-02,34.20000076293945
IVR,2021-08-03,34.20000076293945
IVR,2021-08-04,33.79999923706055
IVR,2021-08-05,31.899999618530273
IVR,2021-08-06,31.899999618530273
IVR,2021-08-09,31.5
IVR,2021-08-10,31.700000762939453
IVR,2021-08-11,31.5
IVR,2021-08-12,31.399999618530273
IVR,2021-08-13,31.899999618530273
IVR,2021-08-16,31.200000762939453
IVR,2021-08-17,31.0
IVR,2021-08-18,30.399999618530273
IVR,2021-08-19,30.0
IVR,2021-08-20,30.899999618530273
IVR,2021-08-23,31.299999237060547
IVR,2021-08-24,31.5
IVR,2021-08-25,31.5
IVR,2021-08-26,30.899999618530273
IVR,2021-08-27,31.200000762939453
IVR,2021-08-30,30.899999618530273
IVR,2021-08-31,31.200000762939453
IVR,2021-09-01,31.299999237060547
IVR,2021-09-02,31.399999618530273
IVR,2021-09-03,30.899999618530273
IVR,2021-09-07,30.799999237060547
IVR,2021-09-08,30.600000381469727
IVR,2021-09-09,30.600000381469727
IVR,2021-09-10,30.200000762939453
IVR,2021-09-13,31.0
IVR,2021-09-14,30.799999237060547
IVR,2021-09-15,30.799999237060547
IVR,2021-09-16,30.799999237060547
IVR,2021-09-17,31.200000762939453
IVR,2021-09-20,30.600000381469727
IVR,2021-09-21,31.0
IVR,2021-09-22,31.5
IVR,2021-09-23,31.200000762939453
IVR,2021-09-24,31.200000762939453
IVR,2021-09-27,31.799999237060547
IVR,2021-09-28,31.200000762939453
IVR,2021-09-29,31.399999618530273
IVR,2021-09-30,31.5
IVR,2021-10-01,32.400001525878906
IVR,2021-10-04,32.29999923706055
IVR,2021-10-05,32.599998474121094
IVR,2021-10-06,32.400001525878906
IVR,2021-10-07,32.599998474121094
IVR,2021-10-08,31.700000762939453
IVR,2021-10-11,32.0
IVR,2021-10-12,32.400001525878906
IVR,2021-10-13,32.5
IVR,2021-10-14,32.599998474121094
IVR,2021-10-15,32.29999923706055
IVR,2021-10-18,32.29999923706055
IVR,2021-10-19,32.0
IVR,2021-10-20,31.700000762939453
IVR,2021-10-21,31.799999237060547
IVR,2021-10-22,31.600000381469727
IVR,2021-10-25,31.700000762939453
IVR,2021-10-26,31.299999237060547
IVR,2021-10-27,31.700000762939453
IVR,2021-10-28,31.600000381469727
IVR,2021-10-29,31.399999618530273
IVR,2021-11-01,32.0
IVR,2021-11-02,32.099998474121094
IVR,2021-11-03,32.5
IVR,2021-11-04,32.70000076293945
IVR,2021-11-05,33.70000076293945
IVR,2021-11-08,33.0
IVR,2021-11-09,32.70000076293945
IVR,2021-11-10,32.20000076293945
IVR,2021-11-11,32.20000076293945
IVR,2021-11-12,32.0
IVR,2021-11-15,31.899999618530273
IVR,2021-11-16,31.700000762939453
IVR,2021-11-17,31.299999237060547
IVR,2021-11-18,31.200000762939453
IVR,2021-11-19,31.399999618530273
IVR,2021-11-22,30.700000762939453
IVR,2021-11-23,31.0
IVR,2021-11-24,31.200000762939453
IVR,2021-11-26,30.799999237060547
IVR,2021-11-29,30.700000762939453
IVR,2021-11-30,30.0
IVR,2021-12-01,29.299999237060547
IVR,2021-12-02,30.0
IVR,2021-12-03,29.600000381469727
IVR,2021-12-06,30.600000381469727
IVR,2021-12-07,31.0
IVR,2021-12-08,31.0
IVR,2021-12-09,31.100000381469727
IVR,2021-12-10,30.299999237060547
IVR,2021-12-13,29.700000762939453
IVR,2021-12-14,29.0
IVR,2021-12-15,29.299999237060547
IVR,2021-12-16,29.100000381469727
IVR,2021-12-17,28.100000381469727
IVR,2021-12-20,27.100000381469727
IVR,2021-12-21,28.299999237060547
IVR,2021-12-22,28.600000381469727
IVR,2021-12-23,28.600000381469727
IVR,2021-12-27,28.5
IVR,2021-12-28,28.5
IVR,2021-12-29,28.600000381469727
IVR,2021-12-30,28.600000381469727
IVR,2021-12-31,27.799999237060547
IVR,2022-01-03,29.200000762939453
IVR,2022-01-04,29.799999237060547
IVR,2022-01-05,29.200000762939453
IVR,2022-01-06,29.299999237060547
IVR,2022-01-07,29.899999618530273
IVR,2022-01-10,28.799999237060547
IVR,2022-01-11,29.0
IVR,2022-01-12,28.600000381469727
IVR,2022-01-13,28.0
IVR,2022-01-14,28.100000381469727
IVR,2022-01-18,27.100000381469727
IVR,2022-01-19,26.700000762939453
IVR,2022-01-20,26.200000762939453
IVR,2022-01-21,25.200000762939453
IVR,2022-01-24,25.299999237060547
IVR,2022-01-25,26.100000381469727
IVR,2022-01-26,25.799999237060547
IVR,2022-01-27,25.5
IVR,2022-01-28,25.899999618530273
IVR,2022-01-31,26.799999237060547
IVR,2022-02-01,26.799999237060547
IVR,2022-02-02,26.399999618530273
IVR,2022-02-03,25.899999618530273
IVR,2022-02-04,25.899999618530273
IVR,2022-02-07,26.5
IVR,2022-02-08,26.700000762939453
IVR,2022-02-09,26.5
IVR,2022-02-10,25.600000381469727
IVR,2022-02-11,25.600000381469727
IVR,2022-02-14,24.899999618530273
IVR,2022-02-15,25.299999237060547
IVR,2022-02-16,25.5
IVR,2022-02-17,24.299999237060547
IVR,2022-02-18,23.899999618530273
IVR,2022-02-22,22.600000381469727
IVR,2022-02-23,21.899999618530273
IVR,2022-02-24,22.100000381469727
IVR,2022-02-25,21.899999618530273
IVR,2022-02-28,21.799999237060547
IVR,2022-03-01,21.0
IVR,2022-03-02,21.299999237060547
IVR,2022-03-03,21.399999618530273
IVR,2022-03-04,21.100000381469727
IVR,2022-03-07,20.899999618530273
IVR,2022-03-08,22.299999237060547
IVR,2022-03-09,22.700000762939453
IVR,2022-03-10,22.600000381469727
IVR,2022-03-11,21.899999618530273
IVR,2022-03-14,21.700000762939453
IVR,2022-03-15,21.799999237060547
IVR,2022-03-16,22.200000762939453
IVR,2022-03-17,22.100000381469727
IVR,2022-03-18,22.0
IVR,2022-03-21,21.600000381469727
IVR,2022-03-22,21.899999618530273
IVR,2022-03-23,21.399999618530273
IVR,2022-03-24,21.799999237060547
IVR,2022-03-25,22.5
IVR,2022-03-28,22.200000762939453
IVR,2022-03-29,23.200000762939453
IVR,2022-03-30,22.799999237060547
IVR,2022-03-31,22.799999237060547
IVR,2022-04-01,23.100000381469727
IVR,2022-04-04,23.299999237060547
IVR,2022-04-05,22.600000381469727
IVR,2022-04-06,21.600000381469727
IVR,2022-04-07,20.100000381469727
IVR,2022-04-08,20.100000381469727
IVR,2022-04-11,20.0
IVR,2022-04-12,19.600000381469727
IVR,2022-04-13,19.700000762939453
IVR,2022-04-14,19.5
IVR,2022-04-18,18.799999237060547
IVR,2022-04-19,18.200000762939453
IVR,2022-04-20,18.799999237060547
IVR,2022-04-21,18.600000381469727
IVR,2022-04-22,18.200000762939453
IVR,2022-04-25,18.100000381469727
IVR,2022-04-26,17.200000762939453
IVR,2022-04-27,17.399999618530273
IVR,2022-04-28,18.200000762939453
IVR,2022-04-29,17.399999618530273
IVR,2022-05-02,17.899999618530273
IVR,2022-05-03,18.5
IVR,2022-05-04,18.700000762939453
IVR,2022-05-05,17.0
IVR,2022-05-06,17.200000762939453
IVR,2022-05-09,16.700000762939453
IVR,2022-05-10,16.5
IVR,2022-05-11,16.399999618530273
IVR,2022-05-12,16.600000381469727
IVR,2022-05-13,17.5
IVR,2022-05-16,17.600000381469727
IVR,2022-05-17,17.799999237060547
IVR,2022-05-18,17.399999618530273
IVR,2022-05-19,17.100000381469727
IVR,2022-05-20,17.100000381469727
IVR,2022-05-23,17.100000381469727
IVR,2022-05-24,17.299999237060547
IVR,2022-05-25,17.299999237060547
IVR,2022-05-26,17.600000381469727
IVR,2022-05-27,17.399999618530273
IVR,2022-05-31,17.799999237060547
IVR,2022-06-01,17.799999237060547
IVR,2022-06-02,17.899999618530273
IVR,2022-06-03,17.5
IVR,2022-06-06,16.75
IVR,2022-06-07,17.15999984741211
IVR,2022-06-08,16.010000228881836
IVR,2022-06-09,15.520000457763672
IVR,2022-06-10,14.729999542236328
IVR,2022-06-13,12.0600004196167
IVR,2022-06-14,11.100000381469727
IVR,2022-06-15,10.739999771118164
IVR,2022-06-16,9.65999984741211
IVR,2022-06-17,10.899999618530273
IVR,2022-06-21,11.020000457763672
IVR,2022-06-22,11.5
IVR,2022-06-23,11.850000381469727
IVR,2022-06-24,13.40999984741211
IVR,2022-06-27,13.34000015258789
IVR,2022-06-28,14.25
IVR,2022-06-29,14.260000228881836
IVR,2022-06-30,14.680000305175781
IVR,2022-07-01,15.380000114440918
IVR,2022-07-05,15.680000305175781
IVR,2022-07-06,15.34000015258789
IVR,2022-07-07,15.680000305175781
IVR,2022-07-08,14.510000228881836
IVR,2022-07-11,14.1899995803833
IVR,2022-07-12,14.489999771118164
IVR,2022-07-13,14.520000457763672
IVR,2022-07-14,14.09000015258789
IVR,2022-07-15,14.729999542236328
IVR,2022-07-18,14.600000381469727
IVR,2022-07-19,15.34000015258789
IVR,2022-07-20,15.600000381469727
IVR,2022-07-21,15.869999885559082
IVR,2022-07-22,15.859999656677246
IVR,2022-07-25,15.949999809265137
IVR,2022-07-26,16.040000915527344
IVR,2022-07-27,16.65999984741211
IVR,2022-07-28,17.399999618530273
IVR,2022-07-29,17.700000762939453
IVR,2022-08-01,17.65999984741211
IVR,2022-08-02,17.040000915527344
IVR,2022-08-03,17.110000610351562
IVR,2022-08-04,16.40999984741211
IVR,2022-08-05,17.450000762939453
IVR,2022-08-08,17.510000228881836
IVR,2022-08-09,17.43000030517578
IVR,2022-08-10,17.350000381469727
IVR,2022-08-11,17.18000030517578
IVR,2022-08-12,17.18000030517578
IVR,2022-08-15,17.079999923706055
IVR,2022-08-16,17.079999923706055
IVR,2022-08-17,16.770000457763672
IVR,2022-08-18,16.690000534057617
IVR,2022-08-19,16.399999618530273
IVR,2022-08-22,15.710000038146973
IVR,2022-08-23,16.1299991607666
IVR,2022-08-24,16.209999084472656
IVR,2022-08-25,16.540000915527344
IVR,2022-08-26,16.399999618530273
IVR,2022-08-29,16.309999465942383
IVR,2022-08-30,15.850000381469727
IVR,2022-08-31,15.890000343322754
IVR,2022-09-01,15.739999771118164
IVR,2022-09-02,15.760000228881836
IVR,2022-09-06,15.550000190734863
IVR,2022-09-07,15.65999984741211
IVR,2022-09-08,15.760000228881836
IVR,2022-09-09,15.859999656677246
IVR,2022-09-12,15.979999542236328
IVR,2022-09-13,15.449999809265137
IVR,2022-09-14,15.390000343322754
IVR,2022-09-15,14.770000457763672
IVR,2022-09-16,15.0600004196167
IVR,2022-09-19,14.84000015258789
IVR,2022-09-20,14.739999771118164
IVR,2022-09-21,14.5
IVR,2022-09-22,14.029999732971191
IVR,2022-09-23,13.479999542236328
IVR,2022-09-26,11.949999809265137
IVR,2022-09-27,11.569999694824219
IVR,2022-09-28,12.229999542236328
IVR,2022-09-29,11.0
IVR,2022-09-30,11.100000381469727
IVR,2022-10-03,11.329999923706055
IVR,2022-10-04,12.65999984741211
IVR,2022-10-05,11.970000267028809
IVR,2022-10-06,11.359999656677246
IVR,2022-10-07,10.329999923706055
IVR,2022-10-10,9.880000114440918
IVR,2022-10-11,10.979999542236328
IVR,2022-10-12,10.729999542236328
IVR,2022-10-13,10.9399995803833
IVR,2022-10-14,10.640000343322754
IVR,2022-10-17,10.880000114440918
IVR,2022-10-18,10.84000015258789
IVR,2022-10-19,10.739999771118164
IVR,2022-10-20,10.5
IVR,2022-10-21,10.720000267028809
IVR,2022-10-24,10.6899995803833
IVR,2022-10-25,11.25
IVR,2022-10-26,11.239999771118164
IVR,2022-10-27,11.369999885559082
IVR,2022-10-28,11.739999771118164
IVR,2022-10-31,11.710000038146973
IVR,2022-11-01,11.699999809265137
IVR,2022-11-02,11.25
IVR,2022-11-03,11.4399995803833
IVR,2022-11-04,11.920000076293945
IVR,2022-11-07,11.930000305175781
IVR,2022-11-08,12.020000457763672
IVR,2022-11-09,11.949999809265137
IVR,2022-11-10,12.819999694824219
IVR,2022-11-11,13.220000267028809
IVR,2022-11-14,13.130000114440918
IVR,2022-11-15,13.449999809265137
IVR,2022-11-16,13.289999961853027
IVR,2022-11-17,13.029999732971191
IVR,2022-11-18,12.989999771118164
IVR,2022-11-21,13.149999618530273
IVR,2022-11-22,13.199999809265137
IVR,2022-11-23,13.109999656677246
IVR,2022-11-25,13.100000381469727
IVR,2022-11-28,12.899999618530273
IVR,2022-11-29,12.970000267028809
IVR,2022-11-30,13.130000114440918
IVR,2022-12-01,13.25
IVR,2022-12-02,13.369999885559082
IVR,2022-12-05,13.199999809265137
IVR,2022-12-06,12.75
IVR,2022-12-07,12.850000381469727
IVR,2022-12-08,12.84000015258789
IVR,2022-12-09,13.010000228881836
IVR,2022-12-12,12.90999984741211
IVR,2022-12-13,12.84000015258789
IVR,2022-12-14,12.789999961853027
IVR,2022-12-15,12.729999542236328
IVR,2022-12-16,12.65999984741211
IVR,2022-12-19,12.640000343322754
IVR,2022-12-20,12.720000267028809
IVR,2022-12-21,13.119999885559082
IVR,2022-12-22,13.229999542236328
IVR,2022-12-23,13.149999618530273
IVR,2022-12-27,13.180000305175781
IVR,2022-12-28,12.850000381469727
IVR,2022-12-29,13.100000381469727
IVR,2022-12-30,12.729999542236328
IVR,2023-01-03,13.15999984741211
IVR,2023-01-04,13.539999961853027
IVR,2023-01-05,13.430000305175781
IVR,2023-01-06,12.75
IVR,2023-01-09,12.9399995803833
IVR,2023-01-10,13.260000228881836
IVR,2023-01-11,13.699999809265137
IVR,2023-01-12,13.979999542236328
IVR,2023-01-13,14.020000457763672
IVR,2023-01-17,13.859999656677246
IVR,2023-01-18,13.960000038146973
IVR,2023-01-19,13.979999542236328
IVR,2023-01-20,14.25
IVR,2023-01-23,14.260000228881836
IVR,2023-01-24,14.140000343322754
IVR,2023-01-25,14.119999885559082
IVR,2023-01-26,14.380000114440918
IVR,2023-01-27,14.729999542236328
IVR,2023-01-30,14.430000305175781
IVR,2023-01-31,14.6899995803833
IVR,2023-02-01,15.199999809265137
IVR,2023-02-02,15.390000343322754
IVR,2023-02-03,15.0600004196167
IVR,2023-02-06,14.350000381469727
IVR,2023-02-07,14.3100004196167
IVR,2023-02-08,14.319999694824219
IVR,2023-02-09,13.8100004196167
IVR,2023-02-10,13.760000228881836
IVR,2023-02-13,13.899999618530273
IVR,2023-02-14,13.84000015258789
IVR,2023-02-15,13.8100004196167
IVR,2023-02-16,13.75
IVR,2023-02-17,13.670000076293945
IVR,2023-02-21,13.119999885559082
IVR,2023-02-22,13.100000381469727
IVR,2023-02-23,13.100000381469727
IVR,2023-02-24,12.829999923706055
IVR,2023-02-27,12.529999732971191
IVR,2023-02-28,12.529999732971191
IVR,2023-03-01,12.210000038146973
IVR,2023-03-02,12.279999732971191
IVR,2023-03-03,12.220000267028809
IVR,2023-03-06,12.300000190734863
IVR,2023-03-07,12.140000343322754
IVR,2023-03-08,12.15999984741211
IVR,2023-03-09,11.520000457763672
IVR,2023-03-10,10.979999542236328
IVR,2023-03-13,10.649999618530273
IVR,2023-03-14,11.289999961853027
IVR,2023-03-15,11.079999923706055
IVR,2023-03-16,11.199999809265137
IVR,2023-03-17,10.760000228881836
IVR,2023-03-20,10.90999984741211
IVR,2023-03-21,11.039999961853027
IVR,2023-03-22,10.779999732971191
IVR,2023-03-23,10.479999542236328
IVR,2023-03-24,10.819999694824219
IVR,2023-03-27,11.210000038146973
IVR,2023-03-28,10.460000038146973
IVR,2023-03-29,10.6899995803833
IVR,2023-03-30,10.760000228881836
IVR,2023-03-31,11.09000015258789
IVR,2023-04-03,10.920000076293945
IVR,2023-04-04,11.09000015258789
IVR,2023-04-05,11.149999618530273
IVR,2023-04-06,10.760000228881836
IVR,2023-04-10,10.390000343322754
IVR,2023-04-11,10.319999694824219
IVR,2023-04-12,10.390000343322754
IVR,2023-04-13,10.369999885559082
IVR,2023-04-14,10.25
IVR,2023-04-17,10.5600004196167
IVR,2023-04-18,10.369999885559082
IVR,2023-04-19,10.489999771118164
IVR,2023-04-20,10.550000190734863
IVR,2023-04-21,10.59000015258789
IVR,2023-04-24,10.510000228881836
IVR,2023-04-25,10.260000228881836
IVR,2023-04-26,10.279999732971191
IVR,2023-04-27,10.369999885559082
IVR,2023-04-28,10.609999656677246
IVR,2023-05-01,10.25
IVR,2023-05-02,9.779999732971191
IVR,2023-05-03,9.739999771118164
IVR,2023-05-04,9.75
IVR,2023-05-05,10.079999923706055
IVR,2023-05-08,10.199999809265137
IVR,2023-05-09,10.0
IVR,2023-05-10,10.869999885559082
IVR,2023-05-11,10.75
IVR,2023-05-12,10.670000076293945
IVR,2023-05-15,10.800000190734863
IVR,2023-05-16,10.569999694824219
IVR,2023-05-17,10.6899995803833
IVR,2023-05-18,10.8100004196167
IVR,2023-05-19,10.600000381469727
IVR,2023-05-22,10.529999732971191
IVR,2023-05-23,10.420000076293945
IVR,2023-05-24,10.119999885559082
IVR,2023-05-25,9.829999923706055
IVR,2023-05-26,10.270000457763672
IVR,2023-05-30,10.710000038146973
IVR,2023-05-31,10.600000381469727
IVR,2023-06-01,10.789999961853027
IVR,2023-06-02,10.829999923706055
IVR,2023-06-05,10.520000457763672
IVR,2023-06-06,10.720000267028809
IVR,2023-06-07,10.5600004196167
IVR,2023-06-08,10.579999923706055
IVR,2023-06-09,10.739999771118164
IVR,2023-06-12,11.039999961853027
IVR,2023-06-13,11.199999809265137
IVR,2023-06-14,11.050000190734863
IVR,2023-06-15,11.390000343322754
IVR,2023-06-16,11.270000457763672
IVR,2023-06-20,11.380000114440918
IVR,2023-06-21,11.539999961853027
IVR,2023-06-22,11.369999885559082
IVR,2023-06-23,11.100000381469727
IVR,2023-06-26,11.539999961853027
IVR,2023-06-27,11.800000190734863
IVR,2023-06-28,11.90999984741211
IVR,2023-06-29,11.930000305175781
IVR,2023-06-30,11.470000267028809
IVR,2023-07-03,11.260000228881836
IVR,2023-07-05,11.0
IVR,2023-07-06,10.640000343322754
IVR,2023-07-07,10.829999923706055
IVR,2023-07-10,11.140000343322754
IVR,2023-07-11,11.130000114440918
IVR,2023-07-12,11.3100004196167
IVR,2023-07-13,11.569999694824219
IVR,2023-07-14,11.510000228881836
IVR,2023-07-17,11.550000190734863
IVR,2023-07-18,11.739999771118164
IVR,2023-07-19,11.859999656677246
IVR,2023-07-20,11.710000038146973
IVR,2023-07-21,11.699999809265137
IVR,2023-07-24,11.859999656677246
IVR,2023-07-25,12.050000190734863
IVR,2023-07-26,12.239999771118164
IVR,2023-07-27,11.949999809265137
IVR,2023-07-28,12.130000114440918
IVR,2023-07-31,12.010000228881836
IVR,2023-08-01,11.8100004196167
IVR,2023-08-02,11.6899995803833
IVR,2023-08-03,11.3100004196167
IVR,2023-08-04,11.430000305175781
IVR,2023-08-07,11.649999618530273
IVR,2023-08-08,11.470000267028809
IVR,2023-08-09,11.369999885559082
IVR,2023-08-10,11.260000228881836
IVR,2023-08-11,11.09000015258789
IVR,2023-08-14,10.930000305175781
IVR,2023-08-15,10.789999961853027
IVR,2023-08-16,10.569999694824219
IVR,2023-08-17,10.430000305175781
IVR,2023-08-18,10.460000038146973
IVR,2023-08-21,10.399999618530273
IVR,2023-08-22,10.390000343322754
IVR,2023-08-23,10.680000305175781
IVR,2023-08-24,10.670000076293945
IVR,2023-08-25,10.770000457763672
IVR,2023-08-28,11.140000343322754
IVR,2023-08-29,11.399999618530273
IVR,2023-08-30,11.199999809265137
IVR,2023-08-31,11.25
IVR,2023-09-01,11.289999961853027
IVR,2023-09-05,10.920000076293945
IVR,2023-09-06,10.8100004196167
IVR,2023-09-07,10.729999542236328
IVR,2023-09-08,10.800000190734863
IVR,2023-09-11,10.880000114440918
IVR,2023-09-12,10.779999732971191
IVR,2023-09-13,10.75
IVR,2023-09-14,10.760000228881836
IVR,2023-09-15,10.949999809265137
IVR,2023-09-18,10.850000381469727
IVR,2023-09-19,10.8100004196167
IVR,2023-09-20,10.630000114440918
IVR,2023-09-21,10.079999923706055
IVR,2023-09-22,10.180000305175781
IVR,2023-09-25,10.140000343322754
IVR,2023-09-26,9.880000114440918
IVR,2023-09-27,9.8100004196167
IVR,2023-09-28,9.880000114440918
IVR,2023-09-29,10.010000228881836
IVR,2023-10-02,9.829999923706055
IVR,2023-10-03,9.479999542236328
IVR,2023-10-04,9.050000190734863
IVR,2023-10-05,8.680000305175781
IVR,2023-10-06,8.520000457763672
IVR,2023-10-09,8.670000076293945
IVR,2023-10-10,8.720000267028809
IVR,2023-10-11,8.789999961853027
IVR,2023-10-12,8.630000114440918
IVR,2023-10-13,8.289999961853027
IVR,2023-10-16,8.3100004196167
IVR,2023-10-17,8.210000038146973
IVR,2023-10-18,7.78000020980835
IVR,2023-10-19,7.489999771118164
IVR,2023-10-20,7.380000114440918
IVR,2023-10-23,7.199999809265137
IVR,2023-10-24,6.909999847412109
IVR,2023-10-25,6.389999866485596
IVR,2023-10-26,6.570000171661377
IVR,2023-10-27,6.510000228881836
IVR,2023-10-30,6.480000019073486
IVR,2023-10-31,6.829999923706055
IVR,2023-11-01,7.190000057220459
IVR,2023-11-02,7.659999847412109
IVR,2023-11-03,7.909999847412109
IVR,2023-11-06,7.840000152587891
IVR,2023-11-07,7.630000114440918
IVR,2023-11-08,7.78000020980835
IVR,2023-11-09,7.409999847412109
IVR,2023-11-10,7.559999942779541
IVR,2023-11-13,7.510000228881836
IVR,2023-11-14,7.849999904632568
IVR,2023-11-15,7.96999979019165
IVR,2023-11-16,7.809999942779541
IVR,2023-11-17,7.920000076293945
IVR,2023-11-20,8.010000228881836
IVR,2023-11-21,7.96999979019165
IVR,2023-11-22,7.940000057220459
IVR,2023-11-24,7.849999904632568
IVR,2023-11-27,7.800000190734863
IVR,2023-11-28,7.909999847412109
IVR,2023-11-29,8.010000228881836
IVR,2023-11-30,8.010000228881836
IVR,2023-12-01,8.210000038146973
IVR,2023-12-04,8.319999694824219
IVR,2023-12-05,8.279999732971191
IVR,2023-12-06,8.130000114440918
IVR,2023-12-07,8.180000305175781
IVR,2023-12-08,8.369999885559082
IVR,2023-12-11,8.180000305175781
IVR,2023-12-12,8.25
IVR,2023-12-13,8.729999542236328
IVR,2023-12-14,9.069999694824219
IVR,2023-12-15,9.09000015258789
IVR,2023-12-18,9.020000457763672
IVR,2023-12-19,9.0600004196167
IVR,2023-12-20,9.119999885559082
IVR,2023-12-21,9.359999656677246
IVR,2023-12-22,9.399999618530273
IVR,2023-12-26,9.520000457763672
IVR,2023-12-27,9.579999923706055
IVR,2023-12-28,9.079999923706055
IVR,2023-12-29,8.859999656677246
IVR,2024-01-02,8.670000076293945
IVR,2024-01-03,8.529999732971191
IVR,2024-01-04,8.539999961853027
IVR,2024-01-05,8.670000076293945
IVR,2024-01-08,9.029999732971191
IVR,2024-01-09,9.09000015258789
IVR,2024-01-10,9.140000343322754
IVR,2024-01-11,9.069999694824219
IVR,2024-01-12,9.170000076293945
IVR,2024-01-16,9.09000015258789
IVR,2024-01-17,8.960000038146973
IVR,2024-01-18,9.0
IVR,2024-01-19,9.050000190734863
IVR,2024-01-22,9.100000381469727
IVR,2024-01-23,9.180000305175781
IVR,2024-01-24,9.140000343322754
IVR,2024-01-25,9.239999771118164
IVR,2024-01-26,9.1899995803833
IVR,2024-01-29,9.40999984741211
IVR,2024-01-30,9.050000190734863
IVR,2024-01-31,8.8100004196167
IVR,2024-02-01,8.970000267028809
IVR,2024-02-02,8.920000076293945
IVR,2024-02-05,8.65999984741211
IVR,2024-02-06,8.680000305175781
IVR,2024-02-07,8.399999618530273
IVR,2024-02-08,8.390000343322754
IVR,2024-02-09,8.529999732971191
IVR,2024-02-12,8.65999984741211
IVR,2024-02-13,8.260000228881836
IVR,2024-02-14,8.369999885559082
IVR,2024-02-15,8.739999771118164
IVR,2024-02-16,8.699999809265137
IVR,2024-02-20,8.640000343322754
IVR,2024-02-21,8.630000114440918
IVR,2024-02-22,8.619999885559082
IVR,2024-02-23,8.619999885559082
IVR,2024-02-26,8.720000267028809
IVR,2024-02-27,8.8100004196167
IVR,2024-02-28,8.699999809265137
IVR,2024-02-29,9.029999732971191
IVR,2024-03-01,9.039999961853027
IVR,2024-03-04,8.949999809265137
IVR,2024-03-05,8.979999542236328
IVR,2024-03-06,9.010000228881836
IVR,2024-03-07,9.100000381469727
IVR,2024-03-08,9.140000343322754
IVR,2024-03-11,9.229999542236328
IVR,2024-03-12,9.34000015258789
IVR,2024-03-13,9.329999923706055
IVR,2024-03-14,9.079999923706055
IVR,2024-03-15,9.180000305175781
IVR,2024-03-18,9.119999885559082
IVR,2024-03-19,9.220000267028809
IVR,2024-03-20,9.420000076293945
IVR,2024-03-21,9.510000228881836
IVR,2024-03-22,9.420000076293945
IVR,2024-03-25,9.460000038146973
IVR,2024-03-26,9.289999961853027
IVR,2024-03-27,9.539999961853027
IVR,2024-03-28,9.680000305175781
IVR,2024-04-01,9.630000114440918
IVR,2024-04-02,9.489999771118164
IVR,2024-04-03,9.479999542236328
IVR,2024-04-04,9.40999984741211
IVR,2024-04-05,8.850000381469727
IVR,2024-04-08,8.930000305175781
IVR,2024-04-09,9.010000228881836
IVR,2024-04-10,8.479999542236328
IVR,2024-04-11,8.529999732971191
IVR,2024-04-12,8.470000267028809
IVR,2024-04-15,8.25
IVR,2024-04-16,8.100000381469727
IVR,2024-04-17,8.130000114440918
IVR,2024-04-18,8.09000015258789
IVR,2024-04-19,8.25
IVR,2024-04-22,8.369999885559082
IVR,2024-04-23,8.579999923706055
IVR,2024-04-24,8.609999656677246
IVR,2024-04-25,8.430000305175781
IVR,2024-04-26,8.5600004196167
IVR,2024-04-29,8.65999984741211
IVR,2024-04-30,8.550000190734863
IVR,2024-05-01,8.789999961853027
IVR,2024-05-02,9.020000457763672
IVR,2024-05-03,9.109999656677246
IVR,2024-05-06,9.229999542236328
IVR,2024-05-07,9.119999885559082
IVR,2024-05-08,9.140000343322754
IVR,2024-05-09,9.25
IVR,2024-05-10,9.170000076293945
IVR,2024-05-13,9.25
IVR,2024-05-14,9.25
IVR,2024-05-15,9.34000015258789
IVR,2024-05-16,9.399999618530273
IVR,2024-05-17,9.40999984741211
IVR,2024-05-20,9.369999885559082
IVR,2024-05-21,9.3100004196167
IVR,2024-05-22,9.180000305175781
IVR,2024-05-23,8.869999885559082
IVR,2024-05-24,9.149999618530273
IVR,2024-05-28,9.239999771118164
IVR,2024-05-29,9.130000114440918
IVR,2024-05-30,9.25
IVR,2024-05-31,9.289999961853027
IVR,2024-06-03,9.359999656677246
IVR,2024-06-04,9.229999542236328
IVR,2024-06-05,9.329999923706055
IVR,2024-06-06,9.300000190734863
IVR,2024-06-07,9.15999984741211
IVR,2024-06-10,9.0600004196167
IVR,2024-06-11,9.010000228881836
IVR,2024-06-12,9.069999694824219
IVR,2024-06-13,9.130000114440918
IVR,2024-06-14,9.069999694824219
IVR,2024-06-17,9.369999885559082
IVR,2024-06-18,9.260000228881836
IVR,2024-06-20,9.239999771118164
IVR,2024-06-21,9.270000457763672
IVR,2024-06-24,9.3100004196167
IVR,2024-06-25,9.25
IVR,2024-06-26,9.270000457763672
IVR,2024-06-27,9.25
IVR,2024-06-28,9.369999885559082
IVR,2024-07-01,9.279999732971191
IVR,2024-07-02,9.390000343322754
IVR,2024-07-03,9.329999923706055
IVR,2024-07-05,8.8100004196167
IVR,2024-07-08,8.920000076293945
IVR,2024-07-09,8.930000305175781
IVR,2024-07-10,9.270000457763672
IVR,2024-07-11,9.470000267028809
IVR,2024-07-12,9.640000343322754
IVR,2024-07-15,9.619999885559082
IVR,2024-07-16,9.84000015258789
IVR,2024-07-17,9.869999885559082
IVR,2024-07-18,9.569999694824219
IVR,2024-07-19,9.329999923706055
IVR,2024-07-22,9.380000114440918
IVR,2024-07-23,9.1899995803833
IVR,2024-07-24,8.979999542236328
IVR,2024-07-25,9.0
IVR,2024-07-26,9.15999984741211
IVR,2024-07-29,9.140000343322754
IVR,2024-07-30,9.149999618530273
IVR,2024-07-31,9.079999923706055
IVR,2024-08-01,9.0
IVR,2024-08-02,8.880000114440918
IVR,2024-08-05,8.40999984741211
IVR,2024-08-06,8.59000015258789
IVR,2024-08-07,8.710000038146973
IVR,2024-08-08,8.760000228881836
IVR,2024-08-09,8.84000015258789
IVR,2024-08-12,8.710000038146973
IVR,2024-08-13,8.670000076293945
IVR,2024-08-14,8.720000267028809
IVR,2024-08-15,8.699999809265137
IVR,2024-08-16,8.65999984741211
IVR,2024-08-19,8.720000267028809
IVR,2024-08-20,8.670000076293945
IVR,2024-08-21,8.680000305175781
IVR,2024-08-22,8.539999961853027
IVR,2024-08-23,8.6899995803833
IVR,2024-08-26,8.710000038146973
IVR,2024-08-27,8.699999809265137
IVR,2024-08-28,8.75
IVR,2024-08-29,8.720000267028809
IVR,2024-08-30,8.770000457763672
IVR,2024-09-03,8.600000381469727
IVR,2024-09-04,8.529999732971191
IVR,2024-09-05,8.609999656677246
IVR,2024-09-06,8.720000267028809
IVR,2024-09-09,8.6899995803833
IVR,2024-09-10,8.770000457763672
IVR,2024-09-11,8.6899995803833
IVR,2024-09-12,8.760000228881836
IVR,2024-09-13,8.869999885559082
IVR,2024-09-16,9.100000381469727
IVR,2024-09-17,9.119999885559082
IVR,2024-09-18,9.140000343322754
IVR,2024-09-19,9.260000228881836
IVR,2024-09-20,9.180000305175781
IVR,2024-09-23,8.880000114440918
IVR,2024-09-24,9.010000228881836
IVR,2024-09-25,9.130000114440918
IVR,2024-09-26,9.199999809265137
IVR,2024-09-27,9.319999694824219
IVR,2024-09-30,9.390000343322754
IVR,2024-10-01,9.15999984741211
IVR,2024-10-02,9.15999984741211
IVR,2024-10-03,9.100000381469727
IVR,2024-10-04,9.050000190734863
IVR,2024-10-07,8.359999656677246
IVR,2024-10-08,8.470000267028809
IVR,2024-10-09,8.460000038146973
IVR,2024-10-10,8.520000457763672
IVR,2024-10-11,8.520000457763672
IVR,2024-10-14,8.619999885559082
IVR,2024-10-15,8.649999618530273
IVR,2024-10-16,8.8100004196167
IVR,2024-10-17,8.739999771118164
IVR,2024-10-18,8.789999961853027
IVR,2024-10-21,8.460000038146973
IVR,2024-10-22,8.40999984741211
IVR,2024-10-23,8.369999885559082
IVR,2024-10-24,8.579999923706055
IVR,2024-10-25,8.449999809265137
IVR,2024-10-28,8.3100004196167
IVR,2024-10-29,8.229999542236328
IVR,2024-10-30,8.3100004196167
IVR,2024-10-31,8.069999694824219
IVR,2024-11-01,8.0600004196167
IVR,2024-11-04,8.069999694824219
IVR,2024-11-05,8.140000343322754
IVR,2024-11-06,7.989999771118164
IVR,2024-11-07,8.25
IVR,2024-11-08,8.350000381469727
IVR,2024-11-11,8.350000381469727
IVR,2024-11-12,8.270000457763672
IVR,2024-11-13,8.220000267028809
IVR,2024-11-14,8.1899995803833
IVR,2024-11-15,8.199999809265137
IVR,2024-11-18,8.229999542236328
IVR,2024-11-19,8.15999984741211
IVR,2024-11-20,8.079999923706055
IVR,2024-11-21,8.109999656677246
IVR,2024-11-22,8.199999809265137
IVR,2024-11-25,8.319999694824219
IVR,2024-11-26,8.279999732971191
IVR,2024-11-27,8.350000381469727
IVR,2024-11-29,8.350000381469727
IVR,2024-12-02,8.390000343322754
IVR,2024-12-03,8.279999732971191
IVR,2024-12-04,8.329999923706055
IVR,2024-12-05,8.369999885559082
IVR,2024-12-06,8.520000457763672
IVR,2024-12-09,8.600000381469727
IVR,2024-12-10,8.600000381469727
IVR,2024-12-11,8.550000190734863
IVR,2024-12-12,8.520000457763672
IVR,2024-12-13,8.479999542236328
IVR,2024-12-16,8.59000015258789
IVR,2024-12-17,8.489999771118164
IVR,2024-12-18,8.180000305175781
IVR,2024-12-19,8.25
IVR,2024-12-20,8.369999885559082
IVR,2024-12-23,8.229999542236328
IVR,2024-12-24,8.319999694824219
IVR,2024-12-26,8.260000228881836
IVR,2024-12-27,8.229999542236328
IVR,2024-12-30,7.71999979019165
IVR,2024-12-31,8.050000190734863
IVR,2025-01-02,8.15999984741211
IVR,2025-01-03,8.260000228881836
IVR,2025-01-06,8.130000114440918
IVR,2025-01-07,8.09000015258789
IVR,2025-01-08,8.0600004196167
IVR,2025-01-10,7.699999809265137
IVR,2025-01-13,7.599999904632568
IVR,2025-01-14,7.730000019073486
IVR,2025-01-15,7.909999847412109
IVR,2025-01-16,8.079999923706055
IVR,2025-01-17,8.130000114440918
IVR,2025-01-21,8.170000076293945
IVR,2025-01-22,8.09000015258789
IVR,2025-01-23,8.09000015258789
IVR,2025-01-24,8.119999885559082
IVR,2025-01-27,8.199999809265137
IVR,2025-01-28,8.25
IVR,2025-01-29,8.149999618530273
IVR,2025-01-30,8.329999923706055
IVR,2025-01-31,8.460000038146973
IVR,2025-02-03,8.34000015258789
IVR,2025-02-04,8.520000457763672
IVR,2025-02-05,8.59000015258789
IVR,2025-02-06,8.680000305175781
IVR,2025-02-07,8.6899995803833
IVR,2025-02-10,8.619999885559082
IVR,2025-02-11,8.520000457763672
IVR,2025-02-12,8.390000343322754
IVR,2025-02-13,8.619999885559082
IVR,2025-02-14,8.819999694824219
IVR,2025-02-18,8.800000190734863
IVR,2025-02-19,8.899999618530273
IVR,2025-02-20,8.960000038146973
IVR,2025-02-21,8.880000114440918
IVR,2025-02-24,8.829999923706055
IVR,2025-02-25,8.779999732971191
IVR,2025-02-26,8.84000015258789
IVR,2025-02-27,8.819999694824219
IVR,2025-02-28,8.789999961853027
IVR,2025-03-03,8.600000381469727
IVR,2025-03-04,8.550000190734863
IVR,2025-03-05,8.609999656677246
IVR,2025-03-06,8.600000381469727
IVR,2025-03-07,8.720000267028809
IVR,2025-03-10,8.630000114440918
IVR,2025-03-11,8.4399995803833
IVR,2025-03-12,8.460000038146973
IVR,2025-03-13,8.489999771118164
IVR,2025-03-14,8.529999732971191
IVR,2025-03-17,8.640000343322754
IVR,2025-03-18,8.760000228881836
IVR,2025-03-19,8.779999732971191
IVR,2025-03-20,8.739999771118164
IVR,2025-03-21,8.680000305175781
IVR,2025-03-24,8.75
IVR,2025-03-25,8.619999885559082
IVR,2025-03-26,8.130000114440918
IVR,2025-03-27,8.170000076293945
IVR,2025-03-28,7.929999828338623
IVR,2025-03-31,7.889999866485596
IVR,2025-04-01,8.039999961853027
IVR,2025-04-02,8.010000228881836
IVR,2025-04-03,7.880000114440918
IVR,2025-04-04,7.28000020980835
IVR,2025-04-07,6.559999942779541
IVR,2025-04-08,6.5
IVR,2025-04-09,6.789999961853027
IVR,2025-04-10,6.329999923706055
IVR,2025-04-11,6.349999904632568
IVR,2025-04-14,6.460000038146973
IVR,2025-04-15,6.550000190734863
IVR,2025-04-16,6.449999809265137
IVR,2025-04-17,6.659999847412109
IVR,2025-04-21,6.550000190734863
IVR,2025-04-22,6.889999866485596
IVR,2025-04-23,6.909999847412109
IVR,2025-04-24,7.070000171661377
IVR,2025-04-25,7.269999980926514
IVR,2025-04-28,7.400000095367432
IVR,2025-04-29,7.46999979019165
IVR,2025-04-30,7.329999923706055
IVR,2025-05-01,7.360000133514404
IVR,2025-05-02,7.369999885559082
IVR,2025-05-05,7.329999923706055
IVR,2025-05-06,7.179999828338623
IVR,2025-05-07,7.349999904632568
IVR,2025-05-08,7.449999809265137
IVR,2025-05-09,7.539999961853027
IVR,2025-05-12,7.539999961853027
IVR,2025-05-13,7.630000114440918
IVR,2025-05-14,7.579999923706055
IVR,2025-05-15,7.670000076293945
IVR,2025-05-16,7.71999979019165
IVR,2025-05-19,7.690000057220459
IVR,2025-05-20,7.699999809265137
IVR,2025-05-21,7.360000133514404
IVR,2025-05-22,7.329999923706055
IVR,2025-05-23,7.349999904632568
IVR,2025-05-27,7.380000114440918
IVR,2025-05-28,7.449999809265137
IVR,2025-05-29,7.550000190734863
IVR,2025-05-30,7.380000114440918
IVR,2025-06-02,7.28000020980835
IVR,2025-06-03,7.480000019073486
IVR,2025-06-04,7.480000019073486
IVR,2025-06-05,7.53000020980835
IVR,2025-06-06,7.570000171661377
IVR,2025-06-09,7.659999847412109
IVR,2025-06-10,7.739999771118164
IVR,2025-06-11,7.71999979019165
IVR,2025-06-12,7.78000020980835
IVR,2025-06-13,7.690000057220459
IVR,2025-06-16,7.730000019073486
IVR,2025-06-17,7.539999961853027
IVR,2025-06-18,7.619999885559082
IVR,2025-06-20,7.610000133514404
IVR,2025-06-23,7.650000095367432
IVR,2025-06-24,7.730000019073486
IVR,2025-06-25,7.75
IVR,2025-06-26,7.849999904632568
IVR,2025-06-27,7.820000171661377
IVR,2025-06-30,7.840000152587891
IVR,2025-07-01,7.909999847412109
IVR,2025-07-02,8.039999961853027
IVR,2025-07-03,8.069999694824219
IVR,2025-07-07,7.590000152587891
IVR,2025-07-08,7.650000095367432
IVR,2025-07-09,7.760000228881836
IVR,2025-07-10,7.760000228881836
IVR,2025-07-11,7.659999847412109
IVR,2025-07-14,7.559999942779541
IVR,2025-07-15,7.489999771118164
IVR,2025-07-16,7.46999979019165
IVR,2025-07-17,7.409999847412109
IVR,2025-07-18,7.380000114440918
IVR,2025-07-21,7.230000019073486
IVR,2025-07-22,7.369999885559082
IVR,2025-07-23,7.610000133514404
IVR,2025-07-24,7.630000114440918
IVR,2025-07-25,7.699999809265137
IVR,2025-07-28,7.659999847412109
IVR,2025-07-29,7.679999828338623
IVR,2025-07-30,7.630000114440918
IVR,2025-07-31,7.550000190734863
IVR,2025-08-01,7.579999923706055
IVR,2025-08-04,7.710000038146973
IVR,2025-08-05,7.760000228881836
IVR,2025-08-06,7.559999942779541
IVR,2025-08-07,7.599999904632568
IVR,2025-08-08,7.610000133514404
IVR,2025-08-11,7.46999979019165
IVR,2025-08-12,7.659999847412109
IVR,2025-08-13,7.710000038146973
IVR,2025-08-14,7.699999809265137
IVR,2025-08-15,7.670000076293945
IVR,2025-08-18,7.590000152587891
IVR,2025-08-19,7.590000152587891
IVR,2025-08-20,7.670000076293945
IVR,2025-08-21,7.579999923706055
IVR,2025-08-22,7.800000190734863
IVR,2025-08-25,7.75
IVR,2025-08-26,7.78000020980835
IVR,2025-08-27,7.760000228881836
IVR,2025-08-28,7.760000228881836
IVR,2025-08-29,7.820000171661377
IVR,2025-09-02,7.760000228881836
IVR,2025-09-03,7.920000076293945
IVR,2025-09-04,7.980000019073486
IVR,2025-09-05,7.980000019073486
IVR,2025-09-08,7.889999866485596
IVR,2025-09-09,7.849999904632568
IVR,2025-09-10,7.769999980926514
IVR,2025-09-11,7.630000114440918
IVR,2025-09-12,7.570000171661377
IVR,2025-09-15,7.550000190734863
IVR,2025-09-16,7.539999961853027
IVR,2025-09-17,7.599999904632568
IVR,2025-09-18,7.429999828338623
IVR,2025-09-19,7.340000152587891
IVR,2025-09-22,7.25
IVR,2025-09-23,7.309999942779541
IVR,2025-09-24,7.269999980926514
IVR,2025-09-25,7.369999885559082
IVR,2025-09-26,7.460000038146973
IVR,2025-09-29,7.409999847412109
IVR,2025-09-30,7.559999942779541
IVR,2025-10-01,7.78000020980835
IVR,2025-10-02,7.820000171661377
IVR,2025-10-03,7.760000228881836
IVR,2025-10-06,7.489999771118164
IVR,2025-10-07,7.53000020980835
IVR,2025-10-08,7.550000190734863
IVR,2025-10-09,7.5
IVR,2025-10-10,7.309999942779541
IVR,2025-10-13,7.349999904632568
IVR,2025-10-14,7.25
IVR,2025-10-15,7.260000228881836
IVR,2025-10-16,7.199999809265137
IVR,2025-10-17,7.21999979019165
IVR,2025-10-20,7.380000114440918
IVR,2025-10-21,7.28000020980835
IVR,2025-10-22,7.369999885559082
IVR,2025-10-23,7.369999885559082
IVR,2025-10-24,7.400000095367432
IVR,2025-10-27,7.46999979019165
IVR,2025-10-28,7.369999885559082
IVR,2025-10-29,7.300000190734863
IVR,2025-10-30,7.170000076293945
IVR,2025-10-31,7.53000020980835
IVR,2025-11-03,7.539999961853027
IVR,2025-11-04,7.690000057220459
IVR,2025-11-05,7.71999979019165
IVR,2025-11-06,7.710000038146973
IVR,2025-11-07,7.769999980926514
IVR,2025-11-10,7.71999979019165
IVR,2025-11-11,7.860000133514404
IVR,2025-11-12,7.800000190734863
IVR,2025-11-13,7.670000076293945
IVR,2025-11-14,7.610000133514404
IVR,2025-11-17,7.599999904632568
IVR,2025-11-18,7.639999866485596
IVR,2025-11-19,7.610000133514404
IVR,2025-11-20,7.599999904632568
IVR,2025-11-21,7.78000020980835
IVR,2025-11-24,7.789999961853027
IVR,2025-11-25,7.960000038146973
IVR,2025-11-26,8.130000114440918
IVR,2025-11-28,8.199999809265137
IVR,2025-12-01,8.1899995803833
IVR,2025-12-02,8.140000343322754
IVR,2025-12-03,8.1899995803833
IVR,2025-12-04,8.229999542236328
IVR,2025-12-05,8.399999618530273
IVR,2025-12-08,8.239999771118164
IVR,2025-12-09,8.170000076293945
IVR,2025-12-10,8.140000343322754
IVR,2025-12-11,8.069999694824219
IVR,2025-12-12,8.079999923706055
IVR,2025-12-15,8.170000076293945
IVR,2025-12-16,8.15999984741211
IVR,2025-12-17,8.260000228881836
IVR,2025-12-18,8.40999984741211
IVR,2025-12-19,8.829999923706055
IVR,2025-12-22,8.880000114440918
IVR,2025-12-23,8.619999885559082
IVR,2025-12-24,8.630000114440918
IVR,2025-12-26,8.619999885559082
IVR,2025-12-29,8.350000381469727
IVR,2025-12-30,8.34000015258789
IVR,2025-12-31,8.40999984741211
IVR,2026-01-02,8.479999542236328
IVR,2026-01-05,8.5
IVR,2026-01-06,8.510000228881836
IVR,2026-01-07,8.479999542236328
IVR,2026-01-08,8.40999984741211
IVR,2026-01-09,8.539999961853027
IVR,2026-01-12,8.84000015258789
IVR,2026-01-13,8.960000038146973
IVR,2026-01-14,9.09000015258789
IVR,2026-01-15,9.300000190734863
IVR,2026-01-16,9.40999984741211
IVR,2026-01-20,9.199999809265137
IVR,2026-01-21,9.039999961853027
IVR,2026-01-22,9.020000457763672
IVR,2026-01-23,8.989999771118164
IVR,2026-01-26,8.829999923706055
IVR,2026-01-27,9.020000457763672
IVR,2026-01-28,8.949999809265137
IVR,2026-01-29,8.899999618530273
IVR,2026-01-30,8.59000015258789
IVR,2026-02-02,8.890000343322754
IVR,2026-02-03,8.880000114440918
IVR,2026-02-04,8.890000343322754
IVR,2026-02-05,8.779999732971191
IVR,2026-02-06,8.819999694824219
IVR,2026-02-09,8.819999694824219
IVR,2026-02-10,8.8100004196167
IVR,2026-02-11,8.920000076293945
IVR,2026-02-12,8.989999771118164
IVR,2026-02-13,8.710000038146973
IVR,2026-02-17,8.6899995803833
IVR,2026-02-18,8.75
IVR,2026-02-19,8.609999656677246
IVR,2026-02-20,8.65999984741211
IVR,2026-02-23,8.520000457763672
IVR,2026-02-24,8.380000114440918
IVR,2026-02-25,8.390000343322754
IVR,2026-02-26,8.489999771118164
IVR,2026-02-27,8.430000305175781
IVR,2026-03-02,8.359999656677246
IVR,2026-03-03,8.359999656677246
IVR,2026-03-04,8.34000015258789
IVR,2026-03-05,8.300000190734863
IVR,2026-03-06,8.15999984741211
IVR,2026-03-09,8.180000305175781
IVR,2026-03-10,8.380000114440918
IVR,2026-03-11,8.3100004196167
IVR,2026-03-12,8.1899995803833
IVR,2026-03-13,8.079999923706055
IVR,2026-03-16,8.149999618530273
IVR,2026-03-17,8.260000228881836
IVR,2026-03-18,8.100000381469727
IVR,2026-03-19,8.079999923706055
IVR,2026-03-20,7.639999866485596
IVR,2026-03-23,7.829999923706055
IVR,2026-03-24,7.789999961853027
IVR,2026-03-25,8.050000190734863
IVR,2026-03-26,7.809999942779541
IVR,2026-03-27,7.710000038146973
IVR,2026-03-30,7.820000171661377
IVR,2026-03-31,8.079999923706055
IVR,2026-04-01,7.989999771118164
IVR,2026-04-02,8.100000381469727
IVR,2026-04-06,8.149999618530273
IVR,2026-04-07,8.029999732971191
IVR,2026-04-08,8.130000114440918
IVR,2026-04-09,8.369999885559082
IVR,2026-04-10,8.420000076293945
IVR,2026-04-13,8.390000343322754
IVR,2026-04-14,8.380000114440918
IVR,2026-04-15,8.399999618530273
IVR,2026-04-16,8.25
IVR,2026-04-17,8.359999656677246
IVR,2026-04-20,8.3100004196167
IVR,2026-04-21,8.270000457763672
IVR,2026-04-22,8.350000381469727
IVR,2026-04-23,8.239999771118164
IVR,2026-04-24,8.359999656677246
IVR,2026-04-27,8.289999961853027
IVR,2026-04-28,8.279999732971191
IVR,2026-04-29,8.09000015258789
IVR,2026-04-30,8.130000114440918
IVR,2026-05-01,8.329999923706055
IVR,2026-05-04,8.0600004196167
IVR,2026-05-05,8.029999732971191
IVR,2026-05-06,8.020000457763672
IVR,2026-05-07,8.029999732971191
IVR,2026-05-08,8.229999542236328
IVR,2026-05-11,8.1899995803833
IVR,2026-05-12,8.170000076293945
IVR,2026-05-13,8.180000305175781
IVR,2026-05-14,8.079999923706055
IVR,2026-05-15,7.980000019073486
IVR,2026-05-18,8.039999961853027
IVR,2026-05-19,7.909999847412109
IVR,2026-05-20,7.900000095367432
IVR,2026-05-21,7.909999847412109
IVR,2026-05-22,7.869999885559082
IVR,2026-05-26,7.920000076293945
IVR,2026-05-27,7.889999866485596
IVR,2026-05-28,7.869999885559082
IVR,2026-05-29,7.869999885559082
IVR,2026-06-01,7.869999885559082
IVR,2026-06-02,7.829999923706055
IVR,2026-06-03,7.800000190734863
IVR,2026-06-04,7.869999885559082
IVR,2026-06-05,7.809999942779541
IVR,2026-06-08,7.789999961853027
IVR,2026-06-09,7.960000038146973
IVR,2026-06-10,7.900000095367432
IVR,2026-06-11,8.0
IVR,2026-06-12,7.940000057220459
IVR,2026-06-15,8.0600004196167
IVR,2026-06-16,8.1899995803833
IVR,2026-06-17,8.050000190734863
IVR,2026-06-18,8.0
IVR,2026-06-22,7.909999847412109
IVR,2026-06-23,7.809999942779541
IVR,2026-06-24,7.820000171661377
IVR,2026-06-25,7.829999923706055
IVR,2026-06-26,7.920000076293945
IVR,2026-06-29,7.880000114440918
IVR,2026-06-30,7.900000095367432
IVR,2026-07-01,7.889999866485596
IVR,2026-07-02,7.849999904632568
IVR,2026-07-06,7.869999885559082
IVR,2026-07-07,7.840000152587891
IVR,2026-07-08,7.78000020980835
IVR,2026-07-09,7.96999979019165
IVR,2026-07-10,7.940000057220459
IVR,2026-07-13,7.860000133514404
IVR,2026-07-14,8.100000381469727
IVR,2026-07-15,8.140000343322754
IVR,2026-07-16,8.1899995803833
IVR,2026-07-17,8.100000381469727
IVR,2026-07-20,7.900000095367432
IVR,2026-07-21,7.909999847412109
IVR,2026-07-22,7.849999904632568
IVR,2026-07-23,7.639999866485596
IVR,2026-07-24,7.579999923706055
IVR,2026-07-27,7.440000057220459
IVR,2026-07-28,7.510000228881836
IVR,2026-07-29,7.409999847412109
IVR,2026-07-30,7.409999847412109
IVR,2026-07-31,7.409999847412109
IVR,2026-08-03,7.389999866485596
IVR,2026-08-04,7.400000095367432
IVR,2026-08-05,7.429999828338623
IVR,2026-08-06,7.400000095367432
IVR,2026-08-07,7.480000019073486
IVR,2026-08-10,7.389999866485596
IVR,2026-08-11,7.449999809265137
IVR,2026-08-12,7.449999809265137
IVR,2026-08-13,7.480000019073486
IVR,2026-08-14,7.480000019073486
IVR,2026-08-17,7.519999980926514
IVR,2026-08-18,7.46999979019165
IVR,2026-08-19,7.579999923706055
MFA,2021-01-04,15.039999961853027
MFA,2021-01-05,14.760000228881836
MFA,2021-01-06,15.199999809265137
MFA,2021-01-07,15.279999732971191
MFA,2021-01-08,15.199999809265137
MFA,2021-01-11,15.039999961853027
MFA,2021-01-12,14.920000076293945
MFA,2021-01-13,14.800000190734863
MFA,2021-01-14,15.239999771118164
MFA,2021-01-15,15.0
MFA,2021-01-19,14.960000038146973
MFA,2021-01-20,15.119999885559082
MFA,2021-01-21,15.479999542236328
MFA,2021-01-22,15.479999542236328
MFA,2021-01-25,15.680000305175781
MFA,2021-01-26,15.800000190734863
MFA,2021-01-27,15.119999885559082
MFA,2021-01-28,15.199999809265137
MFA,2021-01-29,14.5600004196167
MFA,2021-02-01,15.079999923706055
MFA,2021-02-02,15.4399995803833
MFA,2021-02-03,15.239999771118164
MFA,2021-02-04,15.640000343322754
MFA,2021-02-05,15.880000114440918
MFA,2021-02-08,16.0
MFA,2021-02-09,15.760000228881836
MFA,2021-02-10,16.079999923706055
MFA,2021-02-11,15.84000015258789
MFA,2021-02-12,15.800000190734863
MFA,2021-02-16,16.079999923706055
MFA,2021-02-17,15.720000267028809
MFA,2021-02-18,15.4399995803833
MFA,2021-02-19,16.1200008392334
MFA,2021-02-22,16.719999313354492
MFA,2021-02-23,16.360000610351562
MFA,2021-02-24,16.719999313354492
MFA,2021-02-25,15.760000228881836
MFA,2021-02-26,16.079999923706055
MFA,2021-03-01,16.399999618530273
MFA,2021-03-02,16.360000610351562
MFA,2021-03-03,16.31999969482422
MFA,2021-03-04,16.0
MFA,2021-03-05,16.15999984741211
MFA,2021-03-08,16.360000610351562
MFA,2021-03-09,16.600000381469727
MFA,2021-03-10,16.920000076293945
MFA,2021-03-11,17.040000915527344
MFA,2021-03-12,17.1200008392334
MFA,2021-03-15,17.200000762939453
MFA,2021-03-16,17.040000915527344
MFA,2021-03-17,17.440000534057617
MFA,2021-03-18,16.520000457763672
MFA,2021-03-19,16.719999313354492
MFA,2021-03-22,16.68000030517578
MFA,2021-03-23,16.079999923706055
MFA,2021-03-24,15.960000038146973
MFA,2021-03-25,16.399999618530273
MFA,2021-03-26,16.600000381469727
MFA,2021-03-29,16.1200008392334
MFA,2021-03-30,16.479999542236328
MFA,2021-03-31,16.280000686645508
MFA,2021-04-01,16.8799991607666
MFA,2021-04-05,16.639999389648438
MFA,2021-04-06,16.559999465942383
MFA,2021-04-07,16.559999465942383
MFA,2021-04-08,16.68000030517578
MFA,2021-04-09,16.639999389648438
MFA,2021-04-12,16.68000030517578
MFA,2021-04-13,17.239999771118164
MFA,2021-04-14,16.920000076293945
MFA,2021-04-15,16.8799991607666
MFA,2021-04-16,17.200000762939453
MFA,2021-04-19,16.68000030517578
MFA,2021-04-20,16.68000030517578
MFA,2021-04-21,17.040000915527344
MFA,2021-04-22,16.920000076293945
MFA,2021-04-23,17.280000686645508
MFA,2021-04-26,17.200000762939453
MFA,2021-04-27,17.360000610351562
MFA,2021-04-28,17.559999465942383
MFA,2021-04-29,17.68000030517578
MFA,2021-04-30,17.600000381469727
MFA,2021-05-03,17.600000381469727
MFA,2021-05-04,17.31999969482422
MFA,2021-05-05,17.639999389648438
MFA,2021-05-06,17.559999465942383
MFA,2021-05-07,17.360000610351562
MFA,2021-05-10,17.1200008392334
MFA,2021-05-11,17.1200008392334
MFA,2021-05-12,16.440000534057617
MFA,2021-05-13,17.15999984741211
MFA,2021-05-14,17.520000457763672
MFA,2021-05-17,17.440000534057617
MFA,2021-05-18,17.600000381469727
MFA,2021-05-19,17.520000457763672
MFA,2021-05-20,17.719999313354492
MFA,2021-05-21,17.639999389648438
MFA,2021-05-24,17.68000030517578
MFA,2021-05-25,17.360000610351562
MFA,2021-05-26,17.639999389648438
MFA,2021-05-27,17.440000534057617
MFA,2021-05-28,17.479999542236328
MFA,2021-06-01,17.600000381469727
MFA,2021-06-02,17.479999542236328
MFA,2021-06-03,17.399999618530273
MFA,2021-06-04,17.719999313354492
MFA,2021-06-07,18.31999969482422
MFA,2021-06-08,18.799999237060547
MFA,2021-06-09,19.200000762939453
MFA,2021-06-10,18.84000015258789
MFA,2021-06-11,18.68000030517578
MFA,2021-06-14,18.479999542236328
MFA,2021-06-15,18.239999771118164
MFA,2021-06-16,19.079999923706055
MFA,2021-06-17,18.639999389648438
MFA,2021-06-18,18.31999969482422
MFA,2021-06-21,19.079999923706055
MFA,2021-06-22,19.079999923706055
MFA,2021-06-23,19.040000915527344
MFA,2021-06-24,19.479999542236328
MFA,2021-06-25,19.040000915527344
MFA,2021-06-28,18.959999084472656
MFA,2021-06-29,18.399999618530273
MFA,2021-06-30,18.360000610351562
MFA,2021-07-01,18.440000534057617
MFA,2021-07-02,18.360000610351562
MFA,2021-07-06,18.239999771118164
MFA,2021-07-07,18.079999923706055
MFA,2021-07-08,18.079999923706055
MFA,2021-07-09,18.920000076293945
MFA,2021-07-12,18.68000030517578
MFA,2021-07-13,18.15999984741211
MFA,2021-07-14,18.040000915527344
MFA,2021-07-15,18.280000686645508
MFA,2021-07-16,18.31999969482422
MFA,2021-07-19,17.920000076293945
MFA,2021-07-20,18.399999618530273
MFA,2021-07-21,18.760000228881836
MFA,2021-07-22,18.280000686645508
MFA,2021-07-23,18.239999771118164
MFA,2021-07-26,18.68000030517578
MFA,2021-07-27,18.600000381469727
MFA,2021-07-28,18.719999313354492
MFA,2021-07-29,18.920000076293945
MFA,2021-07-30,18.68000030517578
MFA,2021-08-02,18.440000534057617
MFA,2021-08-03,18.600000381469727
MFA,2021-08-04,18.1200008392334
MFA,2021-08-05,18.719999313354492
MFA,2021-08-06,18.559999465942383
MFA,2021-08-09,18.399999618530273
MFA,2021-08-10,18.600000381469727
MFA,2021-08-11,18.68000030517578
MFA,2021-08-12,18.600000381469727
MFA,2021-08-13,18.520000457763672
MFA,2021-08-16,18.440000534057617
MFA,2021-08-17,18.31999969482422
MFA,2021-08-18,18.1200008392334
MFA,2021-08-19,18.079999923706055
MFA,2021-08-20,18.360000610351562
MFA,2021-08-23,18.8799991607666
MFA,2021-08-24,19.15999984741211
MFA,2021-08-25,19.040000915527344
MFA,2021-08-26,18.8799991607666
MFA,2021-08-27,19.280000686645508
MFA,2021-08-30,19.040000915527344
MFA,2021-08-31,19.200000762939453
MFA,2021-09-01,19.31999969482422
MFA,2021-09-02,19.280000686645508
MFA,2021-09-03,19.040000915527344
MFA,2021-09-07,18.719999313354492
MFA,2021-09-08,18.559999465942383
MFA,2021-09-09,18.600000381469727
MFA,2021-09-10,18.31999969482422
MFA,2021-09-13,18.559999465942383
MFA,2021-09-14,18.31999969482422
MFA,2021-09-15,18.31999969482422
MFA,2021-09-16,18.399999618530273
MFA,2021-09-17,18.559999465942383
MFA,2021-09-20,18.399999618530273
MFA,2021-09-21,18.600000381469727
MFA,2021-09-22,18.84000015258789
MFA,2021-09-23,19.0
MFA,2021-09-24,18.8799991607666
MFA,2021-09-27,18.959999084472656
MFA,2021-09-28,18.719999313354492
MFA,2021-09-29,18.399999618530273
MFA,2021-09-30,18.280000686645508
MFA,2021-10-01,18.440000534057617
MFA,2021-10-04,18.440000534057617
MFA,2021-10-05,18.559999465942383
MFA,2021-10-06,18.479999542236328
MFA,2021-10-07,18.479999542236328
MFA,2021-10-08,18.399999618530273
MFA,2021-10-11,18.559999465942383
MFA,2021-10-12,18.600000381469727
MFA,2021-10-13,18.68000030517578
MFA,2021-10-14,18.639999389648438
MFA,2021-10-15,18.600000381469727
MFA,2021-10-18,18.600000381469727
MFA,2021-10-19,18.68000030517578
MFA,2021-10-20,18.760000228881836
MFA,2021-10-21,18.760000228881836
MFA,2021-10-22,18.600000381469727
MFA,2021-10-25,18.440000534057617
MFA,2021-10-26,18.200000762939453
MFA,2021-10-27,18.1200008392334
MFA,2021-10-28,18.15999984741211
MFA,2021-10-29,18.040000915527344
MFA,2021-11-01,18.280000686645508
MFA,2021-11-02,17.959999084472656
MFA,2021-11-03,17.920000076293945
MFA,2021-11-04,17.920000076293945
MFA,2021-11-05,18.600000381469727
MFA,2021-11-08,18.280000686645508
MFA,2021-11-09,18.280000686645508
MFA,2021-11-10,18.239999771118164
MFA,2021-11-11,18.200000762939453
MFA,2021-11-12,18.079999923706055
MFA,2021-11-15,17.920000076293945
MFA,2021-11-16,17.600000381469727
MFA,2021-11-17,17.639999389648438
MFA,2021-11-18,17.559999465942383
MFA,2021-11-19,17.639999389648438
MFA,2021-11-22,17.719999313354492
MFA,2021-11-23,18.040000915527344
MFA,2021-11-24,17.959999084472656
MFA,2021-11-26,17.639999389648438
MFA,2021-11-29,17.600000381469727
MFA,2021-11-30,17.15999984741211
MFA,2021-12-01,16.920000076293945
MFA,2021-12-02,17.84000015258789
MFA,2021-12-03,17.799999237060547
MFA,2021-12-06,18.200000762939453
MFA,2021-12-07,18.239999771118164
MFA,2021-12-08,18.84000015258789
MFA,2021-12-09,18.719999313354492
MFA,2021-12-10,18.360000610351562
MFA,2021-12-13,18.040000915527344
MFA,2021-12-14,17.84000015258789
MFA,2021-12-15,18.31999969482422
MFA,2021-12-16,18.15999984741211
MFA,2021-12-17,17.920000076293945
MFA,2021-12-20,17.639999389648438
MFA,2021-12-21,18.440000534057617
MFA,2021-12-22,18.559999465942383
MFA,2021-12-23,18.68000030517578
MFA,2021-12-27,18.68000030517578
MFA,2021-12-28,18.559999465942383
MFA,2021-12-29,18.600000381469727
MFA,2021-12-30,18.15999984741211
MFA,2021-12-31,18.239999771118164
MFA,2022-01-03,18.360000610351562
MFA,2022-01-04,18.479999542236328
MFA,2022-01-05,18.200000762939453
MFA,2022-01-06,18.280000686645508
MFA,2022-01-07,18.479999542236328
MFA,2022-01-10,18.559999465942383
MFA,2022-01-11,18.68000030517578
MFA,2022-01-12,18.719999313354492
MFA,2022-01-13,18.719999313354492
MFA,2022-01-14,18.479999542236328
MFA,2022-01-18,18.31999969482422
MFA,2022-01-19,18.1200008392334
MFA,2022-01-20,17.920000076293945
MFA,2022-01-21,17.600000381469727
MFA,2022-01-24,17.479999542236328
MFA,2022-01-25,17.8799991607666
MFA,2022-01-26,17.8799991607666
MFA,2022-01-27,17.799999237060547
MFA,2022-01-28,18.1200008392334
MFA,2022-01-31,18.520000457763672
MFA,2022-02-01,18.15999984741211
MFA,2022-02-02,18.079999923706055
MFA,2022-02-03,18.0
MFA,2022-02-04,17.8799991607666
MFA,2022-02-07,17.68000030517578
MFA,2022-02-08,18.079999923706055
MFA,2022-02-09,18.0
MFA,2022-02-10,17.520000457763672
MFA,2022-02-11,17.360000610351562
MFA,2022-02-14,17.31999969482422
MFA,2022-02-15,17.639999389648438
MFA,2022-02-16,17.719999313354492
MFA,2022-02-17,17.360000610351562
MFA,2022-02-18,17.600000381469727
MFA,2022-02-22,17.079999923706055
MFA,2022-02-23,16.239999771118164
MFA,2022-02-24,16.31999969482422
MFA,2022-02-25,16.280000686645508
MFA,2022-02-28,16.239999771118164
MFA,2022-03-01,15.760000228881836
MFA,2022-03-02,16.239999771118164
MFA,2022-03-03,16.239999771118164
MFA,2022-03-04,16.0
MFA,2022-03-07,15.600000381469727
MFA,2022-03-08,15.84000015258789
MFA,2022-03-09,16.239999771118164
MFA,2022-03-10,16.239999771118164
MFA,2022-03-11,16.600000381469727
MFA,2022-03-14,16.799999237060547
MFA,2022-03-15,16.8799991607666
MFA,2022-03-16,16.920000076293945
MFA,2022-03-17,16.84000015258789
MFA,2022-03-18,16.959999084472656
MFA,2022-03-21,16.399999618530273
MFA,2022-03-22,16.559999465942383
MFA,2022-03-23,16.239999771118164
MFA,2022-03-24,16.360000610351562
MFA,2022-03-25,16.280000686645508
MFA,2022-03-28,16.31999969482422
MFA,2022-03-29,16.520000457763672
MFA,2022-03-30,16.239999771118164
MFA,2022-03-31,16.1200008392334
MFA,2022-04-01,16.079999923706055
MFA,2022-04-04,15.720000267028809
MFA,2022-04-05,15.510000228881836
MFA,2022-04-06,15.229999542236328
MFA,2022-04-07,14.819999694824219
MFA,2022-04-08,15.109999656677246
MFA,2022-04-11,15.100000381469727
MFA,2022-04-12,14.890000343322754
MFA,2022-04-13,15.020000457763672
MFA,2022-04-14,14.989999771118164
MFA,2022-04-18,14.850000381469727
MFA,2022-04-19,14.180000305175781
MFA,2022-04-20,14.460000038146973
MFA,2022-04-21,14.079999923706055
MFA,2022-04-22,13.609999656677246
MFA,2022-04-25,13.649999618530273
MFA,2022-04-26,13.449999809265137
MFA,2022-04-27,14.029999732971191
MFA,2022-04-28,14.529999732971191
MFA,2022-04-29,14.25
MFA,2022-05-02,14.399999618530273
MFA,2022-05-03,14.899999618530273
MFA,2022-05-04,14.890000343322754
MFA,2022-05-05,14.720000267028809
MFA,2022-05-06,14.640000343322754
MFA,2022-05-09,13.59000015258789
MFA,2022-05-10,14.020000457763672
MFA,2022-05-11,13.9399995803833
MFA,2022-05-12,13.329999923706055
MFA,2022-05-13,13.420000076293945
MFA,2022-05-16,13.5
MFA,2022-05-17,13.720000267028809
MFA,2022-05-18,13.149999618530273
MFA,2022-05-19,13.229999542236328
MFA,2022-05-20,13.140000343322754
MFA,2022-05-23,13.270000457763672
MFA,2022-05-24,13.239999771118164
MFA,2022-05-25,13.229999542236328
MFA,2022-05-26,13.350000381469727
MFA,2022-05-27,13.430000305175781
MFA,2022-05-31,13.520000457763672
MFA,2022-06-01,13.899999618530273
MFA,2022-06-02,13.949999809265137
MFA,2022-06-03,13.819999694824219
MFA,2022-06-06,13.949999809265137
MFA,2022-06-07,14.0600004196167
MFA,2022-06-08,13.670000076293945
MFA,2022-06-09,13.619999885559082
MFA,2022-06-10,13.25
MFA,2022-06-13,11.5
MFA,2022-06-14,10.880000114440918
MFA,2022-06-15,10.930000305175781
MFA,2022-06-16,9.920000076293945
MFA,2022-06-17,10.529999732971191
MFA,2022-06-21,10.739999771118164
MFA,2022-06-22,10.800000190734863
MFA,2022-06-23,11.130000114440918
MFA,2022-06-24,11.619999885559082
MFA,2022-06-27,11.5600004196167
MFA,2022-06-28,11.449999809265137
MFA,2022-06-29,10.8100004196167
MFA,2022-06-30,10.75
MFA,2022-07-01,11.149999618530273
MFA,2022-07-05,11.40999984741211
MFA,2022-07-06,11.170000076293945
MFA,2022-07-07,11.25
MFA,2022-07-08,11.260000228881836
MFA,2022-07-11,11.09000015258789
MFA,2022-07-12,11.170000076293945
MFA,2022-07-13,11.40999984741211
MFA,2022-07-14,10.979999542236328
MFA,2022-07-15,11.210000038146973
MFA,2022-07-18,10.699999809265137
MFA,2022-07-19,11.329999923706055
MFA,2022-07-20,11.350000381469727
MFA,2022-07-21,11.5
MFA,2022-07-22,11.420000076293945
MFA,2022-07-25,11.479999542236328
MFA,2022-07-26,11.529999732971191
MFA,2022-07-27,12.1899995803833
MFA,2022-07-28,12.850000381469727
MFA,2022-07-29,12.960000038146973
MFA,2022-08-01,13.170000076293945
MFA,2022-08-02,12.65999984741211
MFA,2022-08-03,12.640000343322754
MFA,2022-08-04,12.029999732971191
MFA,2022-08-05,12.020000457763672
MFA,2022-08-08,12.069999694824219
MFA,2022-08-09,12.0
MFA,2022-08-10,12.09000015258789
MFA,2022-08-11,12.140000343322754
MFA,2022-08-12,12.130000114440918
MFA,2022-08-15,12.010000228881836
MFA,2022-08-16,12.079999923706055
MFA,2022-08-17,11.819999694824219
MFA,2022-08-18,11.859999656677246
MFA,2022-08-19,11.729999542236328
MFA,2022-08-22,11.369999885559082
MFA,2022-08-23,11.489999771118164
MFA,2022-08-24,11.479999542236328
MFA,2022-08-25,11.579999923706055
MFA,2022-08-26,11.369999885559082
MFA,2022-08-29,11.199999809265137
MFA,2022-08-30,10.949999809265137
MFA,2022-08-31,10.930000305175781
MFA,2022-09-01,10.529999732971191
MFA,2022-09-02,10.640000343322754
MFA,2022-09-06,10.520000457763672
MFA,2022-09-07,10.59000015258789
MFA,2022-09-08,10.5
MFA,2022-09-09,10.869999885559082
MFA,2022-09-12,10.9399995803833
MFA,2022-09-13,10.600000381469727
MFA,2022-09-14,10.920000076293945
MFA,2022-09-15,10.630000114440918
MFA,2022-09-16,11.0
MFA,2022-09-19,10.949999809265137
MFA,2022-09-20,10.640000343322754
MFA,2022-09-21,10.539999961853027
MFA,2022-09-22,10.1899995803833
MFA,2022-09-23,9.739999771118164
MFA,2022-09-26,9.100000381469727
MFA,2022-09-27,8.859999656677246
MFA,2022-09-28,9.039999961853027
MFA,2022-09-29,8.15999984741211
MFA,2022-09-30,7.78000020980835
MFA,2022-10-03,7.769999980926514
MFA,2022-10-04,8.539999961853027
MFA,2022-10-05,7.980000019073486
MFA,2022-10-06,7.710000038146973
MFA,2022-10-07,7.460000038146973
MFA,2022-10-10,7.25
MFA,2022-10-11,8.210000038146973
MFA,2022-10-12,8.15999984741211
MFA,2022-10-13,8.479999542236328
MFA,2022-10-14,8.390000343322754
MFA,2022-10-17,8.550000190734863
MFA,2022-10-18,9.300000190734863
MFA,2022-10-19,8.989999771118164
MFA,2022-10-20,8.930000305175781
MFA,2022-10-21,9.0600004196167
MFA,2022-10-24,9.09000015258789
MFA,2022-10-25,9.640000343322754
MFA,2022-10-26,9.539999961853027
MFA,2022-10-27,9.579999923706055
MFA,2022-10-28,10.020000457763672
MFA,2022-10-31,9.960000038146973
MFA,2022-11-01,9.979999542236328
MFA,2022-11-02,9.720000267028809
MFA,2022-11-03,9.520000457763672
MFA,2022-11-04,10.180000305175781
MFA,2022-11-07,10.180000305175781
MFA,2022-11-08,10.210000038146973
MFA,2022-11-09,10.130000114440918
MFA,2022-11-10,10.989999771118164
MFA,2022-11-11,11.1899995803833
MFA,2022-11-14,10.90999984741211
MFA,2022-11-15,11.229999542236328
MFA,2022-11-16,11.0600004196167
MFA,2022-11-17,10.65999984741211
MFA,2022-11-18,10.789999961853027
MFA,2022-11-21,10.800000190734863
MFA,2022-11-22,10.979999542236328
MFA,2022-11-23,10.979999542236328
MFA,2022-11-25,11.109999656677246
MFA,2022-11-28,10.84000015258789
MFA,2022-11-29,10.880000114440918
MFA,2022-11-30,11.180000305175781
MFA,2022-12-01,11.1899995803833
MFA,2022-12-02,11.140000343322754
MFA,2022-12-05,10.850000381469727
MFA,2022-12-06,10.859999656677246
MFA,2022-12-07,11.15999984741211
MFA,2022-12-08,11.449999809265137
MFA,2022-12-09,11.300000190734863
MFA,2022-12-12,11.300000190734863
MFA,2022-12-13,11.40999984741211
MFA,2022-12-14,11.479999542236328
MFA,2022-12-15,11.039999961853027
MFA,2022-12-16,10.859999656677246
MFA,2022-12-19,10.739999771118164
MFA,2022-12-20,10.470000267028809
MFA,2022-12-21,10.699999809265137
MFA,2022-12-22,10.529999732971191
MFA,2022-12-23,10.539999961853027
MFA,2022-12-27,10.4399995803833
MFA,2022-12-28,10.029999732971191
MFA,2022-12-29,9.949999809265137
MFA,2022-12-30,9.850000381469727
MFA,2023-01-03,10.15999984741211
MFA,2023-01-04,10.460000038146973
MFA,2023-01-05,10.489999771118164
MFA,2023-01-06,10.420000076293945
MFA,2023-01-09,10.25
MFA,2023-01-10,10.449999809265137
MFA,2023-01-11,10.699999809265137
MFA,2023-01-12,10.9399995803833
MFA,2023-01-13,11.170000076293945
MFA,2023-01-17,11.109999656677246
MFA,2023-01-18,11.289999961853027
MFA,2023-01-19,11.239999771118164
MFA,2023-01-20,11.40999984741211
MFA,2023-01-23,11.40999984741211
MFA,2023-01-24,11.350000381469727
MFA,2023-01-25,11.300000190734863
MFA,2023-01-26,11.520000457763672
MFA,2023-01-27,11.619999885559082
MFA,2023-01-30,11.479999542236328
MFA,2023-01-31,11.890000343322754
MFA,2023-02-01,12.15999984741211
MFA,2023-02-02,12.239999771118164
MFA,2023-02-03,12.050000190734863
MFA,2023-02-06,11.579999923706055
MFA,2023-02-07,11.770000457763672
MFA,2023-02-08,11.640000343322754
MFA,2023-02-09,11.170000076293945
MFA,2023-02-10,11.130000114440918
MFA,2023-02-13,11.199999809265137
MFA,2023-02-14,11.069999694824219
MFA,2023-02-15,11.149999618530273
MFA,2023-02-16,11.09000015258789
MFA,2023-02-17,11.0
MFA,2023-02-21,10.5
MFA,2023-02-22,10.649999618530273
MFA,2023-02-23,10.930000305175781
MFA,2023-02-24,10.829999923706055
MFA,2023-02-27,10.75
MFA,2023-02-28,10.710000038146973
MFA,2023-03-01,10.449999809265137
MFA,2023-03-02,10.4399995803833
MFA,2023-03-03,10.609999656677246
MFA,2023-03-06,10.649999618530273
MFA,2023-03-07,10.40999984741211
MFA,2023-03-08,10.470000267028809
MFA,2023-03-09,10.020000457763672
MFA,2023-03-10,9.510000228881836
MFA,2023-03-13,9.390000343322754
MFA,2023-03-14,9.539999961853027
MFA,2023-03-15,9.380000114440918
MFA,2023-03-16,9.380000114440918
MFA,2023-03-17,9.0
MFA,2023-03-20,9.149999618530273
MFA,2023-03-21,9.289999961853027
MFA,2023-03-22,8.949999809265137
MFA,2023-03-23,8.770000457763672
MFA,2023-03-24,9.130000114440918
MFA,2023-03-27,9.6899995803833
MFA,2023-03-28,9.850000381469727
MFA,2023-03-29,10.039999961853027
MFA,2023-03-30,9.649999618530273
MFA,2023-03-31,9.920000076293945
MFA,2023-04-03,9.850000381469727
MFA,2023-04-04,9.989999771118164
MFA,2023-04-05,10.289999961853027
MFA,2023-04-06,10.329999923706055
MFA,2023-04-10,10.079999923706055
MFA,2023-04-11,10.09000015258789
MFA,2023-04-12,10.100000381469727
MFA,2023-04-13,10.09000015258789
MFA,2023-04-14,9.930000305175781
MFA,2023-04-17,10.229999542236328
MFA,2023-04-18,9.979999542236328
MFA,2023-04-19,10.09000015258789
MFA,2023-04-20,10.319999694824219
MFA,2023-04-21,10.479999542236328
MFA,2023-04-24,10.319999694824219
MFA,2023-04-25,10.130000114440918
MFA,2023-04-26,10.109999656677246
MFA,2023-04-27,10.470000267028809
MFA,2023-04-28,10.6899995803833
MFA,2023-05-01,10.430000305175781
MFA,2023-05-02,10.079999923706055
MFA,2023-05-03,10.1899995803833
MFA,2023-05-04,10.3100004196167
MFA,2023-05-05,10.300000190734863
MFA,2023-05-08,10.4399995803833
MFA,2023-05-09,10.300000190734863
MFA,2023-05-10,10.319999694824219
MFA,2023-05-11,10.319999694824219
MFA,2023-05-12,10.180000305175781
MFA,2023-05-15,10.119999885559082
MFA,2023-05-16,10.239999771118164
MFA,2023-05-17,10.529999732971191
MFA,2023-05-18,10.789999961853027
MFA,2023-05-19,10.770000457763672
MFA,2023-05-22,10.84000015258789
MFA,2023-05-23,10.90999984741211
MFA,2023-05-24,10.59000015258789
MFA,2023-05-25,10.270000457763672
MFA,2023-05-26,10.569999694824219
MFA,2023-05-30,10.520000457763672
MFA,2023-05-31,10.579999923706055
MFA,2023-06-01,10.8100004196167
MFA,2023-06-02,11.140000343322754
MFA,2023-06-05,10.880000114440918
MFA,2023-06-06,11.130000114440918
MFA,2023-06-07,11.229999542236328
MFA,2023-06-08,11.359999656677246
MFA,2023-06-09,11.25
MFA,2023-06-12,11.430000305175781
MFA,2023-06-13,11.489999771118164
MFA,2023-06-14,11.489999771118164
MFA,2023-06-15,11.630000114440918
MFA,2023-06-16,11.520000457763672
MFA,2023-06-20,11.3100004196167
MFA,2023-06-21,11.380000114440918
MFA,2023-06-22,11.1899995803833
MFA,2023-06-23,10.920000076293945
MFA,2023-06-26,11.170000076293945
MFA,2023-06-27,11.470000267028809
MFA,2023-06-28,11.390000343322754
MFA,2023-06-29,11.130000114440918
MFA,2023-06-30,11.239999771118164
MFA,2023-07-03,11.170000076293945
MFA,2023-07-05,10.970000267028809
MFA,2023-07-06,10.630000114440918
MFA,2023-07-07,10.75
MFA,2023-07-10,10.989999771118164
MFA,2023-07-11,11.09000015258789
MFA,2023-07-12,11.239999771118164
MFA,2023-07-13,11.529999732971191
MFA,2023-07-14,11.390000343322754
MFA,2023-07-17,11.3100004196167
MFA,2023-07-18,11.420000076293945
MFA,2023-07-19,11.640000343322754
MFA,2023-07-20,11.479999542236328
MFA,2023-07-21,11.539999961853027
MFA,2023-07-24,11.5600004196167
MFA,2023-07-25,11.539999961853027
MFA,2023-07-26,11.640000343322754
MFA,2023-07-27,11.479999542236328
MFA,2023-07-28,11.600000381469727
MFA,2023-07-31,11.260000228881836
MFA,2023-08-01,11.25
MFA,2023-08-02,11.239999771118164
MFA,2023-08-03,10.489999771118164
MFA,2023-08-04,10.789999961853027
MFA,2023-08-07,10.829999923706055
MFA,2023-08-08,10.899999618530273
MFA,2023-08-09,10.859999656677246
MFA,2023-08-10,10.680000305175781
MFA,2023-08-11,10.630000114440918
MFA,2023-08-14,10.539999961853027
MFA,2023-08-15,10.460000038146973
MFA,2023-08-16,10.350000381469727
MFA,2023-08-17,10.199999809265137
MFA,2023-08-18,10.270000457763672
MFA,2023-08-21,10.229999542236328
MFA,2023-08-22,10.180000305175781
MFA,2023-08-23,10.539999961853027
MFA,2023-08-24,10.460000038146973
MFA,2023-08-25,10.579999923706055
MFA,2023-08-28,10.859999656677246
MFA,2023-08-29,10.970000267028809
MFA,2023-08-30,11.0
MFA,2023-08-31,10.960000038146973
MFA,2023-09-01,10.9399995803833
MFA,2023-09-05,10.890000343322754
MFA,2023-09-06,10.770000457763672
MFA,2023-09-07,10.819999694824219
MFA,2023-09-08,10.819999694824219
MFA,2023-09-11,10.859999656677246
MFA,2023-09-12,10.699999809265137
MFA,2023-09-13,10.859999656677246
MFA,2023-09-14,10.859999656677246
MFA,2023-09-15,10.899999618530273
MFA,2023-09-18,10.850000381469727
MFA,2023-09-19,10.670000076293945
MFA,2023-09-20,10.5600004196167
MFA,2023-09-21,10.0600004196167
MFA,2023-09-22,10.199999809265137
MFA,2023-09-25,10.069999694824219
MFA,2023-09-26,9.869999885559082
MFA,2023-09-27,9.829999923706055
MFA,2023-09-28,9.9399995803833
MFA,2023-09-29,9.609999656677246
MFA,2023-10-02,9.3100004196167
MFA,2023-10-03,8.779999732971191
MFA,2023-10-04,8.5600004196167
MFA,2023-10-05,8.760000228881836
MFA,2023-10-06,8.739999771118164
MFA,2023-10-09,8.960000038146973
MFA,2023-10-10,9.039999961853027
MFA,2023-10-11,9.579999923706055
MFA,2023-10-12,9.399999618530273
MFA,2023-10-13,9.170000076293945
MFA,2023-10-16,9.199999809265137
MFA,2023-10-17,9.300000190734863
MFA,2023-10-18,9.020000457763672
MFA,2023-10-19,8.729999542236328
MFA,2023-10-20,8.609999656677246
MFA,2023-10-23,8.65999984741211
MFA,2023-10-24,8.6899995803833
MFA,2023-10-25,8.460000038146973
MFA,2023-10-26,8.649999618530273
MFA,2023-10-27,8.699999809265137
MFA,2023-10-30,8.829999923706055
MFA,2023-10-31,8.890000343322754
MFA,2023-11-01,9.300000190734863
MFA,2023-11-02,9.75
MFA,2023-11-03,9.890000343322754
MFA,2023-11-06,9.8100004196167
MFA,2023-11-07,9.760000228881836
MFA,2023-11-08,9.779999732971191
MFA,2023-11-09,9.5600004196167
MFA,2023-11-10,9.75
MFA,2023-11-13,9.699999809265137
MFA,2023-11-14,10.220000267028809
MFA,2023-11-15,10.390000343322754
MFA,2023-11-16,10.40999984741211
MFA,2023-11-17,10.40999984741211
MFA,2023-11-20,10.550000190734863
MFA,2023-11-21,10.489999771118164
MFA,2023-11-22,10.5
MFA,2023-11-24,10.430000305175781
MFA,2023-11-27,10.420000076293945
MFA,2023-11-28,10.569999694824219
MFA,2023-11-29,10.960000038146973
MFA,2023-11-30,10.800000190734863
MFA,2023-12-01,11.069999694824219
MFA,2023-12-04,11.029999732971191
MFA,2023-12-05,10.960000038146973
MFA,2023-12-06,10.789999961853027
MFA,2023-12-07,10.979999542236328
MFA,2023-12-08,10.970000267028809
MFA,2023-12-11,10.960000038146973
MFA,2023-12-12,11.020000457763672
MFA,2023-12-13,11.489999771118164
MFA,2023-12-14,11.789999961853027
MFA,2023-12-15,11.649999618530273
MFA,2023-12-18,11.510000228881836
MFA,2023-12-19,11.720000267028809
MFA,2023-12-20,11.5600004196167
MFA,2023-12-21,11.779999732971191
MFA,2023-12-22,11.729999542236328
MFA,2023-12-26,11.829999923706055
MFA,2023-12-27,11.770000457763672
MFA,2023-12-28,11.449999809265137
MFA,2023-12-29,11.270000457763672
MFA,2024-01-02,11.25
MFA,2024-01-03,11.039999961853027
MFA,2024-01-04,11.020000457763672
MFA,2024-01-05,11.130000114440918
MFA,2024-01-08,11.470000267028809
MFA,2024-01-09,11.420000076293945
MFA,2024-01-10,11.520000457763672
MFA,2024-01-11,11.460000038146973
MFA,2024-01-12,11.5600004196167
MFA,2024-01-16,11.479999542236328
MFA,2024-01-17,11.40999984741211
MFA,2024-01-18,11.380000114440918
MFA,2024-01-19,11.479999542236328
MFA,2024-01-22,11.470000267028809
MFA,2024-01-23,11.510000228881836
MFA,2024-01-24,11.300000190734863
MFA,2024-01-25,11.40999984741211
MFA,2024-01-26,11.539999961853027
MFA,2024-01-29,11.600000381469727
MFA,2024-01-30,11.420000076293945
MFA,2024-01-31,11.069999694824219
MFA,2024-02-01,11.300000190734863
MFA,2024-02-02,11.100000381469727
MFA,2024-02-05,10.989999771118164
MFA,2024-02-06,11.029999732971191
MFA,2024-02-07,10.670000076293945
MFA,2024-02-08,10.729999542236328
MFA,2024-02-09,10.789999961853027
MFA,2024-02-12,10.930000305175781
MFA,2024-02-13,10.529999732971191
MFA,2024-02-14,10.6899995803833
MFA,2024-02-15,10.960000038146973
MFA,2024-02-16,10.869999885559082
MFA,2024-02-20,10.729999542236328
MFA,2024-02-21,10.829999923706055
MFA,2024-02-22,11.170000076293945
MFA,2024-02-23,11.130000114440918
MFA,2024-02-26,10.880000114440918
MFA,2024-02-27,10.84000015258789
MFA,2024-02-28,10.75
MFA,2024-02-29,11.220000267028809
MFA,2024-03-01,11.229999542236328
MFA,2024-03-04,11.039999961853027
MFA,2024-03-05,11.079999923706055
MFA,2024-03-06,11.109999656677246
MFA,2024-03-07,11.199999809265137
MFA,2024-03-08,11.180000305175781
MFA,2024-03-11,11.220000267028809
MFA,2024-03-12,11.399999618530273
MFA,2024-03-13,11.4399995803833
MFA,2024-03-14,11.1899995803833
MFA,2024-03-15,11.359999656677246
MFA,2024-03-18,11.289999961853027
MFA,2024-03-19,11.350000381469727
MFA,2024-03-20,11.5
MFA,2024-03-21,11.630000114440918
MFA,2024-03-22,11.520000457763672
MFA,2024-03-25,11.579999923706055
MFA,2024-03-26,11.359999656677246
MFA,2024-03-27,11.25
MFA,2024-03-28,11.40999984741211
MFA,2024-04-01,11.239999771118164
MFA,2024-04-02,11.069999694824219
MFA,2024-04-03,11.079999923706055
MFA,2024-04-04,11.039999961853027
MFA,2024-04-05,11.020000457763672
MFA,2024-04-08,11.100000381469727
MFA,2024-04-09,11.239999771118164
MFA,2024-04-10,10.6899995803833
MFA,2024-04-11,10.84000015258789
MFA,2024-04-12,10.720000267028809
MFA,2024-04-15,10.5
MFA,2024-04-16,10.229999542236328
MFA,2024-04-17,10.25
MFA,2024-04-18,10.279999732971191
MFA,2024-04-19,10.430000305175781
MFA,2024-04-22,10.510000228881836
MFA,2024-04-23,10.760000228881836
MFA,2024-04-24,10.6899995803833
MFA,2024-04-25,10.539999961853027
MFA,2024-04-26,10.729999542236328
MFA,2024-04-29,10.760000228881836
MFA,2024-04-30,10.59000015258789
MFA,2024-05-01,10.789999961853027
MFA,2024-05-02,10.90999984741211
MFA,2024-05-03,10.949999809265137
MFA,2024-05-06,10.84000015258789
MFA,2024-05-07,10.649999618530273
MFA,2024-05-08,10.710000038146973
MFA,2024-05-09,10.800000190734863
MFA,2024-05-10,10.84000015258789
MFA,2024-05-13,10.770000457763672
MFA,2024-05-14,10.829999923706055
MFA,2024-05-15,10.979999542236328
MFA,2024-05-16,11.0
MFA,2024-05-17,11.020000457763672
MFA,2024-05-20,10.850000381469727
MFA,2024-05-21,10.84000015258789
MFA,2024-05-22,10.84000015258789
MFA,2024-05-23,10.569999694824219
MFA,2024-05-24,10.6899995803833
MFA,2024-05-28,10.5600004196167
MFA,2024-05-29,10.390000343322754
MFA,2024-05-30,10.539999961853027
MFA,2024-05-31,10.699999809265137
MFA,2024-06-03,10.720000267028809
MFA,2024-06-04,10.640000343322754
MFA,2024-06-05,10.760000228881836
MFA,2024-06-06,10.609999656677246
MFA,2024-06-07,10.479999542236328
MFA,2024-06-10,10.479999542236328
MFA,2024-06-11,10.329999923706055
MFA,2024-06-12,10.699999809265137
MFA,2024-06-13,10.8100004196167
MFA,2024-06-14,10.859999656677246
MFA,2024-06-17,11.0
MFA,2024-06-18,10.949999809265137
MFA,2024-06-20,10.949999809265137
MFA,2024-06-21,10.970000267028809
MFA,2024-06-24,10.9399995803833
MFA,2024-06-25,10.9399995803833
MFA,2024-06-26,10.899999618530273
MFA,2024-06-27,10.869999885559082
MFA,2024-06-28,10.640000343322754
MFA,2024-07-01,10.479999542236328
MFA,2024-07-02,10.600000381469727
MFA,2024-07-03,10.539999961853027
MFA,2024-07-05,10.5600004196167
MFA,2024-07-08,10.59000015258789
MFA,2024-07-09,10.640000343322754
MFA,2024-07-10,10.869999885559082
MFA,2024-07-11,11.239999771118164
MFA,2024-07-12,11.319999694824219
MFA,2024-07-15,11.449999809265137
MFA,2024-07-16,11.720000267028809
MFA,2024-07-17,11.65999984741211
MFA,2024-07-18,11.399999618530273
MFA,2024-07-19,11.390000343322754
MFA,2024-07-22,11.489999771118164
MFA,2024-07-23,11.489999771118164
MFA,2024-07-24,11.069999694824219
MFA,2024-07-25,10.960000038146973
MFA,2024-07-26,11.15999984741211
MFA,2024-07-29,11.069999694824219
MFA,2024-07-30,11.359999656677246
MFA,2024-07-31,11.1899995803833
MFA,2024-08-01,10.970000267028809
MFA,2024-08-02,10.819999694824219
MFA,2024-08-05,10.449999809265137
MFA,2024-08-06,10.720000267028809
MFA,2024-08-07,10.829999923706055
MFA,2024-08-08,11.470000267028809
MFA,2024-08-09,11.649999618530273
MFA,2024-08-12,11.40999984741211
MFA,2024-08-13,11.640000343322754
MFA,2024-08-14,11.680000305175781
MFA,2024-08-15,11.8100004196167
MFA,2024-08-16,11.869999885559082
MFA,2024-08-19,11.979999542236328
MFA,2024-08-20,11.779999732971191
MFA,2024-08-21,11.869999885559082
MFA,2024-08-22,11.859999656677246
MFA,2024-08-23,12.0600004196167
MFA,2024-08-26,12.100000381469727
MFA,2024-08-27,12.130000114440918
MFA,2024-08-28,12.329999923706055
MFA,2024-08-29,12.369999885559082
MFA,2024-08-30,12.520000457763672
MFA,2024-09-03,12.329999923706055
MFA,2024-09-04,12.270000457763672
MFA,2024-09-05,12.329999923706055
MFA,2024-09-06,12.260000228881836
MFA,2024-09-09,12.300000190734863
MFA,2024-09-10,12.449999809265137
MFA,2024-09-11,12.430000305175781
MFA,2024-09-12,12.6899995803833
MFA,2024-09-13,13.020000457763672
MFA,2024-09-16,13.140000343322754
MFA,2024-09-17,13.109999656677246
MFA,2024-09-18,13.149999618530273
MFA,2024-09-19,13.170000076293945
MFA,2024-09-20,13.010000228881836
MFA,2024-09-23,12.8100004196167
MFA,2024-09-24,12.970000267028809
MFA,2024-09-25,12.890000343322754
MFA,2024-09-26,12.770000457763672
MFA,2024-09-27,12.529999732971191
MFA,2024-09-30,12.720000267028809
MFA,2024-10-01,12.380000114440918
MFA,2024-10-02,12.210000038146973
MFA,2024-10-03,12.1899995803833
MFA,2024-10-04,12.220000267028809
MFA,2024-10-07,12.029999732971191
MFA,2024-10-08,12.229999542236328
MFA,2024-10-09,12.229999542236328
MFA,2024-10-10,12.25
MFA,2024-10-11,12.220000267028809
MFA,2024-10-14,12.40999984741211
MFA,2024-10-15,12.5600004196167
MFA,2024-10-16,12.720000267028809
MFA,2024-10-17,12.640000343322754
MFA,2024-10-18,12.630000114440918
MFA,2024-10-21,12.3100004196167
MFA,2024-10-22,12.199999809265137
MFA,2024-10-23,12.119999885559082
MFA,2024-10-24,12.279999732971191
MFA,2024-10-25,12.1899995803833
MFA,2024-10-28,12.289999961853027
MFA,2024-10-29,12.479999542236328
MFA,2024-10-30,12.579999923706055
MFA,2024-10-31,12.289999961853027
MFA,2024-11-01,12.180000305175781
MFA,2024-11-04,12.260000228881836
MFA,2024-11-05,12.319999694824219
MFA,2024-11-06,11.430000305175781
MFA,2024-11-07,11.550000190734863
MFA,2024-11-08,11.510000228881836
MFA,2024-11-11,11.569999694824219
MFA,2024-11-12,11.140000343322754
MFA,2024-11-13,11.069999694824219
MFA,2024-11-14,11.0
MFA,2024-11-15,11.029999732971191
MFA,2024-11-18,11.079999923706055
MFA,2024-11-19,11.029999732971191
MFA,2024-11-20,10.84000015258789
MFA,2024-11-21,10.930000305175781
MFA,2024-11-22,11.15999984741211
MFA,2024-11-25,11.199999809265137
MFA,2024-11-26,11.119999885559082
MFA,2024-11-27,11.149999618530273
MFA,2024-11-29,11.109999656677246
MFA,2024-12-02,11.09000015258789
MFA,2024-12-03,11.0
MFA,2024-12-04,10.960000038146973
MFA,2024-12-05,10.930000305175781
MFA,2024-12-06,10.989999771118164
MFA,2024-12-09,11.020000457763672
MFA,2024-12-10,10.899999618530273
MFA,2024-12-11,10.90999984741211
MFA,2024-12-12,10.800000190734863
MFA,2024-12-13,10.819999694824219
MFA,2024-12-16,10.880000114440918
MFA,2024-12-17,10.729999542236328
MFA,2024-12-18,10.289999961853027
MFA,2024-12-19,10.229999542236328
MFA,2024-12-20,10.390000343322754
MFA,2024-12-23,10.40999984741211
MFA,2024-12-24,10.609999656677246
MFA,2024-12-26,10.520000457763672
MFA,2024-12-27,10.430000305175781
MFA,2024-12-30,10.220000267028809
MFA,2024-12-31,10.1899995803833
MFA,2025-01-02,10.220000267028809
MFA,2025-01-03,10.34000015258789
MFA,2025-01-06,10.15999984741211
MFA,2025-01-07,10.050000190734863
MFA,2025-01-08,9.949999809265137
MFA,2025-01-10,9.550000190734863
MFA,2025-01-13,9.529999732971191
MFA,2025-01-14,9.859999656677246
MFA,2025-01-15,10.069999694824219
MFA,2025-01-16,10.079999923706055
MFA,2025-01-17,10.100000381469727
MFA,2025-01-21,10.1899995803833
MFA,2025-01-22,10.0600004196167
MFA,2025-01-23,10.109999656677246
MFA,2025-01-24,10.180000305175781
MFA,2025-01-27,10.40999984741211
MFA,2025-01-28,10.270000457763672
MFA,2025-01-29,10.119999885559082
MFA,2025-01-30,10.359999656677246
MFA,2025-01-31,10.5
MFA,2025-02-03,10.390000343322754
MFA,2025-02-04,10.550000190734863
MFA,2025-02-05,10.600000381469727
MFA,2025-02-06,10.729999542236328
MFA,2025-02-07,10.699999809265137
MFA,2025-02-10,10.739999771118164
MFA,2025-02-11,10.760000228881836
MFA,2025-02-12,10.550000190734863
MFA,2025-02-13,10.680000305175781
MFA,2025-02-14,10.649999618530273
MFA,2025-02-18,10.300000190734863
MFA,2025-02-19,10.319999694824219
MFA,2025-02-20,10.359999656677246
MFA,2025-02-21,10.300000190734863
MFA,2025-02-24,10.329999923706055
MFA,2025-02-25,10.5600004196167
MFA,2025-02-26,10.529999732971191
MFA,2025-02-27,10.579999923706055
MFA,2025-02-28,10.640000343322754
MFA,2025-03-03,10.430000305175781
MFA,2025-03-04,10.529999732971191
MFA,2025-03-05,10.630000114440918
MFA,2025-03-06,10.640000343322754
MFA,2025-03-07,10.920000076293945
MFA,2025-03-10,10.880000114440918
MFA,2025-03-11,10.670000076293945
MFA,2025-03-12,10.680000305175781
MFA,2025-03-13,10.630000114440918
MFA,2025-03-14,10.890000343322754
MFA,2025-03-17,10.90999984741211
MFA,2025-03-18,10.979999542236328
MFA,2025-03-19,10.960000038146973
MFA,2025-03-20,11.0
MFA,2025-03-21,10.869999885559082
MFA,2025-03-24,10.9399995803833
MFA,2025-03-25,10.829999923706055
MFA,2025-03-26,10.8100004196167
MFA,2025-03-27,10.739999771118164
MFA,2025-03-28,10.5600004196167
MFA,2025-03-31,10.260000228881836
MFA,2025-04-01,10.350000381469727
MFA,2025-04-02,10.289999961853027
MFA,2025-04-03,10.130000114440918
MFA,2025-04-04,9.579999923706055
MFA,2025-04-07,8.930000305175781
MFA,2025-04-08,8.5600004196167
MFA,2025-04-09,9.199999809265137
MFA,2025-04-10,8.180000305175781
MFA,2025-04-11,8.170000076293945
MFA,2025-04-14,8.619999885559082
MFA,2025-04-15,8.680000305175781
MFA,2025-04-16,8.630000114440918
MFA,2025-04-17,8.979999542236328
MFA,2025-04-21,8.869999885559082
MFA,2025-04-22,9.289999961853027
MFA,2025-04-23,9.289999961853027
MFA,2025-04-24,9.359999656677246
MFA,2025-04-25,9.5
MFA,2025-04-28,9.720000267028809
MFA,2025-04-29,9.90999984741211
MFA,2025-04-30,9.819999694824219
MFA,2025-05-01,9.760000228881836
MFA,2025-05-02,9.970000267028809
MFA,2025-05-05,9.90999984741211
MFA,2025-05-06,9.380000114440918
MFA,2025-05-07,9.390000343322754
MFA,2025-05-08,9.470000267028809
MFA,2025-05-09,9.470000267028809
MFA,2025-05-12,9.609999656677246
MFA,2025-05-13,9.600000381469727
MFA,2025-05-14,9.569999694824219
MFA,2025-05-15,9.829999923706055
MFA,2025-05-16,9.819999694824219
MFA,2025-05-19,9.8100004196167
MFA,2025-05-20,9.920000076293945
MFA,2025-05-21,9.350000381469727
MFA,2025-05-22,9.359999656677246
MFA,2025-05-23,9.34000015258789
MFA,2025-05-27,9.449999809265137
MFA,2025-05-28,9.40999984741211
MFA,2025-05-29,9.470000267028809
MFA,2025-05-30,9.300000190734863
MFA,2025-06-02,9.229999542236328
MFA,2025-06-03,9.359999656677246
MFA,2025-06-04,9.470000267028809
MFA,2025-06-05,9.479999542236328
MFA,2025-06-06,9.529999732971191
MFA,2025-06-09,9.550000190734863
MFA,2025-06-10,9.65999984741211
MFA,2025-06-11,9.640000343322754
MFA,2025-06-12,9.760000228881836
MFA,2025-06-13,9.630000114440918
MFA,2025-06-16,9.520000457763672
MFA,2025-06-17,9.399999618530273
MFA,2025-06-18,9.449999809265137
MFA,2025-06-20,9.489999771118164
MFA,2025-06-23,9.5600004196167
MFA,2025-06-24,9.550000190734863
MFA,2025-06-25,9.5
MFA,2025-06-26,9.65999984741211
MFA,2025-06-27,9.640000343322754
MFA,2025-06-30,9.460000038146973
MFA,2025-07-01,9.529999732971191
MFA,2025-07-02,9.710000038146973
MFA,2025-07-03,9.739999771118164
MFA,2025-07-07,9.529999732971191
MFA,2025-07-08,9.619999885559082
MFA,2025-07-09,9.670000076293945
MFA,2025-07-10,9.479999542236328
MFA,2025-07-11,9.359999656677246
MFA,2025-07-14,9.300000190734863
MFA,2025-07-15,9.229999542236328
MFA,2025-07-16,9.319999694824219
MFA,2025-07-17,9.270000457763672
MFA,2025-07-18,9.199999809265137
MFA,2025-07-21,9.270000457763672
MFA,2025-07-22,9.420000076293945
MFA,2025-07-23,9.470000267028809
MFA,2025-07-24,9.420000076293945
MFA,2025-07-25,9.479999542236328
MFA,2025-07-28,9.399999618530273
MFA,2025-07-29,9.489999771118164
MFA,2025-07-30,9.25
MFA,2025-07-31,9.09000015258789
MFA,2025-08-01,9.130000114440918
MFA,2025-08-04,9.1899995803833
MFA,2025-08-05,9.170000076293945
MFA,2025-08-06,9.1899995803833
MFA,2025-08-07,9.34000015258789
MFA,2025-08-08,9.3100004196167
MFA,2025-08-11,9.239999771118164
MFA,2025-08-12,9.550000190734863
MFA,2025-08-13,9.770000457763672
MFA,2025-08-14,9.720000267028809
MFA,2025-08-15,9.699999809265137
MFA,2025-08-18,9.59000015258789
MFA,2025-08-19,9.850000381469727
MFA,2025-08-20,9.859999656677246
MFA,2025-08-21,9.680000305175781
MFA,2025-08-22,10.09000015258789
MFA,2025-08-25,10.0600004196167
MFA,2025-08-26,10.079999923706055
MFA,2025-08-27,10.029999732971191
MFA,2025-08-28,10.069999694824219
MFA,2025-08-29,10.199999809265137
MFA,2025-09-02,9.989999771118164
MFA,2025-09-03,10.199999809265137
MFA,2025-09-04,10.380000114440918
MFA,2025-09-05,10.399999618530273
MFA,2025-09-08,10.34000015258789
MFA,2025-09-09,10.199999809265137
MFA,2025-09-10,10.1899995803833
MFA,2025-09-11,10.199999809265137
MFA,2025-09-12,10.109999656677246
MFA,2025-09-15,10.119999885559082
MFA,2025-09-16,9.989999771118164
MFA,2025-09-17,9.859999656677246
MFA,2025-09-18,9.729999542236328
MFA,2025-09-19,9.869999885559082
MFA,2025-09-22,9.609999656677246
MFA,2025-09-23,9.59000015258789
MFA,2025-09-24,9.649999618530273
MFA,2025-09-25,9.59000015258789
MFA,2025-09-26,9.600000381469727
MFA,2025-09-29,9.539999961853027
MFA,2025-09-30,9.1899995803833
MFA,2025-10-01,9.289999961853027
MFA,2025-10-02,9.210000038146973
MFA,2025-10-03,9.210000038146973
MFA,2025-10-06,8.960000038146973
MFA,2025-10-07,8.970000267028809
MFA,2025-10-08,9.170000076293945
MFA,2025-10-09,9.149999618530273
MFA,2025-10-10,9.109999656677246
MFA,2025-10-13,9.130000114440918
MFA,2025-10-14,9.229999542236328
MFA,2025-10-15,9.140000343322754
MFA,2025-10-16,9.029999732971191
MFA,2025-10-17,9.0600004196167
MFA,2025-10-20,9.180000305175781
MFA,2025-10-21,9.050000190734863
MFA,2025-10-22,9.229999542236328
MFA,2025-10-23,9.109999656677246
MFA,2025-10-24,9.119999885559082
MFA,2025-10-27,9.119999885559082
MFA,2025-10-28,9.079999923706055
MFA,2025-10-29,8.970000267028809
MFA,2025-10-30,8.920000076293945
MFA,2025-10-31,8.989999771118164
MFA,2025-11-03,9.039999961853027
MFA,2025-11-04,9.119999885559082
MFA,2025-11-05,9.260000228881836
MFA,2025-11-06,8.970000267028809
MFA,2025-11-07,9.210000038146973
MFA,2025-11-10,9.270000457763672
MFA,2025-11-11,9.369999885559082
MFA,2025-11-12,9.350000381469727
MFA,2025-11-13,9.260000228881836
MFA,2025-11-14,9.279999732971191
MFA,2025-11-17,9.100000381469727
MFA,2025-11-18,9.010000228881836
MFA,2025-11-19,9.0
MFA,2025-11-20,8.9399995803833
MFA,2025-11-21,9.15999984741211
MFA,2025-11-24,9.100000381469727
MFA,2025-11-25,9.529999732971191
MFA,2025-11-26,9.630000114440918
MFA,2025-11-28,9.619999885559082
MFA,2025-12-01,9.550000190734863
MFA,2025-12-02,9.489999771118164
MFA,2025-12-03,9.579999923706055
MFA,2025-12-04,9.520000457763672
MFA,2025-12-05,9.609999656677246
MFA,2025-12-08,9.510000228881836
MFA,2025-12-09,9.5
MFA,2025-12-10,9.630000114440918
MFA,2025-12-11,9.630000114440918
MFA,2025-12-12,9.600000381469727
MFA,2025-12-15,9.600000381469727
MFA,2025-12-16,9.489999771118164
MFA,2025-12-17,9.619999885559082
MFA,2025-12-18,9.789999961853027
MFA,2025-12-19,9.729999542236328
MFA,2025-12-22,9.8100004196167
MFA,2025-12-23,9.670000076293945
MFA,2025-12-24,9.779999732971191
MFA,2025-12-26,9.710000038146973
MFA,2025-12-29,9.640000343322754
MFA,2025-12-30,9.640000343322754
MFA,2025-12-31,9.3100004196167
MFA,2026-01-02,9.529999732971191
MFA,2026-01-05,9.479999542236328
MFA,2026-01-06,9.4399995803833
MFA,2026-01-07,9.420000076293945
MFA,2026-01-08,9.569999694824219
MFA,2026-01-09,9.6899995803833
MFA,2026-01-12,9.6899995803833
MFA,2026-01-13,9.680000305175781
MFA,2026-01-14,9.819999694824219
MFA,2026-01-15,9.90999984741211
MFA,2026-01-16,10.100000381469727
MFA,2026-01-20,9.920000076293945
MFA,2026-01-21,9.979999542236328
MFA,2026-01-22,9.949999809265137
MFA,2026-01-23,10.0
MFA,2026-01-26,9.890000343322754
MFA,2026-01-27,10.010000228881836
MFA,2026-01-28,9.989999771118164
MFA,2026-01-29,10.140000343322754
MFA,2026-01-30,9.640000343322754
MFA,2026-02-02,9.5600004196167
MFA,2026-02-03,9.65999984741211
MFA,2026-02-04,9.770000457763672
MFA,2026-02-05,9.670000076293945
MFA,2026-02-06,9.739999771118164
MFA,2026-02-09,9.59000015258789
MFA,2026-02-10,9.649999618530273
MFA,2026-02-11,9.720000267028809
MFA,2026-02-12,9.8100004196167
MFA,2026-02-13,9.890000343322754
MFA,2026-02-17,9.920000076293945
MFA,2026-02-18,10.079999923706055
MFA,2026-02-19,10.050000190734863
MFA,2026-02-20,10.0600004196167
MFA,2026-02-23,9.899999618530273
MFA,2026-02-24,9.920000076293945
MFA,2026-02-25,10.039999961853027
MFA,2026-02-26,10.229999542236328
MFA,2026-02-27,10.109999656677246
MFA,2026-03-02,10.229999542236328
MFA,2026-03-03,10.119999885559082
MFA,2026-03-04,10.1899995803833
MFA,2026-03-05,10.170000076293945
MFA,2026-03-06,10.100000381469727
MFA,2026-03-09,10.109999656677246
MFA,2026-03-10,10.199999809265137
MFA,2026-03-11,10.1899995803833
MFA,2026-03-12,9.960000038146973
MFA,2026-03-13,9.819999694824219
MFA,2026-03-16,9.9399995803833
MFA,2026-03-17,10.0600004196167
MFA,2026-03-18,9.930000305175781
MFA,2026-03-19,9.869999885559082
MFA,2026-03-20,9.479999542236328
MFA,2026-03-23,9.75
MFA,2026-03-24,9.670000076293945
MFA,2026-03-25,9.84000015258789
MFA,2026-03-26,9.739999771118164
MFA,2026-03-27,9.4399995803833
MFA,2026-03-30,9.640000343322754
MFA,2026-03-31,9.579999923706055
MFA,2026-04-01,9.579999923706055
MFA,2026-04-02,9.699999809265137
MFA,2026-04-06,9.789999961853027
MFA,2026-04-07,9.640000343322754
MFA,2026-04-08,9.84000015258789
MFA,2026-04-09,9.979999542236328
MFA,2026-04-10,9.989999771118164
MFA,2026-04-13,10.039999961853027
MFA,2026-04-14,10.079999923706055
MFA,2026-04-15,10.130000114440918
MFA,2026-04-16,9.9399995803833
MFA,2026-04-17,10.229999542236328
MFA,2026-04-20,10.119999885559082
MFA,2026-04-21,10.069999694824219
MFA,2026-04-22,10.210000038146973
MFA,2026-04-23,10.170000076293945
MFA,2026-04-24,10.210000038146973
MFA,2026-04-27,10.350000381469727
MFA,2026-04-28,10.289999961853027
MFA,2026-04-29,10.170000076293945
MFA,2026-04-30,10.25
MFA,2026-05-01,10.390000343322754
MFA,2026-05-04,10.15999984741211
MFA,2026-05-05,9.550000190734863
MFA,2026-05-06,9.770000457763672
MFA,2026-05-07,9.75
MFA,2026-05-08,9.899999618530273
MFA,2026-05-11,9.630000114440918
MFA,2026-05-12,9.569999694824219
MFA,2026-05-13,9.520000457763672
MFA,2026-05-14,9.539999961853027
MFA,2026-05-15,9.3100004196167
MFA,2026-05-18,9.430000305175781
MFA,2026-05-19,9.329999923706055
MFA,2026-05-20,9.510000228881836
MFA,2026-05-21,9.5
MFA,2026-05-22,9.449999809265137
MFA,2026-05-26,9.5600004196167
MFA,2026-05-27,9.600000381469727
MFA,2026-05-28,9.600000381469727
MFA,2026-05-29,9.600000381469727
MFA,2026-06-01,9.399999618530273
MFA,2026-06-02,9.470000267028809
MFA,2026-06-03,9.149999618530273
MFA,2026-06-04,9.260000228881836
MFA,2026-06-05,9.279999732971191
MFA,2026-06-08,9.119999885559082
MFA,2026-06-09,9.359999656677246
MFA,2026-06-10,9.210000038146973
MFA,2026-06-11,9.289999961853027
MFA,2026-06-12,9.420000076293945
MFA,2026-06-15,9.350000381469727
MFA,2026-06-16,9.380000114440918
MFA,2026-06-17,9.380000114440918
MFA,2026-06-18,9.529999732971191
MFA,2026-06-22,9.359999656677246
MFA,2026-06-23,9.420000076293945
MFA,2026-06-24,9.609999656677246
MFA,2026-06-25,9.630000114440918
MFA,2026-06-26,9.8100004196167
MFA,2026-06-29,9.869999885559082
MFA,2026-06-30,9.6899995803833
MFA,2026-07-01,9.579999923706055
MFA,2026-07-02,9.479999542236328
MFA,2026-07-06,9.329999923706055
MFA,2026-07-07,9.359999656677246
MFA,2026-07-08,9.270000457763672
MFA,2026-07-09,9.430000305175781
MFA,2026-07-10,9.5
MFA,2026-07-13,9.40999984741211
MFA,2026-07-14,9.460000038146973
MFA,2026-07-15,9.449999809265137
MFA,2026-07-16,9.619999885559082
MFA,2026-07-17,9.449999809265137
MFA,2026-07-20,9.289999961853027
MFA,2026-07-23,9.069999694824219
MFA,2026-07-24,9.140000343322754
MFA,2026-07-27,9.119999885559082
MFA,2026-07-28,9.199999809265137
MFA,2026-07-29,9.170000076293945
MFA,2026-07-30,9.199999809265137
MFA,2026-08-03,9.15999984741211
MFA,2026-08-04,9.09000015258789
MFA,2026-08-05,9.0600004196167
MFA,2026-08-06,9.050000190734863
MFA,2026-08-07,9.229999542236328
MFA,2026-08-10,9.09000015258789
MFA,2026-08-11,9.180000305175781
MFA,2026-08-12,9.149999618530273
MFA,2026-08-13,9.210000038146973
MFA,2026-08-14,9.15999984741211
MFA,2026-08-17,9.109999656677246
MFA,2026-08-18,9.0
MFA,2026-08-19,9.100000381469727
NLY,2021-01-04,32.91999816894531
NLY,2021-01-05,32.79999923706055
NLY,2021-01-06,32.880001068115234
NLY,2021-01-07,32.880001068115234
NLY,2021-01-08,33.15999984741211
NLY,2021-01-11,32.720001220703125
NLY,2021-01-12,32.880001068115234
NLY,2021-01-13,32.84000015258789
NLY,2021-01-14,33.2400016784668
NLY,2021-01-15,33.15999984741211
NLY,2021-01-19,32.91999816894531
NLY,2021-01-20,33.119998931884766
NLY,2021-01-21,33.439998626708984
NLY,2021-01-22,33.439998626708984
NLY,2021-01-25,33.63999938964844
NLY,2021-01-26,33.720001220703125
NLY,2021-01-27,32.84000015258789
NLY,2021-01-28,33.31999969482422
NLY,2021-01-29,32.47999954223633
NLY,2021-02-01,33.15999984741211
NLY,2021-02-02,33.560001373291016
NLY,2021-02-03,33.439998626708984
NLY,2021-02-04,33.720001220703125
NLY,2021-02-05,34.279998779296875
NLY,2021-02-08,34.52000045776367
NLY,2021-02-09,34.2400016784668
NLY,2021-02-10,34.63999938964844
NLY,2021-02-11,33.84000015258789
NLY,2021-02-12,33.91999816894531
NLY,2021-02-16,34.20000076293945
NLY,2021-02-17,33.439998626708984
NLY,2021-02-18,32.79999923706055
NLY,2021-02-19,33.36000061035156
NLY,2021-02-22,33.439998626708984
NLY,2021-02-23,33.36000061035156
NLY,2021-02-24,34.119998931884766
NLY,2021-02-25,33.2400016784668
NLY,2021-02-26,33.2400016784668
NLY,2021-03-01,33.36000061035156
NLY,2021-03-02,33.68000030517578
NLY,2021-03-03,33.599998474121094
NLY,2021-03-04,33.15999984741211
NLY,2021-03-05,33.279998779296875
NLY,2021-03-08,34.400001525878906
NLY,2021-03-09,34.040000915527344
NLY,2021-03-10,34.560001373291016
NLY,2021-03-11,34.439998626708984
NLY,2021-03-12,34.959999084472656
NLY,2021-03-15,35.08000183105469
NLY,2021-03-16,34.84000015258789
NLY,2021-03-17,35.439998626708984
NLY,2021-03-18,35.15999984741211
NLY,2021-03-19,35.63999938964844
NLY,2021-03-22,35.68000030517578
NLY,2021-03-23,35.2400016784668
NLY,2021-03-24,34.959999084472656
NLY,2021-03-25,35.439998626708984
NLY,2021-03-26,35.880001068115234
NLY,2021-03-29,35.15999984741211
NLY,2021-03-30,34.880001068115234
NLY,2021-03-31,34.400001525878906
NLY,2021-04-01,34.880001068115234
NLY,2021-04-05,34.7599983215332
NLY,2021-04-06,34.84000015258789
NLY,2021-04-07,34.7599983215332
NLY,2021-04-08,34.91999816894531
NLY,2021-04-09,34.63999938964844
NLY,2021-04-12,34.959999084472656
NLY,2021-04-13,35.040000915527344
NLY,2021-04-14,35.36000061035156
NLY,2021-04-15,35.279998779296875
NLY,2021-04-16,35.439998626708984
NLY,2021-04-19,35.20000076293945
NLY,2021-04-20,35.040000915527344
NLY,2021-04-21,35.20000076293945
NLY,2021-04-22,35.040000915527344
NLY,2021-04-23,35.599998474121094
NLY,2021-04-26,35.15999984741211
NLY,2021-04-27,35.63999938964844
NLY,2021-04-28,35.7599983215332
NLY,2021-04-29,36.0
NLY,2021-04-30,36.31999969482422
NLY,2021-05-03,36.439998626708984
NLY,2021-05-04,36.15999984741211
NLY,2021-05-05,36.439998626708984
NLY,2021-05-06,36.599998474121094
NLY,2021-05-07,36.720001220703125
NLY,2021-05-10,36.52000045776367
NLY,2021-05-11,36.31999969482422
NLY,2021-05-12,35.119998931884766
NLY,2021-05-13,35.959999084472656
NLY,2021-05-14,36.52000045776367
NLY,2021-05-17,36.68000030517578
NLY,2021-05-18,36.959999084472656
NLY,2021-05-19,37.15999984741211
NLY,2021-05-20,36.91999816894531
NLY,2021-05-21,36.959999084472656
NLY,2021-05-24,37.040000915527344
NLY,2021-05-25,36.91999816894531
NLY,2021-05-26,36.7599983215332
NLY,2021-05-27,36.880001068115234
NLY,2021-05-28,37.08000183105469
NLY,2021-06-01,37.68000030517578
NLY,2021-06-02,37.63999938964844
NLY,2021-06-03,37.68000030517578
NLY,2021-06-04,37.79999923706055
NLY,2021-06-07,37.7599983215332
NLY,2021-06-08,38.0
NLY,2021-06-09,38.15999984741211
NLY,2021-06-10,38.040000915527344
NLY,2021-06-11,37.560001373291016
NLY,2021-06-14,37.20000076293945
NLY,2021-06-15,36.91999816894531
NLY,2021-06-16,37.279998779296875
NLY,2021-06-17,36.2400016784668
NLY,2021-06-18,36.279998779296875
NLY,2021-06-21,36.720001220703125
NLY,2021-06-22,36.68000030517578
NLY,2021-06-23,36.720001220703125
NLY,2021-06-24,36.79999923706055
NLY,2021-06-25,36.880001068115234
NLY,2021-06-28,36.7599983215332
NLY,2021-06-29,35.52000045776367
NLY,2021-06-30,35.52000045776367
NLY,2021-07-01,35.68000030517578
NLY,2021-07-02,35.47999954223633
NLY,2021-07-06,35.36000061035156
NLY,2021-07-07,35.31999969482422
NLY,2021-07-08,34.79999923706055
NLY,2021-07-09,35.63999938964844
NLY,2021-07-12,35.720001220703125
NLY,2021-07-13,34.15999984741211
NLY,2021-07-14,33.68000030517578
NLY,2021-07-15,33.880001068115234
NLY,2021-07-16,33.880001068115234
NLY,2021-07-19,33.119998931884766
NLY,2021-07-20,34.20000076293945
NLY,2021-07-21,34.400001525878906
NLY,2021-07-22,33.7599983215332
NLY,2021-07-23,33.560001373291016
NLY,2021-07-26,33.880001068115234
NLY,2021-07-27,33.880001068115234
NLY,2021-07-28,33.68000030517578
NLY,2021-07-29,34.47999954223633
NLY,2021-07-30,33.959999084472656
NLY,2021-08-02,33.68000030517578
NLY,2021-08-03,33.68000030517578
NLY,2021-08-04,33.119998931884766
NLY,2021-08-05,33.599998474121094
NLY,2021-08-06,33.79999923706055
NLY,2021-08-09,33.7599983215332
NLY,2021-08-10,34.040000915527344
NLY,2021-08-11,34.36000061035156
NLY,2021-08-12,34.400001525878906
NLY,2021-08-13,34.52000045776367
NLY,2021-08-16,34.400001525878906
NLY,2021-08-17,34.400001525878906
NLY,2021-08-18,34.20000076293945
NLY,2021-08-19,33.68000030517578
NLY,2021-08-20,34.119998931884766
NLY,2021-08-23,34.400001525878906
NLY,2021-08-24,34.79999923706055
NLY,2021-08-25,34.880001068115234
NLY,2021-08-26,34.599998474121094
NLY,2021-08-27,34.959999084472656
NLY,2021-08-30,34.7599983215332
NLY,2021-08-31,34.7599983215332
NLY,2021-09-01,34.91999816894531
NLY,2021-09-02,34.7599983215332
NLY,2021-09-03,34.560001373291016
NLY,2021-09-07,34.20000076293945
NLY,2021-09-08,34.08000183105469
NLY,2021-09-09,34.20000076293945
NLY,2021-09-10,34.08000183105469
NLY,2021-09-13,34.400001525878906
NLY,2021-09-14,34.560001373291016
NLY,2021-09-15,34.63999938964844
NLY,2021-09-16,34.68000030517578
NLY,2021-09-17,34.63999938964844
NLY,2021-09-20,34.47999954223633
NLY,2021-09-21,34.68000030517578
NLY,2021-09-22,35.439998626708984
NLY,2021-09-23,35.439998626708984
NLY,2021-09-24,35.400001525878906
NLY,2021-09-27,35.599998474121094
NLY,2021-09-28,35.2400016784668
NLY,2021-09-29,33.91999816894531
NLY,2021-09-30,33.68000030517578
NLY,2021-10-01,33.84000015258789
NLY,2021-10-04,34.0
NLY,2021-10-05,34.2400016784668
NLY,2021-10-06,33.880001068115234
NLY,2021-10-07,33.880001068115234
NLY,2021-10-08,34.0
NLY,2021-10-11,33.880001068115234
NLY,2021-10-12,34.040000915527344
NLY,2021-10-13,34.119998931884766
NLY,2021-10-14,34.279998779296875
NLY,2021-10-15,34.31999969482422
NLY,2021-10-18,34.31999969482422
NLY,2021-10-19,34.63999938964844
NLY,2021-10-20,34.91999816894531
NLY,2021-10-21,34.84000015258789
NLY,2021-10-22,34.7599983215332
NLY,2021-10-25,34.880001068115234
NLY,2021-10-26,34.7599983215332
NLY,2021-10-27,34.400001525878906
NLY,2021-10-28,34.279998779296875
NLY,2021-10-29,33.84000015258789
NLY,2021-11-01,34.47999954223633
NLY,2021-11-02,34.0
NLY,2021-11-03,34.0
NLY,2021-11-04,34.08000183105469
NLY,2021-11-05,34.79999923706055
NLY,2021-11-08,34.599998474121094
NLY,2021-11-09,34.47999954223633
NLY,2021-11-10,34.31999969482422
NLY,2021-11-11,34.36000061035156
NLY,2021-11-12,34.31999969482422
NLY,2021-11-15,34.15999984741211
NLY,2021-11-16,34.119998931884766
NLY,2021-11-17,33.68000030517578
NLY,2021-11-18,33.7599983215332
NLY,2021-11-19,33.560001373291016
NLY,2021-11-22,33.52000045776367
NLY,2021-11-23,33.720001220703125
NLY,2021-11-24,33.84000015258789
NLY,2021-11-26,33.400001525878906
NLY,2021-11-29,33.400001525878906
NLY,2021-11-30,32.400001525878906
NLY,2021-12-01,31.920000076293945
NLY,2021-12-02,32.84000015258789
NLY,2021-12-03,32.68000030517578
NLY,2021-12-06,33.400001525878906
NLY,2021-12-07,33.84000015258789
NLY,2021-12-08,34.0
NLY,2021-12-09,33.880001068115234
NLY,2021-12-10,33.52000045776367
NLY,2021-12-13,32.91999816894531
NLY,2021-12-14,32.31999969482422
NLY,2021-12-15,32.400001525878906
NLY,2021-12-16,32.2400016784668
NLY,2021-12-17,31.719999313354492
NLY,2021-12-20,31.15999984741211
NLY,2021-12-21,32.2400016784668
NLY,2021-12-22,32.560001373291016
NLY,2021-12-23,32.7599983215332
NLY,2021-12-27,32.91999816894531
NLY,2021-12-28,32.959999084472656
NLY,2021-12-29,32.84000015258789
NLY,2021-12-30,31.799999237060547
NLY,2021-12-31,31.280000686645508
NLY,2022-01-03,32.15999984741211
NLY,2022-01-04,32.439998626708984
NLY,2022-01-05,31.760000228881836
NLY,2022-01-06,31.8799991607666
NLY,2022-01-07,32.040000915527344
NLY,2022-01-10,31.8799991607666
NLY,2022-01-11,32.31999969482422
NLY,2022-01-12,32.31999969482422
NLY,2022-01-13,31.959999084472656
NLY,2022-01-14,31.760000228881836
NLY,2022-01-18,31.360000610351562
NLY,2022-01-19,31.15999984741211
NLY,2022-01-20,30.84000015258789
NLY,2022-01-21,30.360000610351562
NLY,2022-01-24,30.360000610351562
NLY,2022-01-25,30.920000076293945
NLY,2022-01-26,30.8799991607666
NLY,2022-01-27,30.84000015258789
NLY,2022-01-28,31.1200008392334
NLY,2022-01-31,31.600000381469727
NLY,2022-02-01,31.559999465942383
NLY,2022-02-02,31.040000915527344
NLY,2022-02-03,30.479999542236328
NLY,2022-02-04,30.280000686645508
NLY,2022-02-07,30.520000457763672
NLY,2022-02-08,30.31999969482422
NLY,2022-02-09,30.399999618530273
NLY,2022-02-10,30.040000915527344
NLY,2022-02-11,29.479999542236328
NLY,2022-02-14,28.760000228881836
NLY,2022-02-15,29.040000915527344
NLY,2022-02-16,29.1200008392334
NLY,2022-02-17,28.31999969482422
NLY,2022-02-18,28.440000534057617
NLY,2022-02-22,27.760000228881836
NLY,2022-02-23,27.15999984741211
NLY,2022-02-24,27.799999237060547
NLY,2022-02-25,28.079999923706055
NLY,2022-02-28,27.84000015258789
NLY,2022-03-01,27.8799991607666
NLY,2022-03-02,28.479999542236328
NLY,2022-03-03,28.360000610351562
NLY,2022-03-04,28.239999771118164
NLY,2022-03-07,27.920000076293945
NLY,2022-03-08,28.399999618530273
NLY,2022-03-09,28.559999465942383
NLY,2022-03-10,28.639999389648438
NLY,2022-03-11,28.360000610351562
NLY,2022-03-14,28.079999923706055
NLY,2022-03-15,28.360000610351562
NLY,2022-03-16,28.31999969482422
NLY,2022-03-17,28.360000610351562
NLY,2022-03-18,28.920000076293945
NLY,2022-03-21,28.479999542236328
NLY,2022-03-22,28.8799991607666
NLY,2022-03-23,28.719999313354492
NLY,2022-03-24,28.84000015258789
NLY,2022-03-25,29.079999923706055
NLY,2022-03-28,29.280000686645508
NLY,2022-03-29,29.719999313354492
NLY,2022-03-30,28.360000610351562
NLY,2022-03-31,28.15999984741211
NLY,2022-04-01,28.239999771118164
NLY,2022-04-04,28.1200008392334
NLY,2022-04-05,27.399999618530273
NLY,2022-04-06,26.84000015258789
NLY,2022-04-07,26.760000228881836
NLY,2022-04-08,27.0
NLY,2022-04-11,26.84000015258789
NLY,2022-04-12,27.040000915527344
NLY,2022-04-13,27.15999984741211
NLY,2022-04-14,27.079999923706055
NLY,2022-04-18,26.920000076293945
NLY,2022-04-19,26.200000762939453
NLY,2022-04-20,26.84000015258789
NLY,2022-04-21,26.68000030517578
NLY,2022-04-22,26.079999923706055
NLY,2022-04-25,26.1200008392334
NLY,2022-04-26,25.31999969482422
NLY,2022-04-27,25.31999969482422
NLY,2022-04-28,26.479999542236328
NLY,2022-04-29,25.68000030517578
NLY,2022-05-02,26.040000915527344
NLY,2022-05-03,26.559999465942383
NLY,2022-05-04,27.040000915527344
NLY,2022-05-05,26.719999313354492
NLY,2022-05-06,27.079999923706055
NLY,2022-05-09,26.360000610351562
NLY,2022-05-10,26.479999542236328
NLY,2022-05-11,26.1200008392334
NLY,2022-05-12,26.15999984741211
NLY,2022-05-13,26.920000076293945
NLY,2022-05-16,26.760000228881836
NLY,2022-05-17,25.799999237060547
NLY,2022-05-18,25.440000534057617
NLY,2022-05-19,25.079999923706055
NLY,2022-05-20,25.280000686645508
NLY,2022-05-23,25.760000228881836
NLY,2022-05-24,25.799999237060547
NLY,2022-05-25,25.520000457763672
NLY,2022-05-26,26.0
NLY,2022-05-27,26.559999465942383
NLY,2022-05-31,26.440000534057617
NLY,2022-06-01,26.399999618530273
NLY,2022-06-02,26.600000381469727
NLY,2022-06-03,26.479999542236328
NLY,2022-06-06,26.440000534057617
NLY,2022-06-07,26.760000228881836
NLY,2022-06-08,26.360000610351562
NLY,2022-06-09,26.600000381469727
NLY,2022-06-10,26.1200008392334
NLY,2022-06-13,24.079999923706055
NLY,2022-06-14,23.68000030517578
NLY,2022-06-15,23.200000762939453
NLY,2022-06-16,21.920000076293945
NLY,2022-06-17,22.84000015258789
NLY,2022-06-21,23.799999237060547
NLY,2022-06-22,24.040000915527344
NLY,2022-06-23,24.440000534057617
NLY,2022-06-24,25.31999969482422
NLY,2022-06-27,25.079999923706055
NLY,2022-06-28,24.760000228881836
NLY,2022-06-29,23.600000381469727
NLY,2022-06-30,23.639999389648438
NLY,2022-07-01,24.31999969482422
NLY,2022-07-05,24.799999237060547
NLY,2022-07-06,24.280000686645508
NLY,2022-07-07,24.559999465942383
NLY,2022-07-08,24.479999542236328
NLY,2022-07-11,24.239999771118164
NLY,2022-07-12,24.31999969482422
NLY,2022-07-13,24.68000030517578
NLY,2022-07-14,24.15999984741211
NLY,2022-07-15,24.68000030517578
NLY,2022-07-18,24.68000030517578
NLY,2022-07-19,25.399999618530273
NLY,2022-07-20,25.600000381469727
NLY,2022-07-21,25.8799991607666
NLY,2022-07-22,25.760000228881836
NLY,2022-07-25,25.920000076293945
NLY,2022-07-26,25.639999389648438
NLY,2022-07-27,26.200000762939453
NLY,2022-07-28,27.15999984741211
NLY,2022-07-29,27.520000457763672
NLY,2022-08-01,27.600000381469727
NLY,2022-08-02,26.440000534057617
NLY,2022-08-03,26.559999465942383
NLY,2022-08-04,26.479999542236328
NLY,2022-08-05,26.200000762939453
NLY,2022-08-08,26.479999542236328
NLY,2022-08-09,26.559999465942383
NLY,2022-08-10,26.760000228881836
NLY,2022-08-11,27.0
NLY,2022-08-12,27.280000686645508
NLY,2022-08-15,27.15999984741211
NLY,2022-08-16,27.15999984741211
NLY,2022-08-17,26.959999084472656
NLY,2022-08-18,26.920000076293945
NLY,2022-08-19,26.760000228881836
NLY,2022-08-22,25.959999084472656
NLY,2022-08-23,26.200000762939453
NLY,2022-08-24,26.520000457763672
NLY,2022-08-25,26.799999237060547
NLY,2022-08-26,26.239999771118164
NLY,2022-08-29,26.15999984741211
NLY,2022-08-30,25.760000228881836
NLY,2022-08-31,25.799999237060547
NLY,2022-09-01,25.520000457763672
NLY,2022-09-02,25.520000457763672
NLY,2022-09-06,26.1200008392334
NLY,2022-09-07,26.360000610351562
NLY,2022-09-08,26.639999389648438
NLY,2022-09-09,26.600000381469727
NLY,2022-09-12,26.559999465942383
NLY,2022-09-13,25.760000228881836
NLY,2022-09-14,25.639999389648438
NLY,2022-09-15,24.559999465942383
NLY,2022-09-16,24.15999984741211
NLY,2022-09-19,24.68000030517578
NLY,2022-09-20,24.31999969482422
NLY,2022-09-21,24.040000915527344
NLY,2022-09-22,23.479999542236328
NLY,2022-09-23,22.600000381469727
NLY,2022-09-26,20.600000381469727
NLY,2022-09-27,19.399999618530273
NLY,2022-09-28,19.420000076293945
NLY,2022-09-29,17.510000228881836
NLY,2022-09-30,17.15999984741211
NLY,2022-10-03,17.3799991607666
NLY,2022-10-04,18.68000030517578
NLY,2022-10-05,17.34000015258789
NLY,2022-10-06,16.690000534057617
NLY,2022-10-07,16.270000457763672
NLY,2022-10-10,15.119999885559082
NLY,2022-10-11,16.8799991607666
NLY,2022-10-12,16.959999084472656
NLY,2022-10-13,17.0
NLY,2022-10-14,16.639999389648438
NLY,2022-10-17,16.959999084472656
NLY,2022-10-18,17.15999984741211
NLY,2022-10-19,17.030000686645508
NLY,2022-10-20,16.709999084472656
NLY,2022-10-21,16.81999969482422
NLY,2022-10-24,16.690000534057617
NLY,2022-10-25,17.68000030517578
NLY,2022-10-26,17.84000015258789
NLY,2022-10-27,18.110000610351562
NLY,2022-10-28,18.450000762939453
NLY,2022-10-31,18.549999237060547
NLY,2022-11-01,18.420000076293945
NLY,2022-11-02,18.170000076293945
NLY,2022-11-03,17.610000610351562
NLY,2022-11-04,18.219999313354492
NLY,2022-11-07,18.6200008392334
NLY,2022-11-08,19.040000915527344
NLY,2022-11-09,19.1200008392334
NLY,2022-11-10,21.06999969482422
NLY,2022-11-11,21.540000915527344
NLY,2022-11-14,20.93000030517578
NLY,2022-11-15,21.010000228881836
NLY,2022-11-16,20.459999084472656
NLY,2022-11-17,19.90999984741211
NLY,2022-11-18,19.90999984741211
NLY,2022-11-21,20.510000228881836
NLY,2022-11-22,20.790000915527344
NLY,2022-11-23,21.149999618530273
NLY,2022-11-25,21.649999618530273
NLY,2022-11-28,21.049999237060547
NLY,2022-11-29,21.209999084472656
NLY,2022-11-30,21.670000076293945
NLY,2022-12-01,21.8799991607666
NLY,2022-12-02,21.790000915527344
NLY,2022-12-05,21.260000228881836
NLY,2022-12-06,20.979999542236328
NLY,2022-12-07,21.309999465942383
NLY,2022-12-08,21.530000686645508
NLY,2022-12-09,21.670000076293945
NLY,2022-12-12,21.829999923706055
NLY,2022-12-13,22.059999465942383
NLY,2022-12-14,21.979999542236328
NLY,2022-12-15,21.860000610351562
NLY,2022-12-16,21.389999389648438
NLY,2022-12-19,21.3799991607666
NLY,2022-12-20,21.729999542236328
NLY,2022-12-21,22.280000686645508
NLY,2022-12-22,22.329999923706055
NLY,2022-12-23,22.489999771118164
NLY,2022-12-27,22.489999771118164
NLY,2022-12-28,21.850000381469727
NLY,2022-12-29,21.3799991607666
NLY,2022-12-30,21.079999923706055
NLY,2023-01-03,21.440000534057617
NLY,2023-01-04,21.690000534057617
NLY,2023-01-05,21.649999618530273
NLY,2023-01-06,22.139999389648438
NLY,2023-01-09,22.040000915527344
NLY,2023-01-10,22.229999542236328
NLY,2023-01-11,22.540000915527344
NLY,2023-01-12,22.729999542236328
NLY,2023-01-13,22.700000762939453
NLY,2023-01-17,22.5
NLY,2023-01-18,22.56999969482422
NLY,2023-01-19,22.459999084472656
NLY,2023-01-20,22.739999771118164
NLY,2023-01-23,22.610000610351562
NLY,2023-01-24,22.40999984741211
NLY,2023-01-25,22.260000228881836
NLY,2023-01-26,22.790000915527344
NLY,2023-01-27,23.34000015258789
NLY,2023-01-30,22.899999618530273
NLY,2023-01-31,23.469999313354492
NLY,2023-02-01,24.0
NLY,2023-02-02,24.1200008392334
NLY,2023-02-03,23.75
NLY,2023-02-06,22.989999771118164
NLY,2023-02-07,23.329999923706055
NLY,2023-02-08,23.110000610351562
NLY,2023-02-09,21.770000457763672
NLY,2023-02-10,21.65999984741211
NLY,2023-02-13,21.93000030517578
NLY,2023-02-14,21.709999084472656
NLY,2023-02-15,21.690000534057617
NLY,2023-02-16,21.709999084472656
NLY,2023-02-17,21.59000015258789
NLY,2023-02-21,20.8799991607666
NLY,2023-02-22,21.239999771118164
NLY,2023-02-23,21.09000015258789
NLY,2023-02-24,20.81999969482422
NLY,2023-02-27,20.709999084472656
NLY,2023-02-28,20.68000030517578
NLY,2023-03-01,20.139999389648438
NLY,2023-03-02,20.0
NLY,2023-03-03,20.329999923706055
NLY,2023-03-06,20.34000015258789
NLY,2023-03-07,20.110000610351562
NLY,2023-03-08,20.3700008392334
NLY,2023-03-09,19.25
NLY,2023-03-10,18.399999618530273
NLY,2023-03-13,18.489999771118164
NLY,2023-03-14,18.920000076293945
NLY,2023-03-15,18.68000030517578
NLY,2023-03-16,18.8700008392334
NLY,2023-03-17,18.399999618530273
NLY,2023-03-20,18.350000381469727
NLY,2023-03-21,18.59000015258789
NLY,2023-03-22,18.25
NLY,2023-03-23,18.350000381469727
NLY,2023-03-24,18.93000030517578
NLY,2023-03-27,19.1299991607666
NLY,2023-03-28,18.920000076293945
NLY,2023-03-29,19.290000915527344
NLY,2023-03-30,18.809999465942383
NLY,2023-03-31,19.110000610351562
NLY,2023-04-03,18.850000381469727
NLY,2023-04-04,18.989999771118164
NLY,2023-04-05,19.309999465942383
NLY,2023-04-06,19.18000030517578
NLY,2023-04-10,18.829999923706055
NLY,2023-04-11,19.149999618530273
NLY,2023-04-12,19.18000030517578
NLY,2023-04-13,19.350000381469727
NLY,2023-04-14,19.200000762939453
NLY,2023-04-17,19.440000534057617
NLY,2023-04-18,19.190000534057617
NLY,2023-04-19,19.209999084472656
NLY,2023-04-20,19.25
NLY,2023-04-21,19.350000381469727
NLY,2023-04-24,19.459999084472656
NLY,2023-04-25,18.979999542236328
NLY,2023-04-26,19.059999465942383
NLY,2023-04-27,19.729999542236328
NLY,2023-04-28,19.979999542236328
NLY,2023-05-01,19.31999969482422
NLY,2023-05-02,18.8799991607666
NLY,2023-05-03,18.969999313354492
NLY,2023-05-04,18.579999923706055
NLY,2023-05-05,19.06999969482422
NLY,2023-05-08,19.010000228881836
NLY,2023-05-09,18.729999542236328
NLY,2023-05-10,18.829999923706055
NLY,2023-05-11,18.920000076293945
NLY,2023-05-12,18.739999771118164
NLY,2023-05-15,18.829999923706055
NLY,2023-05-16,18.649999618530273
NLY,2023-05-17,18.979999542236328
NLY,2023-05-18,19.110000610351562
NLY,2023-05-19,19.15999984741211
NLY,2023-05-22,19.100000381469727
NLY,2023-05-23,18.729999542236328
NLY,2023-05-24,18.209999084472656
NLY,2023-05-25,17.790000915527344
NLY,2023-05-26,18.440000534057617
NLY,2023-05-30,18.90999984741211
NLY,2023-05-31,18.8799991607666
NLY,2023-06-01,19.43000030517578
NLY,2023-06-02,19.610000610351562
NLY,2023-06-05,19.579999923706055
NLY,2023-06-06,19.90999984741211
NLY,2023-06-07,19.799999237060547
NLY,2023-06-08,19.920000076293945
NLY,2023-06-09,20.0
NLY,2023-06-12,20.540000915527344
NLY,2023-06-13,20.729999542236328
NLY,2023-06-14,20.649999618530273
NLY,2023-06-15,20.889999389648438
NLY,2023-06-16,20.59000015258789
NLY,2023-06-20,20.530000686645508
NLY,2023-06-21,20.600000381469727
NLY,2023-06-22,20.440000534057617
NLY,2023-06-23,20.1200008392334
NLY,2023-06-26,20.31999969482422
NLY,2023-06-27,20.600000381469727
NLY,2023-06-28,20.68000030517578
NLY,2023-06-29,20.010000228881836
NLY,2023-06-30,20.010000228881836
NLY,2023-07-03,19.760000228881836
NLY,2023-07-05,19.31999969482422
NLY,2023-07-06,18.780000686645508
NLY,2023-07-07,19.229999542236328
NLY,2023-07-10,19.540000915527344
NLY,2023-07-11,19.65999984741211
NLY,2023-07-12,19.860000610351562
NLY,2023-07-13,20.15999984741211
NLY,2023-07-14,20.0
NLY,2023-07-17,20.110000610351562
NLY,2023-07-18,20.3700008392334
NLY,2023-07-19,20.530000686645508
NLY,2023-07-20,20.190000534057617
NLY,2023-07-21,20.09000015258789
NLY,2023-07-24,20.34000015258789
NLY,2023-07-25,20.579999923706055
NLY,2023-07-26,20.799999237060547
NLY,2023-07-27,20.06999969482422
NLY,2023-07-28,20.350000381469727
NLY,2023-07-31,20.09000015258789
NLY,2023-08-01,20.020000457763672
NLY,2023-08-02,19.860000610351562
NLY,2023-08-03,19.440000534057617
NLY,2023-08-04,19.829999923706055
NLY,2023-08-07,19.959999084472656
NLY,2023-08-08,20.030000686645508
NLY,2023-08-09,19.969999313354492
NLY,2023-08-10,20.0
NLY,2023-08-11,19.8700008392334
NLY,2023-08-14,19.40999984741211
NLY,2023-08-15,19.299999237060547
NLY,2023-08-16,19.170000076293945
NLY,2023-08-17,19.079999923706055
NLY,2023-08-18,19.100000381469727
NLY,2023-08-21,19.09000015258789
NLY,2023-08-22,18.93000030517578
NLY,2023-08-23,19.549999237060547
NLY,2023-08-24,19.65999984741211
NLY,2023-08-25,19.709999084472656
NLY,2023-08-28,20.260000228881836
NLY,2023-08-29,20.479999542236328
NLY,2023-08-30,20.260000228881836
NLY,2023-08-31,20.270000457763672
NLY,2023-09-01,20.360000610351562
NLY,2023-09-05,20.09000015258789
NLY,2023-09-06,19.889999389648438
NLY,2023-09-07,19.75
NLY,2023-09-08,19.889999389648438
NLY,2023-09-11,20.170000076293945
NLY,2023-09-12,20.06999969482422
NLY,2023-09-13,20.350000381469727
NLY,2023-09-14,20.59000015258789
NLY,2023-09-15,20.56999969482422
NLY,2023-09-18,20.65999984741211
NLY,2023-09-19,20.68000030517578
NLY,2023-09-20,20.530000686645508
NLY,2023-09-21,19.739999771118164
NLY,2023-09-22,19.8799991607666
NLY,2023-09-25,19.719999313354492
NLY,2023-09-26,19.309999465942383
NLY,2023-09-27,19.209999084472656
NLY,2023-09-28,18.739999771118164
NLY,2023-09-29,18.809999465942383
NLY,2023-10-02,18.31999969482422
NLY,2023-10-03,17.8700008392334
NLY,2023-10-04,17.479999542236328
NLY,2023-10-05,17.84000015258789
NLY,2023-10-06,17.719999313354492
NLY,2023-10-09,18.06999969482422
NLY,2023-10-10,17.979999542236328
NLY,2023-10-11,18.09000015258789
NLY,2023-10-12,17.780000686645508
NLY,2023-10-13,17.530000686645508
NLY,2023-10-16,17.739999771118164
NLY,2023-10-17,17.579999923706055
NLY,2023-10-18,17.030000686645508
NLY,2023-10-19,16.34000015258789
NLY,2023-10-20,16.239999771118164
NLY,2023-10-23,16.09000015258789
NLY,2023-10-24,15.670000076293945
NLY,2023-10-25,15.069999694824219
NLY,2023-10-26,15.069999694824219
NLY,2023-10-27,14.729999542236328
NLY,2023-10-30,15.069999694824219
NLY,2023-10-31,15.609999656677246
NLY,2023-11-01,16.25
NLY,2023-11-02,16.899999618530273
NLY,2023-11-03,17.18000030517578
NLY,2023-11-06,17.059999465942383
NLY,2023-11-07,17.350000381469727
NLY,2023-11-08,17.389999389648438
NLY,2023-11-09,16.860000610351562
NLY,2023-11-10,17.010000228881836
NLY,2023-11-13,17.1200008392334
NLY,2023-11-14,17.700000762939453
NLY,2023-11-15,17.829999923706055
NLY,2023-11-16,17.75
NLY,2023-11-17,17.809999465942383
NLY,2023-11-20,17.770000457763672
NLY,2023-11-21,17.729999542236328
NLY,2023-11-22,17.709999084472656
NLY,2023-11-24,17.549999237060547
NLY,2023-11-27,17.440000534057617
NLY,2023-11-28,17.690000534057617
NLY,2023-11-29,18.100000381469727
NLY,2023-11-30,18.06999969482422
NLY,2023-12-01,18.5
NLY,2023-12-04,18.530000686645508
NLY,2023-12-05,18.360000610351562
NLY,2023-12-06,17.93000030517578
NLY,2023-12-07,18.049999237060547
NLY,2023-12-08,18.309999465942383
NLY,2023-12-11,18.299999237060547
NLY,2023-12-12,18.3799991607666
NLY,2023-12-13,19.280000686645508
NLY,2023-12-14,20.1299991607666
NLY,2023-12-15,19.950000762939453
NLY,2023-12-18,19.899999618530273
NLY,2023-12-19,20.190000534057617
NLY,2023-12-20,19.979999542236328
NLY,2023-12-21,20.299999237060547
NLY,2023-12-22,20.260000228881836
NLY,2023-12-26,20.5
NLY,2023-12-27,20.530000686645508
NLY,2023-12-28,19.8799991607666
NLY,2023-12-29,19.3700008392334
NLY,2024-01-02,19.260000228881836
NLY,2024-01-03,18.920000076293945
NLY,2024-01-04,18.690000534057617
NLY,2024-01-05,19.100000381469727
NLY,2024-01-08,19.600000381469727
NLY,2024-01-09,19.520000457763672
NLY,2024-01-10,19.510000228881836
NLY,2024-01-11,19.559999465942383
NLY,2024-01-12,19.639999389648438
NLY,2024-01-16,19.34000015258789
NLY,2024-01-17,19.06999969482422
NLY,2024-01-18,19.190000534057617
NLY,2024-01-19,19.299999237060547
NLY,2024-01-22,19.239999771118164
NLY,2024-01-23,19.3799991607666
NLY,2024-01-24,19.450000762939453
NLY,2024-01-25,19.639999389648438
NLY,2024-01-26,19.610000610351562
NLY,2024-01-29,19.90999984741211
NLY,2024-01-30,19.600000381469727
NLY,2024-01-31,19.190000534057617
NLY,2024-02-01,19.56999969482422
NLY,2024-02-02,19.260000228881836
NLY,2024-02-05,18.899999618530273
NLY,2024-02-06,18.90999984741211
NLY,2024-02-07,18.579999923706055
NLY,2024-02-08,18.809999465942383
NLY,2024-02-09,18.920000076293945
NLY,2024-02-12,19.079999923706055
NLY,2024-02-13,18.3700008392334
NLY,2024-02-14,18.360000610351562
NLY,2024-02-15,18.8799991607666
NLY,2024-02-16,18.65999984741211
NLY,2024-02-20,18.700000762939453
NLY,2024-02-21,18.739999771118164
NLY,2024-02-22,18.709999084472656
NLY,2024-02-23,18.8799991607666
NLY,2024-02-26,18.829999923706055
NLY,2024-02-27,18.90999984741211
NLY,2024-02-28,18.75
NLY,2024-02-29,19.09000015258789
NLY,2024-03-01,19.290000915527344
NLY,2024-03-04,19.1299991607666
NLY,2024-03-05,19.209999084472656
NLY,2024-03-06,19.420000076293945
NLY,2024-03-07,19.6200008392334
NLY,2024-03-08,19.639999389648438
NLY,2024-03-11,19.809999465942383
NLY,2024-03-12,19.770000457763672
NLY,2024-03-13,19.93000030517578
NLY,2024-03-14,19.40999984741211
NLY,2024-03-15,19.479999542236328
NLY,2024-03-18,19.479999542236328
NLY,2024-03-19,19.610000610351562
NLY,2024-03-20,19.850000381469727
NLY,2024-03-21,20.010000228881836
NLY,2024-03-22,19.959999084472656
NLY,2024-03-25,20.1200008392334
NLY,2024-03-26,19.729999542236328
NLY,2024-03-27,19.440000534057617
NLY,2024-03-28,19.690000534057617
NLY,2024-04-01,19.440000534057617
NLY,2024-04-02,19.299999237060547
NLY,2024-04-03,19.290000915527344
NLY,2024-04-04,19.209999084472656
NLY,2024-04-05,19.229999542236328
NLY,2024-04-08,19.31999969482422
NLY,2024-04-09,19.440000534057617
NLY,2024-04-10,18.59000015258789
NLY,2024-04-11,18.579999923706055
NLY,2024-04-12,18.440000534057617
NLY,2024-04-15,18.020000457763672
NLY,2024-04-16,17.709999084472656
NLY,2024-04-17,17.8799991607666
NLY,2024-04-18,17.989999771118164
NLY,2024-04-19,18.229999542236328
NLY,2024-04-22,18.329999923706055
NLY,2024-04-23,18.639999389648438
NLY,2024-04-24,18.579999923706055
NLY,2024-04-25,18.690000534057617
NLY,2024-04-26,18.8799991607666
NLY,2024-04-29,19.09000015258789
NLY,2024-04-30,18.739999771118164
NLY,2024-05-01,18.969999313354492
NLY,2024-05-02,19.06999969482422
NLY,2024-05-03,19.350000381469727
NLY,2024-05-06,19.6200008392334
NLY,2024-05-07,19.639999389648438
NLY,2024-05-08,19.68000030517578
NLY,2024-05-09,19.84000015258789
NLY,2024-05-10,19.969999313354492
NLY,2024-05-13,19.940000534057617
NLY,2024-05-14,20.15999984741211
NLY,2024-05-15,20.389999389648438
NLY,2024-05-16,20.31999969482422
NLY,2024-05-17,20.350000381469727
NLY,2024-05-20,20.1200008392334
NLY,2024-05-21,20.170000076293945
NLY,2024-05-22,19.889999389648438
NLY,2024-05-23,19.31999969482422
NLY,2024-05-24,19.479999542236328
NLY,2024-05-28,19.34000015258789
NLY,2024-05-29,19.219999313354492
NLY,2024-05-30,19.440000534057617
NLY,2024-05-31,19.700000762939453
NLY,2024-06-03,19.920000076293945
NLY,2024-06-04,19.780000686645508
NLY,2024-06-05,19.989999771118164
NLY,2024-06-06,19.90999984741211
NLY,2024-06-07,19.739999771118164
NLY,2024-06-10,19.649999618530273
NLY,2024-06-11,19.450000762939453
NLY,2024-06-12,19.8799991607666
NLY,2024-06-13,20.149999618530273
NLY,2024-06-14,20.219999313354492
NLY,2024-06-17,20.110000610351562
NLY,2024-06-18,19.920000076293945
NLY,2024-06-20,19.940000534057617
NLY,2024-06-21,19.989999771118164
NLY,2024-06-24,20.170000076293945
NLY,2024-06-25,20.049999237060547
NLY,2024-06-26,19.920000076293945
NLY,2024-06-27,19.68000030517578
NLY,2024-06-28,19.059999465942383
NLY,2024-07-01,18.65999984741211
NLY,2024-07-02,18.950000762939453
NLY,2024-07-03,18.950000762939453
NLY,2024-07-05,19.010000228881836
NLY,2024-07-08,18.989999771118164
NLY,2024-07-09,19.020000457763672
NLY,2024-07-10,19.3799991607666
NLY,2024-07-11,19.93000030517578
NLY,2024-07-12,20.420000076293945
NLY,2024-07-15,20.3799991607666
NLY,2024-07-16,20.729999542236328
NLY,2024-07-17,20.420000076293945
NLY,2024-07-18,20.139999389648438
NLY,2024-07-19,20.06999969482422
NLY,2024-07-22,20.219999313354492
NLY,2024-07-23,20.31999969482422
NLY,2024-07-24,19.899999618530273
NLY,2024-07-25,19.639999389648438
NLY,2024-07-26,19.860000610351562
NLY,2024-07-29,19.969999313354492
NLY,2024-07-30,20.110000610351562
NLY,2024-07-31,19.90999984741211
NLY,2024-08-01,19.8799991607666
NLY,2024-08-02,19.760000228881836
NLY,2024-08-05,19.229999542236328
NLY,2024-08-06,19.760000228881836
NLY,2024-08-07,19.739999771118164
NLY,2024-08-08,20.020000457763672
NLY,2024-08-09,20.020000457763672
NLY,2024-08-12,19.739999771118164
NLY,2024-08-13,19.829999923706055
NLY,2024-08-14,19.8799991607666
NLY,2024-08-15,19.959999084472656
NLY,2024-08-16,20.110000610351562
NLY,2024-08-19,20.309999465942383
NLY,2024-08-20,20.149999618530273
NLY,2024-08-21,20.059999465942383
NLY,2024-08-22,19.8799991607666
NLY,2024-08-23,20.010000228881836
NLY,2024-08-26,20.1299991607666
NLY,2024-08-27,19.950000762939453
NLY,2024-08-28,19.989999771118164
NLY,2024-08-29,20.049999237060547
NLY,2024-08-30,20.15999984741211
NLY,2024-09-03,20.100000381469727
NLY,2024-09-04,20.0
NLY,2024-09-05,20.139999389648438
NLY,2024-09-06,20.170000076293945
NLY,2024-09-09,20.219999313354492
NLY,2024-09-10,20.299999237060547
NLY,2024-09-11,20.219999313354492
NLY,2024-09-12,20.31999969482422
NLY,2024-09-13,20.450000762939453
NLY,2024-09-16,20.84000015258789
NLY,2024-09-17,20.709999084472656
NLY,2024-09-18,20.81999969482422
NLY,2024-09-19,20.799999237060547
NLY,2024-09-20,20.8799991607666
NLY,2024-09-23,20.309999465942383
NLY,2024-09-24,20.56999969482422
NLY,2024-09-25,20.299999237060547
NLY,2024-09-26,20.399999618530273
NLY,2024-09-27,20.65999984741211
NLY,2024-09-30,20.06999969482422
NLY,2024-10-01,19.649999618530273
NLY,2024-10-02,19.59000015258789
NLY,2024-10-03,19.670000076293945
NLY,2024-10-04,19.6299991607666
NLY,2024-10-07,19.360000610351562
NLY,2024-10-08,19.670000076293945
NLY,2024-10-09,19.670000076293945
NLY,2024-10-10,19.81999969482422
NLY,2024-10-11,19.6299991607666
NLY,2024-10-14,19.770000457763672
NLY,2024-10-15,19.959999084472656
NLY,2024-10-16,20.15999984741211
NLY,2024-10-17,20.149999618530273
NLY,2024-10-18,20.280000686645508
NLY,2024-10-21,19.860000610351562
NLY,2024-10-22,19.639999389648438
NLY,2024-10-23,19.549999237060547
NLY,2024-10-24,19.700000762939453
NLY,2024-10-25,19.489999771118164
NLY,2024-10-28,19.18000030517578
NLY,2024-10-29,19.18000030517578
NLY,2024-10-30,19.329999923706055
NLY,2024-10-31,19.010000228881836
NLY,2024-11-01,18.959999084472656
NLY,2024-11-04,19.040000915527344
NLY,2024-11-05,19.270000457763672
NLY,2024-11-06,19.049999237060547
NLY,2024-11-07,19.469999313354492
NLY,2024-11-08,19.829999923706055
NLY,2024-11-11,19.829999923706055
NLY,2024-11-12,19.479999542236328
NLY,2024-11-13,19.6200008392334
NLY,2024-11-14,19.59000015258789
NLY,2024-11-15,19.690000534057617
NLY,2024-11-18,19.719999313354492
NLY,2024-11-19,19.75
NLY,2024-11-20,19.469999313354492
NLY,2024-11-21,19.780000686645508
NLY,2024-11-22,19.809999465942383
NLY,2024-11-25,19.889999389648438
NLY,2024-11-26,19.709999084472656
NLY,2024-11-27,19.81999969482422
NLY,2024-11-29,19.93000030517578
NLY,2024-12-02,19.920000076293945
NLY,2024-12-03,19.739999771118164
NLY,2024-12-04,19.6299991607666
NLY,2024-12-05,19.600000381469727
NLY,2024-12-06,19.84000015258789
NLY,2024-12-09,19.889999389648438
NLY,2024-12-10,19.809999465942383
NLY,2024-12-11,19.760000228881836
NLY,2024-12-12,19.760000228881836
NLY,2024-12-13,19.780000686645508
NLY,2024-12-16,19.760000228881836
NLY,2024-12-17,19.479999542236328
NLY,2024-12-18,18.84000015258789
NLY,2024-12-19,18.770000457763672
NLY,2024-12-20,19.020000457763672
NLY,2024-12-23,18.940000534057617
NLY,2024-12-24,19.139999389648438
NLY,2024-12-26,18.979999542236328
NLY,2024-12-27,18.940000534057617
NLY,2024-12-30,18.709999084472656
NLY,2024-12-31,18.299999237060547
NLY,2025-01-02,18.3799991607666
NLY,2025-01-03,18.979999542236328
NLY,2025-01-06,18.799999237060547
NLY,2025-01-07,18.639999389648438
NLY,2025-01-08,18.510000228881836
NLY,2025-01-10,18.139999389648438
NLY,2025-01-13,18.1200008392334
NLY,2025-01-14,18.389999389648438
NLY,2025-01-15,18.729999542236328
NLY,2025-01-16,19.15999984741211
NLY,2025-01-17,19.31999969482422
NLY,2025-01-21,19.489999771118164
NLY,2025-01-22,19.350000381469727
NLY,2025-01-23,19.350000381469727
NLY,2025-01-24,19.479999542236328
NLY,2025-01-27,19.84000015258789
NLY,2025-01-28,19.899999618530273
NLY,2025-01-29,19.760000228881836
NLY,2025-01-30,20.469999313354492
NLY,2025-01-31,20.40999984741211
NLY,2025-02-03,20.209999084472656
NLY,2025-02-04,20.5
NLY,2025-02-05,20.540000915527344
NLY,2025-02-06,20.690000534057617
NLY,2025-02-07,20.530000686645508
NLY,2025-02-10,20.690000534057617
NLY,2025-02-11,20.760000228881836
NLY,2025-02-12,20.700000762939453
NLY,2025-02-13,20.93000030517578
NLY,2025-02-14,21.229999542236328
NLY,2025-02-18,21.40999984741211
NLY,2025-02-19,21.549999237060547
NLY,2025-02-20,21.729999542236328
NLY,2025-02-21,21.6299991607666
NLY,2025-02-24,21.579999923706055
NLY,2025-02-25,21.65999984741211
NLY,2025-02-26,21.8799991607666
NLY,2025-02-27,21.729999542236328
NLY,2025-02-28,21.959999084472656
NLY,2025-03-03,21.639999389648438
NLY,2025-03-04,21.40999984741211
NLY,2025-03-05,21.690000534057617
NLY,2025-03-06,21.309999465942383
NLY,2025-03-07,21.850000381469727
NLY,2025-03-10,21.670000076293945
NLY,2025-03-11,20.969999313354492
NLY,2025-03-12,21.170000076293945
NLY,2025-03-13,21.100000381469727
NLY,2025-03-14,21.610000610351562
NLY,2025-03-17,21.84000015258789
NLY,2025-03-18,21.920000076293945
NLY,2025-03-19,21.799999237060547
NLY,2025-03-20,21.760000228881836
NLY,2025-03-21,21.68000030517578
NLY,2025-03-24,21.610000610351562
NLY,2025-03-25,21.389999389648438
NLY,2025-03-26,21.149999618530273
NLY,2025-03-27,21.09000015258789
NLY,2025-03-28,20.65999984741211
NLY,2025-03-31,20.309999465942383
NLY,2025-04-01,20.09000015258789
NLY,2025-04-02,20.1200008392334
NLY,2025-04-03,19.6299991607666
NLY,2025-04-04,18.829999923706055
NLY,2025-04-07,18.1299991607666
NLY,2025-04-08,17.850000381469727
NLY,2025-04-09,18.81999969482422
NLY,2025-04-10,17.299999237060547
NLY,2025-04-11,17.5
NLY,2025-04-14,17.829999923706055
NLY,2025-04-15,17.959999084472656
NLY,2025-04-16,17.6299991607666
NLY,2025-04-17,17.899999618530273
NLY,2025-04-21,17.59000015258789
NLY,2025-04-22,18.34000015258789
NLY,2025-04-23,18.65999984741211
NLY,2025-04-24,18.920000076293945
NLY,2025-04-25,19.209999084472656
NLY,2025-04-28,19.489999771118164
NLY,2025-04-29,19.6200008392334
NLY,2025-04-30,19.600000381469727
NLY,2025-05-01,19.420000076293945
NLY,2025-05-02,19.31999969482422
NLY,2025-05-05,19.260000228881836
NLY,2025-05-06,19.020000457763672
NLY,2025-05-07,19.1299991607666
NLY,2025-05-08,19.280000686645508
NLY,2025-05-09,19.229999542236328
NLY,2025-05-12,19.489999771118164
NLY,2025-05-13,19.559999465942383
NLY,2025-05-14,19.530000686645508
NLY,2025-05-15,19.709999084472656
NLY,2025-05-16,19.8700008392334
NLY,2025-05-19,19.770000457763672
NLY,2025-05-20,19.690000534057617
NLY,2025-05-21,18.780000686645508
NLY,2025-05-22,18.729999542236328
NLY,2025-05-23,18.790000915527344
NLY,2025-05-27,19.0
NLY,2025-05-28,19.079999923706055
NLY,2025-05-29,19.18000030517578
NLY,2025-05-30,18.950000762939453
NLY,2025-06-02,18.690000534057617
NLY,2025-06-03,18.93000030517578
NLY,2025-06-04,18.989999771118164
NLY,2025-06-05,18.8799991607666
NLY,2025-06-06,19.059999465942383
NLY,2025-06-09,19.190000534057617
NLY,2025-06-10,19.3700008392334
NLY,2025-06-11,19.31999969482422
NLY,2025-06-12,19.479999542236328
NLY,2025-06-13,19.18000030517578
NLY,2025-06-16,19.219999313354492
NLY,2025-06-17,19.030000686645508
NLY,2025-06-18,19.18000030517578
NLY,2025-06-20,19.1299991607666
NLY,2025-06-23,19.139999389648438
NLY,2025-06-24,19.360000610351562
NLY,2025-06-25,19.239999771118164
NLY,2025-06-26,19.459999084472656
NLY,2025-06-27,19.40999984741211
NLY,2025-06-30,18.81999969482422
NLY,2025-07-01,19.040000915527344
NLY,2025-07-02,19.31999969482422
NLY,2025-07-03,19.489999771118164
NLY,2025-07-07,19.31999969482422
NLY,2025-07-08,19.510000228881836
NLY,2025-07-09,19.719999313354492
NLY,2025-07-10,19.809999465942383
NLY,2025-07-11,19.719999313354492
NLY,2025-07-14,19.649999618530273
NLY,2025-07-15,19.469999313354492
NLY,2025-07-16,19.690000534057617
NLY,2025-07-17,19.719999313354492
NLY,2025-07-18,19.8700008392334
NLY,2025-07-21,19.959999084472656
NLY,2025-07-22,20.399999618530273
NLY,2025-07-23,20.450000762939453
NLY,2025-07-24,20.559999465942383
NLY,2025-07-25,20.860000610351562
NLY,2025-07-28,20.68000030517578
NLY,2025-07-29,20.81999969482422
NLY,2025-07-30,20.56999969482422
NLY,2025-07-31,20.329999923706055
NLY,2025-08-01,20.510000228881836
NLY,2025-08-04,20.90999984741211
NLY,2025-08-05,20.790000915527344
NLY,2025-08-06,20.579999923706055
NLY,2025-08-07,20.579999923706055
NLY,2025-08-08,20.600000381469727
NLY,2025-08-11,20.40999984741211
NLY,2025-08-12,20.600000381469727
NLY,2025-08-13,20.860000610351562
NLY,2025-08-14,20.829999923706055
NLY,2025-08-15,20.829999923706055
NLY,2025-08-18,20.649999618530273
NLY,2025-08-19,20.739999771118164
NLY,2025-08-20,20.90999984741211
NLY,2025-08-21,20.540000915527344
NLY,2025-08-22,21.1299991607666
NLY,2025-08-25,21.049999237060547
NLY,2025-08-26,21.079999923706055
NLY,2025-08-27,20.969999313354492
NLY,2025-08-28,20.989999771118164
NLY,2025-08-29,21.190000534057617
NLY,2025-09-02,21.049999237060547
NLY,2025-09-03,21.489999771118164
NLY,2025-09-04,21.799999237060547
NLY,2025-09-05,22.09000015258789
NLY,2025-09-08,22.15999984741211
NLY,2025-09-09,22.270000457763672
NLY,2025-09-10,22.100000381469727
NLY,2025-09-11,22.149999618530273
NLY,2025-09-12,22.0
NLY,2025-09-15,22.06999969482422
NLY,2025-09-16,21.84000015258789
NLY,2025-09-17,21.899999618530273
NLY,2025-09-18,21.700000762939453
NLY,2025-09-19,21.350000381469727
NLY,2025-09-22,20.8700008392334
NLY,2025-09-23,20.959999084472656
NLY,2025-09-24,20.799999237060547
NLY,2025-09-25,20.81999969482422
NLY,2025-09-26,21.040000915527344
NLY,2025-09-29,20.920000076293945
NLY,2025-09-30,20.209999084472656
NLY,2025-10-01,20.6299991607666
NLY,2025-10-02,20.700000762939453
NLY,2025-10-03,20.760000228881836
NLY,2025-10-06,20.450000762939453
NLY,2025-10-07,20.600000381469727
NLY,2025-10-08,20.950000762939453
NLY,2025-10-09,20.889999389648438
NLY,2025-10-10,20.530000686645508
NLY,2025-10-13,20.799999237060547
NLY,2025-10-14,20.719999313354492
NLY,2025-10-15,20.799999237060547
NLY,2025-10-16,20.510000228881836
NLY,2025-10-17,20.799999237060547
NLY,2025-10-20,21.110000610351562
NLY,2025-10-21,21.049999237060547
NLY,2025-10-22,21.299999237060547
NLY,2025-10-23,20.889999389648438
NLY,2025-10-24,20.950000762939453
NLY,2025-10-27,21.15999984741211
NLY,2025-10-28,21.059999465942383
NLY,2025-10-29,20.65999984741211
NLY,2025-10-30,20.739999771118164
NLY,2025-10-31,21.170000076293945
NLY,2025-11-03,21.299999237060547
NLY,2025-11-04,21.510000228881836
NLY,2025-11-05,21.700000762939453
NLY,2025-11-06,21.610000610351562
NLY,2025-11-07,21.899999618530273
NLY,2025-11-10,21.700000762939453
NLY,2025-11-11,22.0
NLY,2025-11-12,21.799999237060547
NLY,2025-11-13,21.780000686645508
NLY,2025-11-14,21.649999618530273
NLY,2025-11-17,21.5
NLY,2025-11-18,21.559999465942383
NLY,2025-11-19,21.600000381469727
NLY,2025-11-20,21.6200008392334
NLY,2025-11-21,21.989999771118164
NLY,2025-11-24,21.920000076293945
NLY,2025-11-25,22.440000534057617
NLY,2025-11-26,22.670000076293945
NLY,2025-11-28,22.799999237060547
NLY,2025-12-01,22.8799991607666
NLY,2025-12-02,22.809999465942383
NLY,2025-12-03,22.81999969482422
NLY,2025-12-04,22.770000457763672
NLY,2025-12-05,22.8700008392334
NLY,2025-12-08,22.6200008392334
NLY,2025-12-09,22.290000915527344
NLY,2025-12-10,22.389999389648438
NLY,2025-12-11,22.229999542236328
NLY,2025-12-12,22.170000076293945
NLY,2025-12-15,22.360000610351562
NLY,2025-12-16,22.1200008392334
NLY,2025-12-17,22.420000076293945
NLY,2025-12-18,22.600000381469727
NLY,2025-12-19,22.700000762939453
NLY,2025-12-22,23.260000228881836
NLY,2025-12-23,22.940000534057617
NLY,2025-12-24,23.229999542236328
NLY,2025-12-26,23.139999389648438
NLY,2025-12-29,23.010000228881836
NLY,2025-12-30,23.030000686645508
NLY,2025-12-31,22.360000610351562
NLY,2026-01-02,22.899999618530273
NLY,2026-01-05,22.770000457763672
NLY,2026-01-06,23.229999542236328
NLY,2026-01-07,23.040000915527344
NLY,2026-01-08,23.260000228881836
NLY,2026-01-09,23.299999237060547
NLY,2026-01-12,23.190000534057617
NLY,2026-01-13,23.18000030517578
NLY,2026-01-14,23.329999923706055
NLY,2026-01-15,23.829999923706055
NLY,2026-01-16,24.399999618530273
NLY,2026-01-20,23.719999313354492
NLY,2026-01-21,23.84000015258789
NLY,2026-01-22,23.860000610351562
NLY,2026-01-23,23.8799991607666
NLY,2026-01-26,23.8700008392334
NLY,2026-01-27,24.360000610351562
NLY,2026-01-28,24.25
NLY,2026-01-29,24.0
NLY,2026-01-30,23.010000228881836
NLY,2026-02-02,22.540000915527344
NLY,2026-02-03,22.829999923706055
NLY,2026-02-04,23.049999237060547
NLY,2026-02-05,22.979999542236328
NLY,2026-02-06,22.850000381469727
NLY,2026-02-09,22.6299991607666
NLY,2026-02-10,22.6299991607666
NLY,2026-02-11,22.809999465942383
NLY,2026-02-12,22.93000030517578
NLY,2026-02-13,23.06999969482422
NLY,2026-02-17,22.979999542236328
NLY,2026-02-18,23.0
NLY,2026-02-19,22.979999542236328
NLY,2026-02-20,23.020000457763672
NLY,2026-02-23,22.81999969482422
NLY,2026-02-24,23.020000457763672
NLY,2026-02-25,23.010000228881836
NLY,2026-02-26,23.280000686645508
NLY,2026-02-27,23.239999771118164
NLY,2026-03-02,23.209999084472656
NLY,2026-03-03,23.040000915527344
NLY,2026-03-04,22.950000762939453
NLY,2026-03-05,22.969999313354492
NLY,2026-03-06,22.40999984741211
NLY,2026-03-09,22.190000534057617
NLY,2026-03-10,22.5
NLY,2026-03-11,22.459999084472656
NLY,2026-03-12,22.010000228881836
NLY,2026-03-13,21.860000610351562
NLY,2026-03-16,22.040000915527344
NLY,2026-03-17,22.219999313354492
NLY,2026-03-18,21.920000076293945
NLY,2026-03-19,21.93000030517578
NLY,2026-03-20,20.790000915527344
NLY,2026-03-23,21.229999542236328
NLY,2026-03-24,21.079999923706055
NLY,2026-03-25,21.40999984741211
NLY,2026-03-26,21.059999465942383
NLY,2026-03-27,20.770000457763672
NLY,2026-03-30,21.260000228881836
NLY,2026-03-31,21.149999618530273
NLY,2026-04-01,21.1299991607666
NLY,2026-04-02,21.3700008392334
NLY,2026-04-06,21.420000076293945
NLY,2026-04-07,21.229999542236328
NLY,2026-04-08,21.799999237060547
NLY,2026-04-09,22.100000381469727
NLY,2026-04-10,22.139999389648438
NLY,2026-04-13,22.219999313354492
NLY,2026-04-14,22.399999618530273
NLY,2026-04-15,22.639999389648438
NLY,2026-04-16,22.139999389648438
NLY,2026-04-17,22.799999237060547
NLY,2026-04-20,22.649999618530273
NLY,2026-04-21,22.600000381469727
NLY,2026-04-22,22.6299991607666
NLY,2026-04-23,22.43000030517578
NLY,2026-04-24,22.75
NLY,2026-04-27,22.84000015258789
NLY,2026-04-28,22.829999923706055
NLY,2026-04-29,22.540000915527344
NLY,2026-04-30,22.899999618530273
NLY,2026-05-01,22.81999969482422
NLY,2026-05-04,22.350000381469727
NLY,2026-05-05,22.3799991607666
NLY,2026-05-06,22.540000915527344
NLY,2026-05-07,22.3799991607666
NLY,2026-05-08,22.610000610351562
NLY,2026-05-11,22.440000534057617
NLY,2026-05-12,22.299999237060547
NLY,2026-05-13,22.15999984741211
NLY,2026-05-14,21.989999771118164
NLY,2026-05-15,21.68000030517578
NLY,2026-05-18,21.549999237060547
NLY,2026-05-19,21.280000686645508
NLY,2026-05-20,21.559999465942383
NLY,2026-05-21,21.6299991607666
NLY,2026-05-22,21.450000762939453
NLY,2026-05-26,21.610000610351562
NLY,2026-05-27,21.65999984741211
NLY,2026-05-28,21.600000381469727
NLY,2026-05-29,21.850000381469727
NLY,2026-06-01,21.510000228881836
NLY,2026-06-02,21.299999237060547
NLY,2026-06-03,21.170000076293945
NLY,2026-06-04,21.270000457763672
NLY,2026-06-05,21.219999313354492
NLY,2026-06-08,20.959999084472656
NLY,2026-06-09,21.709999084472656
NLY,2026-06-10,21.40999984741211
NLY,2026-06-11,22.010000228881836
NLY,2026-06-12,22.0
NLY,2026-06-15,22.239999771118164
NLY,2026-06-16,22.59000015258789
NLY,2026-06-17,22.15999984741211
NLY,2026-06-18,22.209999084472656
NLY,2026-06-22,22.15999984741211
NLY,2026-06-23,22.270000457763672
NLY,2026-06-24,22.309999465942383
NLY,2026-06-25,22.559999465942383
NLY,2026-06-26,22.950000762939453
NLY,2026-06-29,23.149999618530273
NLY,2026-06-30,22.360000610351562
NLY,2026-07-01,22.200000762939453
NLY,2026-07-02,22.559999465942383
NLY,2026-07-06,22.989999771118164
NLY,2026-07-07,22.690000534057617
NLY,2026-07-08,22.530000686645508
NLY,2026-07-09,22.729999542236328
NLY,2026-07-10,22.860000610351562
NLY,2026-07-13,22.530000686645508
NLY,2026-07-14,23.010000228881836
NLY,2026-07-15,23.15999984741211
NLY,2026-07-16,23.420000076293945
NLY,2026-07-17,23.010000228881836
NLY,2026-07-20,22.700000762939453
NLY,2026-07-21,22.649999618530273
NLY,2026-07-22,22.420000076293945
NLY,2026-07-23,22.309999465942383
NLY,2026-07-24,22.450000762939453
NLY,2026-07-27,22.56999969482422
NLY,2026-07-28,23.200000762939453
NLY,2026-07-29,23.049999237060547
NLY,2026-07-30,23.079999923706055
NLY,2026-07-31,22.719999313354492
NLY,2026-08-03,22.780000686645508
NLY,2026-08-04,22.75
NLY,2026-08-05,22.670000076293945
NLY,2026-08-06,22.65999984741211
NLY,2026-08-07,23.040000915527344
NLY,2026-08-10,22.90999984741211
NLY,2026-08-11,23.139999389648438
NLY,2026-08-12,23.110000610351562
NLY,2026-08-13,23.389999389648438
NLY,2026-08-14,23.329999923706055
NLY,2026-08-17,23.3700008392334
NLY,2026-08-18,23.399999618530273
NLY,2026-08-19,23.739999771118164
ORC,2021-01-04,25.600000381469727
ORC,2021-01-05,25.450000762939453
ORC,2021-01-06,26.049999237060547
ORC,2021-01-07,26.299999237060547
ORC,2021-01-08,26.399999618530273
ORC,2021-01-11,26.299999237060547
ORC,2021-01-12,26.200000762939453
ORC,2021-01-13,26.25
ORC,2021-01-14,26.799999237060547
ORC,2021-01-15,27.100000381469727
ORC,2021-01-19,27.399999618530273
ORC,2021-01-20,27.649999618530273
ORC,2021-01-21,26.899999618530273
ORC,2021-01-22,26.850000381469727
ORC,2021-01-25,27.25
ORC,2021-01-26,27.549999237060547
ORC,2021-01-27,27.200000762939453
ORC,2021-01-28,26.700000762939453
ORC,2021-01-29,25.850000381469727
ORC,2021-02-01,25.950000762939453
ORC,2021-02-02,26.799999237060547
ORC,2021-02-03,26.649999618530273
ORC,2021-02-04,26.950000762939453
ORC,2021-02-05,27.600000381469727
ORC,2021-02-08,27.799999237060547
ORC,2021-02-09,27.899999618530273
ORC,2021-02-10,27.899999618530273
ORC,2021-02-11,27.950000762939453
ORC,2021-02-12,28.25
ORC,2021-02-16,28.75
ORC,2021-02-17,28.049999237060547
ORC,2021-02-18,27.799999237060547
ORC,2021-02-19,28.450000762939453
ORC,2021-02-22,28.75
ORC,2021-02-23,28.649999618530273
ORC,2021-02-24,29.25
ORC,2021-02-25,28.200000762939453
ORC,2021-02-26,28.649999618530273
ORC,2021-03-01,28.899999618530273
ORC,2021-03-02,28.950000762939453
ORC,2021-03-03,28.399999618530273
ORC,2021-03-04,27.950000762939453
ORC,2021-03-05,27.649999618530273
ORC,2021-03-08,28.350000381469727
ORC,2021-03-09,28.649999618530273
ORC,2021-03-10,28.950000762939453
ORC,2021-03-11,29.200000762939453
ORC,2021-03-12,29.450000762939453
ORC,2021-03-15,30.200000762939453
ORC,2021-03-16,29.600000381469727
ORC,2021-03-17,30.100000381469727
ORC,2021-03-18,29.549999237060547
ORC,2021-03-19,30.100000381469727
ORC,2021-03-22,30.149999618530273
ORC,2021-03-23,29.649999618530273
ORC,2021-03-24,29.149999618530273
ORC,2021-03-25,29.799999237060547
ORC,2021-03-26,29.950000762939453
ORC,2021-03-29,29.799999237060547
ORC,2021-03-30,29.75
ORC,2021-03-31,30.049999237060547
ORC,2021-04-01,30.049999237060547
ORC,2021-04-05,29.850000381469727
ORC,2021-04-06,29.950000762939453
ORC,2021-04-07,30.049999237060547
ORC,2021-04-08,30.149999618530273
ORC,2021-04-09,30.149999618530273
ORC,2021-04-12,30.549999237060547
ORC,2021-04-13,30.850000381469727
ORC,2021-04-14,30.700000762939453
ORC,2021-04-15,27.200000762939453
ORC,2021-04-16,26.899999618530273
ORC,2021-04-19,26.149999618530273
ORC,2021-04-20,25.850000381469727
ORC,2021-04-21,26.5
ORC,2021-04-22,26.549999237060547
ORC,2021-04-23,26.950000762939453
ORC,2021-04-26,27.25
ORC,2021-04-27,27.450000762939453
ORC,2021-04-28,27.899999618530273
ORC,2021-04-29,27.25
ORC,2021-04-30,27.5
ORC,2021-05-03,27.700000762939453
ORC,2021-05-04,27.399999618530273
ORC,2021-05-05,27.649999618530273
ORC,2021-05-06,27.5
ORC,2021-05-07,27.799999237060547
ORC,2021-05-10,27.299999237060547
ORC,2021-05-11,27.200000762939453
ORC,2021-05-12,26.299999237060547
ORC,2021-05-13,26.75
ORC,2021-05-14,27.149999618530273
ORC,2021-05-17,27.549999237060547
ORC,2021-05-18,27.600000381469727
ORC,2021-05-19,27.5
ORC,2021-05-20,27.799999237060547
ORC,2021-05-21,27.950000762939453
ORC,2021-05-24,28.0
ORC,2021-05-25,27.600000381469727
ORC,2021-05-26,27.5
ORC,2021-05-27,27.350000381469727
ORC,2021-05-28,27.350000381469727
ORC,2021-06-01,27.600000381469727
ORC,2021-06-02,27.549999237060547
ORC,2021-06-03,27.5
ORC,2021-06-04,27.600000381469727
ORC,2021-06-07,27.850000381469727
ORC,2021-06-08,28.100000381469727
ORC,2021-06-09,28.25
ORC,2021-06-10,28.799999237060547
ORC,2021-06-11,27.899999618530273
ORC,2021-06-14,28.399999618530273
ORC,2021-06-15,27.899999618530273
ORC,2021-06-16,28.200000762939453
ORC,2021-06-17,27.399999618530273
ORC,2021-06-18,26.899999618530273
ORC,2021-06-21,27.350000381469727
ORC,2021-06-22,27.549999237060547
ORC,2021-06-23,27.350000381469727
ORC,2021-06-24,27.0
ORC,2021-06-25,27.0
ORC,2021-06-28,26.899999618530273
ORC,2021-06-29,26.149999618530273
ORC,2021-06-30,25.950000762939453
ORC,2021-07-01,26.100000381469727
ORC,2021-07-02,25.75
ORC,2021-07-06,25.850000381469727
ORC,2021-07-07,25.5
ORC,2021-07-08,25.299999237060547
ORC,2021-07-09,26.350000381469727
ORC,2021-07-12,26.350000381469727
ORC,2021-07-13,25.200000762939453
ORC,2021-07-14,25.149999618530273
ORC,2021-07-15,25.399999618530273
ORC,2021-07-16,25.25
ORC,2021-07-19,24.850000381469727
ORC,2021-07-20,25.299999237060547
ORC,2021-07-21,25.649999618530273
ORC,2021-07-22,25.399999618530273
ORC,2021-07-23,25.299999237060547
ORC,2021-07-26,25.600000381469727
ORC,2021-07-27,25.5
ORC,2021-07-28,25.549999237060547
ORC,2021-07-29,25.5
ORC,2021-07-30,24.75
ORC,2021-08-02,24.899999618530273
ORC,2021-08-03,24.5
ORC,2021-08-04,24.299999237060547
ORC,2021-08-05,24.5
ORC,2021-08-06,24.700000762939453
ORC,2021-08-09,24.600000381469727
ORC,2021-08-10,24.899999618530273
ORC,2021-08-11,25.149999618530273
ORC,2021-08-12,25.200000762939453
ORC,2021-08-13,25.299999237060547
ORC,2021-08-16,25.299999237060547
ORC,2021-08-17,25.149999618530273
ORC,2021-08-18,25.149999618530273
ORC,2021-08-19,24.5
ORC,2021-08-20,25.299999237060547
ORC,2021-08-23,25.549999237060547
ORC,2021-08-24,25.75
ORC,2021-08-25,25.600000381469727
ORC,2021-08-26,25.450000762939453
ORC,2021-08-27,25.600000381469727
ORC,2021-08-30,25.0
ORC,2021-08-31,25.100000381469727
ORC,2021-09-01,25.049999237060547
ORC,2021-09-02,25.149999618530273
ORC,2021-09-03,25.149999618530273
ORC,2021-09-07,25.100000381469727
ORC,2021-09-08,25.0
ORC,2021-09-09,25.149999618530273
ORC,2021-09-10,25.100000381469727
ORC,2021-09-13,25.299999237060547
ORC,2021-09-14,25.299999237060547
ORC,2021-09-15,25.100000381469727
ORC,2021-09-16,25.149999618530273
ORC,2021-09-17,25.0
ORC,2021-09-20,24.75
ORC,2021-09-21,24.850000381469727
ORC,2021-09-22,25.0
ORC,2021-09-23,25.149999618530273
ORC,2021-09-24,25.149999618530273
ORC,2021-09-27,25.049999237060547
ORC,2021-09-28,25.0
ORC,2021-09-29,24.600000381469727
ORC,2021-09-30,24.450000762939453
ORC,2021-10-01,24.700000762939453
ORC,2021-10-04,24.700000762939453
ORC,2021-10-05,24.75
ORC,2021-10-06,24.850000381469727
ORC,2021-10-07,25.0
ORC,2021-10-08,25.100000381469727
ORC,2021-10-11,25.100000381469727
ORC,2021-10-12,25.299999237060547
ORC,2021-10-13,25.049999237060547
ORC,2021-10-14,25.0
ORC,2021-10-15,25.0
ORC,2021-10-18,24.950000762939453
ORC,2021-10-19,25.0
ORC,2021-10-20,25.049999237060547
ORC,2021-10-21,25.0
ORC,2021-10-22,24.950000762939453
ORC,2021-10-25,25.100000381469727
ORC,2021-10-26,25.100000381469727
ORC,2021-10-27,25.100000381469727
ORC,2021-10-28,24.75
ORC,2021-10-29,24.799999237060547
ORC,2021-11-01,24.950000762939453
ORC,2021-11-02,24.799999237060547
ORC,2021-11-03,24.899999618530273
ORC,2021-11-04,24.899999618530273
ORC,2021-11-05,25.0
ORC,2021-11-08,24.950000762939453
ORC,2021-11-09,25.0
ORC,2021-11-10,24.549999237060547
ORC,2021-11-11,24.600000381469727
ORC,2021-11-12,24.600000381469727
ORC,2021-11-15,24.649999618530273
ORC,2021-11-16,24.600000381469727
ORC,2021-11-17,24.399999618530273
ORC,2021-11-18,24.600000381469727
ORC,2021-11-19,24.399999618530273
ORC,2021-11-22,24.0
ORC,2021-11-23,24.0
ORC,2021-11-24,24.25
ORC,2021-11-26,24.0
ORC,2021-11-29,23.700000762939453
ORC,2021-11-30,22.600000381469727
ORC,2021-12-01,21.75
ORC,2021-12-02,22.200000762939453
ORC,2021-12-03,21.700000762939453
ORC,2021-12-06,22.049999237060547
ORC,2021-12-07,22.350000381469727
ORC,2021-12-08,22.75
ORC,2021-12-09,22.75
ORC,2021-12-10,22.850000381469727
ORC,2021-12-13,22.450000762939453
ORC,2021-12-14,22.25
ORC,2021-12-15,22.450000762939453
ORC,2021-12-16,22.399999618530273
ORC,2021-12-17,21.850000381469727
ORC,2021-12-20,21.450000762939453
ORC,2021-12-21,22.350000381469727
ORC,2021-12-22,22.75
ORC,2021-12-23,23.25
ORC,2021-12-27,23.350000381469727
ORC,2021-12-28,23.5
ORC,2021-12-29,23.549999237060547
ORC,2021-12-30,23.0
ORC,2021-12-31,22.5
ORC,2022-01-03,23.25
ORC,2022-01-04,23.200000762939453
ORC,2022-01-05,22.850000381469727
ORC,2022-01-06,23.049999237060547
ORC,2022-01-07,23.149999618530273
ORC,2022-01-10,23.049999237060547
ORC,2022-01-11,23.149999618530273
ORC,2022-01-12,23.100000381469727
ORC,2022-01-13,22.899999618530273
ORC,2022-01-14,21.100000381469727
ORC,2022-01-18,20.549999237060547
ORC,2022-01-19,20.200000762939453
ORC,2022-01-20,20.0
ORC,2022-01-21,19.350000381469727
ORC,2022-01-24,19.350000381469727
ORC,2022-01-25,19.75
ORC,2022-01-26,19.75
ORC,2022-01-27,19.549999237060547
ORC,2022-01-28,19.450000762939453
ORC,2022-01-31,20.149999618530273
ORC,2022-02-01,19.950000762939453
ORC,2022-02-02,19.649999618530273
ORC,2022-02-03,19.299999237060547
ORC,2022-02-04,19.299999237060547
ORC,2022-02-07,20.0
ORC,2022-02-08,19.950000762939453
ORC,2022-02-09,19.950000762939453
ORC,2022-02-10,19.549999237060547
ORC,2022-02-11,19.549999237060547
ORC,2022-02-14,19.049999237060547
ORC,2022-02-15,19.399999618530273
ORC,2022-02-16,19.399999618530273
ORC,2022-02-17,19.049999237060547
ORC,2022-02-18,19.0
ORC,2022-02-22,18.25
ORC,2022-02-23,17.799999237060547
ORC,2022-02-24,18.25
ORC,2022-02-25,16.950000762939453
ORC,2022-02-28,16.450000762939453
ORC,2022-03-01,15.800000190734863
ORC,2022-03-02,16.049999237060547
ORC,2022-03-03,16.049999237060547
ORC,2022-03-04,15.899999618530273
ORC,2022-03-07,16.350000381469727
ORC,2022-03-08,16.899999618530273
ORC,2022-03-09,17.350000381469727
ORC,2022-03-10,17.399999618530273
ORC,2022-03-11,17.200000762939453
ORC,2022-03-14,17.049999237060547
ORC,2022-03-15,17.100000381469727
ORC,2022-03-16,17.100000381469727
ORC,2022-03-17,16.450000762939453
ORC,2022-03-18,16.25
ORC,2022-03-21,15.949999809265137
ORC,2022-03-22,16.450000762939453
ORC,2022-03-23,16.200000762939453
ORC,2022-03-24,16.299999237060547
ORC,2022-03-25,16.75
ORC,2022-03-28,16.799999237060547
ORC,2022-03-29,17.149999618530273
ORC,2022-03-30,16.450000762939453
ORC,2022-03-31,16.25
ORC,2022-04-01,16.450000762939453
ORC,2022-04-04,16.299999237060547
ORC,2022-04-05,15.800000190734863
ORC,2022-04-06,15.350000381469727
ORC,2022-04-07,15.100000381469727
ORC,2022-04-08,15.300000190734863
ORC,2022-04-11,15.199999809265137
ORC,2022-04-12,15.100000381469727
ORC,2022-04-13,15.25
ORC,2022-04-14,15.350000381469727
ORC,2022-04-18,15.199999809265137
ORC,2022-04-19,14.600000381469727
ORC,2022-04-20,14.899999618530273
ORC,2022-04-21,14.800000190734863
ORC,2022-04-22,14.550000190734863
ORC,2022-04-25,14.75
ORC,2022-04-26,14.300000190734863
ORC,2022-04-27,14.5
ORC,2022-04-28,14.350000381469727
ORC,2022-04-29,13.899999618530273
ORC,2022-05-02,14.600000381469727
ORC,2022-05-03,14.850000381469727
ORC,2022-05-04,15.100000381469727
ORC,2022-05-05,14.949999809265137
ORC,2022-05-06,15.050000190734863
ORC,2022-05-09,14.649999618530273
ORC,2022-05-10,14.600000381469727
ORC,2022-05-11,14.350000381469727
ORC,2022-05-12,14.300000190734863
ORC,2022-05-13,14.75
ORC,2022-05-16,14.800000190734863
ORC,2022-05-17,14.800000190734863
ORC,2022-05-18,14.75
ORC,2022-05-19,14.600000381469727
ORC,2022-05-20,14.699999809265137
ORC,2022-05-23,15.100000381469727
ORC,2022-05-24,15.399999618530273
ORC,2022-05-25,15.550000190734863
ORC,2022-05-26,15.850000381469727
ORC,2022-05-27,15.25
ORC,2022-05-31,15.600000381469727
ORC,2022-06-01,15.649999618530273
ORC,2022-06-02,15.75
ORC,2022-06-03,15.75
ORC,2022-06-06,15.800000190734863
ORC,2022-06-07,15.949999809265137
ORC,2022-06-08,15.699999809265137
ORC,2022-06-09,15.75
ORC,2022-06-10,15.399999618530273
ORC,2022-06-13,13.850000381469727
ORC,2022-06-14,13.550000190734863
ORC,2022-06-15,13.300000190734863
ORC,2022-06-16,12.399999618530273
ORC,2022-06-17,13.149999618530273
ORC,2022-06-21,13.649999618530273
ORC,2022-06-22,13.949999809265137
ORC,2022-06-23,14.25
ORC,2022-06-24,14.550000190734863
ORC,2022-06-27,14.649999618530273
ORC,2022-06-28,14.550000190734863
ORC,2022-06-29,14.0
ORC,2022-06-30,14.25
ORC,2022-07-01,14.649999618530273
ORC,2022-07-05,14.699999809265137
ORC,2022-07-06,14.449999809265137
ORC,2022-07-07,14.649999618530273
ORC,2022-07-08,14.350000381469727
ORC,2022-07-11,14.100000381469727
ORC,2022-07-12,14.350000381469727
ORC,2022-07-13,14.600000381469727
ORC,2022-07-14,14.149999618530273
ORC,2022-07-15,14.550000190734863
ORC,2022-07-18,14.399999618530273
ORC,2022-07-19,14.800000190734863
ORC,2022-07-20,15.050000190734863
ORC,2022-07-21,15.399999618530273
ORC,2022-07-22,15.350000381469727
ORC,2022-07-25,15.550000190734863
ORC,2022-07-26,15.550000190734863
ORC,2022-07-27,16.0
ORC,2022-07-28,16.25
ORC,2022-07-29,16.100000381469727
ORC,2022-08-01,16.299999237060547
ORC,2022-08-02,16.049999237060547
ORC,2022-08-03,16.100000381469727
ORC,2022-08-04,15.850000381469727
ORC,2022-08-05,15.800000190734863
ORC,2022-08-08,15.850000381469727
ORC,2022-08-09,15.800000190734863
ORC,2022-08-10,16.049999237060547
ORC,2022-08-11,16.299999237060547
ORC,2022-08-12,16.399999618530273
ORC,2022-08-15,16.299999237060547
ORC,2022-08-16,16.25
ORC,2022-08-17,16.049999237060547
ORC,2022-08-18,14.75
ORC,2022-08-19,14.399999618530273
ORC,2022-08-22,13.800000190734863
ORC,2022-08-23,14.350000381469727
ORC,2022-08-24,14.350000381469727
ORC,2022-08-25,14.350000381469727
ORC,2022-08-26,14.449999809265137
ORC,2022-08-29,14.149999618530273
ORC,2022-08-30,13.5
ORC,2022-08-31,13.520000457763672
ORC,2022-09-01,13.029999732971191
ORC,2022-09-02,12.899999618530273
ORC,2022-09-06,12.65999984741211
ORC,2022-09-07,12.640000343322754
ORC,2022-09-08,12.520000457763672
ORC,2022-09-09,12.710000038146973
ORC,2022-09-12,12.680000305175781
ORC,2022-09-13,12.470000267028809
ORC,2022-09-14,12.460000038146973
ORC,2022-09-15,12.15999984741211
ORC,2022-09-16,12.069999694824219
ORC,2022-09-19,11.819999694824219
ORC,2022-09-20,11.520000457763672
ORC,2022-09-21,11.350000381469727
ORC,2022-09-22,10.779999732971191
ORC,2022-09-23,10.220000267028809
ORC,2022-09-26,9.300000190734863
ORC,2022-09-27,9.140000343322754
ORC,2022-09-28,9.449999809265137
ORC,2022-09-29,8.220000267028809
ORC,2022-09-30,8.199999809265137
ORC,2022-10-03,8.329999923706055
ORC,2022-10-04,9.289999961853027
ORC,2022-10-05,8.800000190734863
ORC,2022-10-06,8.479999542236328
ORC,2022-10-07,8.550000190734863
ORC,2022-10-10,8.180000305175781
ORC,2022-10-11,9.25
ORC,2022-10-12,9.039999961853027
ORC,2022-10-13,9.59000015258789
ORC,2022-10-14,9.380000114440918
ORC,2022-10-17,9.569999694824219
ORC,2022-10-18,9.65999984741211
ORC,2022-10-19,9.600000381469727
ORC,2022-10-20,9.520000457763672
ORC,2022-10-21,9.649999618530273
ORC,2022-10-24,9.510000228881836
ORC,2022-10-25,9.989999771118164
ORC,2022-10-26,10.100000381469727
ORC,2022-10-27,10.0600004196167
ORC,2022-10-28,10.09000015258789
ORC,2022-10-31,10.069999694824219
ORC,2022-11-01,10.119999885559082
ORC,2022-11-02,9.989999771118164
ORC,2022-11-03,9.710000038146973
ORC,2022-11-04,10.279999732971191
ORC,2022-11-07,10.350000381469727
ORC,2022-11-08,10.4399995803833
ORC,2022-11-09,10.239999771118164
ORC,2022-11-10,10.680000305175781
ORC,2022-11-11,10.770000457763672
ORC,2022-11-14,10.539999961853027
ORC,2022-11-15,10.630000114440918
ORC,2022-11-16,10.489999771118164
ORC,2022-11-17,10.270000457763672
ORC,2022-11-18,10.329999923706055
ORC,2022-11-21,10.470000267028809
ORC,2022-11-22,10.569999694824219
ORC,2022-11-23,10.75
ORC,2022-11-25,10.90999984741211
ORC,2022-11-28,10.770000457763672
ORC,2022-11-29,10.6899995803833
ORC,2022-11-30,10.859999656677246
ORC,2022-12-01,10.970000267028809
ORC,2022-12-02,10.90999984741211
ORC,2022-12-05,10.699999809265137
ORC,2022-12-06,10.489999771118164
ORC,2022-12-07,10.630000114440918
ORC,2022-12-08,10.5600004196167
ORC,2022-12-09,10.539999961853027
ORC,2022-12-12,10.529999732971191
ORC,2022-12-13,10.65999984741211
ORC,2022-12-14,10.680000305175781
ORC,2022-12-15,10.760000228881836
ORC,2022-12-16,10.6899995803833
ORC,2022-12-19,10.859999656677246
ORC,2022-12-20,10.829999923706055
ORC,2022-12-21,10.949999809265137
ORC,2022-12-22,11.020000457763672
ORC,2022-12-23,11.100000381469727
ORC,2022-12-27,11.0
ORC,2022-12-28,10.5600004196167
ORC,2022-12-29,10.720000267028809
ORC,2022-12-30,10.5
ORC,2023-01-03,10.680000305175781
ORC,2023-01-04,10.90999984741211
ORC,2023-01-05,10.930000305175781
ORC,2023-01-06,11.050000190734863
ORC,2023-01-09,11.260000228881836
ORC,2023-01-10,11.510000228881836
ORC,2023-01-11,11.779999732971191
ORC,2023-01-12,11.930000305175781
ORC,2023-01-13,12.010000228881836
ORC,2023-01-17,11.979999542236328
ORC,2023-01-18,11.960000038146973
ORC,2023-01-19,12.050000190734863
ORC,2023-01-20,12.100000381469727
ORC,2023-01-23,12.0
ORC,2023-01-24,12.010000228881836
ORC,2023-01-25,12.029999732971191
ORC,2023-01-26,12.199999809265137
ORC,2023-01-27,12.399999618530273
ORC,2023-01-30,11.859999656677246
ORC,2023-01-31,12.1899995803833
ORC,2023-02-01,12.470000267028809
ORC,2023-02-02,12.529999732971191
ORC,2023-02-03,12.420000076293945
ORC,2023-02-06,11.989999771118164
ORC,2023-02-07,12.09000015258789
ORC,2023-02-08,12.079999923706055
ORC,2023-02-09,11.649999618530273
ORC,2023-02-10,11.649999618530273
ORC,2023-02-13,11.729999542236328
ORC,2023-02-14,11.649999618530273
ORC,2023-02-15,11.600000381469727
ORC,2023-02-16,11.65999984741211
ORC,2023-02-17,11.710000038146973
ORC,2023-02-21,11.319999694824219
ORC,2023-02-22,11.430000305175781
ORC,2023-02-23,11.449999809265137
ORC,2023-02-24,11.619999885559082
ORC,2023-02-27,11.369999885559082
ORC,2023-02-28,11.359999656677246
ORC,2023-03-01,10.890000343322754
ORC,2023-03-02,10.890000343322754
ORC,2023-03-03,10.960000038146973
ORC,2023-03-06,11.09000015258789
ORC,2023-03-07,10.869999885559082
ORC,2023-03-08,10.829999923706055
ORC,2023-03-09,10.470000267028809
ORC,2023-03-10,10.069999694824219
ORC,2023-03-13,9.8100004196167
ORC,2023-03-14,10.149999618530273
ORC,2023-03-15,10.039999961853027
ORC,2023-03-16,10.25
ORC,2023-03-17,9.970000267028809
ORC,2023-03-20,10.079999923706055
ORC,2023-03-21,10.239999771118164
ORC,2023-03-22,10.079999923706055
ORC,2023-03-23,10.079999923706055
ORC,2023-03-24,10.40999984741211
ORC,2023-03-27,10.5600004196167
ORC,2023-03-28,10.399999618530273
ORC,2023-03-29,10.5600004196167
ORC,2023-03-30,10.510000228881836
ORC,2023-03-31,10.729999542236328
ORC,2023-04-03,10.640000343322754
ORC,2023-04-04,10.779999732971191
ORC,2023-04-05,11.0
ORC,2023-04-06,11.050000190734863
ORC,2023-04-10,10.9399995803833
ORC,2023-04-11,10.949999809265137
ORC,2023-04-12,10.989999771118164
ORC,2023-04-13,11.0600004196167
ORC,2023-04-14,10.970000267028809
ORC,2023-04-17,11.079999923706055
ORC,2023-04-18,10.930000305175781
ORC,2023-04-19,11.029999732971191
ORC,2023-04-20,11.020000457763672
ORC,2023-04-21,11.0
ORC,2023-04-24,11.010000228881836
ORC,2023-04-25,10.859999656677246
ORC,2023-04-26,10.899999618530273
ORC,2023-04-27,10.670000076293945
ORC,2023-04-28,10.699999809265137
ORC,2023-05-01,10.029999732971191
ORC,2023-05-02,9.5
ORC,2023-05-03,9.739999771118164
ORC,2023-05-04,9.5600004196167
ORC,2023-05-05,9.819999694824219
ORC,2023-05-08,9.880000114440918
ORC,2023-05-09,9.920000076293945
ORC,2023-05-10,9.979999542236328
ORC,2023-05-11,10.0600004196167
ORC,2023-05-12,9.970000267028809
ORC,2023-05-15,10.100000381469727
ORC,2023-05-16,9.899999618530273
ORC,2023-05-17,9.979999542236328
ORC,2023-05-18,10.069999694824219
ORC,2023-05-19,10.010000228881836
ORC,2023-05-22,10.100000381469727
ORC,2023-05-23,10.069999694824219
ORC,2023-05-24,9.899999618530273
ORC,2023-05-25,9.640000343322754
ORC,2023-05-26,10.079999923706055
ORC,2023-05-30,10.130000114440918
ORC,2023-05-31,9.970000267028809
ORC,2023-06-01,10.260000228881836
ORC,2023-06-02,10.319999694824219
ORC,2023-06-05,10.260000228881836
ORC,2023-06-06,10.239999771118164
ORC,2023-06-07,10.220000267028809
ORC,2023-06-08,10.079999923706055
ORC,2023-06-09,10.039999961853027
ORC,2023-06-12,10.180000305175781
ORC,2023-06-13,10.319999694824219
ORC,2023-06-14,10.239999771118164
ORC,2023-06-15,10.3100004196167
ORC,2023-06-16,10.270000457763672
ORC,2023-06-20,10.34000015258789
ORC,2023-06-21,10.239999771118164
ORC,2023-06-22,10.079999923706055
ORC,2023-06-23,9.970000267028809
ORC,2023-06-26,10.069999694824219
ORC,2023-06-27,10.300000190734863
ORC,2023-06-28,10.520000457763672
ORC,2023-06-29,10.260000228881836
ORC,2023-06-30,10.350000381469727
ORC,2023-07-03,10.25
ORC,2023-07-05,10.140000343322754
ORC,2023-07-06,9.729999542236328
ORC,2023-07-07,9.979999542236328
ORC,2023-07-10,10.109999656677246
ORC,2023-07-11,10.029999732971191
ORC,2023-07-12,10.130000114440918
ORC,2023-07-13,10.270000457763672
ORC,2023-07-14,10.25
ORC,2023-07-17,10.319999694824219
ORC,2023-07-18,10.510000228881836
ORC,2023-07-19,10.630000114440918
ORC,2023-07-20,10.630000114440918
ORC,2023-07-21,10.6899995803833
ORC,2023-07-24,10.899999618530273
ORC,2023-07-25,10.989999771118164
ORC,2023-07-26,11.149999618530273
ORC,2023-07-27,10.890000343322754
ORC,2023-07-28,10.699999809265137
ORC,2023-07-31,10.420000076293945
ORC,2023-08-01,10.470000267028809
ORC,2023-08-02,10.399999618530273
ORC,2023-08-03,10.050000190734863
ORC,2023-08-04,10.029999732971191
ORC,2023-08-07,10.199999809265137
ORC,2023-08-08,10.170000076293945
ORC,2023-08-09,10.09000015258789
ORC,2023-08-10,10.079999923706055
ORC,2023-08-11,10.039999961853027
ORC,2023-08-14,9.90999984741211
ORC,2023-08-15,9.75
ORC,2023-08-16,9.640000343322754
ORC,2023-08-17,9.479999542236328
ORC,2023-08-18,9.5600004196167
ORC,2023-08-21,9.550000190734863
ORC,2023-08-22,9.369999885559082
ORC,2023-08-23,9.529999732971191
ORC,2023-08-24,9.550000190734863
ORC,2023-08-25,9.529999732971191
ORC,2023-08-28,9.75
ORC,2023-08-29,9.859999656677246
ORC,2023-08-30,9.609999656677246
ORC,2023-08-31,9.59000015258789
ORC,2023-09-01,9.510000228881836
ORC,2023-09-05,9.289999961853027
ORC,2023-09-06,9.239999771118164
ORC,2023-09-07,9.220000267028809
ORC,2023-09-08,9.260000228881836
ORC,2023-09-11,9.34000015258789
ORC,2023-09-12,9.319999694824219
ORC,2023-09-13,9.359999656677246
ORC,2023-09-14,9.5
ORC,2023-09-15,9.550000190734863
ORC,2023-09-18,9.489999771118164
ORC,2023-09-19,9.40999984741211
ORC,2023-09-20,9.369999885559082
ORC,2023-09-21,8.930000305175781
ORC,2023-09-22,9.039999961853027
ORC,2023-09-25,8.989999771118164
ORC,2023-09-26,8.680000305175781
ORC,2023-09-27,8.600000381469727
ORC,2023-09-28,8.40999984741211
ORC,2023-09-29,8.510000228881836
ORC,2023-10-02,7.989999771118164
ORC,2023-10-03,7.639999866485596
ORC,2023-10-04,7.730000019073486
ORC,2023-10-05,7.829999923706055
ORC,2023-10-06,7.829999923706055
ORC,2023-10-09,7.929999828338623
ORC,2023-10-10,7.889999866485596
ORC,2023-10-11,7.960000038146973
ORC,2023-10-12,7.46999979019165
ORC,2023-10-13,7.440000057220459
ORC,2023-10-16,7.570000171661377
ORC,2023-10-17,7.380000114440918
ORC,2023-10-18,6.96999979019165
ORC,2023-10-19,6.590000152587891
ORC,2023-10-20,6.460000038146973
ORC,2023-10-23,6.409999847412109
ORC,2023-10-24,6.349999904632568
ORC,2023-10-25,6.119999885559082
ORC,2023-10-26,6.130000114440918
ORC,2023-10-27,6.039999961853027
ORC,2023-10-30,5.949999809265137
ORC,2023-10-31,6.28000020980835
ORC,2023-11-01,6.489999771118164
ORC,2023-11-02,6.760000228881836
ORC,2023-11-03,6.889999866485596
ORC,2023-11-06,6.880000114440918
ORC,2023-11-07,7.039999961853027
ORC,2023-11-08,7.050000190734863
ORC,2023-11-09,6.769999980926514
ORC,2023-11-10,6.900000095367432
ORC,2023-11-13,6.820000171661377
ORC,2023-11-14,7.130000114440918
ORC,2023-11-15,7.170000076293945
ORC,2023-11-16,7.090000152587891
ORC,2023-11-17,7.260000228881836
ORC,2023-11-20,7.369999885559082
ORC,2023-11-21,7.340000152587891
ORC,2023-11-22,7.449999809265137
ORC,2023-11-24,7.389999866485596
ORC,2023-11-27,7.389999866485596
ORC,2023-11-28,7.5
ORC,2023-11-29,7.409999847412109
ORC,2023-11-30,7.369999885559082
ORC,2023-12-01,7.690000057220459
ORC,2023-12-04,7.860000133514404
ORC,2023-12-05,7.789999961853027
ORC,2023-12-06,7.710000038146973
ORC,2023-12-07,7.78000020980835
ORC,2023-12-08,7.900000095367432
ORC,2023-12-11,7.699999809265137
ORC,2023-12-12,7.78000020980835
ORC,2023-12-13,8.229999542236328
ORC,2023-12-14,8.470000267028809
ORC,2023-12-15,8.399999618530273
ORC,2023-12-18,8.270000457763672
ORC,2023-12-19,8.470000267028809
ORC,2023-12-20,8.40999984741211
ORC,2023-12-21,8.619999885559082
ORC,2023-12-22,8.600000381469727
ORC,2023-12-26,8.770000457763672
ORC,2023-12-27,8.800000190734863
ORC,2023-12-28,8.649999618530273
ORC,2023-12-29,8.430000305175781
ORC,2024-01-02,8.329999923706055
ORC,2024-01-03,8.210000038146973
ORC,2024-01-04,8.220000267028809
ORC,2024-01-05,8.300000190734863
ORC,2024-01-08,8.680000305175781
ORC,2024-01-09,8.680000305175781
ORC,2024-01-10,8.739999771118164
ORC,2024-01-11,8.670000076293945
ORC,2024-01-12,8.800000190734863
ORC,2024-01-16,8.6899995803833
ORC,2024-01-17,8.539999961853027
ORC,2024-01-18,8.529999732971191
ORC,2024-01-19,8.470000267028809
ORC,2024-01-22,8.399999618530273
ORC,2024-01-23,8.489999771118164
ORC,2024-01-24,8.470000267028809
ORC,2024-01-25,8.649999618530273
ORC,2024-01-26,8.640000343322754
ORC,2024-01-29,8.710000038146973
ORC,2024-01-30,8.15999984741211
ORC,2024-01-31,7.980000019073486
ORC,2024-02-01,8.270000457763672
ORC,2024-02-02,8.579999923706055
ORC,2024-02-05,8.239999771118164
ORC,2024-02-06,8.25
ORC,2024-02-07,7.980000019073486
ORC,2024-02-08,7.989999771118164
ORC,2024-02-09,8.239999771118164
ORC,2024-02-12,8.270000457763672
ORC,2024-02-13,7.900000095367432
ORC,2024-02-14,8.020000457763672
ORC,2024-02-15,8.420000076293945
ORC,2024-02-16,8.359999656677246
ORC,2024-02-20,8.300000190734863
ORC,2024-02-21,8.369999885559082
ORC,2024-02-22,8.5
ORC,2024-02-23,8.550000190734863
ORC,2024-02-26,8.520000457763672
ORC,2024-02-27,8.529999732971191
ORC,2024-02-28,8.399999618530273
ORC,2024-02-29,8.600000381469727
ORC,2024-03-01,8.65999984741211
ORC,2024-03-04,8.520000457763672
ORC,2024-03-05,8.420000076293945
ORC,2024-03-06,8.5
ORC,2024-03-07,8.5600004196167
ORC,2024-03-08,8.619999885559082
ORC,2024-03-11,8.670000076293945
ORC,2024-03-12,8.729999542236328
ORC,2024-03-13,8.829999923706055
ORC,2024-03-14,8.5600004196167
ORC,2024-03-15,8.619999885559082
ORC,2024-03-18,8.640000343322754
ORC,2024-03-19,8.770000457763672
ORC,2024-03-20,8.899999618530273
ORC,2024-03-21,8.930000305175781
ORC,2024-03-22,8.949999809265137
ORC,2024-03-25,9.0
ORC,2024-03-26,8.770000457763672
ORC,2024-03-27,8.84000015258789
ORC,2024-03-28,8.930000305175781
ORC,2024-04-01,8.899999618530273
ORC,2024-04-02,8.739999771118164
ORC,2024-04-03,8.720000267028809
ORC,2024-04-04,8.670000076293945
ORC,2024-04-05,8.699999809265137
ORC,2024-04-08,8.649999618530273
ORC,2024-04-09,8.680000305175781
ORC,2024-04-10,8.270000457763672
ORC,2024-04-11,8.470000267028809
ORC,2024-04-12,8.390000343322754
ORC,2024-04-15,8.109999656677246
ORC,2024-04-16,8.100000381469727
ORC,2024-04-17,8.15999984741211
ORC,2024-04-18,8.140000343322754
ORC,2024-04-19,8.260000228881836
ORC,2024-04-22,8.3100004196167
ORC,2024-04-23,8.619999885559082
ORC,2024-04-24,8.630000114440918
ORC,2024-04-25,8.390000343322754
ORC,2024-04-26,8.720000267028809
ORC,2024-04-29,8.4399995803833
ORC,2024-04-30,8.329999923706055
ORC,2024-05-01,8.420000076293945
ORC,2024-05-02,8.529999732971191
ORC,2024-05-03,8.550000190734863
ORC,2024-05-06,8.489999771118164
ORC,2024-05-07,8.520000457763672
ORC,2024-05-08,8.5600004196167
ORC,2024-05-09,8.579999923706055
ORC,2024-05-10,8.529999732971191
ORC,2024-05-13,8.579999923706055
ORC,2024-05-14,8.579999923706055
ORC,2024-05-15,8.600000381469727
ORC,2024-05-16,8.65999984741211
ORC,2024-05-17,8.699999809265137
ORC,2024-05-20,8.630000114440918
ORC,2024-05-21,8.65999984741211
ORC,2024-05-22,8.619999885559082
ORC,2024-05-23,8.40999984741211
ORC,2024-05-24,8.569999694824219
ORC,2024-05-28,8.539999961853027
ORC,2024-05-29,8.510000228881836
ORC,2024-05-30,8.520000457763672
ORC,2024-05-31,8.5
ORC,2024-06-03,8.489999771118164
ORC,2024-06-04,8.430000305175781
ORC,2024-06-05,8.609999656677246
ORC,2024-06-06,8.449999809265137
ORC,2024-06-07,8.399999618530273
ORC,2024-06-10,8.359999656677246
ORC,2024-06-11,8.229999542236328
ORC,2024-06-12,8.369999885559082
ORC,2024-06-13,8.470000267028809
ORC,2024-06-14,8.449999809265137
ORC,2024-06-17,8.510000228881836
ORC,2024-06-18,8.460000038146973
ORC,2024-06-20,8.5
ORC,2024-06-21,8.449999809265137
ORC,2024-06-24,8.479999542236328
ORC,2024-06-25,8.40999984741211
ORC,2024-06-26,8.470000267028809
ORC,2024-06-27,8.399999618530273
ORC,2024-06-28,8.34000015258789
ORC,2024-07-01,8.300000190734863
ORC,2024-07-02,8.329999923706055
ORC,2024-07-03,8.329999923706055
ORC,2024-07-05,8.319999694824219
ORC,2024-07-08,8.279999732971191
ORC,2024-07-09,8.279999732971191
ORC,2024-07-10,8.520000457763672
ORC,2024-07-11,8.59000015258789
ORC,2024-07-12,8.680000305175781
ORC,2024-07-15,8.65999984741211
ORC,2024-07-16,8.819999694824219
ORC,2024-07-17,8.760000228881836
ORC,2024-07-18,8.579999923706055
ORC,2024-07-19,8.479999542236328
ORC,2024-07-22,8.550000190734863
ORC,2024-07-23,8.59000015258789
ORC,2024-07-24,8.300000190734863
ORC,2024-07-25,8.260000228881836
ORC,2024-07-26,8.239999771118164
ORC,2024-07-29,8.149999618530273
ORC,2024-07-30,8.1899995803833
ORC,2024-07-31,8.039999961853027
ORC,2024-08-01,8.039999961853027
ORC,2024-08-02,8.029999732971191
ORC,2024-08-05,7.659999847412109
ORC,2024-08-06,7.920000076293945
ORC,2024-08-07,7.949999809265137
ORC,2024-08-08,8.079999923706055
ORC,2024-08-09,8.09000015258789
ORC,2024-08-12,7.949999809265137
ORC,2024-08-13,7.960000038146973
ORC,2024-08-14,7.960000038146973
ORC,2024-08-15,8.0600004196167
ORC,2024-08-16,8.130000114440918
ORC,2024-08-19,8.220000267028809
ORC,2024-08-20,8.210000038146973
ORC,2024-08-21,8.1899995803833
ORC,2024-08-22,8.149999618530273
ORC,2024-08-23,8.25
ORC,2024-08-26,8.319999694824219
ORC,2024-08-27,8.289999961853027
ORC,2024-08-28,8.279999732971191
ORC,2024-08-29,8.279999732971191
ORC,2024-08-30,8.199999809265137
ORC,2024-09-03,8.15999984741211
ORC,2024-09-04,8.149999618530273
ORC,2024-09-05,8.149999618530273
ORC,2024-09-06,8.15999984741211
ORC,2024-09-09,8.180000305175781
ORC,2024-09-10,8.1899995803833
ORC,2024-09-11,8.170000076293945
ORC,2024-09-12,8.210000038146973
ORC,2024-09-13,8.319999694824219
ORC,2024-09-16,8.329999923706055
ORC,2024-09-17,8.3100004196167
ORC,2024-09-18,8.350000381469727
ORC,2024-09-19,8.390000343322754
ORC,2024-09-20,8.350000381469727
ORC,2024-09-23,7.920000076293945
ORC,2024-09-24,8.109999656677246
ORC,2024-09-25,8.050000190734863
ORC,2024-09-26,8.180000305175781
ORC,2024-09-27,8.25
ORC,2024-09-30,8.220000267028809
ORC,2024-10-01,7.989999771118164
ORC,2024-10-02,8.020000457763672
ORC,2024-10-03,7.929999828338623
ORC,2024-10-04,7.829999923706055
ORC,2024-10-07,7.769999980926514
ORC,2024-10-08,7.829999923706055
ORC,2024-10-09,7.849999904632568
ORC,2024-10-10,7.860000133514404
ORC,2024-10-11,7.789999961853027
ORC,2024-10-14,7.860000133514404
ORC,2024-10-15,7.920000076293945
ORC,2024-10-16,8.029999732971191
ORC,2024-10-17,8.0600004196167
ORC,2024-10-18,8.15999984741211
ORC,2024-10-21,7.989999771118164
ORC,2024-10-22,7.860000133514404
ORC,2024-10-23,7.800000190734863
ORC,2024-10-24,7.880000114440918
ORC,2024-10-25,7.909999847412109
ORC,2024-10-28,7.809999942779541
ORC,2024-10-29,7.900000095367432
ORC,2024-10-30,7.860000133514404
ORC,2024-10-31,7.570000171661377
ORC,2024-11-01,7.519999980926514
ORC,2024-11-04,7.519999980926514
ORC,2024-11-05,7.610000133514404
ORC,2024-11-06,7.590000152587891
ORC,2024-11-07,7.739999771118164
ORC,2024-11-08,7.909999847412109
ORC,2024-11-11,7.869999885559082
ORC,2024-11-12,7.71999979019165
ORC,2024-11-13,7.789999961853027
ORC,2024-11-14,7.760000228881836
ORC,2024-11-15,7.809999942779541
ORC,2024-11-18,7.860000133514404
ORC,2024-11-19,7.849999904632568
ORC,2024-11-20,7.820000171661377
ORC,2024-11-21,7.869999885559082
ORC,2024-11-22,7.900000095367432
ORC,2024-11-25,7.929999828338623
ORC,2024-11-26,7.880000114440918
ORC,2024-11-27,7.920000076293945
ORC,2024-11-29,7.789999961853027
ORC,2024-12-02,7.849999904632568
ORC,2024-12-03,7.800000190734863
ORC,2024-12-04,7.78000020980835
ORC,2024-12-05,7.809999942779541
ORC,2024-12-06,7.929999828338623
ORC,2024-12-09,7.980000019073486
ORC,2024-12-10,8.020000457763672
ORC,2024-12-11,8.0600004196167
ORC,2024-12-12,8.0600004196167
ORC,2024-12-13,8.039999961853027
ORC,2024-12-16,8.079999923706055
ORC,2024-12-17,7.989999771118164
ORC,2024-12-18,7.829999923706055
ORC,2024-12-19,7.840000152587891
ORC,2024-12-20,7.929999828338623
ORC,2024-12-23,7.800000190734863
ORC,2024-12-24,7.869999885559082
ORC,2024-12-26,7.849999904632568
ORC,2024-12-27,7.880000114440918
ORC,2024-12-30,7.809999942779541
ORC,2024-12-31,7.78000020980835
ORC,2025-01-02,7.869999885559082
ORC,2025-01-03,7.929999828338623
ORC,2025-01-06,7.880000114440918
ORC,2025-01-07,7.849999904632568
ORC,2025-01-08,7.809999942779541
ORC,2025-01-10,7.75
ORC,2025-01-13,7.619999885559082
ORC,2025-01-14,7.71999979019165
ORC,2025-01-15,7.820000171661377
ORC,2025-01-16,7.929999828338623
ORC,2025-01-17,8.010000228881836
ORC,2025-01-21,8.020000457763672
ORC,2025-01-22,7.940000057220459
ORC,2025-01-23,8.0
ORC,2025-01-24,7.929999828338623
ORC,2025-01-27,7.900000095367432
ORC,2025-01-28,7.96999979019165
ORC,2025-01-29,7.880000114440918
ORC,2025-01-30,8.029999732971191
ORC,2025-01-31,8.350000381469727
ORC,2025-02-03,8.25
ORC,2025-02-04,8.289999961853027
ORC,2025-02-05,8.300000190734863
ORC,2025-02-06,8.3100004196167
ORC,2025-02-07,8.279999732971191
ORC,2025-02-10,8.329999923706055
ORC,2025-02-11,8.34000015258789
ORC,2025-02-12,8.350000381469727
ORC,2025-02-13,8.5600004196167
ORC,2025-02-14,8.770000457763672
ORC,2025-02-18,8.75
ORC,2025-02-19,8.859999656677246
ORC,2025-02-20,8.869999885559082
ORC,2025-02-21,8.920000076293945
ORC,2025-02-24,8.84000015258789
ORC,2025-02-25,8.789999961853027
ORC,2025-02-26,8.829999923706055
ORC,2025-02-27,8.729999542236328
ORC,2025-02-28,8.550000190734863
ORC,2025-03-03,8.430000305175781
ORC,2025-03-04,8.279999732971191
ORC,2025-03-05,8.369999885559082
ORC,2025-03-06,8.3100004196167
ORC,2025-03-07,8.470000267028809
ORC,2025-03-10,8.359999656677246
ORC,2025-03-11,8.130000114440918
ORC,2025-03-12,8.180000305175781
ORC,2025-03-13,8.170000076293945
ORC,2025-03-14,8.3100004196167
ORC,2025-03-17,8.369999885559082
ORC,2025-03-18,8.390000343322754
ORC,2025-03-19,8.329999923706055
ORC,2025-03-20,8.229999542236328
ORC,2025-03-21,8.210000038146973
ORC,2025-03-24,8.220000267028809
ORC,2025-03-25,8.140000343322754
ORC,2025-03-26,7.980000019073486
ORC,2025-03-27,7.949999809265137
ORC,2025-03-28,7.659999847412109
ORC,2025-03-31,7.519999980926514
ORC,2025-04-01,7.460000038146973
ORC,2025-04-02,7.230000019073486
ORC,2025-04-03,7.159999847412109
ORC,2025-04-04,6.639999866485596
ORC,2025-04-07,6.21999979019165
ORC,2025-04-08,6.170000076293945
ORC,2025-04-09,6.460000038146973
ORC,2025-04-10,6.050000190734863
ORC,2025-04-11,6.130000114440918
ORC,2025-04-14,6.300000190734863
ORC,2025-04-15,6.349999904632568
ORC,2025-04-16,6.389999866485596
ORC,2025-04-17,6.550000190734863
ORC,2025-04-21,6.46999979019165
ORC,2025-04-22,6.800000190734863
ORC,2025-04-23,6.889999866485596
ORC,2025-04-24,6.929999828338623
ORC,2025-04-25,7.28000020980835
ORC,2025-04-28,7.340000152587891
ORC,2025-04-29,7.329999923706055
ORC,2025-04-30,7.150000095367432
ORC,2025-05-01,7.079999923706055
ORC,2025-05-02,7.0
ORC,2025-05-05,6.960000038146973
ORC,2025-05-06,6.960000038146973
ORC,2025-05-07,7.130000114440918
ORC,2025-05-08,7.170000076293945
ORC,2025-05-09,7.159999847412109
ORC,2025-05-12,7.21999979019165
ORC,2025-05-13,7.25
ORC,2025-05-14,7.179999828338623
ORC,2025-05-15,7.150000095367432
ORC,2025-05-16,7.170000076293945
ORC,2025-05-19,7.179999828338623
ORC,2025-05-20,7.159999847412109
ORC,2025-05-21,6.900000095367432
ORC,2025-05-22,6.889999866485596
ORC,2025-05-23,6.920000076293945
ORC,2025-05-27,7.0
ORC,2025-05-28,7.0
ORC,2025-05-29,7.039999961853027
ORC,2025-05-30,6.829999923706055
ORC,2025-06-02,6.760000228881836
ORC,2025-06-03,6.900000095367432
ORC,2025-06-04,6.940000057220459
ORC,2025-06-05,6.940000057220459
ORC,2025-06-06,6.940000057220459
ORC,2025-06-09,7.03000020980835
ORC,2025-06-10,7.079999923706055
ORC,2025-06-11,7.019999980926514
ORC,2025-06-12,7.099999904632568
ORC,2025-06-13,7.039999961853027
ORC,2025-06-16,7.039999961853027
ORC,2025-06-17,6.940000057220459
ORC,2025-06-18,7.050000190734863
ORC,2025-06-20,7.039999961853027
ORC,2025-06-23,7.0
ORC,2025-06-24,7.059999942779541
ORC,2025-06-25,7.010000228881836
ORC,2025-06-26,7.090000152587891
ORC,2025-06-27,7.03000020980835
ORC,2025-06-30,7.010000228881836
ORC,2025-07-01,7.039999961853027
ORC,2025-07-02,7.099999904632568
ORC,2025-07-03,7.170000076293945
ORC,2025-07-07,7.119999885559082
ORC,2025-07-08,7.170000076293945
ORC,2025-07-09,7.269999980926514
ORC,2025-07-10,7.199999809265137
ORC,2025-07-11,7.150000095367432
ORC,2025-07-14,7.079999923706055
ORC,2025-07-15,7.019999980926514
ORC,2025-07-16,7.119999885559082
ORC,2025-07-17,7.079999923706055
ORC,2025-07-18,7.059999942779541
ORC,2025-07-21,7.059999942779541
ORC,2025-07-22,7.199999809265137
ORC,2025-07-23,7.340000152587891
ORC,2025-07-24,7.300000190734863
ORC,2025-07-25,7.409999847412109
ORC,2025-07-28,7.329999923706055
ORC,2025-07-29,7.28000020980835
ORC,2025-07-30,7.150000095367432
ORC,2025-07-31,6.960000038146973
ORC,2025-08-01,7.03000020980835
ORC,2025-08-04,7.170000076293945
ORC,2025-08-05,7.119999885559082
ORC,2025-08-06,6.989999771118164
ORC,2025-08-07,7.039999961853027
ORC,2025-08-08,7.139999866485596
ORC,2025-08-11,7.039999961853027
ORC,2025-08-12,7.139999866485596
ORC,2025-08-13,7.159999847412109
ORC,2025-08-14,7.150000095367432
ORC,2025-08-15,7.150000095367432
ORC,2025-08-18,7.090000152587891
ORC,2025-08-19,7.050000190734863
ORC,2025-08-20,7.099999904632568
ORC,2025-08-21,7.050000190734863
ORC,2025-08-22,7.130000114440918
ORC,2025-08-25,7.099999904632568
ORC,2025-08-26,7.130000114440918
ORC,2025-08-27,7.050000190734863
ORC,2025-08-28,7.070000171661377
ORC,2025-08-29,7.059999942779541
ORC,2025-09-02,6.989999771118164
ORC,2025-09-03,7.139999866485596
ORC,2025-09-04,7.199999809265137
ORC,2025-09-05,7.190000057220459
ORC,2025-09-08,7.21999979019165
ORC,2025-09-09,7.199999809265137
ORC,2025-09-10,7.139999866485596
ORC,2025-09-11,7.070000171661377
ORC,2025-09-12,7.090000152587891
ORC,2025-09-15,7.130000114440918
ORC,2025-09-16,7.110000133514404
ORC,2025-09-17,7.159999847412109
ORC,2025-09-18,7.079999923706055
ORC,2025-09-19,7.0
ORC,2025-09-22,6.840000152587891
ORC,2025-09-23,7.010000228881836
ORC,2025-09-24,6.960000038146973
ORC,2025-09-25,6.989999771118164
ORC,2025-09-26,7.050000190734863
ORC,2025-09-29,7.03000020980835
ORC,2025-09-30,7.010000228881836
ORC,2025-10-01,7.190000057220459
ORC,2025-10-02,7.170000076293945
ORC,2025-10-03,7.130000114440918
ORC,2025-10-06,7.070000171661377
ORC,2025-10-07,7.139999866485596
ORC,2025-10-08,7.239999771118164
ORC,2025-10-09,7.170000076293945
ORC,2025-10-10,7.079999923706055
ORC,2025-10-13,7.190000057220459
ORC,2025-10-14,7.269999980926514
ORC,2025-10-15,7.260000228881836
ORC,2025-10-16,7.300000190734863
ORC,2025-10-17,7.329999923706055
ORC,2025-10-20,7.510000228881836
ORC,2025-10-21,7.480000019073486
ORC,2025-10-22,7.46999979019165
ORC,2025-10-23,7.440000057220459
ORC,2025-10-24,7.639999866485596
ORC,2025-10-27,7.659999847412109
ORC,2025-10-28,7.550000190734863
ORC,2025-10-29,7.400000095367432
ORC,2025-10-30,7.309999942779541
ORC,2025-10-31,7.230000019073486
ORC,2025-11-03,7.260000228881836
ORC,2025-11-04,7.389999866485596
ORC,2025-11-05,7.369999885559082
ORC,2025-11-06,7.320000171661377
ORC,2025-11-07,7.400000095367432
ORC,2025-11-10,7.300000190734863
ORC,2025-11-11,7.349999904632568
ORC,2025-11-12,7.309999942779541
ORC,2025-11-13,7.289999961853027
ORC,2025-11-14,7.239999771118164
ORC,2025-11-17,7.179999828338623
ORC,2025-11-18,7.21999979019165
ORC,2025-11-19,7.150000095367432
ORC,2025-11-20,7.079999923706055
ORC,2025-11-21,7.199999809265137
ORC,2025-11-24,7.199999809265137
ORC,2025-11-25,7.230000019073486
ORC,2025-11-26,7.289999961853027
ORC,2025-11-28,7.230000019073486
ORC,2025-12-01,7.179999828338623
ORC,2025-12-02,7.210000038146973
ORC,2025-12-03,7.340000152587891
ORC,2025-12-04,7.309999942779541
ORC,2025-12-05,7.349999904632568
ORC,2025-12-08,7.25
ORC,2025-12-09,7.190000057220459
ORC,2025-12-10,7.190000057220459
ORC,2025-12-11,7.099999904632568
ORC,2025-12-12,7.130000114440918
ORC,2025-12-15,7.170000076293945
ORC,2025-12-16,7.28000020980835
ORC,2025-12-17,7.269999980926514
ORC,2025-12-18,7.380000114440918
ORC,2025-12-19,7.340000152587891
ORC,2025-12-22,7.380000114440918
ORC,2025-12-23,7.28000020980835
ORC,2025-12-24,7.349999904632568
ORC,2025-12-26,7.320000171661377
ORC,2025-12-29,7.25
ORC,2025-12-30,7.28000020980835
ORC,2025-12-31,7.199999809265137
ORC,2026-01-02,7.369999885559082
ORC,2026-01-05,7.380000114440918
ORC,2026-01-06,7.5
ORC,2026-01-07,7.5
ORC,2026-01-08,7.46999979019165
ORC,2026-01-09,7.599999904632568
ORC,2026-01-12,7.760000228881836
ORC,2026-01-13,7.820000171661377
ORC,2026-01-14,7.900000095367432
ORC,2026-01-15,8.119999885559082
ORC,2026-01-16,8.329999923706055
ORC,2026-01-20,8.15999984741211
ORC,2026-01-21,8.15999984741211
ORC,2026-01-22,8.220000267028809
ORC,2026-01-23,8.15999984741211
ORC,2026-01-26,8.170000076293945
ORC,2026-01-27,8.350000381469727
ORC,2026-01-28,8.319999694824219
ORC,2026-01-29,8.270000457763672
ORC,2026-01-30,7.800000190734863
ORC,2026-02-02,7.690000057220459
ORC,2026-02-03,7.809999942779541
ORC,2026-02-04,7.659999847412109
ORC,2026-02-05,7.610000133514404
ORC,2026-02-06,7.610000133514404
ORC,2026-02-09,7.46999979019165
ORC,2026-02-10,7.480000019073486
ORC,2026-02-11,7.5
ORC,2026-02-12,7.539999961853027
ORC,2026-02-13,7.53000020980835
ORC,2026-02-17,7.5
ORC,2026-02-18,7.53000020980835
ORC,2026-02-19,7.489999771118164
ORC,2026-02-20,7.579999923706055
ORC,2026-02-23,7.590000152587891
ORC,2026-02-24,7.590000152587891
ORC,2026-02-25,7.590000152587891
ORC,2026-02-26,7.599999904632568
ORC,2026-02-27,7.440000057220459
ORC,2026-03-02,7.460000038146973
ORC,2026-03-03,7.369999885559082
ORC,2026-03-04,7.400000095367432
ORC,2026-03-05,7.400000095367432
ORC,2026-03-06,7.28000020980835
ORC,2026-03-09,7.260000228881836
ORC,2026-03-10,7.449999809265137
ORC,2026-03-11,7.429999828338623
ORC,2026-03-12,7.309999942779541
ORC,2026-03-13,7.21999979019165
ORC,2026-03-16,7.269999980926514
ORC,2026-03-17,7.239999771118164
ORC,2026-03-18,7.130000114440918
ORC,2026-03-19,7.139999866485596
ORC,2026-03-20,6.820000171661377
ORC,2026-03-23,6.900000095367432
ORC,2026-03-24,6.949999809265137
ORC,2026-03-25,7.150000095367432
ORC,2026-03-26,6.989999771118164
ORC,2026-03-27,6.869999885559082
ORC,2026-03-30,6.909999847412109
ORC,2026-03-31,7.03000020980835
ORC,2026-04-01,6.96999979019165
ORC,2026-04-02,7.050000190734863
ORC,2026-04-06,7.179999828338623
ORC,2026-04-07,7.059999942779541
ORC,2026-04-08,7.179999828338623
ORC,2026-04-09,7.190000057220459
ORC,2026-04-10,7.199999809265137
ORC,2026-04-13,7.190000057220459
ORC,2026-04-14,7.300000190734863
ORC,2026-04-15,7.360000133514404
ORC,2026-04-16,6.800000190734863
ORC,2026-04-17,7.039999961853027
ORC,2026-04-20,7.010000228881836
ORC,2026-04-21,6.900000095367432
ORC,2026-04-22,6.949999809265137
ORC,2026-04-23,6.840000152587891
ORC,2026-04-24,7.050000190734863
ORC,2026-04-27,7.150000095367432
ORC,2026-04-28,7.130000114440918
ORC,2026-04-29,7.03000020980835
ORC,2026-04-30,7.03000020980835
ORC,2026-05-01,7.079999923706055
ORC,2026-05-04,6.929999828338623
ORC,2026-05-05,6.929999828338623
ORC,2026-05-06,6.960000038146973
ORC,2026-05-07,6.949999809265137
ORC,2026-05-08,7.050000190734863
ORC,2026-05-11,7.019999980926514
ORC,2026-05-12,6.960000038146973
ORC,2026-05-13,6.960000038146973
ORC,2026-05-14,6.920000076293945
ORC,2026-05-15,6.860000133514404
ORC,2026-05-18,6.800000190734863
ORC,2026-05-19,6.730000019073486
ORC,2026-05-20,6.78000020980835
ORC,2026-05-21,6.829999923706055
ORC,2026-05-22,6.760000228881836
ORC,2026-05-26,6.849999904632568
ORC,2026-05-27,6.909999847412109
ORC,2026-05-28,6.949999809265137
ORC,2026-05-29,6.78000020980835
ORC,2026-06-01,6.78000020980835
ORC,2026-06-02,6.739999771118164
ORC,2026-06-03,6.599999904632568
ORC,2026-06-04,6.679999828338623
ORC,2026-06-05,6.650000095367432
ORC,2026-06-08,6.449999809265137
ORC,2026-06-09,6.639999866485596
ORC,2026-06-10,6.550000190734863
ORC,2026-06-11,6.579999923706055
ORC,2026-06-12,6.519999980926514
ORC,2026-06-15,6.599999904632568
ORC,2026-06-16,6.679999828338623
ORC,2026-06-17,6.610000133514404
ORC,2026-06-18,6.699999809265137
ORC,2026-06-22,6.619999885559082
ORC,2026-06-23,6.769999980926514
ORC,2026-06-24,6.809999942779541
ORC,2026-06-25,6.860000133514404
ORC,2026-06-26,6.949999809265137
ORC,2026-06-29,6.96999979019165
ORC,2026-06-30,6.96999979019165
ORC,2026-07-01,6.920000076293945
ORC,2026-07-02,6.920000076293945
ORC,2026-07-06,6.889999866485596
ORC,2026-07-07,6.769999980926514
ORC,2026-07-08,6.739999771118164
ORC,2026-07-09,6.820000171661377
ORC,2026-07-10,6.809999942779541
ORC,2026-07-13,6.71999979019165
ORC,2026-07-14,6.829999923706055
ORC,2026-07-15,6.920000076293945
ORC,2026-07-16,6.989999771118164
ORC,2026-07-17,6.849999904632568
ORC,2026-07-20,6.710000038146973
ORC,2026-07-21,6.769999980926514
ORC,2026-07-22,6.690000057220459
ORC,2026-07-23,6.610000133514404
ORC,2026-07-24,6.539999961853027
ORC,2026-07-27,6.489999771118164
ORC,2026-07-28,6.570000171661377
ORC,2026-07-29,6.559999942779541
ORC,2026-07-30,6.630000114440918
ORC,2026-07-31,6.489999771118164
ORC,2026-08-03,6.46999979019165
ORC,2026-08-04,6.380000114440918
ORC,2026-08-05,6.420000076293945
ORC,2026-08-06,6.420000076293945
ORC,2026-08-07,6.559999942779541
ORC,2026-08-10,6.5
ORC,2026-08-11,6.570000171661377
ORC,2026-08-12,6.619999885559082
ORC,2026-08-13,6.630000114440918
ORC,2026-08-14,6.650000095367432
ORC,2026-08-17,6.670000076293945
ORC,2026-08-18,6.670000076293945
ORC,2026-08-19,6.78000020980835
PFSI,2021-01-04,62.20000076293945
PFSI,2021-01-05,61.5
PFSI,2021-01-06,58.0
PFSI,2021-01-07,58.43000030517578
PFSI,2021-01-08,57.33000183105469
PFSI,2021-01-11,56.849998474121094
PFSI,2021-01-12,57.790000915527344
PFSI,2021-01-13,57.45000076293945
PFSI,2021-01-14,57.47999954223633
PFSI,2021-01-15,56.529998779296875
PFSI,2021-01-19,57.63999938964844
PFSI,2021-01-20,60.54999923706055
PFSI,2021-01-21,61.29999923706055
PFSI,2021-01-22,59.689998626708984
PFSI,2021-01-25,61.040000915527344
PFSI,2021-01-26,59.810001373291016
PFSI,2021-01-27,57.459999084472656
PFSI,2021-01-28,59.66999816894531
PFSI,2021-01-29,58.0
PFSI,2021-02-01,60.630001068115234
PFSI,2021-02-02,63.0099983215332
PFSI,2021-02-03,62.77000045776367
PFSI,2021-02-04,64.1500015258789
PFSI,2021-02-05,64.52999877929688
PFSI,2021-02-08,64.33999633789062
PFSI,2021-02-09,62.130001068115234
PFSI,2021-02-10,62.88999938964844
PFSI,2021-02-11,64.45999908447266
PFSI,2021-02-12,65.0
PFSI,2021-02-16,65.44999694824219
PFSI,2021-02-17,65.36000061035156
PFSI,2021-02-18,63.400001525878906
PFSI,2021-02-19,63.75
PFSI,2021-02-22,61.45000076293945
PFSI,2021-02-23,61.88999938964844
PFSI,2021-02-24,62.33000183105469
PFSI,2021-02-25,58.849998474121094
PFSI,2021-02-26,59.209999084472656
PFSI,2021-03-01,61.5
PFSI,2021-03-02,62.130001068115234
PFSI,2021-03-03,60.099998474121094
PFSI,2021-03-04,57.599998474121094
PFSI,2021-03-05,61.61000061035156
PFSI,2021-03-08,61.68000030517578
PFSI,2021-03-09,65.19999694824219
PFSI,2021-03-10,65.51000213623047
PFSI,2021-03-11,65.95999908447266
PFSI,2021-03-12,65.69999694824219
PFSI,2021-03-15,66.38999938964844
PFSI,2021-03-16,65.05000305175781
PFSI,2021-03-17,66.27999877929688
PFSI,2021-03-18,65.22000122070312
PFSI,2021-03-19,62.25
PFSI,2021-03-22,63.560001373291016
PFSI,2021-03-23,61.849998474121094
PFSI,2021-03-24,62.0099983215332
PFSI,2021-03-25,64.44999694824219
PFSI,2021-03-26,65.12999725341797
PFSI,2021-03-29,66.93000030517578
PFSI,2021-03-30,67.05000305175781
PFSI,2021-03-31,66.87000274658203
PFSI,2021-04-01,65.66999816894531
PFSI,2021-04-05,62.970001220703125
PFSI,2021-04-06,59.900001525878906
PFSI,2021-04-07,60.040000915527344
PFSI,2021-04-08,59.16999816894531
PFSI,2021-04-09,58.68000030517578
PFSI,2021-04-12,58.540000915527344
PFSI,2021-04-13,58.02000045776367
PFSI,2021-04-14,59.189998626708984
PFSI,2021-04-15,59.77000045776367
PFSI,2021-04-16,59.15999984741211
PFSI,2021-04-19,59.119998931884766
PFSI,2021-04-20,57.56999969482422
PFSI,2021-04-21,58.43000030517578
PFSI,2021-04-22,58.11000061035156
PFSI,2021-04-23,58.599998474121094
PFSI,2021-04-26,59.720001220703125
PFSI,2021-04-27,60.58000183105469
PFSI,2021-04-28,59.27000045776367
PFSI,2021-04-29,60.08000183105469
PFSI,2021-04-30,60.209999084472656
PFSI,2021-05-03,59.529998779296875
PFSI,2021-05-04,59.779998779296875
PFSI,2021-05-05,60.040000915527344
PFSI,2021-05-06,57.61000061035156
PFSI,2021-05-07,57.040000915527344
PFSI,2021-05-10,58.11000061035156
PFSI,2021-05-11,58.08000183105469
PFSI,2021-05-12,56.58000183105469
PFSI,2021-05-13,58.77000045776367
PFSI,2021-05-14,60.25
PFSI,2021-05-17,61.130001068115234
PFSI,2021-05-18,60.779998779296875
PFSI,2021-05-19,61.369998931884766
PFSI,2021-05-20,61.400001525878906
PFSI,2021-05-21,62.369998931884766
PFSI,2021-05-24,62.970001220703125
PFSI,2021-05-25,61.09000015258789
PFSI,2021-05-26,61.56999969482422
PFSI,2021-05-27,62.459999084472656
PFSI,2021-05-28,62.61000061035156
PFSI,2021-06-01,62.70000076293945
PFSI,2021-06-02,60.119998931884766
PFSI,2021-06-03,59.650001525878906
PFSI,2021-06-04,60.900001525878906
PFSI,2021-06-07,62.02000045776367
PFSI,2021-06-08,62.68000030517578
PFSI,2021-06-09,61.54999923706055
PFSI,2021-06-10,61.06999969482422
PFSI,2021-06-11,62.18000030517578
PFSI,2021-06-14,61.97999954223633
PFSI,2021-06-15,62.0099983215332
PFSI,2021-06-16,62.279998779296875
PFSI,2021-06-17,63.68000030517578
PFSI,2021-06-18,62.529998779296875
PFSI,2021-06-21,63.189998626708984
PFSI,2021-06-22,63.11000061035156
PFSI,2021-06-23,63.619998931884766
PFSI,2021-06-24,63.540000915527344
PFSI,2021-06-25,63.880001068115234
PFSI,2021-06-28,63.58000183105469
PFSI,2021-06-29,63.279998779296875
PFSI,2021-06-30,61.720001220703125
PFSI,2021-07-01,60.27000045776367
PFSI,2021-07-02,60.119998931884766
PFSI,2021-07-06,60.06999969482422
PFSI,2021-07-07,60.709999084472656
PFSI,2021-07-08,60.41999816894531
PFSI,2021-07-09,60.65999984741211
PFSI,2021-07-12,60.290000915527344
PFSI,2021-07-13,58.900001525878906
PFSI,2021-07-14,58.88999938964844
PFSI,2021-07-15,59.31999969482422
PFSI,2021-07-16,59.0099983215332
PFSI,2021-07-19,58.119998931884766
PFSI,2021-07-20,58.66999816894531
PFSI,2021-07-21,59.86000061035156
PFSI,2021-07-22,59.619998931884766
PFSI,2021-07-23,60.31999969482422
PFSI,2021-07-26,59.790000915527344
PFSI,2021-07-27,59.93000030517578
PFSI,2021-07-28,61.04999923706055
PFSI,2021-07-29,62.2599983215332
PFSI,2021-07-30,62.88999938964844
PFSI,2021-08-02,64.56999969482422
PFSI,2021-08-03,63.06999969482422
PFSI,2021-08-04,62.7400016784668
PFSI,2021-08-05,63.47999954223633
PFSI,2021-08-06,69.5999984741211
PFSI,2021-08-09,67.70999908447266
PFSI,2021-08-10,67.5199966430664
PFSI,2021-08-11,67.47000122070312
PFSI,2021-08-12,66.9800033569336
PFSI,2021-08-13,67.23999786376953
PFSI,2021-08-16,67.79000091552734
PFSI,2021-08-17,67.62000274658203
PFSI,2021-08-18,67.3499984741211
PFSI,2021-08-19,66.18000030517578
PFSI,2021-08-20,66.51000213623047
PFSI,2021-08-23,66.02999877929688
PFSI,2021-08-24,66.26000213623047
PFSI,2021-08-25,66.81999969482422
PFSI,2021-08-26,66.4000015258789
PFSI,2021-08-27,67.22000122070312
PFSI,2021-08-30,66.66000366210938
PFSI,2021-08-31,66.55000305175781
PFSI,2021-09-01,66.01000213623047
PFSI,2021-09-02,66.27999877929688
PFSI,2021-09-03,66.08000183105469
PFSI,2021-09-07,64.70999908447266
PFSI,2021-09-08,64.26000213623047
PFSI,2021-09-09,64.19000244140625
PFSI,2021-09-10,63.90999984741211
PFSI,2021-09-13,65.30000305175781
PFSI,2021-09-14,64.8499984741211
PFSI,2021-09-15,65.19000244140625
PFSI,2021-09-16,64.56999969482422
PFSI,2021-09-17,64.55000305175781
PFSI,2021-09-20,64.33999633789062
PFSI,2021-09-21,63.220001220703125
PFSI,2021-09-22,63.29999923706055
PFSI,2021-09-23,63.459999084472656
PFSI,2021-09-24,62.650001525878906
PFSI,2021-09-27,62.20000076293945
PFSI,2021-09-28,60.36000061035156
PFSI,2021-09-29,60.470001220703125
PFSI,2021-09-30,61.130001068115234
PFSI,2021-10-01,61.529998779296875
PFSI,2021-10-04,61.31999969482422
PFSI,2021-10-05,61.79999923706055
PFSI,2021-10-06,62.43000030517578
PFSI,2021-10-07,62.56999969482422
PFSI,2021-10-08,62.619998931884766
PFSI,2021-10-11,63.290000915527344
PFSI,2021-10-12,64.11000061035156
PFSI,2021-10-13,66.4000015258789
PFSI,2021-10-14,67.02999877929688
PFSI,2021-10-15,66.31999969482422
PFSI,2021-10-18,66.41999816894531
PFSI,2021-10-19,67.37999725341797
PFSI,2021-10-20,67.44000244140625
PFSI,2021-10-21,67.52999877929688
PFSI,2021-10-22,66.55999755859375
PFSI,2021-10-25,66.01000213623047
PFSI,2021-10-26,63.130001068115234
PFSI,2021-10-27,62.61000061035156
PFSI,2021-10-28,62.2400016784668
PFSI,2021-10-29,62.060001373291016
PFSI,2021-11-01,64.27999877929688
PFSI,2021-11-02,65.02999877929688
PFSI,2021-11-03,64.98999786376953
PFSI,2021-11-04,64.5999984741211
PFSI,2021-11-05,66.94999694824219
PFSI,2021-11-08,67.72000122070312
PFSI,2021-11-09,66.56999969482422
PFSI,2021-11-10,66.01000213623047
PFSI,2021-11-11,65.91999816894531
PFSI,2021-11-12,65.16999816894531
PFSI,2021-11-15,62.91999816894531
PFSI,2021-11-16,63.099998474121094
PFSI,2021-11-17,62.900001525878906
PFSI,2021-11-18,62.7400016784668
PFSI,2021-11-19,64.02999877929688
PFSI,2021-11-22,65.0
PFSI,2021-11-23,64.97000122070312
PFSI,2021-11-24,65.76000213623047
PFSI,2021-11-26,65.04000091552734
PFSI,2021-11-29,64.9800033569336
PFSI,2021-11-30,63.33000183105469
PFSI,2021-12-01,64.97000122070312
PFSI,2021-12-02,68.44000244140625
PFSI,2021-12-03,67.80999755859375
PFSI,2021-12-06,68.88999938964844
PFSI,2021-12-07,68.81999969482422
PFSI,2021-12-08,69.30999755859375
PFSI,2021-12-09,69.19999694824219
PFSI,2021-12-10,68.94999694824219
PFSI,2021-12-13,68.56999969482422
PFSI,2021-12-14,67.58999633789062
PFSI,2021-12-15,67.45999908447266
PFSI,2021-12-16,67.69999694824219
PFSI,2021-12-17,68.05000305175781
PFSI,2021-12-20,67.12999725341797
PFSI,2021-12-21,68.69000244140625
PFSI,2021-12-22,69.41999816894531
PFSI,2021-12-23,69.95999908447266
PFSI,2021-12-27,70.08000183105469
PFSI,2021-12-28,69.54000091552734
PFSI,2021-12-29,69.75
PFSI,2021-12-30,70.56999969482422
PFSI,2021-12-31,69.77999877929688
PFSI,2022-01-03,70.0999984741211
PFSI,2022-01-04,69.44000244140625
PFSI,2022-01-05,68.25
PFSI,2022-01-06,68.5
PFSI,2022-01-07,67.79000091552734
PFSI,2022-01-10,67.20999908447266
PFSI,2022-01-11,67.73999786376953
PFSI,2022-01-12,68.93000030517578
PFSI,2022-01-13,69.55999755859375
PFSI,2022-01-14,68.9000015258789
PFSI,2022-01-18,68.2699966430664
PFSI,2022-01-19,67.43000030517578
PFSI,2022-01-20,65.56999969482422
PFSI,2022-01-21,64.9800033569336
PFSI,2022-01-24,65.4000015258789
PFSI,2022-01-25,65.61000061035156
PFSI,2022-01-26,64.62000274658203
PFSI,2022-01-27,61.40999984741211
PFSI,2022-01-28,61.709999084472656
PFSI,2022-01-31,62.70000076293945
PFSI,2022-02-01,60.97999954223633
PFSI,2022-02-02,59.65999984741211
PFSI,2022-02-03,58.709999084472656
PFSI,2022-02-04,59.20000076293945
PFSI,2022-02-07,58.7599983215332
PFSI,2022-02-08,60.88999938964844
PFSI,2022-02-09,60.290000915527344
PFSI,2022-02-10,60.029998779296875
PFSI,2022-02-11,61.09000015258789
PFSI,2022-02-14,60.599998474121094
PFSI,2022-02-15,61.31999969482422
PFSI,2022-02-16,61.2400016784668
PFSI,2022-02-17,60.22999954223633
PFSI,2022-02-18,59.36000061035156
PFSI,2022-02-22,58.04999923706055
PFSI,2022-02-23,57.099998474121094
PFSI,2022-02-24,57.060001373291016
PFSI,2022-02-25,58.650001525878906
PFSI,2022-02-28,57.75
PFSI,2022-03-01,57.95000076293945
PFSI,2022-03-02,59.18000030517578
PFSI,2022-03-03,58.91999816894531
PFSI,2022-03-04,59.11000061035156
PFSI,2022-03-07,57.720001220703125
PFSI,2022-03-08,56.0
PFSI,2022-03-09,56.290000915527344
PFSI,2022-03-10,55.459999084472656
PFSI,2022-03-11,55.38999938964844
PFSI,2022-03-14,54.13999938964844
PFSI,2022-03-15,54.34000015258789
PFSI,2022-03-16,55.790000915527344
PFSI,2022-03-17,55.18000030517578
PFSI,2022-03-18,55.36000061035156
PFSI,2022-03-21,54.56999969482422
PFSI,2022-03-22,55.47999954223633
PFSI,2022-03-23,55.470001220703125
PFSI,2022-03-24,55.11000061035156
PFSI,2022-03-25,53.72999954223633
PFSI,2022-03-28,54.41999816894531
PFSI,2022-03-29,55.25
PFSI,2022-03-30,54.29999923706055
PFSI,2022-03-31,53.20000076293945
PFSI,2022-04-01,53.06999969482422
PFSI,2022-04-04,52.45000076293945
PFSI,2022-04-05,50.68000030517578
PFSI,2022-04-06,48.25
PFSI,2022-04-07,47.18000030517578
PFSI,2022-04-08,47.20000076293945
PFSI,2022-04-11,47.29999923706055
PFSI,2022-04-12,46.40999984741211
PFSI,2022-04-13,48.650001525878906
PFSI,2022-04-14,47.709999084472656
PFSI,2022-04-18,47.400001525878906
PFSI,2022-04-19,48.369998931884766
PFSI,2022-04-20,49.95000076293945
PFSI,2022-04-21,50.13999938964844
PFSI,2022-04-22,48.400001525878906
PFSI,2022-04-25,49.90999984741211
PFSI,2022-04-26,47.029998779296875
PFSI,2022-04-27,47.16999816894531
PFSI,2022-04-28,49.599998474121094
PFSI,2022-04-29,48.560001373291016
PFSI,2022-05-02,48.33000183105469
PFSI,2022-05-03,49.7599983215332
PFSI,2022-05-04,50.810001373291016
PFSI,2022-05-05,48.369998931884766
PFSI,2022-05-06,48.40999984741211
PFSI,2022-05-09,47.529998779296875
PFSI,2022-05-10,46.650001525878906
PFSI,2022-05-11,44.88999938964844
PFSI,2022-05-12,45.06999969482422
PFSI,2022-05-13,45.959999084472656
PFSI,2022-05-16,45.54999923706055
PFSI,2022-05-17,47.20000076293945
PFSI,2022-05-18,46.4900016784668
PFSI,2022-05-19,46.43000030517578
PFSI,2022-05-20,47.650001525878906
PFSI,2022-05-23,49.400001525878906
PFSI,2022-05-24,49.560001373291016
PFSI,2022-05-25,48.22999954223633
PFSI,2022-05-26,50.220001220703125
PFSI,2022-05-27,50.27000045776367
PFSI,2022-05-31,49.02000045776367
PFSI,2022-06-01,48.939998626708984
PFSI,2022-06-02,50.47999954223633
PFSI,2022-06-03,48.810001373291016
PFSI,2022-06-06,49.29999923706055
PFSI,2022-06-07,49.58000183105469
PFSI,2022-06-08,49.29999923706055
PFSI,2022-06-09,49.290000915527344
PFSI,2022-06-10,46.36000061035156
PFSI,2022-06-13,43.310001373291016
PFSI,2022-06-14,42.02000045776367
PFSI,2022-06-15,41.86000061035156
PFSI,2022-06-16,39.72999954223633
PFSI,2022-06-17,41.11000061035156
PFSI,2022-06-21,42.099998474121094
PFSI,2022-06-22,42.25
PFSI,2022-06-23,43.02000045776367
PFSI,2022-06-24,43.959999084472656
PFSI,2022-06-27,44.38999938964844
PFSI,2022-06-28,43.689998626708984
PFSI,2022-06-29,43.66999816894531
PFSI,2022-06-30,43.709999084472656
PFSI,2022-07-01,45.61000061035156
PFSI,2022-07-05,46.369998931884766
PFSI,2022-07-06,45.66999816894531
PFSI,2022-07-07,46.83000183105469
PFSI,2022-07-08,47.2599983215332
PFSI,2022-07-11,46.61000061035156
PFSI,2022-07-12,47.880001068115234
PFSI,2022-07-13,48.150001525878906
PFSI,2022-07-14,47.380001068115234
PFSI,2022-07-15,47.91999816894531
PFSI,2022-07-18,48.290000915527344
PFSI,2022-07-19,49.9900016784668
PFSI,2022-07-20,50.959999084472656
PFSI,2022-07-21,52.029998779296875
PFSI,2022-07-22,52.09000015258789
PFSI,2022-07-25,52.380001068115234
PFSI,2022-07-26,51.970001220703125
PFSI,2022-07-27,53.970001220703125
PFSI,2022-07-28,55.02000045776367
PFSI,2022-07-29,54.790000915527344
PFSI,2022-08-01,54.849998474121094
PFSI,2022-08-02,52.650001525878906
PFSI,2022-08-03,57.11000061035156
PFSI,2022-08-04,56.02000045776367
PFSI,2022-08-05,55.40999984741211
PFSI,2022-08-08,56.86000061035156
PFSI,2022-08-09,56.7400016784668
PFSI,2022-08-10,58.31999969482422
PFSI,2022-08-11,57.93000030517578
PFSI,2022-08-12,58.52000045776367
PFSI,2022-08-15,59.16999816894531
PFSI,2022-08-16,59.66999816894531
PFSI,2022-08-17,58.130001068115234
PFSI,2022-08-18,57.939998626708984
PFSI,2022-08-19,56.38999938964844
PFSI,2022-08-22,54.459999084472656
PFSI,2022-08-23,54.88999938964844
PFSI,2022-08-24,54.52000045776367
PFSI,2022-08-25,56.029998779296875
PFSI,2022-08-26,54.439998626708984
PFSI,2022-08-29,53.90999984741211
PFSI,2022-08-30,53.7599983215332
PFSI,2022-08-31,53.119998931884766
PFSI,2022-09-01,51.5099983215332
PFSI,2022-09-02,51.540000915527344
PFSI,2022-09-06,51.18000030517578
PFSI,2022-09-07,52.09000015258789
PFSI,2022-09-08,52.63999938964844
PFSI,2022-09-09,54.869998931884766
PFSI,2022-09-12,55.2599983215332
PFSI,2022-09-13,53.16999816894531
PFSI,2022-09-14,54.56999969482422
PFSI,2022-09-15,54.20000076293945
PFSI,2022-09-16,53.68000030517578
PFSI,2022-09-19,54.06999969482422
PFSI,2022-09-20,51.790000915527344
PFSI,2022-09-21,51.7400016784668
PFSI,2022-09-22,49.529998779296875
PFSI,2022-09-23,48.29999923706055
PFSI,2022-09-26,45.380001068115234
PFSI,2022-09-27,45.0
PFSI,2022-09-28,45.4900016784668
PFSI,2022-09-29,44.349998474121094
PFSI,2022-09-30,42.900001525878906
PFSI,2022-10-03,44.75
PFSI,2022-10-04,47.36000061035156
PFSI,2022-10-05,47.130001068115234
PFSI,2022-10-06,46.06999969482422
PFSI,2022-10-07,45.900001525878906
PFSI,2022-10-10,43.70000076293945
PFSI,2022-10-11,44.63999938964844
PFSI,2022-10-12,45.189998626708984
PFSI,2022-10-13,45.15999984741211
PFSI,2022-10-14,44.209999084472656
PFSI,2022-10-17,45.130001068115234
PFSI,2022-10-18,46.689998626708984
PFSI,2022-10-19,45.25
PFSI,2022-10-20,44.369998931884766
PFSI,2022-10-21,45.77000045776367
PFSI,2022-10-24,46.7400016784668
PFSI,2022-10-25,48.68000030517578
PFSI,2022-10-26,47.209999084472656
PFSI,2022-10-27,47.220001220703125
PFSI,2022-10-28,55.18000030517578
PFSI,2022-10-31,53.31999969482422
PFSI,2022-11-01,52.400001525878906
PFSI,2022-11-02,51.380001068115234
PFSI,2022-11-03,50.13999938964844
PFSI,2022-11-04,51.5
PFSI,2022-11-07,51.52000045776367
PFSI,2022-11-08,51.83000183105469
PFSI,2022-11-09,50.97999954223633
PFSI,2022-11-10,56.22999954223633
PFSI,2022-11-11,57.27000045776367
PFSI,2022-11-14,56.36000061035156
PFSI,2022-11-15,56.459999084472656
PFSI,2022-11-16,56.04999923706055
PFSI,2022-11-17,54.7599983215332
PFSI,2022-11-18,54.7400016784668
PFSI,2022-11-21,54.86000061035156
PFSI,2022-11-22,56.380001068115234
PFSI,2022-11-23,57.38999938964844
PFSI,2022-11-25,57.790000915527344
PFSI,2022-11-28,57.16999816894531
PFSI,2022-11-29,57.83000183105469
PFSI,2022-11-30,59.65999984741211
PFSI,2022-12-01,59.06999969482422
PFSI,2022-12-02,59.189998626708984
PFSI,2022-12-05,57.09000015258789
PFSI,2022-12-06,58.59000015258789
PFSI,2022-12-07,58.650001525878906
PFSI,2022-12-08,59.599998474121094
PFSI,2022-12-09,58.5
PFSI,2022-12-12,57.84000015258789
PFSI,2022-12-13,58.900001525878906
PFSI,2022-12-14,58.380001068115234
PFSI,2022-12-15,55.72999954223633
PFSI,2022-12-16,56.0
PFSI,2022-12-19,55.18000030517578
PFSI,2022-12-20,55.54999923706055
PFSI,2022-12-21,57.189998626708984
PFSI,2022-12-22,55.939998626708984
PFSI,2022-12-23,56.75
PFSI,2022-12-27,56.650001525878906
PFSI,2022-12-28,55.369998931884766
PFSI,2022-12-29,57.25
PFSI,2022-12-30,56.65999984741211
PFSI,2023-01-03,57.7400016784668
PFSI,2023-01-04,58.65999984741211
PFSI,2023-01-05,58.54999923706055
PFSI,2023-01-06,58.689998626708984
PFSI,2023-01-09,59.349998474121094
PFSI,2023-01-10,60.150001525878906
PFSI,2023-01-11,62.66999816894531
PFSI,2023-01-12,63.52000045776367
PFSI,2023-01-13,63.09000015258789
PFSI,2023-01-17,64.19000244140625
PFSI,2023-01-18,63.650001525878906
PFSI,2023-01-19,62.59000015258789
PFSI,2023-01-20,64.76000213623047
PFSI,2023-01-23,65.58000183105469
PFSI,2023-01-24,64.16000366210938
PFSI,2023-01-25,64.26000213623047
PFSI,2023-01-26,65.8499984741211
PFSI,2023-01-27,65.97000122070312
PFSI,2023-01-30,65.95999908447266
PFSI,2023-01-31,67.41999816894531
PFSI,2023-02-01,68.95999908447266
PFSI,2023-02-02,72.55000305175781
PFSI,2023-02-03,66.29000091552734
PFSI,2023-02-06,64.6500015258789
PFSI,2023-02-07,66.29000091552734
PFSI,2023-02-08,66.93000030517578
PFSI,2023-02-09,65.97000122070312
PFSI,2023-02-10,65.56999969482422
PFSI,2023-02-13,66.06999969482422
PFSI,2023-02-14,66.2300033569336
PFSI,2023-02-15,66.58000183105469
PFSI,2023-02-16,65.23999786376953
PFSI,2023-02-17,64.43000030517578
PFSI,2023-02-21,61.709999084472656
PFSI,2023-02-22,60.970001220703125
PFSI,2023-02-23,61.810001373291016
PFSI,2023-02-24,60.7400016784668
PFSI,2023-02-27,60.70000076293945
PFSI,2023-02-28,60.470001220703125
PFSI,2023-03-01,61.41999816894531
PFSI,2023-03-02,61.779998779296875
PFSI,2023-03-03,62.97999954223633
PFSI,2023-03-06,62.18000030517578
PFSI,2023-03-07,60.650001525878906
PFSI,2023-03-08,61.630001068115234
PFSI,2023-03-09,59.5
PFSI,2023-03-10,57.81999969482422
PFSI,2023-03-13,57.709999084472656
PFSI,2023-03-14,57.65999984741211
PFSI,2023-03-15,56.400001525878906
PFSI,2023-03-16,57.970001220703125
PFSI,2023-03-17,56.75
PFSI,2023-03-20,56.75
PFSI,2023-03-21,57.77000045776367
PFSI,2023-03-22,55.939998626708984
PFSI,2023-03-23,55.81999969482422
PFSI,2023-03-24,57.400001525878906
PFSI,2023-03-27,57.33000183105469
PFSI,2023-03-28,56.97999954223633
PFSI,2023-03-29,58.20000076293945
PFSI,2023-03-30,58.310001373291016
PFSI,2023-03-31,59.61000061035156
PFSI,2023-04-03,60.77000045776367
PFSI,2023-04-04,60.0
PFSI,2023-04-05,60.380001068115234
PFSI,2023-04-06,59.65999984741211
PFSI,2023-04-10,59.459999084472656
PFSI,2023-04-11,61.81999969482422
PFSI,2023-04-12,61.709999084472656
PFSI,2023-04-13,63.029998779296875
PFSI,2023-04-14,63.27000045776367
PFSI,2023-04-17,62.650001525878906
PFSI,2023-04-18,62.720001220703125
PFSI,2023-04-19,63.400001525878906
PFSI,2023-04-20,63.33000183105469
PFSI,2023-04-21,63.599998474121094
PFSI,2023-04-24,63.97999954223633
PFSI,2023-04-25,63.880001068115234
PFSI,2023-04-26,64.01000213623047
PFSI,2023-04-27,65.91999816894531
PFSI,2023-04-28,62.4900016784668
PFSI,2023-05-01,60.7400016784668
PFSI,2023-05-02,59.849998474121094
PFSI,2023-05-03,59.02000045776367
PFSI,2023-05-04,57.20000076293945
PFSI,2023-05-05,58.47999954223633
PFSI,2023-05-08,57.619998931884766
PFSI,2023-05-09,56.59000015258789
PFSI,2023-05-10,57.33000183105469
PFSI,2023-05-11,58.65999984741211
PFSI,2023-05-12,59.540000915527344
PFSI,2023-05-15,60.849998474121094
PFSI,2023-05-16,61.09000015258789
PFSI,2023-05-17,62.59000015258789
PFSI,2023-05-18,64.68000030517578
PFSI,2023-05-19,63.22999954223633
PFSI,2023-05-22,61.9900016784668
PFSI,2023-05-23,61.27000045776367
PFSI,2023-05-24,60.63999938964844
PFSI,2023-05-25,58.939998626708984
PFSI,2023-05-26,60.400001525878906
PFSI,2023-05-30,60.93000030517578
PFSI,2023-05-31,61.040000915527344
PFSI,2023-06-01,61.790000915527344
PFSI,2023-06-02,63.7599983215332
PFSI,2023-06-05,62.959999084472656
PFSI,2023-06-06,63.93000030517578
PFSI,2023-06-07,65.0999984741211
PFSI,2023-06-08,65.31999969482422
PFSI,2023-06-09,65.58000183105469
PFSI,2023-06-12,66.52999877929688
PFSI,2023-06-13,69.43000030517578
PFSI,2023-06-14,69.37000274658203
PFSI,2023-06-15,69.93000030517578
PFSI,2023-06-16,68.37999725341797
PFSI,2023-06-20,69.12000274658203
PFSI,2023-06-21,69.38999938964844
PFSI,2023-06-22,67.9800033569336
PFSI,2023-06-23,67.68000030517578
PFSI,2023-06-26,67.73999786376953
PFSI,2023-06-27,70.47000122070312
PFSI,2023-06-28,71.9000015258789
PFSI,2023-06-29,71.08999633789062
PFSI,2023-06-30,70.30999755859375
PFSI,2023-07-03,70.20999908447266
PFSI,2023-07-05,68.63999938964844
PFSI,2023-07-06,66.45999908447266
PFSI,2023-07-07,67.33999633789062
PFSI,2023-07-10,69.44999694824219
PFSI,2023-07-11,70.7300033569336
PFSI,2023-07-12,72.4000015258789
PFSI,2023-07-13,73.62999725341797
PFSI,2023-07-14,73.73999786376953
PFSI,2023-07-17,76.06999969482422
PFSI,2023-07-18,78.62000274658203
PFSI,2023-07-19,81.5199966430664
PFSI,2023-07-20,80.80000305175781
PFSI,2023-07-21,80.0199966430664
PFSI,2023-07-24,80.52999877929688
PFSI,2023-07-25,80.22000122070312
PFSI,2023-07-26,81.70999908447266
PFSI,2023-07-27,80.19999694824219
PFSI,2023-07-28,76.0999984741211
PFSI,2023-07-31,75.2300033569336
PFSI,2023-08-01,74.76000213623047
PFSI,2023-08-02,74.30999755859375
PFSI,2023-08-03,73.76000213623047
PFSI,2023-08-04,75.4800033569336
PFSI,2023-08-07,77.13999938964844
PFSI,2023-08-08,75.79000091552734
PFSI,2023-08-09,75.33000183105469
PFSI,2023-08-10,74.4800033569336
PFSI,2023-08-11,73.94000244140625
PFSI,2023-08-14,73.20999908447266
PFSI,2023-08-15,72.58000183105469
PFSI,2023-08-16,71.2699966430664
PFSI,2023-08-17,70.06999969482422
PFSI,2023-08-18,69.31999969482422
PFSI,2023-08-21,68.66999816894531
PFSI,2023-08-22,67.23999786376953
PFSI,2023-08-23,69.41999816894531
PFSI,2023-08-24,69.0199966430664
PFSI,2023-08-25,68.97000122070312
PFSI,2023-08-28,69.0
PFSI,2023-08-29,69.55000305175781
PFSI,2023-08-30,70.76000213623047
PFSI,2023-08-31,71.7699966430664
PFSI,2023-09-01,72.7699966430664
PFSI,2023-09-05,71.0
PFSI,2023-09-06,70.0
PFSI,2023-09-07,70.0999984741211
PFSI,2023-09-08,69.30000305175781
PFSI,2023-09-11,71.29000091552734
PFSI,2023-09-12,69.68000030517578
PFSI,2023-09-13,68.23999786376953
PFSI,2023-09-14,69.5199966430664
PFSI,2023-09-15,68.69999694824219
PFSI,2023-09-18,68.2300033569336
PFSI,2023-09-19,68.26000213623047
PFSI,2023-09-20,68.69999694824219
PFSI,2023-09-21,67.1500015258789
PFSI,2023-09-22,66.93000030517578
PFSI,2023-09-25,66.87999725341797
PFSI,2023-09-26,65.7300033569336
PFSI,2023-09-27,65.91999816894531
PFSI,2023-09-28,66.44999694824219
PFSI,2023-09-29,66.5999984741211
PFSI,2023-10-02,65.79000091552734
PFSI,2023-10-03,63.630001068115234
PFSI,2023-10-04,65.25
PFSI,2023-10-05,66.55000305175781
PFSI,2023-10-06,66.38999938964844
PFSI,2023-10-09,67.36000061035156
PFSI,2023-10-10,68.52999877929688
PFSI,2023-10-11,68.69000244140625
PFSI,2023-10-12,66.63999938964844
PFSI,2023-10-13,66.62000274658203
PFSI,2023-10-16,67.16000366210938
PFSI,2023-10-17,67.4000015258789
PFSI,2023-10-18,65.5
PFSI,2023-10-19,63.380001068115234
PFSI,2023-10-20,63.5
PFSI,2023-10-23,63.65999984741211
PFSI,2023-10-24,63.13999938964844
PFSI,2023-10-25,63.0
PFSI,2023-10-26,64.08999633789062
PFSI,2023-10-27,69.58000183105469
PFSI,2023-10-30,67.94999694824219
PFSI,2023-10-31,67.19999694824219
PFSI,2023-11-01,68.77999877929688
PFSI,2023-11-02,71.23999786376953
PFSI,2023-11-03,72.55999755859375
PFSI,2023-11-06,71.9000015258789
PFSI,2023-11-07,71.1500015258789
PFSI,2023-11-08,72.37000274658203
PFSI,2023-11-09,71.25
PFSI,2023-11-10,71.97000122070312
PFSI,2023-11-13,71.4800033569336
PFSI,2023-11-14,76.6500015258789
PFSI,2023-11-15,76.87000274658203
PFSI,2023-11-16,75.36000061035156
PFSI,2023-11-17,75.6500015258789
PFSI,2023-11-20,78.2300033569336
PFSI,2023-11-21,78.0
PFSI,2023-11-22,78.22000122070312
PFSI,2023-11-24,77.30000305175781
PFSI,2023-11-27,77.26000213623047
PFSI,2023-11-28,77.79000091552734
PFSI,2023-11-29,78.69999694824219
PFSI,2023-11-30,77.79000091552734
PFSI,2023-12-01,79.77999877929688
PFSI,2023-12-04,80.83999633789062
PFSI,2023-12-05,80.22000122070312
PFSI,2023-12-06,80.0
PFSI,2023-12-07,80.51000213623047
PFSI,2023-12-08,80.1500015258789
PFSI,2023-12-11,81.2300033569336
PFSI,2023-12-12,82.8499984741211
PFSI,2023-12-13,86.51000213623047
PFSI,2023-12-14,92.93000030517578
PFSI,2023-12-15,89.5199966430664
PFSI,2023-12-18,88.31999969482422
PFSI,2023-12-19,88.51000213623047
PFSI,2023-12-20,86.79000091552734
PFSI,2023-12-21,87.41000366210938
PFSI,2023-12-22,88.29000091552734
PFSI,2023-12-26,88.70999908447266
PFSI,2023-12-27,89.13999938964844
PFSI,2023-12-28,89.0199966430664
PFSI,2023-12-29,88.37000274658203
PFSI,2024-01-02,87.80000305175781
PFSI,2024-01-03,85.02999877929688
PFSI,2024-01-04,84.66000366210938
PFSI,2024-01-05,84.30999755859375
PFSI,2024-01-08,87.3499984741211
PFSI,2024-01-09,86.27999877929688
PFSI,2024-01-10,87.4000015258789
PFSI,2024-01-11,86.5999984741211
PFSI,2024-01-12,86.26000213623047
PFSI,2024-01-16,83.66999816894531
PFSI,2024-01-17,83.30999755859375
PFSI,2024-01-18,83.52999877929688
PFSI,2024-01-19,85.5999984741211
PFSI,2024-01-22,87.05999755859375
PFSI,2024-01-23,86.66000366210938
PFSI,2024-01-24,85.95999908447266
PFSI,2024-01-25,87.62999725341797
PFSI,2024-01-26,87.62999725341797
PFSI,2024-01-29,89.26000213623047
PFSI,2024-01-30,89.26000213623047
PFSI,2024-01-31,87.22000122070312
PFSI,2024-02-01,89.0199966430664
PFSI,2024-02-02,93.23999786376953
PFSI,2024-02-05,89.66999816894531
PFSI,2024-02-06,89.7300033569336
PFSI,2024-02-07,89.37000274658203
PFSI,2024-02-08,90.2699966430664
PFSI,2024-02-09,91.20999908447266
PFSI,2024-02-12,92.08999633789062
PFSI,2024-02-13,85.7300033569336
PFSI,2024-02-14,88.38999938964844
PFSI,2024-02-15,90.86000061035156
PFSI,2024-02-16,88.45999908447266
PFSI,2024-02-20,87.05999755859375
PFSI,2024-02-21,87.05000305175781
PFSI,2024-02-22,86.7699966430664
PFSI,2024-02-23,87.05999755859375
PFSI,2024-02-26,85.87000274658203
PFSI,2024-02-27,85.55000305175781
PFSI,2024-02-28,83.87000274658203
PFSI,2024-02-29,84.93000030517578
PFSI,2024-03-01,85.4000015258789
PFSI,2024-03-04,84.7300033569336
PFSI,2024-03-05,86.04000091552734
PFSI,2024-03-06,85.95999908447266
PFSI,2024-03-07,88.33999633789062
PFSI,2024-03-08,86.87999725341797
PFSI,2024-03-11,86.04000091552734
PFSI,2024-03-12,85.81999969482422
PFSI,2024-03-13,86.75
PFSI,2024-03-14,85.05000305175781
PFSI,2024-03-15,84.63999938964844
PFSI,2024-03-18,85.05999755859375
PFSI,2024-03-19,87.12999725341797
PFSI,2024-03-20,89.44999694824219
PFSI,2024-03-21,91.88999938964844
PFSI,2024-03-22,90.12999725341797
PFSI,2024-03-25,90.30000305175781
PFSI,2024-03-26,88.94999694824219
PFSI,2024-03-27,91.70999908447266
PFSI,2024-03-28,91.08999633789062
PFSI,2024-04-01,89.7300033569336
PFSI,2024-04-02,88.13999938964844
PFSI,2024-04-03,88.3499984741211
PFSI,2024-04-04,87.91999816894531
PFSI,2024-04-05,89.11000061035156
PFSI,2024-04-08,90.04000091552734
PFSI,2024-04-09,91.08999633789062
PFSI,2024-04-10,87.5999984741211
PFSI,2024-04-11,89.20999908447266
PFSI,2024-04-12,87.93000030517578
PFSI,2024-04-15,87.11000061035156
PFSI,2024-04-16,86.16999816894531
PFSI,2024-04-17,86.3499984741211
PFSI,2024-04-18,87.0
PFSI,2024-04-19,87.95999908447266
PFSI,2024-04-22,90.45999908447266
PFSI,2024-04-23,92.77999877929688
PFSI,2024-04-24,92.06999969482422
PFSI,2024-04-25,86.19999694824219
PFSI,2024-04-26,87.0
PFSI,2024-04-29,87.4000015258789
PFSI,2024-04-30,85.63999938964844
PFSI,2024-05-01,86.20999908447266
PFSI,2024-05-02,87.91999816894531
PFSI,2024-05-03,90.83999633789062
PFSI,2024-05-06,92.88999938964844
PFSI,2024-05-07,92.0999984741211
PFSI,2024-05-08,91.76000213623047
PFSI,2024-05-09,93.69999694824219
PFSI,2024-05-10,93.30999755859375
PFSI,2024-05-13,90.44000244140625
PFSI,2024-05-14,91.36000061035156
PFSI,2024-05-15,93.87999725341797
PFSI,2024-05-16,93.27999877929688
PFSI,2024-05-17,93.37000274658203
PFSI,2024-05-20,94.02999877929688
PFSI,2024-05-21,93.91999816894531
PFSI,2024-05-22,91.08000183105469
PFSI,2024-05-23,90.0999984741211
PFSI,2024-05-24,91.29000091552734
PFSI,2024-05-28,90.8499984741211
PFSI,2024-05-29,89.16000366210938
PFSI,2024-05-30,90.52999877929688
PFSI,2024-05-31,90.6500015258789
PFSI,2024-06-03,90.9000015258789
PFSI,2024-06-04,90.54000091552734
PFSI,2024-06-05,92.25
PFSI,2024-06-06,90.56999969482422
PFSI,2024-06-07,89.33999633789062
PFSI,2024-06-10,89.0
PFSI,2024-06-11,88.44999694824219
PFSI,2024-06-12,92.77999877929688
PFSI,2024-06-13,92.7300033569336
PFSI,2024-06-14,91.44000244140625
PFSI,2024-06-17,92.12999725341797
PFSI,2024-06-18,92.68000030517578
PFSI,2024-06-20,91.87999725341797
PFSI,2024-06-21,92.33999633789062
PFSI,2024-06-24,93.2699966430664
PFSI,2024-06-25,92.87000274658203
PFSI,2024-06-26,91.83000183105469
PFSI,2024-06-27,92.66999816894531
PFSI,2024-06-28,94.5999984741211
PFSI,2024-07-01,92.30000305175781
PFSI,2024-07-02,92.94999694824219
PFSI,2024-07-03,93.93000030517578
PFSI,2024-07-05,92.51000213623047
PFSI,2024-07-08,91.88999938964844
PFSI,2024-07-09,90.9800033569336
PFSI,2024-07-10,92.66000366210938
PFSI,2024-07-11,98.45999908447266
PFSI,2024-07-12,100.12000274658203
PFSI,2024-07-15,100.76000213623047
PFSI,2024-07-16,103.26000213623047
PFSI,2024-07-17,102.4800033569336
PFSI,2024-07-18,101.80000305175781
PFSI,2024-07-19,101.08999633789062
PFSI,2024-07-22,99.22000122070312
PFSI,2024-07-23,100.4000015258789
PFSI,2024-07-24,96.56999969482422
PFSI,2024-07-25,99.30000305175781
PFSI,2024-07-26,99.91000366210938
PFSI,2024-07-29,99.08000183105469
PFSI,2024-07-30,98.38999938964844
PFSI,2024-07-31,98.12000274658203
PFSI,2024-08-01,95.31999969482422
PFSI,2024-08-02,97.98999786376953
PFSI,2024-08-05,95.11000061035156
PFSI,2024-08-06,95.08999633789062
PFSI,2024-08-07,93.69999694824219
PFSI,2024-08-08,95.80000305175781
PFSI,2024-08-09,97.08000183105469
PFSI,2024-08-12,95.51000213623047
PFSI,2024-08-13,97.86000061035156
PFSI,2024-08-14,99.5199966430664
PFSI,2024-08-15,98.04000091552734
PFSI,2024-08-16,97.75
PFSI,2024-08-19,99.08000183105469
PFSI,2024-08-20,98.66000366210938
PFSI,2024-08-21,99.45999908447266
PFSI,2024-08-22,99.51000213623047
PFSI,2024-08-23,102.38999938964844
PFSI,2024-08-26,103.04000091552734
PFSI,2024-08-27,103.13999938964844
PFSI,2024-08-28,102.94000244140625
PFSI,2024-08-29,105.25
PFSI,2024-08-30,108.0
PFSI,2024-09-03,105.97000122070312
PFSI,2024-09-04,107.37000274658203
PFSI,2024-09-05,108.13999938964844
PFSI,2024-09-06,106.62999725341797
PFSI,2024-09-09,107.41999816894531
PFSI,2024-09-10,107.5199966430664
PFSI,2024-09-11,107.27999877929688
PFSI,2024-09-12,111.16000366210938
PFSI,2024-09-13,115.23999786376953
PFSI,2024-09-16,116.58000183105469
PFSI,2024-09-17,116.55999755859375
PFSI,2024-09-18,116.16999816894531
PFSI,2024-09-19,113.6500015258789
PFSI,2024-09-20,111.80000305175781
PFSI,2024-09-23,112.41000366210938
PFSI,2024-09-24,111.69999694824219
PFSI,2024-09-25,112.91999816894531
PFSI,2024-09-26,112.25
PFSI,2024-09-27,113.80000305175781
PFSI,2024-09-30,113.97000122070312
PFSI,2024-10-01,112.13999938964844
PFSI,2024-10-02,111.31999969482422
PFSI,2024-10-03,110.4000015258789
PFSI,2024-10-04,106.66000366210938
PFSI,2024-10-07,106.11000061035156
PFSI,2024-10-08,106.97000122070312
PFSI,2024-10-09,106.2699966430664
PFSI,2024-10-10,106.18000030517578
PFSI,2024-10-11,106.2699966430664
PFSI,2024-10-14,108.16000366210938
PFSI,2024-10-15,108.94999694824219
PFSI,2024-10-16,110.88999938964844
PFSI,2024-10-17,110.7699966430664
PFSI,2024-10-18,109.31999969482422
PFSI,2024-10-21,104.94000244140625
PFSI,2024-10-22,103.63999938964844
PFSI,2024-10-23,100.0199966430664
PFSI,2024-10-24,101.08000183105469
PFSI,2024-10-25,100.87999725341797
PFSI,2024-10-28,102.33000183105469
PFSI,2024-10-29,102.44000244140625
PFSI,2024-10-30,100.69999694824219
PFSI,2024-10-31,99.68000030517578
PFSI,2024-11-01,99.38999938964844
PFSI,2024-11-04,100.55999755859375
PFSI,2024-11-05,102.36000061035156
PFSI,2024-11-06,101.7699966430664
PFSI,2024-11-07,103.62999725341797
PFSI,2024-11-08,105.2699966430664
PFSI,2024-11-11,106.0999984741211
PFSI,2024-11-12,104.80000305175781
PFSI,2024-11-13,102.7300033569336
PFSI,2024-11-14,101.23999786376953
PFSI,2024-11-15,102.47000122070312
PFSI,2024-11-18,102.4800033569336
PFSI,2024-11-19,104.87000274658203
PFSI,2024-11-20,102.72000122070312
PFSI,2024-11-21,103.94999694824219
PFSI,2024-11-22,105.62000274658203
PFSI,2024-11-25,107.79000091552734
PFSI,2024-11-26,106.36000061035156
PFSI,2024-11-27,106.87000274658203
PFSI,2024-11-29,107.12999725341797
PFSI,2024-12-02,106.69999694824219
PFSI,2024-12-03,106.1500015258789
PFSI,2024-12-04,105.63999938964844
PFSI,2024-12-05,105.81999969482422
PFSI,2024-12-06,107.06999969482422
PFSI,2024-12-09,105.29000091552734
PFSI,2024-12-10,104.0199966430664
PFSI,2024-12-11,105.76000213623047
PFSI,2024-12-12,105.06999969482422
PFSI,2024-12-13,104.44999694824219
PFSI,2024-12-16,105.02999877929688
PFSI,2024-12-17,103.69000244140625
PFSI,2024-12-18,99.5999984741211
PFSI,2024-12-19,100.0999984741211
PFSI,2024-12-20,101.66000366210938
PFSI,2024-12-23,101.01000213623047
PFSI,2024-12-24,102.18000030517578
PFSI,2024-12-26,102.97000122070312
PFSI,2024-12-27,102.06999969482422
PFSI,2024-12-30,101.37999725341797
PFSI,2024-12-31,102.13999938964844
PFSI,2025-01-02,99.83999633789062
PFSI,2025-01-03,100.75
PFSI,2025-01-06,99.86000061035156
PFSI,2025-01-07,100.12999725341797
PFSI,2025-01-08,99.5199966430664
PFSI,2025-01-10,96.22000122070312
PFSI,2025-01-13,97.66000366210938
PFSI,2025-01-14,101.41000366210938
PFSI,2025-01-15,103.77999877929688
PFSI,2025-01-16,106.6500015258789
PFSI,2025-01-17,107.62000274658203
PFSI,2025-01-21,108.76000213623047
PFSI,2025-01-22,109.66000366210938
PFSI,2025-01-23,109.23999786376953
PFSI,2025-01-24,109.36000061035156
PFSI,2025-01-27,113.66000366210938
PFSI,2025-01-28,111.66999816894531
PFSI,2025-01-29,112.0999984741211
PFSI,2025-01-30,114.81999969482422
PFSI,2025-01-31,104.69000244140625
PFSI,2025-02-03,101.62999725341797
PFSI,2025-02-04,104.80999755859375
PFSI,2025-02-05,105.26000213623047
PFSI,2025-02-06,105.18000030517578
PFSI,2025-02-07,104.1500015258789
PFSI,2025-02-10,102.97000122070312
PFSI,2025-02-11,102.62000274658203
PFSI,2025-02-12,99.86000061035156
PFSI,2025-02-13,101.02999877929688
PFSI,2025-02-14,101.76000213623047
PFSI,2025-02-18,101.80999755859375
PFSI,2025-02-19,102.05000305175781
PFSI,2025-02-20,100.91999816894531
PFSI,2025-02-21,101.25
PFSI,2025-02-24,99.3499984741211
PFSI,2025-02-25,102.77999877929688
PFSI,2025-02-26,103.18000030517578
PFSI,2025-02-27,102.08999633789062
PFSI,2025-02-28,103.6500015258789
PFSI,2025-03-03,103.62000274658203
PFSI,2025-03-04,101.79000091552734
PFSI,2025-03-05,102.83999633789062
PFSI,2025-03-06,101.01000213623047
PFSI,2025-03-07,101.72000122070312
PFSI,2025-03-10,95.80999755859375
PFSI,2025-03-11,96.63999938964844
PFSI,2025-03-12,95.9800033569336
PFSI,2025-03-13,94.62999725341797
PFSI,2025-03-14,96.94999694824219
PFSI,2025-03-17,98.0
PFSI,2025-03-18,99.0199966430664
PFSI,2025-03-19,99.51000213623047
PFSI,2025-03-20,101.58000183105469
PFSI,2025-03-21,101.01000213623047
PFSI,2025-03-24,103.01000213623047
PFSI,2025-03-25,102.51000213623047
PFSI,2025-03-26,102.11000061035156
PFSI,2025-03-27,101.2300033569336
PFSI,2025-03-28,100.3499984741211
PFSI,2025-03-31,100.11000061035156
PFSI,2025-04-01,100.01000213623047
PFSI,2025-04-02,103.61000061035156
PFSI,2025-04-03,102.87999725341797
PFSI,2025-04-04,103.69000244140625
PFSI,2025-04-07,95.91999816894531
PFSI,2025-04-08,92.41000366210938
PFSI,2025-04-09,94.4800033569336
PFSI,2025-04-10,89.27999877929688
PFSI,2025-04-11,93.30999755859375
PFSI,2025-04-14,97.36000061035156
PFSI,2025-04-15,96.44999694824219
PFSI,2025-04-16,95.56999969482422
PFSI,2025-04-17,97.05999755859375
PFSI,2025-04-21,94.22000122070312
PFSI,2025-04-22,96.4000015258789
PFSI,2025-04-23,93.73999786376953
PFSI,2025-04-24,95.11000061035156
PFSI,2025-04-25,93.5999984741211
PFSI,2025-04-28,94.77999877929688
PFSI,2025-04-29,96.0
PFSI,2025-04-30,97.44000244140625
PFSI,2025-05-01,97.01000213623047
PFSI,2025-05-02,98.11000061035156
PFSI,2025-05-05,97.62999725341797
PFSI,2025-05-06,95.81999969482422
PFSI,2025-05-07,97.68000030517578
PFSI,2025-05-08,98.37999725341797
PFSI,2025-05-09,97.61000061035156
PFSI,2025-05-12,99.04000091552734
PFSI,2025-05-13,99.58999633789062
PFSI,2025-05-14,98.77999877929688
PFSI,2025-05-15,100.76000213623047
PFSI,2025-05-16,101.7699966430664
PFSI,2025-05-19,100.5199966430664
PFSI,2025-05-20,101.13999938964844
PFSI,2025-05-21,96.19999694824219
PFSI,2025-05-22,95.3499984741211
PFSI,2025-05-23,94.70999908447266
PFSI,2025-05-27,96.79000091552734
PFSI,2025-05-28,95.94999694824219
PFSI,2025-05-29,96.68000030517578
PFSI,2025-05-30,96.0
PFSI,2025-06-02,93.69999694824219
PFSI,2025-06-03,95.30000305175781
PFSI,2025-06-04,94.94999694824219
PFSI,2025-06-05,94.98999786376953
PFSI,2025-06-06,95.69000244140625
PFSI,2025-06-09,95.9800033569336
PFSI,2025-06-10,96.94999694824219
PFSI,2025-06-11,97.30000305175781
PFSI,2025-06-12,98.5199966430664
PFSI,2025-06-13,95.87999725341797
PFSI,2025-06-16,95.41000366210938
PFSI,2025-06-17,92.86000061035156
PFSI,2025-06-18,94.66000366210938
PFSI,2025-06-20,95.4000015258789
PFSI,2025-06-23,97.0
PFSI,2025-06-24,98.69999694824219
PFSI,2025-06-25,97.55000305175781
PFSI,2025-06-26,99.86000061035156
PFSI,2025-06-27,99.13999938964844
PFSI,2025-06-30,99.63999938964844
PFSI,2025-07-01,101.47000122070312
PFSI,2025-07-02,102.70999908447266
PFSI,2025-07-03,102.41000366210938
PFSI,2025-07-07,100.12999725341797
PFSI,2025-07-08,100.56999969482422
PFSI,2025-07-09,102.29000091552734
PFSI,2025-07-10,101.25
PFSI,2025-07-11,100.05999755859375
PFSI,2025-07-14,100.91999816894531
PFSI,2025-07-15,98.55999755859375
PFSI,2025-07-16,99.52999877929688
PFSI,2025-07-17,100.94000244140625
PFSI,2025-07-18,100.8499984741211
PFSI,2025-07-21,101.94000244140625
PFSI,2025-07-22,104.25
PFSI,2025-07-23,96.55999755859375
PFSI,2025-07-24,93.26000213623047
PFSI,2025-07-25,94.06999969482422
PFSI,2025-07-28,93.41000366210938
PFSI,2025-07-29,94.97000122070312
PFSI,2025-07-30,94.05999755859375
PFSI,2025-07-31,93.13999938964844
PFSI,2025-08-01,95.8499984741211
PFSI,2025-08-04,97.62999725341797
PFSI,2025-08-05,99.23999786376953
PFSI,2025-08-06,98.81999969482422
PFSI,2025-08-07,98.18000030517578
PFSI,2025-08-08,98.12000274658203
PFSI,2025-08-11,99.66000366210938
PFSI,2025-08-12,102.70999908447266
PFSI,2025-08-13,108.33000183105469
PFSI,2025-08-14,108.41000366210938
PFSI,2025-08-15,107.01000213623047
PFSI,2025-08-18,105.51000213623047
PFSI,2025-08-19,106.97000122070312
PFSI,2025-08-20,105.29000091552734
PFSI,2025-08-21,103.38999938964844
PFSI,2025-08-22,109.72000122070312
PFSI,2025-08-25,109.54000091552734
PFSI,2025-08-26,109.04000091552734
PFSI,2025-08-27,108.51000213623047
PFSI,2025-08-28,108.86000061035156
PFSI,2025-08-29,110.0999984741211
PFSI,2025-09-02,109.33000183105469
PFSI,2025-09-03,112.83000183105469
PFSI,2025-09-04,115.27999877929688
PFSI,2025-09-05,117.48999786376953
PFSI,2025-09-08,121.05000305175781
PFSI,2025-09-09,120.81999969482422
PFSI,2025-09-10,120.33999633789062
PFSI,2025-09-11,124.41000366210938
PFSI,2025-09-12,124.51000213623047
PFSI,2025-09-15,124.33999633789062
PFSI,2025-09-16,124.0199966430664
PFSI,2025-09-17,126.16000366210938
PFSI,2025-09-18,127.12999725341797
PFSI,2025-09-19,125.0199966430664
PFSI,2025-09-22,121.80000305175781
PFSI,2025-09-23,123.12999725341797
PFSI,2025-09-24,123.31999969482422
PFSI,2025-09-25,122.58999633789062
PFSI,2025-09-26,124.04000091552734
PFSI,2025-09-29,124.70999908447266
PFSI,2025-09-30,123.87999725341797
PFSI,2025-10-01,125.86000061035156
PFSI,2025-10-02,123.16999816894531
PFSI,2025-10-03,123.1500015258789
PFSI,2025-10-06,118.33000183105469
PFSI,2025-10-07,116.56999969482422
PFSI,2025-10-08,117.5
PFSI,2025-10-09,114.56999969482422
PFSI,2025-10-10,117.11000061035156
PFSI,2025-10-13,116.8499984741211
PFSI,2025-10-14,119.69999694824219
PFSI,2025-10-15,118.8499984741211
PFSI,2025-10-16,117.43000030517578
PFSI,2025-10-17,120.01000213623047
PFSI,2025-10-20,121.4000015258789
PFSI,2025-10-21,120.91000366210938
PFSI,2025-10-22,129.57000732421875
PFSI,2025-10-23,128.5500030517578
PFSI,2025-10-24,132.6699981689453
PFSI,2025-10-27,132.9600067138672
PFSI,2025-10-28,130.19000244140625
PFSI,2025-10-29,126.11000061035156
PFSI,2025-10-30,125.30000305175781
PFSI,2025-10-31,125.80999755859375
PFSI,2025-11-03,126.83999633789062
PFSI,2025-11-04,126.86000061035156
PFSI,2025-11-05,125.0199966430664
PFSI,2025-11-06,124.44999694824219
PFSI,2025-11-07,126.0
PFSI,2025-11-10,127.26000213623047
PFSI,2025-11-11,129.5
PFSI,2025-11-12,129.14999389648438
PFSI,2025-11-13,127.04000091552734
PFSI,2025-11-14,127.0199966430664
PFSI,2025-11-17,124.47000122070312
PFSI,2025-11-18,124.93000030517578
PFSI,2025-11-19,124.52999877929688
PFSI,2025-11-20,123.94000244140625
PFSI,2025-11-21,126.26000213623047
PFSI,2025-11-24,127.68000030517578
PFSI,2025-11-25,133.67999267578125
PFSI,2025-11-26,136.05999755859375
PFSI,2025-11-28,134.57000732421875
PFSI,2025-12-01,134.08999633789062
PFSI,2025-12-02,131.82000732421875
PFSI,2025-12-03,133.86000061035156
PFSI,2025-12-04,132.5800018310547
PFSI,2025-12-05,130.91000366210938
PFSI,2025-12-08,129.0399932861328
PFSI,2025-12-09,128.47000122070312
PFSI,2025-12-10,130.99000549316406
PFSI,2025-12-11,131.82000732421875
PFSI,2025-12-12,130.47999572753906
PFSI,2025-12-15,130.47999572753906
PFSI,2025-12-16,130.44000244140625
PFSI,2025-12-17,130.19000244140625
PFSI,2025-12-18,132.41000366210938
PFSI,2025-12-19,134.6199951171875
PFSI,2025-12-22,134.7100067138672
PFSI,2025-12-23,133.1199951171875
PFSI,2025-12-24,133.97999572753906
PFSI,2025-12-26,133.88999938964844
PFSI,2025-12-29,133.52000427246094
PFSI,2025-12-30,133.25999450683594
PFSI,2025-12-31,131.83999633789062
PFSI,2026-01-02,131.50999450683594
PFSI,2026-01-05,134.25999450683594
PFSI,2026-01-06,135.00999450683594
PFSI,2026-01-07,136.27999877929688
PFSI,2026-01-08,137.38999938964844
PFSI,2026-01-09,146.19000244140625
PFSI,2026-01-12,146.36000061035156
PFSI,2026-01-13,145.58999633789062
PFSI,2026-01-14,147.3699951171875
PFSI,2026-01-15,150.6999969482422
PFSI,2026-01-16,159.4600067138672
PFSI,2026-01-20,150.55999755859375
PFSI,2026-01-21,152.3000030517578
PFSI,2026-01-22,151.6699981689453
PFSI,2026-01-23,150.88999938964844
PFSI,2026-01-26,151.9600067138672
PFSI,2026-01-27,149.4600067138672
PFSI,2026-01-28,146.97999572753906
PFSI,2026-01-29,149.6999969482422
PFSI,2026-01-30,99.91999816894531
PFSI,2026-02-02,93.06999969482422
PFSI,2026-02-03,93.1500015258789
PFSI,2026-02-04,96.08000183105469
PFSI,2026-02-05,97.5199966430664
PFSI,2026-02-06,95.5999984741211
PFSI,2026-02-09,94.80999755859375
PFSI,2026-02-10,94.44999694824219
PFSI,2026-02-11,90.4000015258789
PFSI,2026-02-12,91.48999786376953
PFSI,2026-02-13,92.01000213623047
PFSI,2026-02-17,93.87999725341797
PFSI,2026-02-18,96.05999755859375
PFSI,2026-02-19,94.33000183105469
PFSI,2026-02-20,92.2300033569336
PFSI,2026-02-23,90.33000183105469
PFSI,2026-02-24,91.19999694824219
PFSI,2026-02-25,92.73999786376953
PFSI,2026-02-26,92.93000030517578
PFSI,2026-02-27,91.93000030517578
PFSI,2026-03-02,90.37999725341797
PFSI,2026-03-03,89.76000213623047
PFSI,2026-03-04,90.66999816894531
PFSI,2026-03-05,88.52999877929688
PFSI,2026-03-06,86.19999694824219
PFSI,2026-03-09,87.01000213623047
PFSI,2026-03-10,89.58999633789062
PFSI,2026-03-11,87.6500015258789
PFSI,2026-03-12,84.61000061035156
PFSI,2026-03-13,84.13999938964844
PFSI,2026-03-16,86.4800033569336
PFSI,2026-03-17,87.3499984741211
PFSI,2026-03-18,87.20999908447266
PFSI,2026-03-19,88.02999877929688
PFSI,2026-03-20,84.44999694824219
PFSI,2026-03-23,85.5
PFSI,2026-03-24,84.30000305175781
PFSI,2026-03-25,86.43000030517578
PFSI,2026-03-26,86.44000244140625
PFSI,2026-03-27,85.47000122070312
PFSI,2026-03-30,84.9000015258789
PFSI,2026-03-31,87.4000015258789
PFSI,2026-04-01,87.69999694824219
PFSI,2026-04-02,90.0999984741211
PFSI,2026-04-06,90.37999725341797
PFSI,2026-04-07,88.44999694824219
PFSI,2026-04-08,91.61000061035156
PFSI,2026-04-09,91.7699966430664
PFSI,2026-04-10,91.41000366210938
PFSI,2026-04-13,93.02999877929688
PFSI,2026-04-14,92.66999816894531
PFSI,2026-04-15,91.73999786376953
PFSI,2026-04-16,91.7300033569336
PFSI,2026-04-17,94.56999969482422
PFSI,2026-04-20,94.30000305175781
PFSI,2026-04-21,90.63999938964844
PFSI,2026-04-22,90.45999908447266
PFSI,2026-04-23,89.8499984741211
PFSI,2026-04-24,91.38999938964844
PFSI,2026-04-27,90.88999938964844
PFSI,2026-04-28,91.18000030517578
PFSI,2026-04-29,89.18000030517578
PFSI,2026-04-30,90.29000091552734
PFSI,2026-05-01,92.12999725341797
PFSI,2026-05-04,89.88999938964844
PFSI,2026-05-05,87.4800033569336
PFSI,2026-05-06,87.06999969482422
PFSI,2026-05-07,88.66000366210938
PFSI,2026-05-08,90.54000091552734
PFSI,2026-05-11,88.3499984741211
PFSI,2026-05-12,88.62999725341797
PFSI,2026-05-13,87.73999786376953
PFSI,2026-05-14,87.81999969482422
PFSI,2026-05-15,85.69000244140625
PFSI,2026-05-18,86.47000122070312
PFSI,2026-05-19,84.44000244140625
PFSI,2026-05-20,87.08999633789062
PFSI,2026-05-21,87.0199966430664
PFSI,2026-05-22,85.87999725341797
PFSI,2026-05-26,86.12000274658203
PFSI,2026-05-27,87.38999938964844
PFSI,2026-05-28,86.37999725341797
PFSI,2026-05-29,83.87000274658203
PFSI,2026-06-01,82.48999786376953
PFSI,2026-06-02,84.04000091552734
PFSI,2026-06-03,80.5999984741211
PFSI,2026-06-04,81.52999877929688
PFSI,2026-06-05,81.23999786376953
PFSI,2026-06-08,79.55999755859375
PFSI,2026-06-09,81.76000213623047
PFSI,2026-06-10,80.08000183105469
PFSI,2026-06-11,80.68000030517578
PFSI,2026-06-12,81.66000366210938
PFSI,2026-06-15,82.41000366210938
PFSI,2026-06-16,83.5999984741211
PFSI,2026-06-17,81.19999694824219
PFSI,2026-06-18,82.37999725341797
PFSI,2026-06-22,79.80999755859375
PFSI,2026-06-23,80.23999786376953
PFSI,2026-06-24,83.3499984741211
PFSI,2026-06-25,84.30000305175781
PFSI,2026-06-26,86.08000183105469
PFSI,2026-06-29,86.1500015258789
PFSI,2026-06-30,87.0999984741211
PFSI,2026-07-01,84.83000183105469
PFSI,2026-07-02,83.47000122070312
PFSI,2026-07-06,83.75
PFSI,2026-07-07,81.11000061035156
PFSI,2026-07-08,80.91999816894531
PFSI,2026-07-09,81.94000244140625
PFSI,2026-07-10,82.3499984741211
PFSI,2026-07-13,81.4800033569336
PFSI,2026-07-14,82.91000366210938
PFSI,2026-07-15,84.9800033569336
PFSI,2026-07-16,86.81999969482422
PFSI,2026-07-17,85.29000091552734
PFSI,2026-07-20,83.58000183105469
PFSI,2026-07-23,82.61000061035156
PFSI,2026-07-24,84.3499984741211
PFSI,2026-07-27,84.47000122070312
PFSI,2026-07-28,85.69999694824219
PFSI,2026-07-29,86.04000091552734
PFSI,2026-07-30,75.87000274658203
PFSI,2026-08-03,76.4000015258789
PFSI,2026-08-04,76.98999786376953
PFSI,2026-08-05,75.88999938964844
PFSI,2026-08-06,77.0199966430664
PFSI,2026-08-07,77.41000366210938
PFSI,2026-08-10,75.8499984741211
PFSI,2026-08-11,76.58999633789062
PFSI,2026-08-12,76.9800033569336
PFSI,2026-08-13,79.4800033569336
PFSI,2026-08-14,78.02999877929688
PFSI,2026-08-17,76.30999755859375
PFSI,2026-08-18,75.30000305175781
PFSI,2026-08-19,76.83999633789062
PMT,2021-01-04,17.059999465942383
PMT,2021-01-05,17.0
PMT,2021-01-06,17.280000686645508
PMT,2021-01-07,17.3799991607666
PMT,2021-01-08,17.40999984741211
PMT,2021-01-11,17.3700008392334
PMT,2021-01-12,17.540000915527344
PMT,2021-01-13,17.280000686645508
PMT,2021-01-14,17.3799991607666
PMT,2021-01-15,17.219999313354492
PMT,2021-01-19,17.170000076293945
PMT,2021-01-20,17.440000534057617
PMT,2021-01-21,17.65999984741211
PMT,2021-01-22,17.979999542236328
PMT,2021-01-25,18.0
PMT,2021-01-26,17.760000228881836
PMT,2021-01-27,17.260000228881836
PMT,2021-01-28,17.530000686645508
PMT,2021-01-29,17.25
PMT,2021-02-01,17.399999618530273
PMT,2021-02-02,17.950000762939453
PMT,2021-02-03,18.239999771118164
PMT,2021-02-04,18.719999313354492
PMT,2021-02-05,18.59000015258789
PMT,2021-02-08,18.540000915527344
PMT,2021-02-09,18.299999237060547
PMT,2021-02-10,18.510000228881836
PMT,2021-02-11,18.549999237060547
PMT,2021-02-12,18.68000030517578
PMT,2021-02-16,19.860000610351562
PMT,2021-02-17,19.040000915527344
PMT,2021-02-18,18.579999923706055
PMT,2021-02-19,18.950000762939453
PMT,2021-02-22,19.1200008392334
PMT,2021-02-23,18.969999313354492
PMT,2021-02-24,19.459999084472656
PMT,2021-02-25,18.790000915527344
PMT,2021-02-26,18.969999313354492
PMT,2021-03-01,19.31999969482422
PMT,2021-03-02,18.860000610351562
PMT,2021-03-03,18.799999237060547
PMT,2021-03-04,18.65999984741211
PMT,2021-03-05,18.670000076293945
PMT,2021-03-08,18.8700008392334
PMT,2021-03-09,19.049999237060547
PMT,2021-03-10,19.15999984741211
PMT,2021-03-11,19.600000381469727
PMT,2021-03-12,19.6299991607666
PMT,2021-03-15,19.75
PMT,2021-03-16,19.81999969482422
PMT,2021-03-17,19.850000381469727
PMT,2021-03-18,19.219999313354492
PMT,2021-03-19,19.530000686645508
PMT,2021-03-22,19.549999237060547
PMT,2021-03-23,19.18000030517578
PMT,2021-03-24,19.06999969482422
PMT,2021-03-25,19.469999313354492
PMT,2021-03-26,19.739999771118164
PMT,2021-03-29,19.469999313354492
PMT,2021-03-30,19.850000381469727
PMT,2021-03-31,19.600000381469727
PMT,2021-04-01,19.989999771118164
PMT,2021-04-05,20.149999618530273
PMT,2021-04-06,20.100000381469727
PMT,2021-04-07,20.0
PMT,2021-04-08,20.360000610351562
PMT,2021-04-09,20.290000915527344
PMT,2021-04-12,20.469999313354492
PMT,2021-04-13,20.489999771118164
PMT,2021-04-14,19.670000076293945
PMT,2021-04-15,19.829999923706055
PMT,2021-04-16,19.690000534057617
PMT,2021-04-19,19.489999771118164
PMT,2021-04-20,19.079999923706055
PMT,2021-04-21,19.290000915527344
PMT,2021-04-22,19.399999618530273
PMT,2021-04-23,19.780000686645508
PMT,2021-04-26,19.780000686645508
PMT,2021-04-27,19.8700008392334
PMT,2021-04-28,20.079999923706055
PMT,2021-04-29,20.09000015258789
PMT,2021-04-30,20.049999237060547
PMT,2021-05-03,20.1299991607666
PMT,2021-05-04,19.969999313354492
PMT,2021-05-05,20.139999389648438
PMT,2021-05-06,19.68000030517578
PMT,2021-05-07,19.81999969482422
PMT,2021-05-10,19.360000610351562
PMT,2021-05-11,19.09000015258789
PMT,2021-05-12,18.56999969482422
PMT,2021-05-13,18.799999237060547
PMT,2021-05-14,19.1200008392334
PMT,2021-05-17,19.139999389648438
PMT,2021-05-18,19.100000381469727
PMT,2021-05-19,18.950000762939453
PMT,2021-05-20,19.399999618530273
PMT,2021-05-21,19.25
PMT,2021-05-24,19.31999969482422
PMT,2021-05-25,19.1200008392334
PMT,2021-05-26,19.299999237060547
PMT,2021-05-27,19.360000610351562
PMT,2021-05-28,19.600000381469727
PMT,2021-06-01,19.860000610351562
PMT,2021-06-02,19.75
PMT,2021-06-03,19.610000610351562
PMT,2021-06-04,19.940000534057617
PMT,2021-06-07,20.350000381469727
PMT,2021-06-08,20.639999389648438
PMT,2021-06-09,20.739999771118164
PMT,2021-06-10,20.639999389648438
PMT,2021-06-11,20.670000076293945
PMT,2021-06-14,20.469999313354492
PMT,2021-06-15,20.219999313354492
PMT,2021-06-16,20.729999542236328
PMT,2021-06-17,20.829999923706055
PMT,2021-06-18,20.850000381469727
PMT,2021-06-21,21.040000915527344
PMT,2021-06-22,20.93000030517578
PMT,2021-06-23,20.790000915527344
PMT,2021-06-24,21.299999237060547
PMT,2021-06-25,21.25
PMT,2021-06-28,21.040000915527344
PMT,2021-06-29,20.829999923706055
PMT,2021-06-30,21.059999465942383
PMT,2021-07-01,21.06999969482422
PMT,2021-07-02,21.0
PMT,2021-07-06,20.8799991607666
PMT,2021-07-07,20.600000381469727
PMT,2021-07-08,20.389999389648438
PMT,2021-07-09,21.010000228881836
PMT,2021-07-12,20.969999313354492
PMT,2021-07-13,20.510000228881836
PMT,2021-07-14,19.5
PMT,2021-07-15,19.6200008392334
PMT,2021-07-16,19.59000015258789
PMT,2021-07-19,19.3799991607666
PMT,2021-07-20,19.559999465942383
PMT,2021-07-21,19.8700008392334
PMT,2021-07-22,19.540000915527344
PMT,2021-07-23,19.43000030517578
PMT,2021-07-26,19.690000534057617
PMT,2021-07-27,19.610000610351562
PMT,2021-07-28,19.649999618530273
PMT,2021-07-29,19.920000076293945
PMT,2021-07-30,19.719999313354492
PMT,2021-08-02,19.670000076293945
PMT,2021-08-03,19.75
PMT,2021-08-04,19.5
PMT,2021-08-05,19.600000381469727
PMT,2021-08-06,19.25
PMT,2021-08-09,19.030000686645508
PMT,2021-08-10,18.799999237060547
PMT,2021-08-11,18.850000381469727
PMT,2021-08-12,18.8700008392334
PMT,2021-08-13,18.90999984741211
PMT,2021-08-16,18.829999923706055
PMT,2021-08-17,18.809999465942383
PMT,2021-08-18,18.600000381469727
PMT,2021-08-19,18.389999389648438
PMT,2021-08-20,18.770000457763672
PMT,2021-08-23,18.90999984741211
PMT,2021-08-24,19.170000076293945
PMT,2021-08-25,19.25
PMT,2021-08-26,19.110000610351562
PMT,2021-08-27,19.440000534057617
PMT,2021-08-30,19.200000762939453
PMT,2021-08-31,19.40999984741211
PMT,2021-09-01,19.5
PMT,2021-09-02,19.479999542236328
PMT,2021-09-03,19.530000686645508
PMT,2021-09-07,19.350000381469727
PMT,2021-09-08,19.31999969482422
PMT,2021-09-09,19.65999984741211
PMT,2021-09-10,19.489999771118164
PMT,2021-09-13,19.809999465942383
PMT,2021-09-14,19.829999923706055
PMT,2021-09-15,19.850000381469727
PMT,2021-09-16,19.709999084472656
PMT,2021-09-17,19.770000457763672
PMT,2021-09-20,19.479999542236328
PMT,2021-09-21,19.649999618530273
PMT,2021-09-22,19.93000030517578
PMT,2021-09-23,19.75
PMT,2021-09-24,19.639999389648438
PMT,2021-09-27,19.899999618530273
PMT,2021-09-28,19.719999313354492
PMT,2021-09-29,19.75
PMT,2021-09-30,19.690000534057617
PMT,2021-10-01,19.920000076293945
PMT,2021-10-04,19.920000076293945
PMT,2021-10-05,20.06999969482422
PMT,2021-10-06,20.06999969482422
PMT,2021-10-07,20.25
PMT,2021-10-08,20.270000457763672
PMT,2021-10-11,20.3799991607666
PMT,2021-10-12,20.579999923706055
PMT,2021-10-13,20.600000381469727
PMT,2021-10-14,20.020000457763672
PMT,2021-10-15,19.950000762939453
PMT,2021-10-18,20.06999969482422
PMT,2021-10-19,20.170000076293945
PMT,2021-10-20,20.219999313354492
PMT,2021-10-21,20.440000534057617
PMT,2021-10-22,20.329999923706055
PMT,2021-10-25,20.420000076293945
PMT,2021-10-26,20.15999984741211
PMT,2021-10-27,20.100000381469727
PMT,2021-10-28,20.18000030517578
PMT,2021-10-29,20.149999618530273
PMT,2021-11-01,20.350000381469727
PMT,2021-11-02,20.1299991607666
PMT,2021-11-03,20.110000610351562
PMT,2021-11-04,20.100000381469727
PMT,2021-11-05,19.260000228881836
PMT,2021-11-08,19.299999237060547
PMT,2021-11-09,18.790000915527344
PMT,2021-11-10,18.8799991607666
PMT,2021-11-11,19.010000228881836
PMT,2021-11-12,18.770000457763672
PMT,2021-11-15,18.700000762939453
PMT,2021-11-16,18.709999084472656
PMT,2021-11-17,18.420000076293945
PMT,2021-11-18,18.309999465942383
PMT,2021-11-19,18.270000457763672
PMT,2021-11-22,18.280000686645508
PMT,2021-11-23,18.469999313354492
PMT,2021-11-24,18.559999465942383
PMT,2021-11-26,18.3799991607666
PMT,2021-11-29,18.18000030517578
PMT,2021-11-30,17.3700008392334
PMT,2021-12-01,17.579999923706055
PMT,2021-12-02,18.030000686645508
PMT,2021-12-03,17.860000610351562
PMT,2021-12-06,18.229999542236328
PMT,2021-12-07,18.309999465942383
PMT,2021-12-08,18.3799991607666
PMT,2021-12-09,18.25
PMT,2021-12-10,18.139999389648438
PMT,2021-12-13,17.889999389648438
PMT,2021-12-14,17.639999389648438
PMT,2021-12-15,17.809999465942383
PMT,2021-12-16,17.510000228881836
PMT,2021-12-17,17.43000030517578
PMT,2021-12-20,17.010000228881836
PMT,2021-12-21,17.540000915527344
PMT,2021-12-22,17.639999389648438
PMT,2021-12-23,17.829999923706055
PMT,2021-12-27,17.950000762939453
PMT,2021-12-28,17.93000030517578
PMT,2021-12-29,17.799999237060547
PMT,2021-12-30,17.510000228881836
PMT,2021-12-31,17.329999923706055
PMT,2022-01-03,17.739999771118164
PMT,2022-01-04,17.75
PMT,2022-01-05,17.3799991607666
PMT,2022-01-06,17.549999237060547
PMT,2022-01-07,18.040000915527344
PMT,2022-01-10,18.06999969482422
PMT,2022-01-11,18.229999542236328
PMT,2022-01-12,18.290000915527344
PMT,2022-01-13,18.239999771118164
PMT,2022-01-14,18.309999465942383
PMT,2022-01-18,18.100000381469727
PMT,2022-01-19,17.81999969482422
PMT,2022-01-20,17.469999313354492
PMT,2022-01-21,17.200000762939453
PMT,2022-01-24,17.270000457763672
PMT,2022-01-25,17.510000228881836
PMT,2022-01-26,17.459999084472656
PMT,2022-01-27,17.18000030517578
PMT,2022-01-28,17.350000381469727
PMT,2022-01-31,17.81999969482422
PMT,2022-02-01,17.6200008392334
PMT,2022-02-02,17.389999389648438
PMT,2022-02-03,16.90999984741211
PMT,2022-02-04,16.31999969482422
PMT,2022-02-07,16.270000457763672
PMT,2022-02-08,16.700000762939453
PMT,2022-02-09,16.420000076293945
PMT,2022-02-10,16.020000457763672
PMT,2022-02-11,16.049999237060547
PMT,2022-02-14,15.8100004196167
PMT,2022-02-15,16.09000015258789
PMT,2022-02-16,16.100000381469727
PMT,2022-02-17,15.859999656677246
PMT,2022-02-18,15.819999694824219
PMT,2022-02-22,15.449999809265137
PMT,2022-02-23,15.239999771118164
PMT,2022-02-24,15.630000114440918
PMT,2022-02-25,15.65999984741211
PMT,2022-02-28,15.600000381469727
PMT,2022-03-01,15.640000343322754
PMT,2022-03-02,15.899999618530273
PMT,2022-03-03,15.850000381469727
PMT,2022-03-04,15.779999732971191
PMT,2022-03-07,15.829999923706055
PMT,2022-03-08,16.149999618530273
PMT,2022-03-09,16.260000228881836
PMT,2022-03-10,16.260000228881836
PMT,2022-03-11,16.290000915527344
PMT,2022-03-14,16.079999923706055
PMT,2022-03-15,16.280000686645508
PMT,2022-03-16,16.260000228881836
PMT,2022-03-17,16.3799991607666
PMT,2022-03-18,16.59000015258789
PMT,2022-03-21,16.239999771118164
PMT,2022-03-22,16.65999984741211
PMT,2022-03-23,16.649999618530273
PMT,2022-03-24,16.84000015258789
PMT,2022-03-25,16.969999313354492
PMT,2022-03-28,16.90999984741211
PMT,2022-03-29,17.200000762939453
PMT,2022-03-30,16.8799991607666
PMT,2022-03-31,16.889999389648438
PMT,2022-04-01,16.950000762939453
PMT,2022-04-04,16.920000076293945
PMT,2022-04-05,16.780000686645508
PMT,2022-04-06,16.389999389648438
PMT,2022-04-07,16.0
PMT,2022-04-08,16.18000030517578
PMT,2022-04-11,16.06999969482422
PMT,2022-04-12,15.949999809265137
PMT,2022-04-13,15.5
PMT,2022-04-14,15.4399995803833
PMT,2022-04-18,15.149999618530273
PMT,2022-04-19,14.739999771118164
PMT,2022-04-20,15.0600004196167
PMT,2022-04-21,15.279999732971191
PMT,2022-04-22,15.0600004196167
PMT,2022-04-25,15.229999542236328
PMT,2022-04-26,14.890000343322754
PMT,2022-04-27,15.109999656677246
PMT,2022-04-28,15.630000114440918
PMT,2022-04-29,15.34000015258789
PMT,2022-05-02,15.239999771118164
PMT,2022-05-03,15.930000305175781
PMT,2022-05-04,16.15999984741211
PMT,2022-05-05,15.739999771118164
PMT,2022-05-06,15.670000076293945
PMT,2022-05-09,15.470000267028809
PMT,2022-05-10,15.529999732971191
PMT,2022-05-11,15.479999542236328
PMT,2022-05-12,15.069999694824219
PMT,2022-05-13,15.359999656677246
PMT,2022-05-16,15.289999961853027
PMT,2022-05-17,15.869999885559082
PMT,2022-05-18,15.5600004196167
PMT,2022-05-19,15.5
PMT,2022-05-20,15.569999694824219
PMT,2022-05-23,15.739999771118164
PMT,2022-05-24,15.890000343322754
PMT,2022-05-25,15.880000114440918
PMT,2022-05-26,16.059999465942383
PMT,2022-05-27,16.170000076293945
PMT,2022-05-31,16.18000030517578
PMT,2022-06-01,16.280000686645508
PMT,2022-06-02,16.270000457763672
PMT,2022-06-03,16.270000457763672
PMT,2022-06-06,16.350000381469727
PMT,2022-06-07,16.530000686645508
PMT,2022-06-08,16.1299991607666
PMT,2022-06-09,16.149999618530273
PMT,2022-06-10,15.779999732971191
PMT,2022-06-13,13.859999656677246
PMT,2022-06-14,13.59000015258789
PMT,2022-06-15,13.010000228881836
PMT,2022-06-16,11.930000305175781
PMT,2022-06-17,12.399999618530273
PMT,2022-06-21,12.819999694824219
PMT,2022-06-22,12.899999618530273
PMT,2022-06-23,13.1899995803833
PMT,2022-06-24,14.0600004196167
PMT,2022-06-27,14.039999961853027
PMT,2022-06-28,14.109999656677246
PMT,2022-06-29,13.920000076293945
PMT,2022-06-30,13.829999923706055
PMT,2022-07-01,14.34000015258789
PMT,2022-07-05,14.579999923706055
PMT,2022-07-06,14.489999771118164
PMT,2022-07-07,14.979999542236328
PMT,2022-07-08,14.960000038146973
PMT,2022-07-11,14.670000076293945
PMT,2022-07-12,14.579999923706055
PMT,2022-07-13,14.140000343322754
PMT,2022-07-14,13.619999885559082
PMT,2022-07-15,13.979999542236328
PMT,2022-07-18,13.829999923706055
PMT,2022-07-19,14.300000190734863
PMT,2022-07-20,14.390000343322754
PMT,2022-07-21,14.630000114440918
PMT,2022-07-22,14.489999771118164
PMT,2022-07-25,14.520000457763672
PMT,2022-07-26,14.5
PMT,2022-07-27,14.90999984741211
PMT,2022-07-28,15.399999618530273
PMT,2022-07-29,15.359999656677246
PMT,2022-08-01,15.510000228881836
PMT,2022-08-02,14.90999984741211
PMT,2022-08-03,15.140000343322754
PMT,2022-08-04,15.199999809265137
PMT,2022-08-05,15.479999542236328
PMT,2022-08-08,15.289999961853027
PMT,2022-08-09,15.25
PMT,2022-08-10,15.529999732971191
PMT,2022-08-11,15.449999809265137
PMT,2022-08-12,15.479999542236328
PMT,2022-08-15,15.710000038146973
PMT,2022-08-16,15.680000305175781
PMT,2022-08-17,15.569999694824219
PMT,2022-08-18,15.420000076293945
PMT,2022-08-19,15.229999542236328
PMT,2022-08-22,14.850000381469727
PMT,2022-08-23,14.979999542236328
PMT,2022-08-24,15.050000190734863
PMT,2022-08-25,15.460000038146973
PMT,2022-08-26,15.25
PMT,2022-08-29,15.199999809265137
PMT,2022-08-30,14.789999961853027
PMT,2022-08-31,14.850000381469727
PMT,2022-09-01,14.220000267028809
PMT,2022-09-02,14.329999923706055
PMT,2022-09-06,13.40999984741211
PMT,2022-09-07,13.75
PMT,2022-09-08,13.789999961853027
PMT,2022-09-09,14.859999656677246
PMT,2022-09-12,14.9399995803833
PMT,2022-09-13,14.609999656677246
PMT,2022-09-14,14.8100004196167
PMT,2022-09-15,14.539999961853027
PMT,2022-09-16,14.859999656677246
PMT,2022-09-19,14.869999885559082
PMT,2022-09-20,14.739999771118164
PMT,2022-09-21,14.699999809265137
PMT,2022-09-22,14.210000038146973
PMT,2022-09-23,13.739999771118164
PMT,2022-09-26,12.960000038146973
PMT,2022-09-27,12.800000190734863
PMT,2022-09-28,13.149999618530273
PMT,2022-09-29,12.079999923706055
PMT,2022-09-30,11.779999732971191
PMT,2022-10-03,11.579999923706055
PMT,2022-10-04,12.680000305175781
PMT,2022-10-05,12.34000015258789
PMT,2022-10-06,11.859999656677246
PMT,2022-10-07,11.640000343322754
PMT,2022-10-10,11.25
PMT,2022-10-11,11.899999618530273
PMT,2022-10-12,11.649999618530273
PMT,2022-10-13,11.529999732971191
PMT,2022-10-14,11.380000114440918
PMT,2022-10-17,11.4399995803833
PMT,2022-10-18,11.739999771118164
PMT,2022-10-19,11.470000267028809
PMT,2022-10-20,11.539999961853027
PMT,2022-10-21,12.039999961853027
PMT,2022-10-24,12.210000038146973
PMT,2022-10-25,12.649999618530273
PMT,2022-10-26,12.600000381469727
PMT,2022-10-27,12.640000343322754
PMT,2022-10-28,13.930000305175781
PMT,2022-10-31,13.869999885559082
PMT,2022-11-01,13.699999809265137
PMT,2022-11-02,13.5
PMT,2022-11-03,13.5
PMT,2022-11-04,13.850000381469727
PMT,2022-11-07,14.140000343322754
PMT,2022-11-08,14.010000228881836
PMT,2022-11-09,14.010000228881836
PMT,2022-11-10,15.220000267028809
PMT,2022-11-11,15.430000305175781
PMT,2022-11-14,15.239999771118164
PMT,2022-11-15,15.369999885559082
PMT,2022-11-16,15.25
PMT,2022-11-17,15.020000457763672
PMT,2022-11-18,15.039999961853027
PMT,2022-11-21,15.199999809265137
PMT,2022-11-22,15.350000381469727
PMT,2022-11-23,15.329999923706055
PMT,2022-11-25,15.260000228881836
PMT,2022-11-28,14.9399995803833
PMT,2022-11-29,15.079999923706055
PMT,2022-11-30,15.270000457763672
PMT,2022-12-01,15.260000228881836
PMT,2022-12-02,15.180000305175781
PMT,2022-12-05,14.890000343322754
PMT,2022-12-06,14.729999542236328
PMT,2022-12-07,14.930000305175781
PMT,2022-12-08,14.880000114440918
PMT,2022-12-09,14.710000038146973
PMT,2022-12-12,14.449999809265137
PMT,2022-12-13,14.579999923706055
PMT,2022-12-14,14.369999885559082
PMT,2022-12-15,14.199999809265137
PMT,2022-12-16,13.399999618530273
PMT,2022-12-19,13.550000190734863
PMT,2022-12-20,13.239999771118164
PMT,2022-12-21,13.520000457763672
PMT,2022-12-22,13.350000381469727
PMT,2022-12-23,13.199999809265137
PMT,2022-12-27,13.149999618530273
PMT,2022-12-28,12.5600004196167
PMT,2022-12-29,12.420000076293945
PMT,2022-12-30,12.390000343322754
PMT,2023-01-03,12.739999771118164
PMT,2023-01-04,13.300000190734863
PMT,2023-01-05,13.529999732971191
PMT,2023-01-06,13.4399995803833
PMT,2023-01-09,13.510000228881836
PMT,2023-01-10,13.579999923706055
PMT,2023-01-11,13.789999961853027
PMT,2023-01-12,13.920000076293945
PMT,2023-01-13,14.420000076293945
PMT,2023-01-17,14.550000190734863
PMT,2023-01-18,14.600000381469727
PMT,2023-01-19,14.550000190734863
PMT,2023-01-20,14.829999923706055
PMT,2023-01-23,14.859999656677246
PMT,2023-01-24,14.770000457763672
PMT,2023-01-25,14.739999771118164
PMT,2023-01-26,15.109999656677246
PMT,2023-01-27,15.119999885559082
PMT,2023-01-30,14.989999771118164
PMT,2023-01-31,15.25
PMT,2023-02-01,15.399999618530273
PMT,2023-02-02,15.479999542236328
PMT,2023-02-03,14.930000305175781
PMT,2023-02-06,14.229999542236328
PMT,2023-02-07,14.369999885559082
PMT,2023-02-08,14.420000076293945
PMT,2023-02-09,14.520000457763672
PMT,2023-02-10,14.449999809265137
PMT,2023-02-13,14.550000190734863
PMT,2023-02-14,14.220000267028809
PMT,2023-02-15,14.260000228881836
PMT,2023-02-16,14.25
PMT,2023-02-17,14.09000015258789
PMT,2023-02-21,13.460000038146973
PMT,2023-02-22,13.529999732971191
PMT,2023-02-23,13.430000305175781
PMT,2023-02-24,13.149999618530273
PMT,2023-02-27,13.15999984741211
PMT,2023-02-28,13.029999732971191
PMT,2023-03-01,12.989999771118164
PMT,2023-03-02,13.010000228881836
PMT,2023-03-03,13.130000114440918
PMT,2023-03-06,13.130000114440918
PMT,2023-03-07,12.829999923706055
PMT,2023-03-08,12.949999809265137
PMT,2023-03-09,12.5
PMT,2023-03-10,12.079999923706055
PMT,2023-03-13,11.920000076293945
PMT,2023-03-14,12.239999771118164
PMT,2023-03-15,11.949999809265137
PMT,2023-03-16,11.989999771118164
PMT,2023-03-17,11.359999656677246
PMT,2023-03-20,11.539999961853027
PMT,2023-03-21,11.670000076293945
PMT,2023-03-22,11.34000015258789
PMT,2023-03-23,11.119999885559082
PMT,2023-03-24,11.569999694824219
PMT,2023-03-27,11.680000305175781
PMT,2023-03-28,11.680000305175781
PMT,2023-03-29,11.979999542236328
PMT,2023-03-30,12.010000228881836
PMT,2023-03-31,12.329999923706055
PMT,2023-04-03,12.199999809265137
PMT,2023-04-04,12.180000305175781
PMT,2023-04-05,12.239999771118164
PMT,2023-04-06,12.270000457763672
PMT,2023-04-10,12.34000015258789
PMT,2023-04-11,12.520000457763672
PMT,2023-04-12,12.399999618530273
PMT,2023-04-13,11.960000038146973
PMT,2023-04-14,11.850000381469727
PMT,2023-04-17,12.069999694824219
PMT,2023-04-18,11.869999885559082
PMT,2023-04-19,12.050000190734863
PMT,2023-04-20,11.979999542236328
PMT,2023-04-21,11.949999809265137
PMT,2023-04-24,11.979999542236328
PMT,2023-04-25,11.670000076293945
PMT,2023-04-26,11.579999923706055
PMT,2023-04-27,11.760000228881836
PMT,2023-04-28,12.430000305175781
PMT,2023-05-01,12.3100004196167
PMT,2023-05-02,11.779999732971191
PMT,2023-05-03,11.729999542236328
PMT,2023-05-04,11.670000076293945
PMT,2023-05-05,11.75
PMT,2023-05-08,11.630000114440918
PMT,2023-05-09,11.399999618530273
PMT,2023-05-10,11.569999694824219
PMT,2023-05-11,11.739999771118164
PMT,2023-05-12,11.699999809265137
PMT,2023-05-15,11.609999656677246
PMT,2023-05-16,11.470000267028809
PMT,2023-05-17,11.789999961853027
PMT,2023-05-18,11.920000076293945
PMT,2023-05-19,11.829999923706055
PMT,2023-05-22,11.739999771118164
PMT,2023-05-23,11.739999771118164
PMT,2023-05-24,11.569999694824219
PMT,2023-05-25,11.100000381469727
PMT,2023-05-26,11.4399995803833
PMT,2023-05-30,11.710000038146973
PMT,2023-05-31,11.640000343322754
PMT,2023-06-01,11.949999809265137
PMT,2023-06-02,12.4399995803833
PMT,2023-06-05,12.229999542236328
PMT,2023-06-06,12.489999771118164
PMT,2023-06-07,12.670000076293945
PMT,2023-06-08,12.819999694824219
PMT,2023-06-09,12.6899995803833
PMT,2023-06-12,12.880000114440918
PMT,2023-06-13,13.050000190734863
PMT,2023-06-14,13.130000114440918
PMT,2023-06-15,13.34000015258789
PMT,2023-06-16,13.289999961853027
PMT,2023-06-20,13.170000076293945
PMT,2023-06-21,13.319999694824219
PMT,2023-06-22,13.229999542236328
PMT,2023-06-23,12.779999732971191
PMT,2023-06-26,12.9399995803833
PMT,2023-06-27,13.34000015258789
PMT,2023-06-28,13.539999961853027
PMT,2023-06-29,13.489999771118164
PMT,2023-06-30,13.479999542236328
PMT,2023-07-03,13.489999771118164
PMT,2023-07-05,13.350000381469727
PMT,2023-07-06,13.109999656677246
PMT,2023-07-07,13.289999961853027
PMT,2023-07-10,13.670000076293945
PMT,2023-07-11,13.859999656677246
PMT,2023-07-12,13.930000305175781
PMT,2023-07-13,13.630000114440918
PMT,2023-07-14,13.529999732971191
PMT,2023-07-17,13.6899995803833
PMT,2023-07-18,13.770000457763672
PMT,2023-07-19,14.09000015258789
PMT,2023-07-20,14.050000190734863
PMT,2023-07-21,13.989999771118164
PMT,2023-07-24,14.140000343322754
PMT,2023-07-25,14.170000076293945
PMT,2023-07-26,14.390000343322754
PMT,2023-07-27,14.1899995803833
PMT,2023-07-28,12.930000305175781
PMT,2023-07-31,12.779999732971191
PMT,2023-08-01,12.729999542236328
PMT,2023-08-02,12.630000114440918
PMT,2023-08-03,12.319999694824219
PMT,2023-08-04,12.600000381469727
PMT,2023-08-07,13.0
PMT,2023-08-08,13.180000305175781
PMT,2023-08-09,13.15999984741211
PMT,2023-08-10,13.010000228881836
PMT,2023-08-11,12.890000343322754
PMT,2023-08-14,12.75
PMT,2023-08-15,12.609999656677246
PMT,2023-08-16,12.569999694824219
PMT,2023-08-17,12.550000190734863
PMT,2023-08-18,12.619999885559082
PMT,2023-08-21,12.609999656677246
PMT,2023-08-22,12.630000114440918
PMT,2023-08-23,12.890000343322754
PMT,2023-08-24,12.90999984741211
PMT,2023-08-25,12.930000305175781
PMT,2023-08-28,13.239999771118164
PMT,2023-08-29,13.399999618530273
PMT,2023-08-30,13.380000114440918
PMT,2023-08-31,13.40999984741211
PMT,2023-09-01,13.460000038146973
PMT,2023-09-05,13.039999961853027
PMT,2023-09-06,12.920000076293945
PMT,2023-09-07,12.869999885559082
PMT,2023-09-08,12.880000114440918
PMT,2023-09-11,12.850000381469727
PMT,2023-09-12,12.760000228881836
PMT,2023-09-13,12.779999732971191
PMT,2023-09-14,12.979999542236328
PMT,2023-09-15,12.930000305175781
PMT,2023-09-18,13.050000190734863
PMT,2023-09-19,13.130000114440918
PMT,2023-09-20,12.90999984741211
PMT,2023-09-21,12.3100004196167
PMT,2023-09-22,12.430000305175781
PMT,2023-09-25,12.3100004196167
PMT,2023-09-26,12.079999923706055
PMT,2023-09-27,12.09000015258789
PMT,2023-09-28,12.260000228881836
PMT,2023-09-29,12.399999618530273
PMT,2023-10-02,12.130000114440918
PMT,2023-10-03,11.720000267028809
PMT,2023-10-04,11.630000114440918
PMT,2023-10-05,11.869999885559082
PMT,2023-10-06,11.920000076293945
PMT,2023-10-09,12.09000015258789
PMT,2023-10-10,12.180000305175781
PMT,2023-10-11,12.359999656677246
PMT,2023-10-12,11.699999809265137
PMT,2023-10-13,11.470000267028809
PMT,2023-10-16,11.739999771118164
PMT,2023-10-17,11.699999809265137
PMT,2023-10-18,11.350000381469727
PMT,2023-10-19,11.050000190734863
PMT,2023-10-20,11.020000457763672
PMT,2023-10-23,10.819999694824219
PMT,2023-10-24,10.720000267028809
PMT,2023-10-25,10.550000190734863
PMT,2023-10-26,10.720000267028809
PMT,2023-10-27,12.279999732971191
PMT,2023-10-30,12.399999618530273
PMT,2023-10-31,12.649999618530273
PMT,2023-11-01,13.010000228881836
PMT,2023-11-02,13.40999984741211
PMT,2023-11-03,13.720000267028809
PMT,2023-11-06,13.649999618530273
PMT,2023-11-07,13.640000343322754
PMT,2023-11-08,13.609999656677246
PMT,2023-11-09,13.420000076293945
PMT,2023-11-10,13.550000190734863
PMT,2023-11-13,13.489999771118164
PMT,2023-11-14,13.9399995803833
PMT,2023-11-15,13.970000267028809
PMT,2023-11-16,13.829999923706055
PMT,2023-11-17,13.869999885559082
PMT,2023-11-20,13.949999809265137
PMT,2023-11-21,13.890000343322754
PMT,2023-11-22,13.819999694824219
PMT,2023-11-24,13.770000457763672
PMT,2023-11-27,13.710000038146973
PMT,2023-11-28,13.729999542236328
PMT,2023-11-29,13.90999984741211
PMT,2023-11-30,14.039999961853027
PMT,2023-12-01,14.399999618530273
PMT,2023-12-04,14.600000381469727
PMT,2023-12-05,14.649999618530273
PMT,2023-12-06,14.239999771118164
PMT,2023-12-07,14.380000114440918
PMT,2023-12-08,14.369999885559082
PMT,2023-12-11,14.4399995803833
PMT,2023-12-12,14.579999923706055
PMT,2023-12-13,15.020000457763672
PMT,2023-12-14,15.460000038146973
PMT,2023-12-15,15.170000076293945
PMT,2023-12-18,15.1899995803833
PMT,2023-12-19,15.529999732971191
PMT,2023-12-20,15.34000015258789
PMT,2023-12-21,15.710000038146973
PMT,2023-12-22,15.710000038146973
PMT,2023-12-26,15.789999961853027
PMT,2023-12-27,15.8100004196167
PMT,2023-12-28,15.279999732971191
PMT,2023-12-29,14.949999809265137
PMT,2024-01-02,15.0
PMT,2024-01-03,14.6899995803833
PMT,2024-01-04,14.6899995803833
PMT,2024-01-05,14.829999923706055
PMT,2024-01-08,15.010000228881836
PMT,2024-01-09,14.949999809265137
PMT,2024-01-10,14.829999923706055
PMT,2024-01-11,14.529999732971191
PMT,2024-01-12,14.619999885559082
PMT,2024-01-16,14.470000267028809
PMT,2024-01-17,14.239999771118164
PMT,2024-01-18,14.430000305175781
PMT,2024-01-19,14.6899995803833
PMT,2024-01-22,14.789999961853027
PMT,2024-01-23,14.850000381469727
PMT,2024-01-24,14.760000228881836
PMT,2024-01-25,14.960000038146973
PMT,2024-01-26,14.960000038146973
PMT,2024-01-29,15.140000343322754
PMT,2024-01-30,14.720000267028809
PMT,2024-01-31,14.34000015258789
PMT,2024-02-01,14.4399995803833
PMT,2024-02-02,13.960000038146973
PMT,2024-02-05,13.960000038146973
PMT,2024-02-06,13.75
PMT,2024-02-07,13.550000190734863
PMT,2024-02-08,13.550000190734863
PMT,2024-02-09,13.789999961853027
PMT,2024-02-12,13.890000343322754
PMT,2024-02-13,13.260000228881836
PMT,2024-02-14,13.359999656677246
PMT,2024-02-15,13.829999923706055
PMT,2024-02-16,13.539999961853027
PMT,2024-02-20,13.779999732971191
PMT,2024-02-21,13.779999732971191
PMT,2024-02-22,13.930000305175781
PMT,2024-02-23,13.949999809265137
PMT,2024-02-26,13.8100004196167
PMT,2024-02-27,13.8100004196167
PMT,2024-02-28,13.8100004196167
PMT,2024-02-29,14.130000114440918
PMT,2024-03-01,14.279999732971191
PMT,2024-03-04,14.010000228881836
PMT,2024-03-05,14.069999694824219
PMT,2024-03-06,14.220000267028809
PMT,2024-03-07,14.25
PMT,2024-03-08,14.279999732971191
PMT,2024-03-11,14.279999732971191
PMT,2024-03-12,14.359999656677246
PMT,2024-03-13,14.420000076293945
PMT,2024-03-14,14.09000015258789
PMT,2024-03-15,14.149999618530273
PMT,2024-03-18,14.130000114440918
PMT,2024-03-19,14.199999809265137
PMT,2024-03-20,14.550000190734863
PMT,2024-03-21,14.739999771118164
PMT,2024-03-22,14.489999771118164
PMT,2024-03-25,14.449999809265137
PMT,2024-03-26,14.34000015258789
PMT,2024-03-27,14.520000457763672
PMT,2024-03-28,14.680000305175781
PMT,2024-04-01,14.600000381469727
PMT,2024-04-02,14.350000381469727
PMT,2024-04-03,14.420000076293945
PMT,2024-04-04,14.260000228881836
PMT,2024-04-05,14.399999618530273
PMT,2024-04-08,14.539999961853027
PMT,2024-04-09,14.640000343322754
PMT,2024-04-10,13.960000038146973
PMT,2024-04-11,13.6899995803833
PMT,2024-04-12,13.550000190734863
PMT,2024-04-15,13.359999656677246
PMT,2024-04-16,13.270000457763672
PMT,2024-04-17,13.229999542236328
PMT,2024-04-18,13.270000457763672
PMT,2024-04-19,13.5600004196167
PMT,2024-04-22,13.65999984741211
PMT,2024-04-23,13.90999984741211
PMT,2024-04-24,13.720000267028809
PMT,2024-04-25,14.140000343322754
PMT,2024-04-26,14.100000381469727
PMT,2024-04-29,14.010000228881836
PMT,2024-04-30,13.850000381469727
PMT,2024-05-01,14.329999923706055
PMT,2024-05-02,14.5
PMT,2024-05-03,14.699999809265137
PMT,2024-05-06,14.829999923706055
PMT,2024-05-07,14.630000114440918
PMT,2024-05-08,14.600000381469727
PMT,2024-05-09,14.729999542236328
PMT,2024-05-10,14.800000190734863
PMT,2024-05-13,14.670000076293945
PMT,2024-05-14,14.729999542236328
PMT,2024-05-15,14.979999542236328
PMT,2024-05-16,15.170000076293945
PMT,2024-05-17,15.039999961853027
PMT,2024-05-20,14.949999809265137
PMT,2024-05-21,13.729999542236328
PMT,2024-05-22,13.800000190734863
PMT,2024-05-23,13.420000076293945
PMT,2024-05-24,13.569999694824219
PMT,2024-05-28,13.59000015258789
PMT,2024-05-29,13.489999771118164
PMT,2024-05-30,13.710000038146973
PMT,2024-05-31,13.680000305175781
PMT,2024-06-03,13.850000381469727
PMT,2024-06-04,13.739999771118164
PMT,2024-06-05,13.829999923706055
PMT,2024-06-06,13.760000228881836
PMT,2024-06-07,13.640000343322754
PMT,2024-06-10,13.670000076293945
PMT,2024-06-11,13.529999732971191
PMT,2024-06-12,13.720000267028809
PMT,2024-06-13,13.630000114440918
PMT,2024-06-14,13.789999961853027
PMT,2024-06-17,13.869999885559082
PMT,2024-06-18,13.880000114440918
PMT,2024-06-20,13.770000457763672
PMT,2024-06-21,13.680000305175781
PMT,2024-06-24,13.789999961853027
PMT,2024-06-25,13.680000305175781
PMT,2024-06-26,13.710000038146973
PMT,2024-06-27,13.6899995803833
PMT,2024-06-28,13.75
PMT,2024-07-01,13.600000381469727
PMT,2024-07-02,13.729999542236328
PMT,2024-07-03,13.75
PMT,2024-07-05,13.770000457763672
PMT,2024-07-08,13.829999923706055
PMT,2024-07-09,13.819999694824219
PMT,2024-07-10,14.359999656677246
PMT,2024-07-11,14.619999885559082
PMT,2024-07-12,14.34000015258789
PMT,2024-07-15,14.470000267028809
PMT,2024-07-16,14.720000267028809
PMT,2024-07-17,14.890000343322754
PMT,2024-07-18,14.5600004196167
PMT,2024-07-19,14.5
PMT,2024-07-22,14.5
PMT,2024-07-23,14.470000267028809
PMT,2024-07-24,13.319999694824219
PMT,2024-07-25,13.550000190734863
PMT,2024-07-26,13.760000228881836
PMT,2024-07-29,13.640000343322754
PMT,2024-07-30,13.729999542236328
PMT,2024-07-31,13.770000457763672
PMT,2024-08-01,13.579999923706055
PMT,2024-08-02,13.600000381469727
PMT,2024-08-05,13.15999984741211
PMT,2024-08-06,13.279999732971191
PMT,2024-08-07,13.329999923706055
PMT,2024-08-08,13.40999984741211
PMT,2024-08-09,13.449999809265137
PMT,2024-08-12,13.289999961853027
PMT,2024-08-13,13.4399995803833
PMT,2024-08-14,13.489999771118164
PMT,2024-08-15,13.670000076293945
PMT,2024-08-16,13.720000267028809
PMT,2024-08-19,13.8100004196167
PMT,2024-08-20,13.6899995803833
PMT,2024-08-21,13.770000457763672
PMT,2024-08-22,13.710000038146973
PMT,2024-08-23,14.020000457763672
PMT,2024-08-26,14.039999961853027
PMT,2024-08-27,14.0
PMT,2024-08-28,14.020000457763672
PMT,2024-08-29,14.140000343322754
PMT,2024-08-30,14.210000038146973
PMT,2024-09-03,13.949999809265137
PMT,2024-09-04,13.859999656677246
PMT,2024-09-05,13.90999984741211
PMT,2024-09-06,13.789999961853027
PMT,2024-09-09,13.770000457763672
PMT,2024-09-10,13.84000015258789
PMT,2024-09-11,13.800000190734863
PMT,2024-09-12,13.920000076293945
PMT,2024-09-13,14.1899995803833
PMT,2024-09-16,14.199999809265137
PMT,2024-09-17,14.239999771118164
PMT,2024-09-18,14.25
PMT,2024-09-19,14.380000114440918
PMT,2024-09-20,14.260000228881836
PMT,2024-09-23,14.15999984741211
PMT,2024-09-24,14.25
PMT,2024-09-25,14.079999923706055
PMT,2024-09-26,14.140000343322754
PMT,2024-09-27,14.279999732971191
PMT,2024-09-30,14.260000228881836
PMT,2024-10-01,14.25
PMT,2024-10-02,14.199999809265137
PMT,2024-10-03,14.170000076293945
PMT,2024-10-04,14.289999961853027
PMT,2024-10-07,14.180000305175781
PMT,2024-10-08,14.34000015258789
PMT,2024-10-09,14.359999656677246
PMT,2024-10-10,14.260000228881836
PMT,2024-10-11,13.920000076293945
PMT,2024-10-14,14.029999732971191
PMT,2024-10-15,14.0
PMT,2024-10-16,14.130000114440918
PMT,2024-10-17,14.09000015258789
PMT,2024-10-18,14.0600004196167
PMT,2024-10-21,13.8100004196167
PMT,2024-10-22,13.670000076293945
PMT,2024-10-23,13.520000457763672
PMT,2024-10-24,13.789999961853027
PMT,2024-10-25,13.600000381469727
PMT,2024-10-28,13.670000076293945
PMT,2024-10-29,13.720000267028809
PMT,2024-10-30,13.8100004196167
PMT,2024-10-31,13.479999542236328
PMT,2024-11-01,13.390000343322754
PMT,2024-11-04,13.420000076293945
PMT,2024-11-05,13.369999885559082
PMT,2024-11-06,13.4399995803833
PMT,2024-11-07,13.430000305175781
PMT,2024-11-08,13.4399995803833
PMT,2024-11-11,13.489999771118164
PMT,2024-11-12,13.199999809265137
PMT,2024-11-13,13.109999656677246
PMT,2024-11-14,13.0600004196167
PMT,2024-11-15,13.0600004196167
PMT,2024-11-18,13.109999656677246
PMT,2024-11-19,13.199999809265137
PMT,2024-11-20,13.149999618530273
PMT,2024-11-21,13.34000015258789
PMT,2024-11-22,13.430000305175781
PMT,2024-11-25,13.579999923706055
PMT,2024-11-26,13.449999809265137
PMT,2024-11-27,13.5600004196167
PMT,2024-11-29,13.59000015258789
PMT,2024-12-02,13.619999885559082
PMT,2024-12-03,13.470000267028809
PMT,2024-12-04,13.510000228881836
PMT,2024-12-05,13.430000305175781
PMT,2024-12-06,13.5600004196167
PMT,2024-12-09,13.59000015258789
PMT,2024-12-10,13.539999961853027
PMT,2024-12-11,13.470000267028809
PMT,2024-12-12,13.430000305175781
PMT,2024-12-13,13.550000190734863
PMT,2024-12-16,13.59000015258789
PMT,2024-12-17,13.430000305175781
PMT,2024-12-18,13.029999732971191
PMT,2024-12-19,12.949999809265137
PMT,2024-12-20,12.979999542236328
PMT,2024-12-23,12.899999618530273
PMT,2024-12-24,13.0600004196167
PMT,2024-12-26,13.0
PMT,2024-12-27,12.550000190734863
PMT,2024-12-30,12.4399995803833
PMT,2024-12-31,12.59000015258789
PMT,2025-01-02,12.5600004196167
PMT,2025-01-03,12.699999809265137
PMT,2025-01-06,12.510000228881836
PMT,2025-01-07,12.479999542236328
PMT,2025-01-08,12.40999984741211
PMT,2025-01-10,12.109999656677246
PMT,2025-01-13,12.0
PMT,2025-01-14,12.260000228881836
PMT,2025-01-15,12.520000457763672
PMT,2025-01-16,12.569999694824219
PMT,2025-01-17,12.710000038146973
PMT,2025-01-21,12.699999809265137
PMT,2025-01-22,12.600000381469727
PMT,2025-01-23,12.5600004196167
PMT,2025-01-24,12.609999656677246
PMT,2025-01-27,12.899999618530273
PMT,2025-01-28,12.800000190734863
PMT,2025-01-29,12.6899995803833
PMT,2025-01-30,12.890000343322754
PMT,2025-01-31,13.600000381469727
PMT,2025-02-03,13.350000381469727
PMT,2025-02-04,13.510000228881836
PMT,2025-02-05,13.550000190734863
PMT,2025-02-06,13.630000114440918
PMT,2025-02-07,13.5
PMT,2025-02-10,13.619999885559082
PMT,2025-02-11,13.649999618530273
PMT,2025-02-12,13.619999885559082
PMT,2025-02-13,13.720000267028809
PMT,2025-02-14,13.770000457763672
PMT,2025-02-18,13.760000228881836
PMT,2025-02-19,13.789999961853027
PMT,2025-02-20,14.0
PMT,2025-02-21,14.069999694824219
PMT,2025-02-24,14.109999656677246
PMT,2025-02-25,14.529999732971191
PMT,2025-02-26,14.420000076293945
PMT,2025-02-27,14.390000343322754
PMT,2025-02-28,14.649999618530273
PMT,2025-03-03,14.59000015258789
PMT,2025-03-04,14.359999656677246
PMT,2025-03-05,14.5
PMT,2025-03-06,14.329999923706055
PMT,2025-03-07,14.760000228881836
PMT,2025-03-10,14.630000114440918
PMT,2025-03-11,14.329999923706055
PMT,2025-03-12,14.329999923706055
PMT,2025-03-13,14.260000228881836
PMT,2025-03-14,14.510000228881836
PMT,2025-03-17,14.59000015258789
PMT,2025-03-18,14.65999984741211
PMT,2025-03-19,14.640000343322754
PMT,2025-03-20,14.760000228881836
PMT,2025-03-21,14.630000114440918
PMT,2025-03-24,14.729999542236328
PMT,2025-03-25,14.649999618530273
PMT,2025-03-26,14.649999618530273
PMT,2025-03-27,14.770000457763672
PMT,2025-03-28,14.630000114440918
PMT,2025-03-31,14.649999618530273
PMT,2025-04-01,14.609999656677246
PMT,2025-04-02,14.579999923706055
PMT,2025-04-03,14.430000305175781
PMT,2025-04-04,13.670000076293945
PMT,2025-04-07,13.029999732971191
PMT,2025-04-08,12.6899995803833
PMT,2025-04-09,13.40999984741211
PMT,2025-04-10,12.619999885559082
PMT,2025-04-11,12.1899995803833
PMT,2025-04-14,12.5600004196167
PMT,2025-04-15,12.75
PMT,2025-04-16,12.6899995803833
PMT,2025-04-17,12.989999771118164
PMT,2025-04-21,12.899999618530273
PMT,2025-04-22,13.210000038146973
PMT,2025-04-23,12.289999961853027
PMT,2025-04-24,12.069999694824219
PMT,2025-04-25,12.199999809265137
PMT,2025-04-28,12.609999656677246
PMT,2025-04-29,12.84000015258789
PMT,2025-04-30,12.84000015258789
PMT,2025-05-01,12.8100004196167
PMT,2025-05-02,12.920000076293945
PMT,2025-05-05,12.829999923706055
PMT,2025-05-06,12.619999885559082
PMT,2025-05-07,12.649999618530273
PMT,2025-05-08,12.6899995803833
PMT,2025-05-09,12.739999771118164
PMT,2025-05-12,12.869999885559082
PMT,2025-05-13,12.920000076293945
PMT,2025-05-14,12.829999923706055
PMT,2025-05-15,13.09000015258789
PMT,2025-05-16,13.130000114440918
PMT,2025-05-19,12.960000038146973
PMT,2025-05-20,12.90999984741211
PMT,2025-05-21,12.399999618530273
PMT,2025-05-22,12.3100004196167
PMT,2025-05-23,12.220000267028809
PMT,2025-05-27,12.40999984741211
PMT,2025-05-28,12.279999732971191
PMT,2025-05-29,12.34000015258789
PMT,2025-05-30,12.279999732971191
PMT,2025-06-02,12.119999885559082
PMT,2025-06-03,12.239999771118164
PMT,2025-06-04,12.300000190734863
PMT,2025-06-05,12.359999656677246
PMT,2025-06-06,12.430000305175781
PMT,2025-06-09,12.510000228881836
PMT,2025-06-10,12.729999542236328
PMT,2025-06-11,12.779999732971191
PMT,2025-06-12,12.880000114440918
PMT,2025-06-13,12.579999923706055
PMT,2025-06-16,12.449999809265137
PMT,2025-06-17,12.260000228881836
PMT,2025-06-18,12.359999656677246
PMT,2025-06-20,12.4399995803833
PMT,2025-06-23,12.510000228881836
PMT,2025-06-24,12.640000343322754
PMT,2025-06-25,12.65999984741211
PMT,2025-06-26,12.890000343322754
PMT,2025-06-27,12.75
PMT,2025-06-30,12.859999656677246
PMT,2025-07-01,13.0
PMT,2025-07-02,13.229999542236328
PMT,2025-07-03,13.229999542236328
PMT,2025-07-07,13.050000190734863
PMT,2025-07-08,13.130000114440918
PMT,2025-07-09,13.1899995803833
PMT,2025-07-10,13.140000343322754
PMT,2025-07-11,12.59000015258789
PMT,2025-07-14,12.619999885559082
PMT,2025-07-15,12.529999732971191
PMT,2025-07-16,12.760000228881836
PMT,2025-07-17,12.630000114440918
PMT,2025-07-18,12.510000228881836
PMT,2025-07-21,12.479999542236328
PMT,2025-07-22,12.6899995803833
PMT,2025-07-23,12.890000343322754
PMT,2025-07-24,12.770000457763672
PMT,2025-07-25,12.390000343322754
PMT,2025-07-28,12.210000038146973
PMT,2025-07-29,12.260000228881836
PMT,2025-07-30,12.029999732971191
PMT,2025-07-31,11.789999961853027
PMT,2025-08-01,11.800000190734863
PMT,2025-08-04,12.119999885559082
PMT,2025-08-05,12.079999923706055
PMT,2025-08-06,11.970000267028809
PMT,2025-08-07,11.979999542236328
PMT,2025-08-08,11.970000267028809
PMT,2025-08-11,11.869999885559082
PMT,2025-08-12,12.050000190734863
PMT,2025-08-13,12.260000228881836
PMT,2025-08-14,12.180000305175781
PMT,2025-08-15,12.15999984741211
PMT,2025-08-18,12.0
PMT,2025-08-19,12.15999984741211
PMT,2025-08-20,12.170000076293945
PMT,2025-08-21,11.890000343322754
PMT,2025-08-22,12.359999656677246
PMT,2025-08-25,12.25
PMT,2025-08-26,12.289999961853027
PMT,2025-08-27,12.130000114440918
PMT,2025-08-28,12.180000305175781
PMT,2025-08-29,12.3100004196167
PMT,2025-09-02,12.130000114440918
PMT,2025-09-03,12.390000343322754
PMT,2025-09-04,12.569999694824219
PMT,2025-09-05,12.600000381469727
PMT,2025-09-08,12.479999542236328
PMT,2025-09-09,12.390000343322754
PMT,2025-09-10,12.380000114440918
PMT,2025-09-11,12.359999656677246
PMT,2025-09-12,12.25
PMT,2025-09-15,12.25
PMT,2025-09-16,12.149999618530273
PMT,2025-09-17,12.239999771118164
PMT,2025-09-18,12.1899995803833
PMT,2025-09-19,12.100000381469727
PMT,2025-09-22,11.9399995803833
PMT,2025-09-23,12.020000457763672
PMT,2025-09-24,12.0600004196167
PMT,2025-09-25,12.079999923706055
PMT,2025-09-26,12.1899995803833
PMT,2025-09-29,12.15999984741211
PMT,2025-09-30,12.260000228881836
PMT,2025-10-01,12.510000228881836
PMT,2025-10-02,12.59000015258789
PMT,2025-10-03,12.600000381469727
PMT,2025-10-06,12.4399995803833
PMT,2025-10-07,12.40999984741211
PMT,2025-10-08,12.550000190734863
PMT,2025-10-09,12.25
PMT,2025-10-10,11.770000457763672
PMT,2025-10-13,11.850000381469727
PMT,2025-10-14,11.979999542236328
PMT,2025-10-15,12.050000190734863
PMT,2025-10-16,11.649999618530273
PMT,2025-10-17,11.720000267028809
PMT,2025-10-20,11.829999923706055
PMT,2025-10-21,11.699999809265137
PMT,2025-10-22,12.680000305175781
PMT,2025-10-23,12.5600004196167
PMT,2025-10-24,12.609999656677246
PMT,2025-10-27,12.600000381469727
PMT,2025-10-28,12.600000381469727
PMT,2025-10-29,12.319999694824219
PMT,2025-10-30,12.039999961853027
PMT,2025-10-31,12.039999961853027
PMT,2025-11-03,12.039999961853027
PMT,2025-11-04,12.180000305175781
PMT,2025-11-05,12.1899995803833
PMT,2025-11-06,12.069999694824219
PMT,2025-11-07,12.15999984741211
PMT,2025-11-10,12.1899995803833
PMT,2025-11-11,12.430000305175781
PMT,2025-11-12,12.390000343322754
PMT,2025-11-13,12.40999984741211
PMT,2025-11-14,12.460000038146973
PMT,2025-11-17,12.329999923706055
PMT,2025-11-18,12.359999656677246
PMT,2025-11-19,12.350000381469727
PMT,2025-11-20,12.369999885559082
PMT,2025-11-21,12.670000076293945
PMT,2025-11-24,12.710000038146973
PMT,2025-11-25,12.819999694824219
PMT,2025-11-26,12.920000076293945
PMT,2025-11-28,12.84000015258789
PMT,2025-12-01,12.899999618530273
PMT,2025-12-02,12.8100004196167
PMT,2025-12-03,12.890000343322754
PMT,2025-12-04,12.65999984741211
PMT,2025-12-05,12.699999809265137
PMT,2025-12-08,12.670000076293945
PMT,2025-12-09,12.550000190734863
PMT,2025-12-10,12.550000190734863
PMT,2025-12-11,12.609999656677246
PMT,2025-12-12,12.460000038146973
PMT,2025-12-15,12.649999618530273
PMT,2025-12-16,12.5
PMT,2025-12-17,12.739999771118164
PMT,2025-12-18,13.1899995803833
PMT,2025-12-19,13.180000305175781
PMT,2025-12-22,13.329999923706055
PMT,2025-12-23,12.970000267028809
PMT,2025-12-24,13.039999961853027
PMT,2025-12-26,12.529999732971191
PMT,2025-12-29,12.529999732971191
PMT,2025-12-30,12.569999694824219
PMT,2025-12-31,12.550000190734863
PMT,2026-01-02,12.649999618530273
PMT,2026-01-05,12.699999809265137
PMT,2026-01-06,12.59000015258789
PMT,2026-01-07,12.539999961853027
PMT,2026-01-08,12.760000228881836
PMT,2026-01-09,13.079999923706055
PMT,2026-01-12,13.079999923706055
PMT,2026-01-13,13.180000305175781
PMT,2026-01-14,13.270000457763672
PMT,2026-01-15,13.470000267028809
PMT,2026-01-16,13.8100004196167
PMT,2026-01-20,13.34000015258789
PMT,2026-01-21,13.300000190734863
PMT,2026-01-22,13.239999771118164
PMT,2026-01-23,13.40999984741211
PMT,2026-01-26,13.460000038146973
PMT,2026-01-27,13.529999732971191
PMT,2026-01-28,13.479999542236328
PMT,2026-01-29,13.510000228881836
PMT,2026-01-30,11.829999923706055
PMT,2026-02-02,11.989999771118164
PMT,2026-02-03,12.100000381469727
PMT,2026-02-04,12.380000114440918
PMT,2026-02-05,12.25
PMT,2026-02-06,12.220000267028809
PMT,2026-02-09,12.130000114440918
PMT,2026-02-10,12.180000305175781
PMT,2026-02-11,12.359999656677246
PMT,2026-02-12,12.489999771118164
PMT,2026-02-13,12.640000343322754
PMT,2026-02-17,12.510000228881836
PMT,2026-02-18,12.449999809265137
PMT,2026-02-19,12.350000381469727
PMT,2026-02-20,12.289999961853027
PMT,2026-02-23,12.149999618530273
PMT,2026-02-24,12.130000114440918
PMT,2026-02-25,12.109999656677246
PMT,2026-02-26,12.3100004196167
PMT,2026-02-27,12.260000228881836
PMT,2026-03-02,12.1899995803833
PMT,2026-03-03,12.0600004196167
PMT,2026-03-04,12.0
PMT,2026-03-05,12.0600004196167
PMT,2026-03-06,11.890000343322754
PMT,2026-03-09,11.869999885559082
PMT,2026-03-10,11.890000343322754
PMT,2026-03-11,11.890000343322754
PMT,2026-03-12,11.739999771118164
PMT,2026-03-13,11.640000343322754
PMT,2026-03-16,11.649999618530273
PMT,2026-03-17,11.720000267028809
PMT,2026-03-18,11.619999885559082
PMT,2026-03-19,11.630000114440918
PMT,2026-03-20,11.220000267028809
PMT,2026-03-23,11.350000381469727
PMT,2026-03-24,11.3100004196167
PMT,2026-03-25,11.420000076293945
PMT,2026-03-26,11.3100004196167
PMT,2026-03-27,11.199999809265137
PMT,2026-03-30,11.350000381469727
PMT,2026-03-31,11.65999984741211
PMT,2026-04-01,11.779999732971191
PMT,2026-04-02,11.960000038146973
PMT,2026-04-06,11.949999809265137
PMT,2026-04-07,11.779999732971191
PMT,2026-04-08,12.0
PMT,2026-04-09,11.600000381469727
PMT,2026-04-10,11.890000343322754
PMT,2026-04-13,11.949999809265137
PMT,2026-04-14,12.069999694824219
PMT,2026-04-15,12.130000114440918
PMT,2026-04-16,11.869999885559082
PMT,2026-04-17,12.09000015258789
PMT,2026-04-20,11.979999542236328
PMT,2026-04-21,11.859999656677246
PMT,2026-04-22,11.869999885559082
PMT,2026-04-23,11.949999809265137
PMT,2026-04-24,12.119999885559082
PMT,2026-04-27,12.100000381469727
PMT,2026-04-28,12.210000038146973
PMT,2026-04-29,12.0
PMT,2026-04-30,12.180000305175781
PMT,2026-05-01,12.329999923706055
PMT,2026-05-04,12.109999656677246
PMT,2026-05-05,12.130000114440918
PMT,2026-05-06,11.029999732971191
PMT,2026-05-07,11.079999923706055
PMT,2026-05-08,11.0
PMT,2026-05-11,10.779999732971191
PMT,2026-05-12,10.460000038146973
PMT,2026-05-13,10.510000228881836
PMT,2026-05-14,10.460000038146973
PMT,2026-05-15,10.279999732971191
PMT,2026-05-18,10.420000076293945
PMT,2026-05-19,10.289999961853027
PMT,2026-05-20,10.5
PMT,2026-05-21,10.520000457763672
PMT,2026-05-22,10.5
PMT,2026-05-26,10.369999885559082
PMT,2026-05-27,10.479999542236328
PMT,2026-05-28,10.529999732971191
PMT,2026-05-29,10.460000038146973
PMT,2026-06-01,10.359999656677246
PMT,2026-06-02,10.430000305175781
PMT,2026-06-03,10.020000457763672
PMT,2026-06-04,10.1899995803833
PMT,2026-06-05,10.180000305175781
PMT,2026-06-08,9.880000114440918
PMT,2026-06-09,10.109999656677246
PMT,2026-06-10,9.859999656677246
PMT,2026-06-11,9.890000343322754
PMT,2026-06-12,10.119999885559082
PMT,2026-06-15,10.140000343322754
PMT,2026-06-16,10.1899995803833
PMT,2026-06-17,10.0600004196167
PMT,2026-06-18,10.25
PMT,2026-06-22,9.9399995803833
PMT,2026-06-23,10.050000190734863
PMT,2026-06-24,10.460000038146973
PMT,2026-06-25,10.510000228881836
PMT,2026-06-26,10.770000457763672
PMT,2026-06-29,10.960000038146973
PMT,2026-06-30,11.279999732971191
PMT,2026-07-01,11.229999542236328
PMT,2026-07-02,10.8100004196167
PMT,2026-07-06,10.899999618530273
PMT,2026-07-07,10.600000381469727
PMT,2026-07-08,10.449999809265137
PMT,2026-07-09,10.109999656677246
PMT,2026-07-10,10.279999732971191
PMT,2026-07-13,10.180000305175781
PMT,2026-07-14,10.119999885559082
PMT,2026-07-15,9.829999923706055
PMT,2026-07-16,10.09000015258789
PMT,2026-07-17,9.899999618530273
PMT,2026-07-20,9.739999771118164
PMT,2026-07-23,9.579999923706055
PMT,2026-07-24,9.739999771118164
PMT,2026-07-27,9.619999885559082
PMT,2026-07-28,9.789999961853027
PMT,2026-07-29,9.6899995803833
PMT,2026-07-30,9.3100004196167
PMT,2026-08-03,9.4399995803833
PMT,2026-08-04,9.529999732971191
PMT,2026-08-05,9.449999809265137
PMT,2026-08-06,9.34000015258789
PMT,2026-08-07,9.649999618530273
PMT,2026-08-10,9.380000114440918
PMT,2026-08-11,9.449999809265137
PMT,2026-08-12,9.479999542236328
PMT,2026-08-13,9.489999771118164
PMT,2026-08-14,9.449999809265137
PMT,2026-08-17,9.619999885559082
PMT,2026-08-18,9.430000305175781
PMT,2026-08-19,9.539999961853027
RITM,2021-01-04,9.479999542236328
RITM,2021-01-05,9.449999809265137
RITM,2021-01-06,9.59000015258789
RITM,2021-01-07,9.680000305175781
RITM,2021-01-08,9.649999618530273
RITM,2021-01-11,9.539999961853027
RITM,2021-01-12,9.550000190734863
RITM,2021-01-13,9.4399995803833
RITM,2021-01-14,9.619999885559082
RITM,2021-01-15,9.399999618530273
RITM,2021-01-19,9.479999542236328
RITM,2021-01-20,9.550000190734863
RITM,2021-01-21,9.770000457763672
RITM,2021-01-22,9.789999961853027
RITM,2021-01-25,9.819999694824219
RITM,2021-01-26,9.800000190734863
RITM,2021-01-27,9.399999618530273
RITM,2021-01-28,9.760000228881836
RITM,2021-01-29,9.390000343322754
RITM,2021-02-01,9.649999618530273
RITM,2021-02-02,9.9399995803833
RITM,2021-02-03,9.800000190734863
RITM,2021-02-04,10.0
RITM,2021-02-05,10.020000457763672
RITM,2021-02-08,10.119999885559082
RITM,2021-02-09,9.579999923706055
RITM,2021-02-10,9.829999923706055
RITM,2021-02-11,9.5600004196167
RITM,2021-02-12,9.739999771118164
RITM,2021-02-16,10.079999923706055
RITM,2021-02-17,9.970000267028809
RITM,2021-02-18,9.739999771118164
RITM,2021-02-19,9.899999618530273
RITM,2021-02-22,9.9399995803833
RITM,2021-02-23,9.880000114440918
RITM,2021-02-24,10.449999809265137
RITM,2021-02-25,10.119999885559082
RITM,2021-02-26,10.279999732971191
RITM,2021-03-01,10.520000457763672
RITM,2021-03-02,10.619999885559082
RITM,2021-03-03,10.510000228881836
RITM,2021-03-04,10.319999694824219
RITM,2021-03-05,10.399999618530273
RITM,2021-03-08,10.630000114440918
RITM,2021-03-09,10.609999656677246
RITM,2021-03-10,10.739999771118164
RITM,2021-03-11,10.84000015258789
RITM,2021-03-12,10.930000305175781
RITM,2021-03-15,11.130000114440918
RITM,2021-03-16,11.119999885559082
RITM,2021-03-17,11.329999923706055
RITM,2021-03-18,11.010000228881836
RITM,2021-03-19,11.050000190734863
RITM,2021-03-22,11.140000343322754
RITM,2021-03-23,10.760000228881836
RITM,2021-03-24,10.800000190734863
RITM,2021-03-25,10.989999771118164
RITM,2021-03-26,11.09000015258789
RITM,2021-03-29,10.920000076293945
RITM,2021-03-30,11.300000190734863
RITM,2021-03-31,11.25
RITM,2021-04-01,11.210000038146973
RITM,2021-04-05,11.100000381469727
RITM,2021-04-06,11.0
RITM,2021-04-07,11.020000457763672
RITM,2021-04-08,11.010000228881836
RITM,2021-04-09,11.0
RITM,2021-04-12,11.0
RITM,2021-04-13,10.930000305175781
RITM,2021-04-14,10.390000343322754
RITM,2021-04-15,10.420000076293945
RITM,2021-04-16,10.489999771118164
RITM,2021-04-19,10.34000015258789
RITM,2021-04-20,10.220000267028809
RITM,2021-04-21,10.40999984741211
RITM,2021-04-22,10.239999771118164
RITM,2021-04-23,10.430000305175781
RITM,2021-04-26,10.350000381469727
RITM,2021-04-27,10.619999885559082
RITM,2021-04-28,10.640000343322754
RITM,2021-04-29,10.65999984741211
RITM,2021-04-30,10.720000267028809
RITM,2021-05-03,10.729999542236328
RITM,2021-05-04,10.630000114440918
RITM,2021-05-05,10.539999961853027
RITM,2021-05-06,10.399999618530273
RITM,2021-05-07,10.59000015258789
RITM,2021-05-10,10.380000114440918
RITM,2021-05-11,10.260000228881836
RITM,2021-05-12,9.890000343322754
RITM,2021-05-13,10.09000015258789
RITM,2021-05-14,10.34000015258789
RITM,2021-05-17,10.4399995803833
RITM,2021-05-18,10.380000114440918
RITM,2021-05-19,10.420000076293945
RITM,2021-05-20,10.369999885559082
RITM,2021-05-21,10.25
RITM,2021-05-24,10.350000381469727
RITM,2021-05-25,10.239999771118164
RITM,2021-05-26,10.449999809265137
RITM,2021-05-27,10.59000015258789
RITM,2021-05-28,10.579999923706055
RITM,2021-06-01,10.739999771118164
RITM,2021-06-02,10.729999542236328
RITM,2021-06-03,10.680000305175781
RITM,2021-06-04,10.8100004196167
RITM,2021-06-07,10.970000267028809
RITM,2021-06-08,11.210000038146973
RITM,2021-06-09,11.109999656677246
RITM,2021-06-10,11.09000015258789
RITM,2021-06-11,11.039999961853027
RITM,2021-06-14,10.989999771118164
RITM,2021-06-15,10.90999984741211
RITM,2021-06-16,10.9399995803833
RITM,2021-06-17,10.649999618530273
RITM,2021-06-18,10.390000343322754
RITM,2021-06-21,10.6899995803833
RITM,2021-06-22,10.649999618530273
RITM,2021-06-23,10.529999732971191
RITM,2021-06-24,10.65999984741211
RITM,2021-06-25,10.75
RITM,2021-06-28,10.489999771118164
RITM,2021-06-29,10.470000267028809
RITM,2021-06-30,10.59000015258789
RITM,2021-07-01,10.520000457763672
RITM,2021-07-02,10.460000038146973
RITM,2021-07-06,10.25
RITM,2021-07-07,10.199999809265137
RITM,2021-07-08,10.010000228881836
RITM,2021-07-09,10.420000076293945
RITM,2021-07-12,10.34000015258789
RITM,2021-07-13,9.880000114440918
RITM,2021-07-14,9.670000076293945
RITM,2021-07-15,9.65999984741211
RITM,2021-07-16,9.609999656677246
RITM,2021-07-19,9.3100004196167
RITM,2021-07-20,9.489999771118164
RITM,2021-07-21,9.680000305175781
RITM,2021-07-22,9.4399995803833
RITM,2021-07-23,9.420000076293945
RITM,2021-07-26,9.529999732971191
RITM,2021-07-27,9.4399995803833
RITM,2021-07-28,9.470000267028809
RITM,2021-07-29,9.869999885559082
RITM,2021-07-30,9.760000228881836
RITM,2021-08-02,9.6899995803833
RITM,2021-08-03,9.720000267028809
RITM,2021-08-04,9.520000457763672
RITM,2021-08-05,9.720000267028809
RITM,2021-08-06,9.789999961853027
RITM,2021-08-09,9.680000305175781
RITM,2021-08-10,9.829999923706055
RITM,2021-08-11,9.989999771118164
RITM,2021-08-12,9.9399995803833
RITM,2021-08-13,9.960000038146973
RITM,2021-08-16,9.829999923706055
RITM,2021-08-17,9.75
RITM,2021-08-18,9.729999542236328
RITM,2021-08-19,9.5
RITM,2021-08-20,9.699999809265137
RITM,2021-08-23,9.859999656677246
RITM,2021-08-24,10.460000038146973
RITM,2021-08-25,10.579999923706055
RITM,2021-08-26,10.510000228881836
RITM,2021-08-27,10.760000228881836
RITM,2021-08-30,10.770000457763672
RITM,2021-08-31,10.920000076293945
RITM,2021-09-01,11.069999694824219
RITM,2021-09-02,10.989999771118164
RITM,2021-09-03,10.989999771118164
RITM,2021-09-07,10.899999618530273
RITM,2021-09-08,10.890000343322754
RITM,2021-09-09,10.90999984741211
RITM,2021-09-10,10.84000015258789
RITM,2021-09-13,10.979999542236328
RITM,2021-09-14,10.890000343322754
RITM,2021-09-15,11.0
RITM,2021-09-16,10.960000038146973
RITM,2021-09-17,10.989999771118164
RITM,2021-09-20,10.880000114440918
RITM,2021-09-21,10.90999984741211
RITM,2021-09-22,11.130000114440918
RITM,2021-09-23,11.140000343322754
RITM,2021-09-24,11.069999694824219
RITM,2021-09-27,11.210000038146973
RITM,2021-09-28,10.989999771118164
RITM,2021-09-29,11.020000457763672
RITM,2021-09-30,11.0
RITM,2021-10-01,10.930000305175781
RITM,2021-10-04,10.8100004196167
RITM,2021-10-05,10.869999885559082
RITM,2021-10-06,10.949999809265137
RITM,2021-10-07,10.979999542236328
RITM,2021-10-08,11.09000015258789
RITM,2021-10-11,11.109999656677246
RITM,2021-10-12,11.270000457763672
RITM,2021-10-13,11.319999694824219
RITM,2021-10-14,11.329999923706055
RITM,2021-10-15,11.319999694824219
RITM,2021-10-18,11.34000015258789
RITM,2021-10-19,11.319999694824219
RITM,2021-10-20,11.430000305175781
RITM,2021-10-21,11.40999984741211
RITM,2021-10-22,11.489999771118164
RITM,2021-10-25,11.609999656677246
RITM,2021-10-26,11.569999694824219
RITM,2021-10-27,11.319999694824219
RITM,2021-10-28,11.380000114440918
RITM,2021-10-29,11.359999656677246
RITM,2021-11-01,11.5600004196167
RITM,2021-11-02,11.600000381469727
RITM,2021-11-03,11.640000343322754
RITM,2021-11-04,11.40999984741211
RITM,2021-11-05,11.520000457763672
RITM,2021-11-08,11.40999984741211
RITM,2021-11-09,11.40999984741211
RITM,2021-11-10,11.359999656677246
RITM,2021-11-11,11.420000076293945
RITM,2021-11-12,11.359999656677246
RITM,2021-11-15,11.399999618530273
RITM,2021-11-16,11.300000190734863
RITM,2021-11-17,11.130000114440918
RITM,2021-11-18,11.15999984741211
RITM,2021-11-19,11.09000015258789
RITM,2021-11-22,11.1899995803833
RITM,2021-11-23,11.1899995803833
RITM,2021-11-24,11.229999542236328
RITM,2021-11-26,11.010000228881836
RITM,2021-11-29,11.029999732971191
RITM,2021-11-30,10.630000114440918
RITM,2021-12-01,10.5
RITM,2021-12-02,10.90999984741211
RITM,2021-12-03,10.890000343322754
RITM,2021-12-06,11.100000381469727
RITM,2021-12-07,11.329999923706055
RITM,2021-12-08,11.380000114440918
RITM,2021-12-09,11.260000228881836
RITM,2021-12-10,11.119999885559082
RITM,2021-12-13,10.970000267028809
RITM,2021-12-14,10.850000381469727
RITM,2021-12-15,11.0
RITM,2021-12-16,10.899999618530273
RITM,2021-12-17,10.699999809265137
RITM,2021-12-20,10.479999542236328
RITM,2021-12-21,10.84000015258789
RITM,2021-12-22,10.850000381469727
RITM,2021-12-23,11.029999732971191
RITM,2021-12-27,11.0
RITM,2021-12-28,11.0600004196167
RITM,2021-12-29,11.010000228881836
RITM,2021-12-30,10.760000228881836
RITM,2021-12-31,10.710000038146973
RITM,2022-01-03,10.970000267028809
RITM,2022-01-04,10.979999542236328
RITM,2022-01-05,10.680000305175781
RITM,2022-01-06,10.770000457763672
RITM,2022-01-07,10.869999885559082
RITM,2022-01-10,10.890000343322754
RITM,2022-01-11,11.109999656677246
RITM,2022-01-12,11.229999542236328
RITM,2022-01-13,11.15999984741211
RITM,2022-01-14,11.140000343322754
RITM,2022-01-18,11.029999732971191
RITM,2022-01-19,10.859999656677246
RITM,2022-01-20,10.710000038146973
RITM,2022-01-21,10.5
RITM,2022-01-24,10.449999809265137
RITM,2022-01-25,10.529999732971191
RITM,2022-01-26,10.550000190734863
RITM,2022-01-27,10.279999732971191
RITM,2022-01-28,10.359999656677246
RITM,2022-01-31,10.649999618530273
RITM,2022-02-01,10.59000015258789
RITM,2022-02-02,10.529999732971191
RITM,2022-02-03,10.239999771118164
RITM,2022-02-04,10.239999771118164
RITM,2022-02-07,10.199999809265137
RITM,2022-02-08,10.960000038146973
RITM,2022-02-09,10.819999694824219
RITM,2022-02-10,10.729999542236328
RITM,2022-02-11,10.579999923706055
RITM,2022-02-14,10.510000228881836
RITM,2022-02-15,10.720000267028809
RITM,2022-02-16,10.819999694824219
RITM,2022-02-17,10.479999542236328
RITM,2022-02-18,10.5
RITM,2022-02-22,10.350000381469727
RITM,2022-02-23,10.100000381469727
RITM,2022-02-24,10.270000457763672
RITM,2022-02-25,10.479999542236328
RITM,2022-02-28,10.380000114440918
RITM,2022-03-01,10.119999885559082
RITM,2022-03-02,10.479999542236328
RITM,2022-03-03,10.420000076293945
RITM,2022-03-04,10.199999809265137
RITM,2022-03-07,9.930000305175781
RITM,2022-03-08,10.079999923706055
RITM,2022-03-09,10.3100004196167
RITM,2022-03-10,10.329999923706055
RITM,2022-03-11,10.25
RITM,2022-03-14,10.220000267028809
RITM,2022-03-15,10.359999656677246
RITM,2022-03-16,10.550000190734863
RITM,2022-03-17,10.470000267028809
RITM,2022-03-18,10.720000267028809
RITM,2022-03-21,10.569999694824219
RITM,2022-03-22,10.729999542236328
RITM,2022-03-23,10.619999885559082
RITM,2022-03-24,10.699999809265137
RITM,2022-03-25,10.850000381469727
RITM,2022-03-28,10.8100004196167
RITM,2022-03-29,11.25
RITM,2022-03-30,11.149999618530273
RITM,2022-03-31,10.979999542236328
RITM,2022-04-01,10.84000015258789
RITM,2022-04-04,10.869999885559082
RITM,2022-04-05,10.670000076293945
RITM,2022-04-06,10.380000114440918
RITM,2022-04-07,10.25
RITM,2022-04-08,10.319999694824219
RITM,2022-04-11,10.319999694824219
RITM,2022-04-12,10.350000381469727
RITM,2022-04-13,10.529999732971191
RITM,2022-04-14,10.65999984741211
RITM,2022-04-18,10.75
RITM,2022-04-19,10.489999771118164
RITM,2022-04-20,10.710000038146973
RITM,2022-04-21,10.630000114440918
RITM,2022-04-22,10.359999656677246
RITM,2022-04-25,10.369999885559082
RITM,2022-04-26,10.079999923706055
RITM,2022-04-27,10.210000038146973
RITM,2022-04-28,10.569999694824219
RITM,2022-04-29,10.399999618530273
RITM,2022-05-02,10.4399995803833
RITM,2022-05-03,11.529999732971191
RITM,2022-05-04,11.739999771118164
RITM,2022-05-05,11.329999923706055
RITM,2022-05-06,11.130000114440918
RITM,2022-05-09,10.850000381469727
RITM,2022-05-10,10.899999618530273
RITM,2022-05-11,10.720000267028809
RITM,2022-05-12,10.470000267028809
RITM,2022-05-13,10.859999656677246
RITM,2022-05-16,10.960000038146973
RITM,2022-05-17,11.210000038146973
RITM,2022-05-18,10.850000381469727
RITM,2022-05-19,10.75
RITM,2022-05-20,10.630000114440918
RITM,2022-05-23,10.789999961853027
RITM,2022-05-24,10.720000267028809
RITM,2022-05-25,10.850000381469727
RITM,2022-05-26,11.109999656677246
RITM,2022-05-27,11.270000457763672
RITM,2022-05-31,11.300000190734863
RITM,2022-06-01,11.319999694824219
RITM,2022-06-02,11.420000076293945
RITM,2022-06-03,11.34000015258789
RITM,2022-06-06,11.319999694824219
RITM,2022-06-07,11.470000267028809
RITM,2022-06-08,11.229999542236328
RITM,2022-06-09,11.15999984741211
RITM,2022-06-10,10.869999885559082
RITM,2022-06-13,9.050000190734863
RITM,2022-06-14,9.09000015258789
RITM,2022-06-15,9.119999885559082
RITM,2022-06-16,8.25
RITM,2022-06-17,8.649999618530273
RITM,2022-06-21,9.399999618530273
RITM,2022-06-22,9.289999961853027
RITM,2022-06-23,9.359999656677246
RITM,2022-06-24,9.819999694824219
RITM,2022-06-27,9.930000305175781
RITM,2022-06-28,9.819999694824219
RITM,2022-06-29,9.680000305175781
RITM,2022-06-30,9.319999694824219
RITM,2022-07-01,9.550000190734863
RITM,2022-07-05,9.630000114440918
RITM,2022-07-06,9.460000038146973
RITM,2022-07-07,9.550000190734863
RITM,2022-07-08,9.579999923706055
RITM,2022-07-11,9.479999542236328
RITM,2022-07-12,9.479999542236328
RITM,2022-07-13,9.59000015258789
RITM,2022-07-14,9.40999984741211
RITM,2022-07-15,9.640000343322754
RITM,2022-07-18,9.760000228881836
RITM,2022-07-19,10.039999961853027
RITM,2022-07-20,10.0600004196167
RITM,2022-07-21,10.149999618530273
RITM,2022-07-22,10.1899995803833
RITM,2022-07-25,10.329999923706055
RITM,2022-07-26,10.25
RITM,2022-07-27,10.619999885559082
RITM,2022-07-28,10.859999656677246
RITM,2022-07-29,10.90999984741211
RITM,2022-08-01,10.890000343322754
RITM,2022-08-02,10.210000038146973
RITM,2022-08-03,10.130000114440918
RITM,2022-08-04,9.869999885559082
RITM,2022-08-05,9.899999618530273
RITM,2022-08-08,9.949999809265137
RITM,2022-08-09,9.920000076293945
RITM,2022-08-10,9.970000267028809
RITM,2022-08-11,10.010000228881836
RITM,2022-08-12,10.149999618530273
RITM,2022-08-15,10.239999771118164
RITM,2022-08-16,10.3100004196167
RITM,2022-08-17,10.069999694824219
RITM,2022-08-18,10.069999694824219
RITM,2022-08-19,9.989999771118164
RITM,2022-08-22,9.779999732971191
RITM,2022-08-23,9.880000114440918
RITM,2022-08-24,9.869999885559082
RITM,2022-08-25,10.029999732971191
RITM,2022-08-26,9.859999656677246
RITM,2022-08-29,9.760000228881836
RITM,2022-08-30,9.539999961853027
RITM,2022-08-31,9.430000305175781
RITM,2022-09-01,9.140000343322754
RITM,2022-09-02,9.260000228881836
RITM,2022-09-06,9.109999656677246
RITM,2022-09-07,9.1899995803833
RITM,2022-09-08,9.1899995803833
RITM,2022-09-09,9.329999923706055
RITM,2022-09-12,9.359999656677246
RITM,2022-09-13,9.029999732971191
RITM,2022-09-14,9.0600004196167
RITM,2022-09-15,8.880000114440918
RITM,2022-09-16,8.979999542236328
RITM,2022-09-19,9.0
RITM,2022-09-20,8.84000015258789
RITM,2022-09-21,8.789999961853027
RITM,2022-09-22,8.40999984741211
RITM,2022-09-23,8.170000076293945
RITM,2022-09-26,7.539999961853027
RITM,2022-09-27,7.380000114440918
RITM,2022-09-28,7.619999885559082
RITM,2022-09-29,7.25
RITM,2022-09-30,7.320000171661377
RITM,2022-10-03,7.170000076293945
RITM,2022-10-04,7.670000076293945
RITM,2022-10-05,7.449999809265137
RITM,2022-10-06,7.389999866485596
RITM,2022-10-07,7.289999961853027
RITM,2022-10-10,7.139999866485596
RITM,2022-10-11,7.440000057220459
RITM,2022-10-12,7.400000095367432
RITM,2022-10-13,7.53000020980835
RITM,2022-10-14,7.369999885559082
RITM,2022-10-17,7.510000228881836
RITM,2022-10-18,7.75
RITM,2022-10-19,7.610000133514404
RITM,2022-10-20,7.579999923706055
RITM,2022-10-21,7.699999809265137
RITM,2022-10-24,7.75
RITM,2022-10-25,8.079999923706055
RITM,2022-10-26,8.119999885559082
RITM,2022-10-27,8.100000381469727
RITM,2022-10-28,8.479999542236328
RITM,2022-10-31,8.430000305175781
RITM,2022-11-01,8.520000457763672
RITM,2022-11-02,8.399999618530273
RITM,2022-11-03,8.020000457763672
RITM,2022-11-04,8.380000114440918
RITM,2022-11-07,8.59000015258789
RITM,2022-11-08,8.579999923706055
RITM,2022-11-09,8.449999809265137
RITM,2022-11-10,8.850000381469727
RITM,2022-11-11,9.039999961853027
RITM,2022-11-14,8.850000381469727
RITM,2022-11-15,8.989999771118164
RITM,2022-11-16,8.729999542236328
RITM,2022-11-17,8.6899995803833
RITM,2022-11-18,8.699999809265137
RITM,2022-11-21,8.710000038146973
RITM,2022-11-22,8.789999961853027
RITM,2022-11-23,8.869999885559082
RITM,2022-11-25,9.010000228881836
RITM,2022-11-28,8.819999694824219
RITM,2022-11-29,8.899999618530273
RITM,2022-11-30,9.050000190734863
RITM,2022-12-01,9.0600004196167
RITM,2022-12-02,9.020000457763672
RITM,2022-12-05,8.789999961853027
RITM,2022-12-06,8.859999656677246
RITM,2022-12-07,8.949999809265137
RITM,2022-12-08,8.930000305175781
RITM,2022-12-09,8.890000343322754
RITM,2022-12-12,8.930000305175781
RITM,2022-12-13,9.010000228881836
RITM,2022-12-14,8.9399995803833
RITM,2022-12-15,8.680000305175781
RITM,2022-12-16,8.0600004196167
RITM,2022-12-19,8.619999885559082
RITM,2022-12-20,8.399999618530273
RITM,2022-12-21,8.569999694824219
RITM,2022-12-22,8.489999771118164
RITM,2022-12-23,8.520000457763672
RITM,2022-12-27,8.59000015258789
RITM,2022-12-28,8.25
RITM,2022-12-29,8.270000457763672
RITM,2022-12-30,8.170000076293945
RITM,2023-01-03,8.279999732971191
RITM,2023-01-04,8.4399995803833
RITM,2023-01-05,8.420000076293945
RITM,2023-01-06,8.539999961853027
RITM,2023-01-09,8.5600004196167
RITM,2023-01-10,8.630000114440918
RITM,2023-01-11,8.779999732971191
RITM,2023-01-12,8.850000381469727
RITM,2023-01-13,8.859999656677246
RITM,2023-01-17,8.84000015258789
RITM,2023-01-18,8.869999885559082
RITM,2023-01-19,8.880000114440918
RITM,2023-01-20,9.029999732971191
RITM,2023-01-23,9.170000076293945
RITM,2023-01-24,9.229999542236328
RITM,2023-01-25,9.210000038146973
RITM,2023-01-26,9.3100004196167
RITM,2023-01-27,9.329999923706055
RITM,2023-01-30,9.279999732971191
RITM,2023-01-31,9.40999984741211
RITM,2023-02-01,9.5
RITM,2023-02-02,9.579999923706055
RITM,2023-02-03,9.460000038146973
RITM,2023-02-06,9.199999809265137
RITM,2023-02-07,9.25
RITM,2023-02-08,9.529999732971191
RITM,2023-02-09,9.4399995803833
RITM,2023-02-10,9.479999542236328
RITM,2023-02-13,9.579999923706055
RITM,2023-02-14,9.5600004196167
RITM,2023-02-15,9.579999923706055
RITM,2023-02-16,9.529999732971191
RITM,2023-02-17,9.520000457763672
RITM,2023-02-21,9.15999984741211
RITM,2023-02-22,9.229999542236328
RITM,2023-02-23,9.25
RITM,2023-02-24,9.15999984741211
RITM,2023-02-27,9.149999618530273
RITM,2023-02-28,9.100000381469727
RITM,2023-03-01,9.039999961853027
RITM,2023-03-02,8.970000267028809
RITM,2023-03-03,9.0600004196167
RITM,2023-03-06,9.079999923706055
RITM,2023-03-07,8.920000076293945
RITM,2023-03-08,8.869999885559082
RITM,2023-03-09,8.539999961853027
RITM,2023-03-10,8.210000038146973
RITM,2023-03-13,8.020000457763672
RITM,2023-03-14,8.319999694824219
RITM,2023-03-15,8.0
RITM,2023-03-16,8.020000457763672
RITM,2023-03-17,7.71999979019165
RITM,2023-03-20,7.760000228881836
RITM,2023-03-21,8.029999732971191
RITM,2023-03-22,7.75
RITM,2023-03-23,7.579999923706055
RITM,2023-03-24,7.710000038146973
RITM,2023-03-27,7.880000114440918
RITM,2023-03-28,7.949999809265137
RITM,2023-03-29,8.0
RITM,2023-03-30,7.840000152587891
RITM,2023-03-31,8.0
RITM,2023-04-03,7.940000057220459
RITM,2023-04-04,7.889999866485596
RITM,2023-04-05,7.840000152587891
RITM,2023-04-06,7.800000190734863
RITM,2023-04-10,7.800000190734863
RITM,2023-04-11,7.920000076293945
RITM,2023-04-12,7.880000114440918
RITM,2023-04-13,7.929999828338623
RITM,2023-04-14,7.889999866485596
RITM,2023-04-17,8.069999694824219
RITM,2023-04-18,7.989999771118164
RITM,2023-04-19,8.069999694824219
RITM,2023-04-20,8.0600004196167
RITM,2023-04-21,8.039999961853027
RITM,2023-04-24,8.050000190734863
RITM,2023-04-25,7.869999885559082
RITM,2023-04-26,7.869999885559082
RITM,2023-04-27,8.0600004196167
RITM,2023-04-28,8.15999984741211
RITM,2023-05-01,8.029999732971191
RITM,2023-05-02,7.800000190734863
RITM,2023-05-03,7.710000038146973
RITM,2023-05-04,7.639999866485596
RITM,2023-05-05,7.880000114440918
RITM,2023-05-08,7.949999809265137
RITM,2023-05-09,7.929999828338623
RITM,2023-05-10,7.900000095367432
RITM,2023-05-11,7.909999847412109
RITM,2023-05-12,7.929999828338623
RITM,2023-05-15,8.029999732971191
RITM,2023-05-16,7.889999866485596
RITM,2023-05-17,8.119999885559082
RITM,2023-05-18,8.239999771118164
RITM,2023-05-19,8.220000267028809
RITM,2023-05-22,8.210000038146973
RITM,2023-05-23,8.1899995803833
RITM,2023-05-24,8.039999961853027
RITM,2023-05-25,7.929999828338623
RITM,2023-05-26,8.170000076293945
RITM,2023-05-30,8.270000457763672
RITM,2023-05-31,8.140000343322754
RITM,2023-06-01,8.279999732971191
RITM,2023-06-02,8.600000381469727
RITM,2023-06-05,8.59000015258789
RITM,2023-06-06,8.760000228881836
RITM,2023-06-07,8.890000343322754
RITM,2023-06-08,8.920000076293945
RITM,2023-06-09,8.90999984741211
RITM,2023-06-12,9.039999961853027
RITM,2023-06-13,9.1899995803833
RITM,2023-06-14,9.149999618530273
RITM,2023-06-15,9.350000381469727
RITM,2023-06-16,9.300000190734863
RITM,2023-06-20,9.229999542236328
RITM,2023-06-21,9.329999923706055
RITM,2023-06-22,9.239999771118164
RITM,2023-06-23,9.100000381469727
RITM,2023-06-26,9.239999771118164
RITM,2023-06-27,9.399999618530273
RITM,2023-06-28,9.489999771118164
RITM,2023-06-29,9.569999694824219
RITM,2023-06-30,9.350000381469727
RITM,2023-07-03,9.319999694824219
RITM,2023-07-05,9.220000267028809
RITM,2023-07-06,9.079999923706055
RITM,2023-07-07,9.260000228881836
RITM,2023-07-10,9.3100004196167
RITM,2023-07-11,9.34000015258789
RITM,2023-07-12,9.399999618530273
RITM,2023-07-13,9.520000457763672
RITM,2023-07-14,9.470000267028809
RITM,2023-07-17,9.510000228881836
RITM,2023-07-18,9.649999618530273
RITM,2023-07-19,9.84000015258789
RITM,2023-07-20,9.75
RITM,2023-07-21,9.729999542236328
RITM,2023-07-24,10.260000228881836
RITM,2023-07-25,10.119999885559082
RITM,2023-07-26,10.1899995803833
RITM,2023-07-27,10.0600004196167
RITM,2023-07-28,10.170000076293945
RITM,2023-07-31,10.079999923706055
RITM,2023-08-01,10.0600004196167
RITM,2023-08-02,10.210000038146973
RITM,2023-08-03,10.020000457763672
RITM,2023-08-04,10.15999984741211
RITM,2023-08-07,10.289999961853027
RITM,2023-08-08,10.289999961853027
RITM,2023-08-09,10.270000457763672
RITM,2023-08-10,10.140000343322754
RITM,2023-08-11,10.119999885559082
RITM,2023-08-14,9.989999771118164
RITM,2023-08-15,9.84000015258789
RITM,2023-08-16,9.739999771118164
RITM,2023-08-17,9.59000015258789
RITM,2023-08-18,9.600000381469727
RITM,2023-08-21,9.619999885559082
RITM,2023-08-22,9.569999694824219
RITM,2023-08-23,9.720000267028809
RITM,2023-08-24,9.800000190734863
RITM,2023-08-25,9.890000343322754
RITM,2023-08-28,10.170000076293945
RITM,2023-08-29,10.279999732971191
RITM,2023-08-30,10.270000457763672
RITM,2023-08-31,10.3100004196167
RITM,2023-09-01,10.399999618530273
RITM,2023-09-05,10.260000228881836
RITM,2023-09-06,10.220000267028809
RITM,2023-09-07,10.149999618530273
RITM,2023-09-08,10.130000114440918
RITM,2023-09-11,10.170000076293945
RITM,2023-09-12,10.069999694824219
RITM,2023-09-13,9.949999809265137
RITM,2023-09-14,10.130000114440918
RITM,2023-09-15,10.069999694824219
RITM,2023-09-18,10.029999732971191
RITM,2023-09-19,10.020000457763672
RITM,2023-09-20,9.930000305175781
RITM,2023-09-21,9.600000381469727
RITM,2023-09-22,9.65999984741211
RITM,2023-09-25,9.630000114440918
RITM,2023-09-26,9.390000343322754
RITM,2023-09-27,9.470000267028809
RITM,2023-09-28,9.260000228881836
RITM,2023-09-29,9.289999961853027
RITM,2023-10-02,9.289999961853027
RITM,2023-10-03,9.010000228881836
RITM,2023-10-04,9.020000457763672
RITM,2023-10-05,9.119999885559082
RITM,2023-10-06,9.15999984741211
RITM,2023-10-09,9.289999961853027
RITM,2023-10-10,9.329999923706055
RITM,2023-10-11,9.460000038146973
RITM,2023-10-12,9.329999923706055
RITM,2023-10-13,9.1899995803833
RITM,2023-10-16,9.399999618530273
RITM,2023-10-17,9.4399995803833
RITM,2023-10-18,9.260000228881836
RITM,2023-10-19,9.079999923706055
RITM,2023-10-20,9.010000228881836
RITM,2023-10-23,9.020000457763672
RITM,2023-10-24,9.029999732971191
RITM,2023-10-25,8.949999809265137
RITM,2023-10-26,9.1899995803833
RITM,2023-10-27,9.140000343322754
RITM,2023-10-30,9.199999809265137
RITM,2023-10-31,9.329999923706055
RITM,2023-11-01,9.520000457763672
RITM,2023-11-02,9.729999542236328
RITM,2023-11-03,9.890000343322754
RITM,2023-11-06,9.800000190734863
RITM,2023-11-07,9.850000381469727
RITM,2023-11-08,9.859999656677246
RITM,2023-11-09,9.6899995803833
RITM,2023-11-10,9.779999732971191
RITM,2023-11-13,9.720000267028809
RITM,2023-11-14,10.079999923706055
RITM,2023-11-15,10.119999885559082
RITM,2023-11-16,9.960000038146973
RITM,2023-11-17,10.069999694824219
RITM,2023-11-20,10.109999656677246
RITM,2023-11-21,10.109999656677246
RITM,2023-11-22,10.1899995803833
RITM,2023-11-24,10.180000305175781
RITM,2023-11-27,10.140000343322754
RITM,2023-11-28,10.149999618530273
RITM,2023-11-29,10.300000190734863
RITM,2023-11-30,10.380000114440918
RITM,2023-12-01,10.5600004196167
RITM,2023-12-04,10.520000457763672
RITM,2023-12-05,10.460000038146973
RITM,2023-12-06,10.40999984741211
RITM,2023-12-07,10.510000228881836
RITM,2023-12-08,10.5
RITM,2023-12-11,10.420000076293945
RITM,2023-12-12,10.529999732971191
RITM,2023-12-13,10.75
RITM,2023-12-14,10.9399995803833
RITM,2023-12-15,10.869999885559082
RITM,2023-12-18,10.869999885559082
RITM,2023-12-19,11.079999923706055
RITM,2023-12-20,10.960000038146973
RITM,2023-12-21,11.010000228881836
RITM,2023-12-22,11.029999732971191
RITM,2023-12-26,11.109999656677246
RITM,2023-12-27,11.069999694824219
RITM,2023-12-28,10.829999923706055
RITM,2023-12-29,10.680000305175781
RITM,2024-01-02,10.600000381469727
RITM,2024-01-03,10.34000015258789
RITM,2024-01-04,10.25
RITM,2024-01-05,10.399999618530273
RITM,2024-01-08,10.640000343322754
RITM,2024-01-09,10.520000457763672
RITM,2024-01-10,10.569999694824219
RITM,2024-01-11,10.579999923706055
RITM,2024-01-12,10.65999984741211
RITM,2024-01-16,10.630000114440918
RITM,2024-01-17,10.59000015258789
RITM,2024-01-18,10.670000076293945
RITM,2024-01-19,10.829999923706055
RITM,2024-01-22,10.899999618530273
RITM,2024-01-23,10.920000076293945
RITM,2024-01-24,10.970000267028809
RITM,2024-01-25,11.020000457763672
RITM,2024-01-26,10.989999771118164
RITM,2024-01-29,11.0
RITM,2024-01-30,10.930000305175781
RITM,2024-01-31,10.699999809265137
RITM,2024-02-01,10.670000076293945
RITM,2024-02-02,10.5600004196167
RITM,2024-02-05,10.5600004196167
RITM,2024-02-06,10.579999923706055
RITM,2024-02-07,10.180000305175781
RITM,2024-02-08,10.119999885559082
RITM,2024-02-09,10.210000038146973
RITM,2024-02-12,10.399999618530273
RITM,2024-02-13,10.15999984741211
RITM,2024-02-14,10.319999694824219
RITM,2024-02-15,10.649999618530273
RITM,2024-02-16,10.579999923706055
RITM,2024-02-20,10.520000457763672
RITM,2024-02-21,10.600000381469727
RITM,2024-02-22,10.569999694824219
RITM,2024-02-23,10.699999809265137
RITM,2024-02-26,10.710000038146973
RITM,2024-02-27,10.640000343322754
RITM,2024-02-28,10.630000114440918
RITM,2024-02-29,10.84000015258789
RITM,2024-03-01,10.979999542236328
RITM,2024-03-04,10.800000190734863
RITM,2024-03-05,10.850000381469727
RITM,2024-03-06,10.890000343322754
RITM,2024-03-07,10.979999542236328
RITM,2024-03-08,10.920000076293945
RITM,2024-03-11,10.930000305175781
RITM,2024-03-12,11.119999885559082
RITM,2024-03-13,11.149999618530273
RITM,2024-03-14,10.859999656677246
RITM,2024-03-15,10.920000076293945
RITM,2024-03-18,10.869999885559082
RITM,2024-03-19,10.949999809265137
RITM,2024-03-20,11.15999984741211
RITM,2024-03-21,11.270000457763672
RITM,2024-03-22,11.130000114440918
RITM,2024-03-25,11.180000305175781
RITM,2024-03-26,11.09000015258789
RITM,2024-03-27,11.319999694824219
RITM,2024-03-28,11.15999984741211
RITM,2024-04-01,10.930000305175781
RITM,2024-04-02,10.8100004196167
RITM,2024-04-03,10.850000381469727
RITM,2024-04-04,10.770000457763672
RITM,2024-04-05,10.859999656677246
RITM,2024-04-08,10.989999771118164
RITM,2024-04-09,11.0
RITM,2024-04-10,10.699999809265137
RITM,2024-04-11,10.760000228881836
RITM,2024-04-12,10.600000381469727
RITM,2024-04-15,10.550000190734863
RITM,2024-04-16,10.539999961853027
RITM,2024-04-17,10.520000457763672
RITM,2024-04-18,10.649999618530273
RITM,2024-04-19,10.819999694824219
RITM,2024-04-22,10.9399995803833
RITM,2024-04-23,11.079999923706055
RITM,2024-04-24,11.130000114440918
RITM,2024-04-25,11.119999885559082
RITM,2024-04-26,11.210000038146973
RITM,2024-04-29,11.220000267028809
RITM,2024-04-30,11.119999885559082
RITM,2024-05-01,11.15999984741211
RITM,2024-05-02,11.25
RITM,2024-05-03,11.319999694824219
RITM,2024-05-06,11.319999694824219
RITM,2024-05-07,11.3100004196167
RITM,2024-05-08,11.220000267028809
RITM,2024-05-09,11.319999694824219
RITM,2024-05-10,11.380000114440918
RITM,2024-05-13,11.3100004196167
RITM,2024-05-14,11.399999618530273
RITM,2024-05-15,11.5600004196167
RITM,2024-05-16,11.460000038146973
RITM,2024-05-17,11.470000267028809
RITM,2024-05-20,11.329999923706055
RITM,2024-05-21,11.3100004196167
RITM,2024-05-22,11.149999618530273
RITM,2024-05-23,10.90999984741211
RITM,2024-05-24,11.020000457763672
RITM,2024-05-28,10.989999771118164
RITM,2024-05-29,10.90999984741211
RITM,2024-05-30,11.09000015258789
RITM,2024-05-31,11.210000038146973
RITM,2024-06-03,11.260000228881836
RITM,2024-06-04,11.239999771118164
RITM,2024-06-05,11.279999732971191
RITM,2024-06-06,11.1899995803833
RITM,2024-06-07,11.140000343322754
RITM,2024-06-10,11.09000015258789
RITM,2024-06-11,10.960000038146973
RITM,2024-06-12,11.119999885559082
RITM,2024-06-13,11.260000228881836
RITM,2024-06-14,11.149999618530273
RITM,2024-06-17,11.1899995803833
RITM,2024-06-18,11.130000114440918
RITM,2024-06-20,11.119999885559082
RITM,2024-06-21,11.050000190734863
RITM,2024-06-24,11.100000381469727
RITM,2024-06-25,10.949999809265137
RITM,2024-06-26,10.890000343322754
RITM,2024-06-27,10.800000190734863
RITM,2024-06-28,10.90999984741211
RITM,2024-07-01,10.579999923706055
RITM,2024-07-02,10.729999542236328
RITM,2024-07-03,10.649999618530273
RITM,2024-07-05,10.539999961853027
RITM,2024-07-08,10.59000015258789
RITM,2024-07-09,10.680000305175781
RITM,2024-07-10,10.8100004196167
RITM,2024-07-11,11.050000190734863
RITM,2024-07-12,11.100000381469727
RITM,2024-07-15,11.239999771118164
RITM,2024-07-16,11.5
RITM,2024-07-17,11.600000381469727
RITM,2024-07-18,11.569999694824219
RITM,2024-07-19,11.619999885559082
RITM,2024-07-22,11.65999984741211
RITM,2024-07-23,11.569999694824219
RITM,2024-07-24,11.220000267028809
RITM,2024-07-25,11.369999885559082
RITM,2024-07-26,11.449999809265137
RITM,2024-07-29,11.420000076293945
RITM,2024-07-30,11.529999732971191
RITM,2024-07-31,11.609999656677246
RITM,2024-08-01,11.350000381469727
RITM,2024-08-02,11.170000076293945
RITM,2024-08-05,10.770000457763672
RITM,2024-08-06,10.949999809265137
RITM,2024-08-07,10.930000305175781
RITM,2024-08-08,11.100000381469727
RITM,2024-08-09,11.15999984741211
RITM,2024-08-12,10.970000267028809
RITM,2024-08-13,11.130000114440918
RITM,2024-08-14,11.170000076293945
RITM,2024-08-15,11.359999656677246
RITM,2024-08-16,11.4399995803833
RITM,2024-08-19,11.510000228881836
RITM,2024-08-20,11.430000305175781
RITM,2024-08-21,11.359999656677246
RITM,2024-08-22,11.399999618530273
RITM,2024-08-23,11.569999694824219
RITM,2024-08-26,11.600000381469727
RITM,2024-08-27,11.619999885559082
RITM,2024-08-28,11.710000038146973
RITM,2024-08-29,11.84000015258789
RITM,2024-08-30,11.9399995803833
RITM,2024-09-03,11.739999771118164
RITM,2024-09-04,11.609999656677246
RITM,2024-09-05,11.609999656677246
RITM,2024-09-06,11.600000381469727
RITM,2024-09-09,11.579999923706055
RITM,2024-09-10,11.579999923706055
RITM,2024-09-11,11.420000076293945
RITM,2024-09-12,11.569999694824219
RITM,2024-09-13,11.770000457763672
RITM,2024-09-16,11.90999984741211
RITM,2024-09-17,11.890000343322754
RITM,2024-09-18,11.8100004196167
RITM,2024-09-19,11.90999984741211
RITM,2024-09-20,11.880000114440918
RITM,2024-09-23,11.779999732971191
RITM,2024-09-24,11.8100004196167
RITM,2024-09-25,11.220000267028809
RITM,2024-09-26,11.260000228881836
RITM,2024-09-27,11.319999694824219
RITM,2024-09-30,11.350000381469727
RITM,2024-10-01,10.9399995803833
RITM,2024-10-02,10.850000381469727
RITM,2024-10-03,10.8100004196167
RITM,2024-10-04,10.8100004196167
RITM,2024-10-07,10.579999923706055
RITM,2024-10-08,10.65999984741211
RITM,2024-10-09,10.619999885559082
RITM,2024-10-10,10.649999618530273
RITM,2024-10-11,10.649999618530273
RITM,2024-10-14,10.770000457763672
RITM,2024-10-15,10.850000381469727
RITM,2024-10-16,10.899999618530273
RITM,2024-10-17,10.829999923706055
RITM,2024-10-18,10.84000015258789
RITM,2024-10-21,10.600000381469727
RITM,2024-10-22,10.600000381469727
RITM,2024-10-23,10.5600004196167
RITM,2024-10-24,10.569999694824219
RITM,2024-10-25,10.479999542236328
RITM,2024-10-28,10.470000267028809
RITM,2024-10-29,10.699999809265137
RITM,2024-10-30,10.789999961853027
RITM,2024-10-31,10.59000015258789
RITM,2024-11-01,10.479999542236328
RITM,2024-11-04,10.40999984741211
RITM,2024-11-05,10.520000457763672
RITM,2024-11-06,10.5600004196167
RITM,2024-11-07,10.670000076293945
RITM,2024-11-08,10.779999732971191
RITM,2024-11-11,10.8100004196167
RITM,2024-11-12,10.729999542236328
RITM,2024-11-13,10.739999771118164
RITM,2024-11-14,10.779999732971191
RITM,2024-11-15,10.720000267028809
RITM,2024-11-18,10.65999984741211
RITM,2024-11-19,10.65999984741211
RITM,2024-11-20,10.640000343322754
RITM,2024-11-21,10.789999961853027
RITM,2024-11-22,10.979999542236328
RITM,2024-11-25,11.149999618530273
RITM,2024-11-26,11.130000114440918
RITM,2024-11-27,11.180000305175781
RITM,2024-11-29,11.25
RITM,2024-12-02,11.199999809265137
RITM,2024-12-03,11.15999984741211
RITM,2024-12-04,11.149999618530273
RITM,2024-12-05,11.109999656677246
RITM,2024-12-06,11.239999771118164
RITM,2024-12-09,11.180000305175781
RITM,2024-12-10,11.140000343322754
RITM,2024-12-11,11.149999618530273
RITM,2024-12-12,11.15999984741211
RITM,2024-12-13,11.119999885559082
RITM,2024-12-16,11.180000305175781
RITM,2024-12-17,11.050000190734863
RITM,2024-12-18,10.699999809265137
RITM,2024-12-19,10.670000076293945
RITM,2024-12-20,10.9399995803833
RITM,2024-12-23,10.90999984741211
RITM,2024-12-24,11.029999732971191
RITM,2024-12-26,10.989999771118164
RITM,2024-12-27,10.920000076293945
RITM,2024-12-30,10.869999885559082
RITM,2024-12-31,10.829999923706055
RITM,2025-01-02,10.859999656677246
RITM,2025-01-03,11.149999618530273
RITM,2025-01-06,11.0600004196167
RITM,2025-01-07,11.0
RITM,2025-01-08,10.960000038146973
RITM,2025-01-10,10.699999809265137
RITM,2025-01-13,10.710000038146973
RITM,2025-01-14,10.989999771118164
RITM,2025-01-15,11.170000076293945
RITM,2025-01-16,11.260000228881836
RITM,2025-01-17,11.350000381469727
RITM,2025-01-21,11.369999885559082
RITM,2025-01-22,11.260000228881836
RITM,2025-01-23,11.279999732971191
RITM,2025-01-24,11.300000190734863
RITM,2025-01-27,11.390000343322754
RITM,2025-01-28,11.40999984741211
RITM,2025-01-29,11.34000015258789
RITM,2025-01-30,11.5600004196167
RITM,2025-01-31,11.510000228881836
RITM,2025-02-03,11.329999923706055
RITM,2025-02-04,11.460000038146973
RITM,2025-02-05,11.489999771118164
RITM,2025-02-06,11.90999984741211
RITM,2025-02-07,11.850000381469727
RITM,2025-02-10,11.859999656677246
RITM,2025-02-11,11.850000381469727
RITM,2025-02-12,11.90999984741211
RITM,2025-02-13,11.989999771118164
RITM,2025-02-14,12.029999732971191
RITM,2025-02-18,11.979999542236328
RITM,2025-02-19,11.9399995803833
RITM,2025-02-20,11.979999542236328
RITM,2025-02-21,11.890000343322754
RITM,2025-02-24,11.859999656677246
RITM,2025-02-25,11.9399995803833
RITM,2025-02-26,12.020000457763672
RITM,2025-02-27,12.050000190734863
RITM,2025-02-28,12.149999618530273
RITM,2025-03-03,11.949999809265137
RITM,2025-03-04,11.609999656677246
RITM,2025-03-05,11.819999694824219
RITM,2025-03-06,11.720000267028809
RITM,2025-03-07,11.819999694824219
RITM,2025-03-10,11.520000457763672
RITM,2025-03-11,11.529999732971191
RITM,2025-03-12,11.4399995803833
RITM,2025-03-13,11.420000076293945
RITM,2025-03-14,11.649999618530273
RITM,2025-03-17,11.770000457763672
RITM,2025-03-18,11.710000038146973
RITM,2025-03-19,11.819999694824219
RITM,2025-03-20,11.829999923706055
RITM,2025-03-21,11.630000114440918
RITM,2025-03-24,11.789999961853027
RITM,2025-03-25,11.680000305175781
RITM,2025-03-26,11.65999984741211
RITM,2025-03-27,11.630000114440918
RITM,2025-03-28,11.390000343322754
RITM,2025-03-31,11.449999809265137
RITM,2025-04-01,11.430000305175781
RITM,2025-04-02,11.539999961853027
RITM,2025-04-03,11.25
RITM,2025-04-04,10.449999809265137
RITM,2025-04-07,10.029999732971191
RITM,2025-04-08,9.8100004196167
RITM,2025-04-09,10.359999656677246
RITM,2025-04-10,9.569999694824219
RITM,2025-04-11,9.760000228881836
RITM,2025-04-14,10.029999732971191
RITM,2025-04-15,10.130000114440918
RITM,2025-04-16,10.020000457763672
RITM,2025-04-17,10.140000343322754
RITM,2025-04-21,9.970000267028809
RITM,2025-04-22,10.3100004196167
RITM,2025-04-23,10.329999923706055
RITM,2025-04-24,10.399999618530273
RITM,2025-04-25,10.539999961853027
RITM,2025-04-28,10.970000267028809
RITM,2025-04-29,11.140000343322754
RITM,2025-04-30,11.180000305175781
RITM,2025-05-01,11.180000305175781
RITM,2025-05-02,11.279999732971191
RITM,2025-05-05,11.350000381469727
RITM,2025-05-06,11.170000076293945
RITM,2025-05-07,11.270000457763672
RITM,2025-05-08,11.279999732971191
RITM,2025-05-09,11.229999542236328
RITM,2025-05-12,11.539999961853027
RITM,2025-05-13,11.539999961853027
RITM,2025-05-14,11.539999961853027
RITM,2025-05-15,11.630000114440918
RITM,2025-05-16,11.670000076293945
RITM,2025-05-19,11.649999618530273
RITM,2025-05-20,11.5600004196167
RITM,2025-05-21,11.109999656677246
RITM,2025-05-22,11.170000076293945
RITM,2025-05-23,11.130000114440918
RITM,2025-05-27,11.300000190734863
RITM,2025-05-28,11.149999618530273
RITM,2025-05-29,11.289999961853027
RITM,2025-05-30,11.149999618530273
RITM,2025-06-02,11.069999694824219
RITM,2025-06-03,11.239999771118164
RITM,2025-06-04,11.210000038146973
RITM,2025-06-05,11.210000038146973
RITM,2025-06-06,11.34000015258789
RITM,2025-06-09,11.229999542236328
RITM,2025-06-10,11.359999656677246
RITM,2025-06-11,11.40999984741211
RITM,2025-06-12,11.449999809265137
RITM,2025-06-13,11.289999961853027
RITM,2025-06-16,11.289999961853027
RITM,2025-06-17,11.109999656677246
RITM,2025-06-18,11.210000038146973
RITM,2025-06-20,11.210000038146973
RITM,2025-06-23,11.229999542236328
RITM,2025-06-24,11.319999694824219
RITM,2025-06-25,11.25
RITM,2025-06-26,11.399999618530273
RITM,2025-06-27,11.399999618530273
RITM,2025-06-30,11.289999961853027
RITM,2025-07-01,11.470000267028809
RITM,2025-07-02,11.680000305175781
RITM,2025-07-03,11.729999542236328
RITM,2025-07-07,11.600000381469727
RITM,2025-07-08,11.649999618530273
RITM,2025-07-09,11.720000267028809
RITM,2025-07-10,11.75
RITM,2025-07-11,11.680000305175781
RITM,2025-07-14,11.729999542236328
RITM,2025-07-15,11.710000038146973
RITM,2025-07-16,11.899999618530273
RITM,2025-07-17,11.90999984741211
RITM,2025-07-18,11.9399995803833
RITM,2025-07-21,12.0
RITM,2025-07-22,12.1899995803833
RITM,2025-07-23,12.25
RITM,2025-07-24,12.229999542236328
RITM,2025-07-25,12.1899995803833
RITM,2025-07-28,12.229999542236328
RITM,2025-07-29,12.369999885559082
RITM,2025-07-30,12.180000305175781
RITM,2025-07-31,12.029999732971191
RITM,2025-08-01,12.050000190734863
RITM,2025-08-04,12.210000038146973
RITM,2025-08-05,12.260000228881836
RITM,2025-08-06,12.130000114440918
RITM,2025-08-07,12.1899995803833
RITM,2025-08-08,12.270000457763672
RITM,2025-08-11,12.25
RITM,2025-08-12,12.3100004196167
RITM,2025-08-13,12.34000015258789
RITM,2025-08-14,12.369999885559082
RITM,2025-08-15,12.289999961853027
RITM,2025-08-18,12.239999771118164
RITM,2025-08-19,12.319999694824219
RITM,2025-08-20,12.34000015258789
RITM,2025-08-21,12.199999809265137
RITM,2025-08-22,12.5600004196167
RITM,2025-08-25,12.489999771118164
RITM,2025-08-26,12.460000038146973
RITM,2025-08-27,12.350000381469727
RITM,2025-08-28,12.279999732971191
RITM,2025-08-29,12.380000114440918
RITM,2025-09-02,12.270000457763672
RITM,2025-09-03,12.350000381469727
RITM,2025-09-04,12.5600004196167
RITM,2025-09-05,12.619999885559082
RITM,2025-09-08,12.5
RITM,2025-09-09,12.529999732971191
RITM,2025-09-10,12.5
RITM,2025-09-11,12.539999961853027
RITM,2025-09-12,12.380000114440918
RITM,2025-09-15,12.399999618530273
RITM,2025-09-16,12.069999694824219
RITM,2025-09-17,12.460000038146973
RITM,2025-09-18,12.289999961853027
RITM,2025-09-19,12.109999656677246
RITM,2025-09-22,11.84000015258789
RITM,2025-09-23,11.760000228881836
RITM,2025-09-24,11.680000305175781
RITM,2025-09-25,11.600000381469727
RITM,2025-09-26,11.619999885559082
RITM,2025-09-29,11.520000457763672
RITM,2025-09-30,11.390000343322754
RITM,2025-10-01,11.220000267028809
RITM,2025-10-02,11.170000076293945
RITM,2025-10-03,11.149999618530273
RITM,2025-10-06,10.899999618530273
RITM,2025-10-07,10.880000114440918
RITM,2025-10-08,10.949999809265137
RITM,2025-10-09,10.779999732971191
RITM,2025-10-10,10.649999618530273
RITM,2025-10-13,10.770000457763672
RITM,2025-10-14,10.90999984741211
RITM,2025-10-15,10.920000076293945
RITM,2025-10-16,10.699999809265137
RITM,2025-10-17,10.829999923706055
RITM,2025-10-20,10.90999984741211
RITM,2025-10-21,10.819999694824219
RITM,2025-10-22,10.890000343322754
RITM,2025-10-23,10.829999923706055
RITM,2025-10-24,10.859999656677246
RITM,2025-10-27,10.9399995803833
RITM,2025-10-28,10.829999923706055
RITM,2025-10-29,10.930000305175781
RITM,2025-10-30,10.989999771118164
RITM,2025-10-31,10.970000267028809
RITM,2025-11-03,11.069999694824219
RITM,2025-11-04,10.989999771118164
RITM,2025-11-05,11.109999656677246
RITM,2025-11-06,10.960000038146973
RITM,2025-11-07,11.029999732971191
RITM,2025-11-10,11.050000190734863
RITM,2025-11-11,11.140000343322754
RITM,2025-11-12,11.239999771118164
RITM,2025-11-13,11.149999618530273
RITM,2025-11-14,11.119999885559082
RITM,2025-11-17,10.859999656677246
RITM,2025-11-18,10.869999885559082
RITM,2025-11-19,10.84000015258789
RITM,2025-11-20,10.789999961853027
RITM,2025-11-21,11.029999732971191
RITM,2025-11-24,11.020000457763672
RITM,2025-11-25,11.390000343322754
RITM,2025-11-26,11.520000457763672
RITM,2025-11-28,11.489999771118164
RITM,2025-12-01,11.449999809265137
RITM,2025-12-02,11.329999923706055
RITM,2025-12-03,11.420000076293945
RITM,2025-12-04,11.359999656677246
RITM,2025-12-05,11.34000015258789
RITM,2025-12-08,11.069999694824219
RITM,2025-12-09,11.020000457763672
RITM,2025-12-10,11.210000038146973
RITM,2025-12-11,11.140000343322754
RITM,2025-12-12,11.109999656677246
RITM,2025-12-15,11.1899995803833
RITM,2025-12-16,11.039999961853027
RITM,2025-12-17,11.149999618530273
RITM,2025-12-18,11.229999542236328
RITM,2025-12-19,11.170000076293945
RITM,2025-12-22,11.140000343322754
RITM,2025-12-23,11.050000190734863
RITM,2025-12-24,11.15999984741211
RITM,2025-12-26,11.15999984741211
RITM,2025-12-29,11.069999694824219
RITM,2025-12-30,11.069999694824219
RITM,2025-12-31,10.899999618530273
RITM,2026-01-02,10.979999542236328
RITM,2026-01-05,11.149999618530273
RITM,2026-01-06,11.149999618530273
RITM,2026-01-07,11.149999618530273
RITM,2026-01-08,11.390000343322754
RITM,2026-01-09,11.569999694824219
RITM,2026-01-12,11.399999618530273
RITM,2026-01-13,11.199999809265137
RITM,2026-01-14,11.199999809265137
RITM,2026-01-15,11.350000381469727
RITM,2026-01-16,11.760000228881836
RITM,2026-01-20,11.569999694824219
RITM,2026-01-21,11.75
RITM,2026-01-22,11.920000076293945
RITM,2026-01-23,11.779999732971191
RITM,2026-01-26,11.989999771118164
RITM,2026-01-27,12.0600004196167
RITM,2026-01-28,11.899999618530273
RITM,2026-01-29,11.920000076293945
RITM,2026-01-30,10.9399995803833
RITM,2026-02-02,10.800000190734863
RITM,2026-02-03,10.949999809265137
RITM,2026-02-04,10.779999732971191
RITM,2026-02-05,10.739999771118164
RITM,2026-02-06,10.729999542236328
RITM,2026-02-09,10.649999618530273
RITM,2026-02-10,10.670000076293945
RITM,2026-02-11,10.699999809265137
RITM,2026-02-12,10.569999694824219
RITM,2026-02-13,10.569999694824219
RITM,2026-02-17,10.600000381469727
RITM,2026-02-18,10.619999885559082
RITM,2026-02-19,10.579999923706055
RITM,2026-02-20,10.449999809265137
RITM,2026-02-23,10.010000228881836
RITM,2026-02-24,10.149999618530273
RITM,2026-02-25,10.220000267028809
RITM,2026-02-26,10.399999618530273
RITM,2026-02-27,10.050000190734863
RITM,2026-03-02,10.09000015258789
RITM,2026-03-03,9.949999809265137
RITM,2026-03-04,9.760000228881836
RITM,2026-03-05,9.779999732971191
RITM,2026-03-06,9.649999618530273
RITM,2026-03-09,9.84000015258789
RITM,2026-03-10,9.930000305175781
RITM,2026-03-11,9.869999885559082
RITM,2026-03-12,9.600000381469727
RITM,2026-03-13,9.449999809265137
RITM,2026-03-16,9.390000343322754
RITM,2026-03-17,9.359999656677246
RITM,2026-03-18,9.0600004196167
RITM,2026-03-19,9.029999732971191
RITM,2026-03-20,8.770000457763672
RITM,2026-03-23,9.0600004196167
RITM,2026-03-24,9.140000343322754
RITM,2026-03-25,9.239999771118164
RITM,2026-03-26,9.3100004196167
RITM,2026-03-27,9.140000343322754
RITM,2026-03-30,9.1899995803833
RITM,2026-03-31,9.479999542236328
RITM,2026-04-01,9.470000267028809
RITM,2026-04-02,9.630000114440918
RITM,2026-04-06,9.640000343322754
RITM,2026-04-07,9.5
RITM,2026-04-08,9.789999961853027
RITM,2026-04-09,9.90999984741211
RITM,2026-04-10,9.9399995803833
RITM,2026-04-13,10.09000015258789
RITM,2026-04-14,10.119999885559082
RITM,2026-04-15,10.180000305175781
RITM,2026-04-16,9.960000038146973
RITM,2026-04-17,10.15999984741211
RITM,2026-04-20,10.100000381469727
RITM,2026-04-21,10.170000076293945
RITM,2026-04-22,10.180000305175781
RITM,2026-04-23,10.119999885559082
RITM,2026-04-24,10.130000114440918
RITM,2026-04-27,10.119999885559082
RITM,2026-04-28,9.850000381469727
RITM,2026-04-29,9.65999984741211
RITM,2026-04-30,9.779999732971191
RITM,2026-05-01,9.789999961853027
RITM,2026-05-04,9.640000343322754
RITM,2026-05-05,9.699999809265137
RITM,2026-05-06,9.84000015258789
RITM,2026-05-07,9.789999961853027
RITM,2026-05-08,9.84000015258789
RITM,2026-05-11,9.699999809265137
RITM,2026-05-12,9.65999984741211
RITM,2026-05-13,9.25
RITM,2026-05-14,9.300000190734863
RITM,2026-05-15,9.130000114440918
RITM,2026-05-18,9.130000114440918
RITM,2026-05-19,9.0
RITM,2026-05-20,9.270000457763672
RITM,2026-05-21,9.260000228881836
RITM,2026-05-22,9.260000228881836
RITM,2026-05-26,9.270000457763672
RITM,2026-05-27,9.3100004196167
RITM,2026-05-28,9.260000228881836
RITM,2026-05-29,9.319999694824219
RITM,2026-06-01,9.100000381469727
RITM,2026-06-02,9.25
RITM,2026-06-03,9.020000457763672
RITM,2026-06-04,9.170000076293945
RITM,2026-06-05,9.130000114440918
RITM,2026-06-08,9.039999961853027
RITM,2026-06-09,9.34000015258789
RITM,2026-06-10,9.15999984741211
RITM,2026-06-11,9.239999771118164
RITM,2026-06-12,9.3100004196167
RITM,2026-06-15,9.1899995803833
RITM,2026-06-16,9.329999923706055
RITM,2026-06-17,9.199999809265137
RITM,2026-06-18,9.1899995803833
RITM,2026-06-22,9.140000343322754
RITM,2026-06-23,9.210000038146973
RITM,2026-06-24,9.239999771118164
RITM,2026-06-25,9.319999694824219
RITM,2026-06-26,9.380000114440918
RITM,2026-06-29,9.420000076293945
RITM,2026-06-30,9.390000343322754
RITM,2026-07-01,9.359999656677246
RITM,2026-07-02,9.09000015258789
RITM,2026-07-06,9.229999542236328
RITM,2026-07-07,9.220000267028809
RITM,2026-07-08,8.989999771118164
RITM,2026-07-09,9.210000038146973
RITM,2026-07-10,9.180000305175781
RITM,2026-07-13,9.069999694824219
RITM,2026-07-14,9.220000267028809
RITM,2026-07-15,9.229999542236328
RITM,2026-07-16,9.430000305175781
RITM,2026-07-17,9.319999694824219
RITM,2026-07-20,9.199999809265137
RITM,2026-07-21,9.149999618530273
RITM,2026-07-23,8.979999542236328
RITM,2026-07-24,9.119999885559082
RITM,2026-07-27,9.229999542236328
RITM,2026-07-28,9.779999732971191
RITM,2026-07-29,9.989999771118164
RITM,2026-07-30,9.869999885559082
RITM,2026-07-31,9.880000114440918
RITM,2026-08-03,10.0600004196167
RITM,2026-08-04,10.25
RITM,2026-08-05,10.100000381469727
RITM,2026-08-06,9.9399995803833
RITM,2026-08-07,10.1899995803833
RITM,2026-08-10,10.109999656677246
RITM,2026-08-11,10.25
RITM,2026-08-12,10.229999542236328
RITM,2026-08-13,10.359999656677246
RITM,2026-08-14,10.359999656677246
RITM,2026-08-17,10.260000228881836
RITM,2026-08-18,10.199999809265137
RITM,2026-08-19,10.380000114440918
RWT,2021-01-04,8.520000457763672
RWT,2021-01-05,8.399999618530273
RWT,2021-01-06,8.729999542236328
RWT,2021-01-07,8.770000457763672
RWT,2021-01-08,8.75
RWT,2021-01-11,8.640000343322754
RWT,2021-01-12,8.609999656677246
RWT,2021-01-13,8.630000114440918
RWT,2021-01-14,8.829999923706055
RWT,2021-01-15,8.649999618530273
RWT,2021-01-19,8.569999694824219
RWT,2021-01-20,8.770000457763672
RWT,2021-01-21,9.359999656677246
RWT,2021-01-22,9.270000457763672
RWT,2021-01-25,9.069999694824219
RWT,2021-01-26,9.199999809265137
RWT,2021-01-27,8.770000457763672
RWT,2021-01-28,8.949999809265137
RWT,2021-01-29,8.579999923706055
RWT,2021-02-01,8.779999732971191
RWT,2021-02-02,8.9399995803833
RWT,2021-02-03,9.130000114440918
RWT,2021-02-04,9.380000114440918
RWT,2021-02-05,9.529999732971191
RWT,2021-02-08,9.699999809265137
RWT,2021-02-09,9.729999542236328
RWT,2021-02-10,9.699999809265137
RWT,2021-02-11,9.920000076293945
RWT,2021-02-12,9.920000076293945
RWT,2021-02-16,9.869999885559082
RWT,2021-02-17,9.630000114440918
RWT,2021-02-18,9.260000228881836
RWT,2021-02-19,9.680000305175781
RWT,2021-02-22,9.680000305175781
RWT,2021-02-23,9.680000305175781
RWT,2021-02-24,10.119999885559082
RWT,2021-02-25,9.720000267028809
RWT,2021-02-26,9.84000015258789
RWT,2021-03-01,9.899999618530273
RWT,2021-03-02,10.0
RWT,2021-03-03,10.010000228881836
RWT,2021-03-04,9.920000076293945
RWT,2021-03-05,9.770000457763672
RWT,2021-03-08,9.850000381469727
RWT,2021-03-09,9.859999656677246
RWT,2021-03-10,10.109999656677246
RWT,2021-03-11,10.510000228881836
RWT,2021-03-12,10.65999984741211
RWT,2021-03-15,10.640000343322754
RWT,2021-03-16,10.600000381469727
RWT,2021-03-17,10.819999694824219
RWT,2021-03-18,10.489999771118164
RWT,2021-03-19,10.75
RWT,2021-03-22,10.699999809265137
RWT,2021-03-23,10.149999618530273
RWT,2021-03-24,10.140000343322754
RWT,2021-03-25,10.319999694824219
RWT,2021-03-26,10.359999656677246
RWT,2021-03-29,10.15999984741211
RWT,2021-03-30,10.460000038146973
RWT,2021-03-31,10.40999984741211
RWT,2021-04-01,10.6899995803833
RWT,2021-04-05,10.550000190734863
RWT,2021-04-06,10.470000267028809
RWT,2021-04-07,10.390000343322754
RWT,2021-04-08,10.470000267028809
RWT,2021-04-09,10.369999885559082
RWT,2021-04-12,10.350000381469727
RWT,2021-04-13,10.390000343322754
RWT,2021-04-14,10.300000190734863
RWT,2021-04-15,10.289999961853027
RWT,2021-04-16,10.289999961853027
RWT,2021-04-19,10.210000038146973
RWT,2021-04-20,10.149999618530273
RWT,2021-04-21,10.390000343322754
RWT,2021-04-22,10.369999885559082
RWT,2021-04-23,10.640000343322754
RWT,2021-04-26,10.619999885559082
RWT,2021-04-27,10.699999809265137
RWT,2021-04-28,10.880000114440918
RWT,2021-04-29,10.84000015258789
RWT,2021-04-30,11.109999656677246
RWT,2021-05-03,11.25
RWT,2021-05-04,11.149999618530273
RWT,2021-05-05,11.34000015258789
RWT,2021-05-06,11.180000305175781
RWT,2021-05-07,11.289999961853027
RWT,2021-05-10,11.0
RWT,2021-05-11,10.729999542236328
RWT,2021-05-12,10.359999656677246
RWT,2021-05-13,10.579999923706055
RWT,2021-05-14,10.789999961853027
RWT,2021-05-17,10.890000343322754
RWT,2021-05-18,10.84000015258789
RWT,2021-05-19,10.829999923706055
RWT,2021-05-20,10.9399995803833
RWT,2021-05-21,10.880000114440918
RWT,2021-05-24,10.920000076293945
RWT,2021-05-25,10.800000190734863
RWT,2021-05-26,11.109999656677246
RWT,2021-05-27,11.069999694824219
RWT,2021-05-28,11.130000114440918
RWT,2021-06-01,11.279999732971191
RWT,2021-06-02,11.210000038146973
RWT,2021-06-03,11.260000228881836
RWT,2021-06-04,11.520000457763672
RWT,2021-06-07,11.609999656677246
RWT,2021-06-08,11.829999923706055
RWT,2021-06-09,11.979999542236328
RWT,2021-06-10,11.720000267028809
RWT,2021-06-11,12.0
RWT,2021-06-14,12.100000381469727
RWT,2021-06-15,12.109999656677246
RWT,2021-06-16,12.510000228881836
RWT,2021-06-17,12.350000381469727
RWT,2021-06-18,12.380000114440918
RWT,2021-06-21,12.34000015258789
RWT,2021-06-22,12.100000381469727
RWT,2021-06-23,12.15999984741211
RWT,2021-06-24,12.380000114440918
RWT,2021-06-25,12.170000076293945
RWT,2021-06-28,12.109999656677246
RWT,2021-06-29,12.0
RWT,2021-06-30,12.069999694824219
RWT,2021-07-01,12.119999885559082
RWT,2021-07-02,11.979999542236328
RWT,2021-07-06,11.920000076293945
RWT,2021-07-07,11.65999984741211
RWT,2021-07-08,11.770000457763672
RWT,2021-07-09,12.119999885559082
RWT,2021-07-12,12.300000190734863
RWT,2021-07-13,11.779999732971191
RWT,2021-07-14,11.520000457763672
RWT,2021-07-15,11.770000457763672
RWT,2021-07-16,11.640000343322754
RWT,2021-07-19,11.529999732971191
RWT,2021-07-20,11.6899995803833
RWT,2021-07-21,11.90999984741211
RWT,2021-07-22,11.739999771118164
RWT,2021-07-23,11.699999809265137
RWT,2021-07-26,11.9399995803833
RWT,2021-07-27,11.789999961853027
RWT,2021-07-28,11.850000381469727
RWT,2021-07-29,12.15999984741211
RWT,2021-07-30,11.869999885559082
RWT,2021-08-02,11.859999656677246
RWT,2021-08-03,11.850000381469727
RWT,2021-08-04,11.770000457763672
RWT,2021-08-05,12.170000076293945
RWT,2021-08-06,12.279999732971191
RWT,2021-08-09,12.050000190734863
RWT,2021-08-10,12.199999809265137
RWT,2021-08-11,12.279999732971191
RWT,2021-08-12,12.260000228881836
RWT,2021-08-13,12.470000267028809
RWT,2021-08-16,12.369999885559082
RWT,2021-08-17,12.300000190734863
RWT,2021-08-18,12.1899995803833
RWT,2021-08-19,11.930000305175781
RWT,2021-08-20,12.1899995803833
RWT,2021-08-23,12.329999923706055
RWT,2021-08-24,12.600000381469727
RWT,2021-08-25,12.460000038146973
RWT,2021-08-26,12.399999618530273
RWT,2021-08-27,12.460000038146973
RWT,2021-08-30,12.5
RWT,2021-08-31,12.470000267028809
RWT,2021-09-01,12.539999961853027
RWT,2021-09-02,12.5
RWT,2021-09-03,12.489999771118164
RWT,2021-09-07,12.420000076293945
RWT,2021-09-08,12.399999618530273
RWT,2021-09-09,12.399999618530273
RWT,2021-09-10,12.260000228881836
RWT,2021-09-13,12.520000457763672
RWT,2021-09-14,12.609999656677246
RWT,2021-09-15,12.619999885559082
RWT,2021-09-16,12.640000343322754
RWT,2021-09-17,12.6899995803833
RWT,2021-09-20,12.4399995803833
RWT,2021-09-21,12.5600004196167
RWT,2021-09-22,12.670000076293945
RWT,2021-09-23,12.739999771118164
RWT,2021-09-24,12.880000114440918
RWT,2021-09-27,12.970000267028809
RWT,2021-09-28,12.739999771118164
RWT,2021-09-29,12.970000267028809
RWT,2021-09-30,12.890000343322754
RWT,2021-10-01,13.15999984741211
RWT,2021-10-04,13.220000267028809
RWT,2021-10-05,13.289999961853027
RWT,2021-10-06,13.210000038146973
RWT,2021-10-07,13.210000038146973
RWT,2021-10-08,13.399999618530273
RWT,2021-10-11,13.539999961853027
RWT,2021-10-12,13.770000457763672
RWT,2021-10-13,13.8100004196167
RWT,2021-10-14,13.710000038146973
RWT,2021-10-15,13.670000076293945
RWT,2021-10-18,13.920000076293945
RWT,2021-10-19,13.829999923706055
RWT,2021-10-20,13.989999771118164
RWT,2021-10-21,13.989999771118164
RWT,2021-10-22,13.899999618530273
RWT,2021-10-25,13.9399995803833
RWT,2021-10-26,13.59000015258789
RWT,2021-10-27,13.539999961853027
RWT,2021-10-28,13.949999809265137
RWT,2021-10-29,13.5600004196167
RWT,2021-11-01,13.960000038146973
RWT,2021-11-02,13.520000457763672
RWT,2021-11-03,13.4399995803833
RWT,2021-11-04,13.550000190734863
RWT,2021-11-05,13.760000228881836
RWT,2021-11-08,13.819999694824219
RWT,2021-11-09,13.859999656677246
RWT,2021-11-10,13.859999656677246
RWT,2021-11-11,13.979999542236328
RWT,2021-11-12,14.0
RWT,2021-11-15,14.039999961853027
RWT,2021-11-16,13.699999809265137
RWT,2021-11-17,14.010000228881836
RWT,2021-11-18,13.819999694824219
RWT,2021-11-19,13.880000114440918
RWT,2021-11-22,13.829999923706055
RWT,2021-11-23,13.869999885559082
RWT,2021-11-24,13.890000343322754
RWT,2021-11-26,13.449999809265137
RWT,2021-11-29,13.430000305175781
RWT,2021-11-30,12.819999694824219
RWT,2021-12-01,12.529999732971191
RWT,2021-12-02,13.029999732971191
RWT,2021-12-03,12.890000343322754
RWT,2021-12-06,13.289999961853027
RWT,2021-12-07,13.5600004196167
RWT,2021-12-08,13.949999809265137
RWT,2021-12-09,13.850000381469727
RWT,2021-12-10,13.640000343322754
RWT,2021-12-13,13.470000267028809
RWT,2021-12-14,13.180000305175781
RWT,2021-12-15,13.460000038146973
RWT,2021-12-16,13.050000190734863
RWT,2021-12-17,12.829999923706055
RWT,2021-12-20,12.260000228881836
RWT,2021-12-21,13.029999732971191
RWT,2021-12-22,13.0600004196167
RWT,2021-12-23,13.239999771118164
RWT,2021-12-27,13.25
RWT,2021-12-28,13.270000457763672
RWT,2021-12-29,13.3100004196167
RWT,2021-12-30,13.229999542236328
RWT,2021-12-31,13.1899995803833
RWT,2022-01-03,13.390000343322754
RWT,2022-01-04,13.279999732971191
RWT,2022-01-05,13.069999694824219
RWT,2022-01-06,13.100000381469727
RWT,2022-01-07,13.039999961853027
RWT,2022-01-10,12.979999542236328
RWT,2022-01-11,13.010000228881836
RWT,2022-01-12,13.010000228881836
RWT,2022-01-13,12.899999618530273
RWT,2022-01-14,12.75
RWT,2022-01-18,12.390000343322754
RWT,2022-01-19,12.100000381469727
RWT,2022-01-20,11.869999885559082
RWT,2022-01-21,11.720000267028809
RWT,2022-01-24,11.84000015258789
RWT,2022-01-25,11.84000015258789
RWT,2022-01-26,11.9399995803833
RWT,2022-01-27,11.789999961853027
RWT,2022-01-28,11.90999984741211
RWT,2022-01-31,12.329999923706055
RWT,2022-02-01,12.229999542236328
RWT,2022-02-02,12.050000190734863
RWT,2022-02-03,11.880000114440918
RWT,2022-02-04,11.8100004196167
RWT,2022-02-07,11.760000228881836
RWT,2022-02-08,12.0600004196167
RWT,2022-02-09,12.199999809265137
RWT,2022-02-10,11.180000305175781
RWT,2022-02-11,10.970000267028809
RWT,2022-02-14,10.65999984741211
RWT,2022-02-15,10.899999618530273
RWT,2022-02-16,10.760000228881836
RWT,2022-02-17,10.399999618530273
RWT,2022-02-18,10.350000381469727
RWT,2022-02-22,10.25
RWT,2022-02-23,10.100000381469727
RWT,2022-02-24,10.270000457763672
RWT,2022-02-25,10.4399995803833
RWT,2022-02-28,10.390000343322754
RWT,2022-03-01,10.25
RWT,2022-03-02,10.520000457763672
RWT,2022-03-03,10.430000305175781
RWT,2022-03-04,10.279999732971191
RWT,2022-03-07,10.220000267028809
RWT,2022-03-08,10.640000343322754
RWT,2022-03-09,10.829999923706055
RWT,2022-03-10,10.829999923706055
RWT,2022-03-11,10.770000457763672
RWT,2022-03-14,10.699999809265137
RWT,2022-03-15,10.930000305175781
RWT,2022-03-16,10.890000343322754
RWT,2022-03-17,10.850000381469727
RWT,2022-03-18,10.960000038146973
RWT,2022-03-21,10.6899995803833
RWT,2022-03-22,10.850000381469727
RWT,2022-03-23,10.449999809265137
RWT,2022-03-24,10.529999732971191
RWT,2022-03-25,10.609999656677246
RWT,2022-03-28,10.569999694824219
RWT,2022-03-29,10.739999771118164
RWT,2022-03-30,10.630000114440918
RWT,2022-03-31,10.529999732971191
RWT,2022-04-01,10.539999961853027
RWT,2022-04-04,10.470000267028809
RWT,2022-04-05,10.15999984741211
RWT,2022-04-06,9.869999885559082
RWT,2022-04-07,9.640000343322754
RWT,2022-04-08,9.670000076293945
RWT,2022-04-11,9.59000015258789
RWT,2022-04-12,9.5600004196167
RWT,2022-04-13,9.710000038146973
RWT,2022-04-14,9.699999809265137
RWT,2022-04-18,9.600000381469727
RWT,2022-04-19,9.09000015258789
RWT,2022-04-20,9.25
RWT,2022-04-21,9.3100004196167
RWT,2022-04-22,9.079999923706055
RWT,2022-04-25,8.880000114440918
RWT,2022-04-26,8.670000076293945
RWT,2022-04-27,8.779999732971191
RWT,2022-04-28,9.050000190734863
RWT,2022-04-29,9.699999809265137
RWT,2022-05-02,9.65999984741211
RWT,2022-05-03,10.020000457763672
RWT,2022-05-04,10.350000381469727
RWT,2022-05-05,10.079999923706055
RWT,2022-05-06,10.069999694824219
RWT,2022-05-09,9.649999618530273
RWT,2022-05-10,9.729999542236328
RWT,2022-05-11,9.609999656677246
RWT,2022-05-12,9.4399995803833
RWT,2022-05-13,9.920000076293945
RWT,2022-05-16,9.789999961853027
RWT,2022-05-17,9.930000305175781
RWT,2022-05-18,9.539999961853027
RWT,2022-05-19,9.59000015258789
RWT,2022-05-20,9.670000076293945
RWT,2022-05-23,9.770000457763672
RWT,2022-05-24,9.779999732971191
RWT,2022-05-25,9.760000228881836
RWT,2022-05-26,10.069999694824219
RWT,2022-05-27,10.210000038146973
RWT,2022-05-31,10.199999809265137
RWT,2022-06-01,10.3100004196167
RWT,2022-06-02,10.4399995803833
RWT,2022-06-03,10.300000190734863
RWT,2022-06-06,9.289999961853027
RWT,2022-06-07,9.399999618530273
RWT,2022-06-08,9.260000228881836
RWT,2022-06-09,9.029999732971191
RWT,2022-06-10,8.630000114440918
RWT,2022-06-13,7.510000228881836
RWT,2022-06-14,7.320000171661377
RWT,2022-06-15,7.429999828338623
RWT,2022-06-16,6.769999980926514
RWT,2022-06-17,7.010000228881836
RWT,2022-06-21,7.320000171661377
RWT,2022-06-22,7.130000114440918
RWT,2022-06-23,7.300000190734863
RWT,2022-06-24,7.599999904632568
RWT,2022-06-27,7.630000114440918
RWT,2022-06-28,7.710000038146973
RWT,2022-06-29,7.690000057220459
RWT,2022-06-30,7.710000038146973
RWT,2022-07-01,7.880000114440918
RWT,2022-07-05,8.050000190734863
RWT,2022-07-06,7.880000114440918
RWT,2022-07-07,7.949999809265137
RWT,2022-07-08,8.010000228881836
RWT,2022-07-11,7.860000133514404
RWT,2022-07-12,7.829999923706055
RWT,2022-07-13,7.900000095367432
RWT,2022-07-14,7.730000019073486
RWT,2022-07-15,7.980000019073486
RWT,2022-07-18,7.880000114440918
RWT,2022-07-19,8.170000076293945
RWT,2022-07-20,8.300000190734863
RWT,2022-07-21,8.300000190734863
RWT,2022-07-22,8.25
RWT,2022-07-25,8.300000190734863
RWT,2022-07-26,8.270000457763672
RWT,2022-07-27,8.529999732971191
RWT,2022-07-28,8.789999961853027
RWT,2022-07-29,8.65999984741211
RWT,2022-08-01,8.510000228881836
RWT,2022-08-02,8.279999732971191
RWT,2022-08-03,8.15999984741211
RWT,2022-08-04,8.09000015258789
RWT,2022-08-05,8.079999923706055
RWT,2022-08-08,8.229999542236328
RWT,2022-08-09,8.25
RWT,2022-08-10,8.239999771118164
RWT,2022-08-11,8.300000190734863
RWT,2022-08-12,8.380000114440918
RWT,2022-08-15,8.510000228881836
RWT,2022-08-16,8.449999809265137
RWT,2022-08-17,8.34000015258789
RWT,2022-08-18,8.329999923706055
RWT,2022-08-19,8.220000267028809
RWT,2022-08-22,7.96999979019165
RWT,2022-08-23,8.140000343322754
RWT,2022-08-24,8.149999618530273
RWT,2022-08-25,8.229999542236328
RWT,2022-08-26,8.140000343322754
RWT,2022-08-29,8.149999618530273
RWT,2022-08-30,7.869999885559082
RWT,2022-08-31,7.75
RWT,2022-09-01,7.449999809265137
RWT,2022-09-02,7.340000152587891
RWT,2022-09-06,7.110000133514404
RWT,2022-09-07,7.139999866485596
RWT,2022-09-08,7.179999828338623
RWT,2022-09-09,7.349999904632568
RWT,2022-09-12,7.400000095367432
RWT,2022-09-13,7.090000152587891
RWT,2022-09-14,7.349999904632568
RWT,2022-09-15,7.050000190734863
RWT,2022-09-16,7.110000133514404
RWT,2022-09-19,7.289999961853027
RWT,2022-09-20,7.170000076293945
RWT,2022-09-21,7.059999942779541
RWT,2022-09-22,6.53000020980835
RWT,2022-09-23,6.510000228881836
RWT,2022-09-26,5.900000095367432
RWT,2022-09-27,5.949999809265137
RWT,2022-09-28,6.179999828338623
RWT,2022-09-29,5.690000057220459
RWT,2022-09-30,5.739999771118164
RWT,2022-10-03,5.659999847412109
RWT,2022-10-04,6.320000171661377
RWT,2022-10-05,6.090000152587891
RWT,2022-10-06,5.900000095367432
RWT,2022-10-07,5.699999809265137
RWT,2022-10-10,5.590000152587891
RWT,2022-10-11,6.119999885559082
RWT,2022-10-12,5.940000057220459
RWT,2022-10-13,6.070000171661377
RWT,2022-10-14,6.099999904632568
RWT,2022-10-17,6.170000076293945
RWT,2022-10-18,6.360000133514404
RWT,2022-10-19,6.21999979019165
RWT,2022-10-20,6.380000114440918
RWT,2022-10-21,6.409999847412109
RWT,2022-10-24,6.400000095367432
RWT,2022-10-25,6.929999828338623
RWT,2022-10-26,6.789999961853027
RWT,2022-10-27,6.849999904632568
RWT,2022-10-28,7.230000019073486
RWT,2022-10-31,7.130000114440918
RWT,2022-11-01,7.130000114440918
RWT,2022-11-02,6.840000152587891
RWT,2022-11-03,6.630000114440918
RWT,2022-11-04,6.940000057220459
RWT,2022-11-07,6.980000019073486
RWT,2022-11-08,7.0
RWT,2022-11-09,6.960000038146973
RWT,2022-11-10,7.489999771118164
RWT,2022-11-11,7.610000133514404
RWT,2022-11-14,7.639999866485596
RWT,2022-11-15,7.710000038146973
RWT,2022-11-16,7.53000020980835
RWT,2022-11-17,7.360000133514404
RWT,2022-11-18,7.489999771118164
RWT,2022-11-21,7.5
RWT,2022-11-22,7.579999923706055
RWT,2022-11-23,7.650000095367432
RWT,2022-11-25,7.690000057220459
RWT,2022-11-28,7.590000152587891
RWT,2022-11-29,7.610000133514404
RWT,2022-11-30,7.900000095367432
RWT,2022-12-01,7.900000095367432
RWT,2022-12-02,7.880000114440918
RWT,2022-12-05,7.659999847412109
RWT,2022-12-06,7.5
RWT,2022-12-07,7.599999904632568
RWT,2022-12-08,7.690000057220459
RWT,2022-12-09,7.699999809265137
RWT,2022-12-12,7.5
RWT,2022-12-13,7.5
RWT,2022-12-14,7.329999923706055
RWT,2022-12-15,7.440000057220459
RWT,2022-12-16,7.150000095367432
RWT,2022-12-19,6.900000095367432
RWT,2022-12-20,6.840000152587891
RWT,2022-12-21,7.010000228881836
RWT,2022-12-22,6.980000019073486
RWT,2022-12-23,6.949999809265137
RWT,2022-12-27,6.980000019073486
RWT,2022-12-28,6.75
RWT,2022-12-29,6.880000114440918
RWT,2022-12-30,6.760000228881836
RWT,2023-01-03,6.989999771118164
RWT,2023-01-04,7.21999979019165
RWT,2023-01-05,7.130000114440918
RWT,2023-01-06,7.150000095367432
RWT,2023-01-09,7.159999847412109
RWT,2023-01-10,7.21999979019165
RWT,2023-01-11,7.46999979019165
RWT,2023-01-12,7.539999961853027
RWT,2023-01-13,7.610000133514404
RWT,2023-01-17,7.630000114440918
RWT,2023-01-18,7.699999809265137
RWT,2023-01-19,7.679999828338623
RWT,2023-01-20,7.769999980926514
RWT,2023-01-23,7.860000133514404
RWT,2023-01-24,7.840000152587891
RWT,2023-01-25,7.809999942779541
RWT,2023-01-26,7.940000057220459
RWT,2023-01-27,8.100000381469727
RWT,2023-01-30,8.029999732971191
RWT,2023-01-31,8.359999656677246
RWT,2023-02-01,8.5600004196167
RWT,2023-02-02,8.699999809265137
RWT,2023-02-03,8.600000381469727
RWT,2023-02-06,8.3100004196167
RWT,2023-02-07,8.369999885559082
RWT,2023-02-08,8.300000190734863
RWT,2023-02-09,7.920000076293945
RWT,2023-02-10,7.880000114440918
RWT,2023-02-13,8.069999694824219
RWT,2023-02-14,7.96999979019165
RWT,2023-02-15,8.069999694824219
RWT,2023-02-16,8.010000228881836
RWT,2023-02-17,7.96999979019165
RWT,2023-02-21,7.71999979019165
RWT,2023-02-22,7.71999979019165
RWT,2023-02-23,7.760000228881836
RWT,2023-02-24,7.619999885559082
RWT,2023-02-27,7.570000171661377
RWT,2023-02-28,7.610000133514404
RWT,2023-03-01,7.510000228881836
RWT,2023-03-02,7.539999961853027
RWT,2023-03-03,7.659999847412109
RWT,2023-03-06,7.659999847412109
RWT,2023-03-07,7.570000171661377
RWT,2023-03-08,7.539999961853027
RWT,2023-03-09,7.260000228881836
RWT,2023-03-10,6.889999866485596
RWT,2023-03-13,6.809999942779541
RWT,2023-03-14,6.980000019073486
RWT,2023-03-15,6.989999771118164
RWT,2023-03-16,7.03000020980835
RWT,2023-03-17,6.739999771118164
RWT,2023-03-20,6.739999771118164
RWT,2023-03-21,6.75
RWT,2023-03-22,6.510000228881836
RWT,2023-03-23,6.099999904632568
RWT,2023-03-24,6.409999847412109
RWT,2023-03-27,6.510000228881836
RWT,2023-03-28,6.510000228881836
RWT,2023-03-29,6.559999942779541
RWT,2023-03-30,6.53000020980835
RWT,2023-03-31,6.739999771118164
RWT,2023-04-03,6.699999809265137
RWT,2023-04-04,6.659999847412109
RWT,2023-04-05,6.659999847412109
RWT,2023-04-06,6.659999847412109
RWT,2023-04-10,6.599999904632568
RWT,2023-04-11,6.599999904632568
RWT,2023-04-12,6.610000133514404
RWT,2023-04-13,6.670000076293945
RWT,2023-04-14,6.590000152587891
RWT,2023-04-17,6.760000228881836
RWT,2023-04-18,6.699999809265137
RWT,2023-04-19,6.820000171661377
RWT,2023-04-20,6.789999961853027
RWT,2023-04-21,6.78000020980835
RWT,2023-04-24,6.699999809265137
RWT,2023-04-25,6.510000228881836
RWT,2023-04-26,6.389999866485596
RWT,2023-04-27,6.619999885559082
RWT,2023-04-28,6.28000020980835
RWT,2023-05-01,6.019999980926514
RWT,2023-05-02,5.769999980926514
RWT,2023-05-03,5.699999809265137
RWT,2023-05-04,5.550000190734863
RWT,2023-05-05,5.679999828338623
RWT,2023-05-08,5.800000190734863
RWT,2023-05-09,5.75
RWT,2023-05-10,5.760000228881836
RWT,2023-05-11,5.710000038146973
RWT,2023-05-12,5.650000095367432
RWT,2023-05-15,5.699999809265137
RWT,2023-05-16,5.590000152587891
RWT,2023-05-17,5.730000019073486
RWT,2023-05-18,5.809999942779541
RWT,2023-05-19,5.820000171661377
RWT,2023-05-22,5.940000057220459
RWT,2023-05-23,6.03000020980835
RWT,2023-05-24,5.889999866485596
RWT,2023-05-25,5.699999809265137
RWT,2023-05-26,5.889999866485596
RWT,2023-05-30,5.989999771118164
RWT,2023-05-31,5.920000076293945
RWT,2023-06-01,6.099999904632568
RWT,2023-06-02,6.309999942779541
RWT,2023-06-05,6.230000019073486
RWT,2023-06-06,6.380000114440918
RWT,2023-06-07,6.429999828338623
RWT,2023-06-08,6.400000095367432
RWT,2023-06-09,6.369999885559082
RWT,2023-06-12,6.510000228881836
RWT,2023-06-13,6.539999961853027
RWT,2023-06-14,6.489999771118164
RWT,2023-06-15,6.559999942779541
RWT,2023-06-16,6.46999979019165
RWT,2023-06-20,6.420000076293945
RWT,2023-06-21,6.480000019073486
RWT,2023-06-22,6.21999979019165
RWT,2023-06-23,6.110000133514404
RWT,2023-06-26,6.210000038146973
RWT,2023-06-27,6.329999923706055
RWT,2023-06-28,6.400000095367432
RWT,2023-06-29,6.389999866485596
RWT,2023-06-30,6.369999885559082
RWT,2023-07-03,6.380000114440918
RWT,2023-07-05,6.309999942779541
RWT,2023-07-06,6.199999809265137
RWT,2023-07-07,6.28000020980835
RWT,2023-07-10,6.340000152587891
RWT,2023-07-11,6.389999866485596
RWT,2023-07-12,6.400000095367432
RWT,2023-07-13,6.519999980926514
RWT,2023-07-14,6.610000133514404
RWT,2023-07-17,6.610000133514404
RWT,2023-07-18,6.789999961853027
RWT,2023-07-19,6.909999847412109
RWT,2023-07-20,6.869999885559082
RWT,2023-07-21,6.809999942779541
RWT,2023-07-24,6.860000133514404
RWT,2023-07-25,6.840000152587891
RWT,2023-07-26,6.949999809265137
RWT,2023-07-27,6.880000114440918
RWT,2023-07-28,7.440000057220459
RWT,2023-07-31,7.53000020980835
RWT,2023-08-01,7.53000020980835
RWT,2023-08-02,7.480000019073486
RWT,2023-08-03,7.349999904632568
RWT,2023-08-04,7.760000228881836
RWT,2023-08-07,7.78000020980835
RWT,2023-08-08,7.78000020980835
RWT,2023-08-09,7.800000190734863
RWT,2023-08-10,7.860000133514404
RWT,2023-08-11,7.860000133514404
RWT,2023-08-14,7.71999979019165
RWT,2023-08-15,7.78000020980835
RWT,2023-08-16,7.809999942779541
RWT,2023-08-17,7.639999866485596
RWT,2023-08-18,7.710000038146973
RWT,2023-08-21,7.699999809265137
RWT,2023-08-22,7.679999828338623
RWT,2023-08-23,7.880000114440918
RWT,2023-08-24,7.760000228881836
RWT,2023-08-25,7.769999980926514
RWT,2023-08-28,7.989999771118164
RWT,2023-08-29,8.010000228881836
RWT,2023-08-30,7.940000057220459
RWT,2023-08-31,8.010000228881836
RWT,2023-09-01,8.220000267028809
RWT,2023-09-05,7.880000114440918
RWT,2023-09-06,7.789999961853027
RWT,2023-09-07,7.71999979019165
RWT,2023-09-08,7.639999866485596
RWT,2023-09-11,7.75
RWT,2023-09-12,7.789999961853027
RWT,2023-09-13,7.760000228881836
RWT,2023-09-14,7.840000152587891
RWT,2023-09-15,7.849999904632568
RWT,2023-09-18,7.769999980926514
RWT,2023-09-19,7.699999809265137
RWT,2023-09-20,7.539999961853027
RWT,2023-09-21,7.110000133514404
RWT,2023-09-22,7.25
RWT,2023-09-25,7.199999809265137
RWT,2023-09-26,7.21999979019165
RWT,2023-09-27,7.090000152587891
RWT,2023-09-28,7.070000171661377
RWT,2023-09-29,7.130000114440918
RWT,2023-10-02,6.96999979019165
RWT,2023-10-03,6.800000190734863
RWT,2023-10-04,6.800000190734863
RWT,2023-10-05,6.949999809265137
RWT,2023-10-06,6.960000038146973
RWT,2023-10-09,7.130000114440918
RWT,2023-10-10,7.150000095367432
RWT,2023-10-11,7.340000152587891
RWT,2023-10-12,7.28000020980835
RWT,2023-10-13,7.039999961853027
RWT,2023-10-16,7.099999904632568
RWT,2023-10-17,7.050000190734863
RWT,2023-10-18,6.889999866485596
RWT,2023-10-19,6.760000228881836
RWT,2023-10-20,6.710000038146973
RWT,2023-10-23,6.710000038146973
RWT,2023-10-24,6.730000019073486
RWT,2023-10-25,6.590000152587891
RWT,2023-10-26,6.679999828338623
RWT,2023-10-27,6.75
RWT,2023-10-30,6.869999885559082
RWT,2023-10-31,6.28000020980835
RWT,2023-11-01,6.380000114440918
RWT,2023-11-02,6.699999809265137
RWT,2023-11-03,6.929999828338623
RWT,2023-11-06,6.800000190734863
RWT,2023-11-07,6.670000076293945
RWT,2023-11-08,6.710000038146973
RWT,2023-11-09,6.510000228881836
RWT,2023-11-10,6.579999923706055
RWT,2023-11-13,6.570000171661377
RWT,2023-11-14,6.889999866485596
RWT,2023-11-15,6.909999847412109
RWT,2023-11-16,6.75
RWT,2023-11-17,6.789999961853027
RWT,2023-11-20,6.820000171661377
RWT,2023-11-21,6.78000020980835
RWT,2023-11-22,6.849999904632568
RWT,2023-11-24,6.849999904632568
RWT,2023-11-27,6.849999904632568
RWT,2023-11-28,6.940000057220459
RWT,2023-11-29,7.119999885559082
RWT,2023-11-30,7.110000133514404
RWT,2023-12-01,7.260000228881836
RWT,2023-12-04,7.21999979019165
RWT,2023-12-05,7.139999866485596
RWT,2023-12-06,7.130000114440918
RWT,2023-12-07,7.190000057220459
RWT,2023-12-08,7.210000038146973
RWT,2023-12-11,7.03000020980835
RWT,2023-12-12,7.159999847412109
RWT,2023-12-13,7.349999904632568
RWT,2023-12-14,7.789999961853027
RWT,2023-12-15,7.619999885559082
RWT,2023-12-18,7.539999961853027
RWT,2023-12-19,7.46999979019165
RWT,2023-12-20,7.340000152587891
RWT,2023-12-21,7.460000038146973
RWT,2023-12-22,7.440000057220459
RWT,2023-12-26,7.53000020980835
RWT,2023-12-27,7.559999942779541
RWT,2023-12-28,7.590000152587891
RWT,2023-12-29,7.409999847412109
RWT,2024-01-02,7.25
RWT,2024-01-03,7.050000190734863
RWT,2024-01-04,7.010000228881836
RWT,2024-01-05,6.949999809265137
RWT,2024-01-08,7.079999923706055
RWT,2024-01-09,7.059999942779541
RWT,2024-01-10,7.139999866485596
RWT,2024-01-11,7.050000190734863
RWT,2024-01-12,7.070000171661377
RWT,2024-01-16,7.019999980926514
RWT,2024-01-17,6.800000190734863
RWT,2024-01-18,6.840000152587891
RWT,2024-01-19,6.940000057220459
RWT,2024-01-22,7.019999980926514
RWT,2024-01-23,7.03000020980835
RWT,2024-01-24,6.920000076293945
RWT,2024-01-25,6.940000057220459
RWT,2024-01-26,6.960000038146973
RWT,2024-01-29,7.03000020980835
RWT,2024-01-30,6.849999904632568
RWT,2024-01-31,6.710000038146973
RWT,2024-02-01,6.869999885559082
RWT,2024-02-02,6.690000057220459
RWT,2024-02-05,6.559999942779541
RWT,2024-02-06,6.570000171661377
RWT,2024-02-07,6.420000076293945
RWT,2024-02-08,6.489999771118164
RWT,2024-02-09,6.599999904632568
RWT,2024-02-12,6.710000038146973
RWT,2024-02-13,6.449999809265137
RWT,2024-02-14,6.519999980926514
RWT,2024-02-15,6.75
RWT,2024-02-16,6.690000057220459
RWT,2024-02-20,6.510000228881836
RWT,2024-02-21,6.139999866485596
RWT,2024-02-22,6.139999866485596
RWT,2024-02-23,6.159999847412109
RWT,2024-02-26,6.039999961853027
RWT,2024-02-27,6.090000152587891
RWT,2024-02-28,6.050000190734863
RWT,2024-02-29,6.130000114440918
RWT,2024-03-01,6.139999866485596
RWT,2024-03-04,6.03000020980835
RWT,2024-03-05,6.0
RWT,2024-03-06,6.0
RWT,2024-03-07,6.03000020980835
RWT,2024-03-08,6.190000057220459
RWT,2024-03-11,6.170000076293945
RWT,2024-03-12,6.150000095367432
RWT,2024-03-13,6.190000057220459
RWT,2024-03-14,6.050000190734863
RWT,2024-03-15,6.03000020980835
RWT,2024-03-18,5.929999828338623
RWT,2024-03-19,6.119999885559082
RWT,2024-03-20,6.309999942779541
RWT,2024-03-21,6.360000133514404
RWT,2024-03-22,6.329999923706055
RWT,2024-03-25,6.329999923706055
RWT,2024-03-26,6.130000114440918
RWT,2024-03-27,6.269999980926514
RWT,2024-03-28,6.369999885559082
RWT,2024-04-01,6.289999961853027
RWT,2024-04-02,6.150000095367432
RWT,2024-04-03,6.139999866485596
RWT,2024-04-04,6.119999885559082
RWT,2024-04-05,6.190000057220459
RWT,2024-04-08,6.230000019073486
RWT,2024-04-09,6.360000133514404
RWT,2024-04-10,5.949999809265137
RWT,2024-04-11,5.829999923706055
RWT,2024-04-12,5.730000019073486
RWT,2024-04-15,5.590000152587891
RWT,2024-04-16,5.489999771118164
RWT,2024-04-17,5.510000228881836
RWT,2024-04-18,5.630000114440918
RWT,2024-04-19,5.679999828338623
RWT,2024-04-22,5.710000038146973
RWT,2024-04-23,5.860000133514404
RWT,2024-04-24,5.760000228881836
RWT,2024-04-25,5.670000076293945
RWT,2024-04-26,5.71999979019165
RWT,2024-04-29,5.690000057220459
RWT,2024-04-30,5.53000020980835
RWT,2024-05-01,6.179999828338623
RWT,2024-05-02,6.360000133514404
RWT,2024-05-03,6.340000152587891
RWT,2024-05-06,6.369999885559082
RWT,2024-05-07,6.329999923706055
RWT,2024-05-08,6.269999980926514
RWT,2024-05-09,6.460000038146973
RWT,2024-05-10,6.449999809265137
RWT,2024-05-13,6.409999847412109
RWT,2024-05-14,6.460000038146973
RWT,2024-05-15,6.619999885559082
RWT,2024-05-16,6.630000114440918
RWT,2024-05-17,6.679999828338623
RWT,2024-05-20,6.53000020980835
RWT,2024-05-21,6.510000228881836
RWT,2024-05-22,6.389999866485596
RWT,2024-05-23,6.199999809265137
RWT,2024-05-24,6.28000020980835
RWT,2024-05-28,6.289999961853027
RWT,2024-05-29,6.190000057220459
RWT,2024-05-30,6.239999771118164
RWT,2024-05-31,6.340000152587891
RWT,2024-06-03,6.389999866485596
RWT,2024-06-04,6.429999828338623
RWT,2024-06-05,6.489999771118164
RWT,2024-06-06,6.409999847412109
RWT,2024-06-07,6.329999923706055
RWT,2024-06-10,6.28000020980835
RWT,2024-06-11,6.269999980926514
RWT,2024-06-12,6.480000019073486
RWT,2024-06-13,6.519999980926514
RWT,2024-06-14,6.5
RWT,2024-06-17,6.670000076293945
RWT,2024-06-18,6.550000190734863
RWT,2024-06-20,6.489999771118164
RWT,2024-06-21,6.329999923706055
RWT,2024-06-24,6.389999866485596
RWT,2024-06-25,6.409999847412109
RWT,2024-06-26,6.360000133514404
RWT,2024-06-27,6.400000095367432
RWT,2024-06-28,6.489999771118164
RWT,2024-07-01,6.369999885559082
RWT,2024-07-02,6.440000057220459
RWT,2024-07-03,6.449999809265137
RWT,2024-07-05,6.449999809265137
RWT,2024-07-08,6.489999771118164
RWT,2024-07-09,6.53000020980835
RWT,2024-07-10,6.639999866485596
RWT,2024-07-11,6.940000057220459
RWT,2024-07-12,7.079999923706055
RWT,2024-07-15,7.139999866485596
RWT,2024-07-16,7.5
RWT,2024-07-17,7.489999771118164
RWT,2024-07-18,7.449999809265137
RWT,2024-07-19,7.409999847412109
RWT,2024-07-22,7.420000076293945
RWT,2024-07-23,7.5
RWT,2024-07-24,7.25
RWT,2024-07-25,7.300000190734863
RWT,2024-07-26,7.400000095367432
RWT,2024-07-29,7.289999961853027
RWT,2024-07-30,7.349999904632568
RWT,2024-07-31,7.269999980926514
RWT,2024-08-01,7.070000171661377
RWT,2024-08-02,7.050000190734863
RWT,2024-08-05,6.829999923706055
RWT,2024-08-06,6.96999979019165
RWT,2024-08-07,6.96999979019165
RWT,2024-08-08,6.960000038146973
RWT,2024-08-09,7.059999942779541
RWT,2024-08-12,6.889999866485596
RWT,2024-08-13,7.0
RWT,2024-08-14,7.070000171661377
RWT,2024-08-15,7.139999866485596
RWT,2024-08-16,7.159999847412109
RWT,2024-08-19,7.210000038146973
RWT,2024-08-20,7.150000095367432
RWT,2024-08-21,7.210000038146973
RWT,2024-08-22,7.190000057220459
RWT,2024-08-23,7.349999904632568
RWT,2024-08-26,7.409999847412109
RWT,2024-08-27,7.380000114440918
RWT,2024-08-28,7.440000057220459
RWT,2024-08-29,7.510000228881836
RWT,2024-08-30,7.570000171661377
RWT,2024-09-03,7.409999847412109
RWT,2024-09-04,7.380000114440918
RWT,2024-09-05,7.409999847412109
RWT,2024-09-06,7.389999866485596
RWT,2024-09-09,7.369999885559082
RWT,2024-09-10,7.460000038146973
RWT,2024-09-11,7.400000095367432
RWT,2024-09-12,7.840000152587891
RWT,2024-09-13,8.050000190734863
RWT,2024-09-16,8.079999923706055
RWT,2024-09-17,7.949999809265137
RWT,2024-09-18,7.989999771118164
RWT,2024-09-19,8.0600004196167
RWT,2024-09-20,7.929999828338623
RWT,2024-09-23,7.71999979019165
RWT,2024-09-24,7.840000152587891
RWT,2024-09-25,7.730000019073486
RWT,2024-09-26,7.659999847412109
RWT,2024-09-27,7.75
RWT,2024-09-30,7.730000019073486
RWT,2024-10-01,7.610000133514404
RWT,2024-10-02,7.550000190734863
RWT,2024-10-03,7.480000019073486
RWT,2024-10-04,7.559999942779541
RWT,2024-10-07,7.409999847412109
RWT,2024-10-08,7.550000190734863
RWT,2024-10-09,7.550000190734863
RWT,2024-10-10,7.400000095367432
RWT,2024-10-11,7.449999809265137
RWT,2024-10-14,7.559999942779541
RWT,2024-10-15,7.519999980926514
RWT,2024-10-16,7.699999809265137
RWT,2024-10-17,7.659999847412109
RWT,2024-10-18,7.679999828338623
RWT,2024-10-21,7.489999771118164
RWT,2024-10-22,7.440000057220459
RWT,2024-10-23,7.46999979019165
RWT,2024-10-24,7.599999904632568
RWT,2024-10-25,7.519999980926514
RWT,2024-10-28,7.539999961853027
RWT,2024-10-29,7.610000133514404
RWT,2024-10-30,7.639999866485596
RWT,2024-10-31,7.320000171661377
RWT,2024-11-01,7.269999980926514
RWT,2024-11-04,7.230000019073486
RWT,2024-11-05,7.21999979019165
RWT,2024-11-06,7.119999885559082
RWT,2024-11-07,7.179999828338623
RWT,2024-11-08,7.349999904632568
RWT,2024-11-11,7.25
RWT,2024-11-12,7.070000171661377
RWT,2024-11-13,7.050000190734863
RWT,2024-11-14,7.039999961853027
RWT,2024-11-15,7.059999942779541
RWT,2024-11-18,7.059999942779541
RWT,2024-11-19,7.119999885559082
RWT,2024-11-20,7.019999980926514
RWT,2024-11-21,7.110000133514404
RWT,2024-11-22,7.170000076293945
RWT,2024-11-25,7.199999809265137
RWT,2024-11-26,7.119999885559082
RWT,2024-11-27,7.190000057220459
RWT,2024-11-29,7.159999847412109
RWT,2024-12-02,7.190000057220459
RWT,2024-12-03,7.110000133514404
RWT,2024-12-04,7.139999866485596
RWT,2024-12-05,7.090000152587891
RWT,2024-12-06,7.199999809265137
RWT,2024-12-09,6.989999771118164
RWT,2024-12-10,6.96999979019165
RWT,2024-12-11,6.960000038146973
RWT,2024-12-12,6.840000152587891
RWT,2024-12-13,7.130000114440918
RWT,2024-12-16,7.099999904632568
RWT,2024-12-17,6.96999979019165
RWT,2024-12-18,6.699999809265137
RWT,2024-12-19,6.639999866485596
RWT,2024-12-20,6.769999980926514
RWT,2024-12-23,6.489999771118164
RWT,2024-12-24,6.619999885559082
RWT,2024-12-26,6.619999885559082
RWT,2024-12-27,6.570000171661377
RWT,2024-12-30,6.440000057220459
RWT,2024-12-31,6.53000020980835
RWT,2025-01-02,6.489999771118164
RWT,2025-01-03,6.639999866485596
RWT,2025-01-06,6.539999961853027
RWT,2025-01-07,6.460000038146973
RWT,2025-01-08,6.380000114440918
RWT,2025-01-10,6.150000095367432
RWT,2025-01-13,6.139999866485596
RWT,2025-01-14,6.28000020980835
RWT,2025-01-15,6.400000095367432
RWT,2025-01-16,6.429999828338623
RWT,2025-01-17,6.5
RWT,2025-01-21,6.420000076293945
RWT,2025-01-22,6.340000152587891
RWT,2025-01-23,6.320000171661377
RWT,2025-01-24,6.329999923706055
RWT,2025-01-27,6.550000190734863
RWT,2025-01-28,6.510000228881836
RWT,2025-01-29,6.400000095367432
RWT,2025-01-30,6.480000019073486
RWT,2025-01-31,6.550000190734863
RWT,2025-02-03,6.480000019073486
RWT,2025-02-04,6.510000228881836
RWT,2025-02-05,6.559999942779541
RWT,2025-02-06,6.71999979019165
RWT,2025-02-07,6.610000133514404
RWT,2025-02-10,6.639999866485596
RWT,2025-02-11,6.610000133514404
RWT,2025-02-12,6.440000057220459
RWT,2025-02-13,6.460000038146973
RWT,2025-02-14,6.380000114440918
RWT,2025-02-18,6.340000152587891
RWT,2025-02-19,6.389999866485596
RWT,2025-02-20,6.429999828338623
RWT,2025-02-21,6.440000057220459
RWT,2025-02-24,6.389999866485596
RWT,2025-02-25,6.610000133514404
RWT,2025-02-26,6.639999866485596
RWT,2025-02-27,6.570000171661377
RWT,2025-02-28,6.679999828338623
RWT,2025-03-03,6.519999980926514
RWT,2025-03-04,6.429999828338623
RWT,2025-03-05,6.460000038146973
RWT,2025-03-06,6.480000019073486
RWT,2025-03-07,6.539999961853027
RWT,2025-03-10,6.409999847412109
RWT,2025-03-11,6.28000020980835
RWT,2025-03-12,6.150000095367432
RWT,2025-03-13,6.170000076293945
RWT,2025-03-14,6.389999866485596
RWT,2025-03-17,6.380000114440918
RWT,2025-03-18,6.389999866485596
RWT,2025-03-19,6.400000095367432
RWT,2025-03-20,6.409999847412109
RWT,2025-03-21,6.300000190734863
RWT,2025-03-24,6.179999828338623
RWT,2025-03-25,6.159999847412109
RWT,2025-03-26,6.130000114440918
RWT,2025-03-27,6.119999885559082
RWT,2025-03-28,6.010000228881836
RWT,2025-03-31,6.070000171661377
RWT,2025-04-01,6.050000190734863
RWT,2025-04-02,6.010000228881836
RWT,2025-04-03,5.880000114440918
RWT,2025-04-04,5.349999904632568
RWT,2025-04-07,5.039999961853027
RWT,2025-04-08,4.949999809265137
RWT,2025-04-09,5.420000076293945
RWT,2025-04-10,5.099999904632568
RWT,2025-04-11,5.099999904632568
RWT,2025-04-14,5.230000019073486
RWT,2025-04-15,5.340000152587891
RWT,2025-04-16,5.309999942779541
RWT,2025-04-17,5.539999961853027
RWT,2025-04-21,5.46999979019165
RWT,2025-04-22,5.840000152587891
RWT,2025-04-23,5.849999904632568
RWT,2025-04-24,5.920000076293945
RWT,2025-04-25,6.010000228881836
RWT,2025-04-28,6.099999904632568
RWT,2025-04-29,6.21999979019165
RWT,2025-04-30,6.210000038146973
RWT,2025-05-01,5.829999923706055
RWT,2025-05-02,5.889999866485596
RWT,2025-05-05,5.960000038146973
RWT,2025-05-06,5.889999866485596
RWT,2025-05-07,5.840000152587891
RWT,2025-05-08,5.809999942779541
RWT,2025-05-09,5.829999923706055
RWT,2025-05-12,5.920000076293945
RWT,2025-05-13,5.940000057220459
RWT,2025-05-14,5.880000114440918
RWT,2025-05-15,6.039999961853027
RWT,2025-05-16,6.010000228881836
RWT,2025-05-19,5.880000114440918
RWT,2025-05-20,5.809999942779541
RWT,2025-05-21,5.519999980926514
RWT,2025-05-22,5.5
RWT,2025-05-23,5.440000057220459
RWT,2025-05-27,5.480000019073486
RWT,2025-05-28,5.449999809265137
RWT,2025-05-29,5.539999961853027
RWT,2025-05-30,5.449999809265137
RWT,2025-06-02,5.400000095367432
RWT,2025-06-03,5.539999961853027
RWT,2025-06-04,5.559999942779541
RWT,2025-06-05,5.579999923706055
RWT,2025-06-06,5.650000095367432
RWT,2025-06-09,5.679999828338623
RWT,2025-06-10,5.829999923706055
RWT,2025-06-11,5.769999980926514
RWT,2025-06-12,5.820000171661377
RWT,2025-06-13,5.690000057220459
RWT,2025-06-16,5.639999866485596
RWT,2025-06-17,5.539999961853027
RWT,2025-06-18,5.610000133514404
RWT,2025-06-20,5.619999885559082
RWT,2025-06-23,5.550000190734863
RWT,2025-06-24,5.690000057220459
RWT,2025-06-25,5.71999979019165
RWT,2025-06-26,5.820000171661377
RWT,2025-06-27,5.829999923706055
RWT,2025-06-30,5.909999847412109
RWT,2025-07-01,6.039999961853027
RWT,2025-07-02,6.139999866485596
RWT,2025-07-03,6.119999885559082
RWT,2025-07-07,6.0
RWT,2025-07-08,6.010000228881836
RWT,2025-07-09,6.070000171661377
RWT,2025-07-10,6.019999980926514
RWT,2025-07-11,6.010000228881836
RWT,2025-07-14,6.0
RWT,2025-07-15,5.940000057220459
RWT,2025-07-16,6.079999923706055
RWT,2025-07-17,6.079999923706055
RWT,2025-07-18,6.03000020980835
RWT,2025-07-21,6.03000020980835
RWT,2025-07-22,6.139999866485596
RWT,2025-07-23,6.150000095367432
RWT,2025-07-24,6.050000190734863
RWT,2025-07-25,6.039999961853027
RWT,2025-07-28,6.010000228881836
RWT,2025-07-29,6.070000171661377
RWT,2025-07-30,5.590000152587891
RWT,2025-07-31,5.460000038146973
RWT,2025-08-01,5.460000038146973
RWT,2025-08-04,5.730000019073486
RWT,2025-08-05,5.679999828338623
RWT,2025-08-06,5.650000095367432
RWT,2025-08-07,5.71999979019165
RWT,2025-08-08,5.739999771118164
RWT,2025-08-11,5.760000228881836
RWT,2025-08-12,5.869999885559082
RWT,2025-08-13,6.050000190734863
RWT,2025-08-14,6.050000190734863
RWT,2025-08-15,5.929999828338623
RWT,2025-08-18,5.880000114440918
RWT,2025-08-19,5.980000019073486
RWT,2025-08-20,6.050000190734863
RWT,2025-08-21,5.869999885559082
RWT,2025-08-22,6.110000133514404
RWT,2025-08-25,5.989999771118164
RWT,2025-08-26,6.03000020980835
RWT,2025-08-27,6.0
RWT,2025-08-28,6.019999980926514
RWT,2025-08-29,6.119999885559082
RWT,2025-09-02,5.980000019073486
RWT,2025-09-03,6.139999866485596
RWT,2025-09-04,6.269999980926514
RWT,2025-09-05,6.369999885559082
RWT,2025-09-08,6.300000190734863
RWT,2025-09-09,6.199999809265137
RWT,2025-09-10,6.199999809265137
RWT,2025-09-11,6.210000038146973
RWT,2025-09-12,6.21999979019165
RWT,2025-09-15,6.139999866485596
RWT,2025-09-16,6.039999961853027
RWT,2025-09-17,6.03000020980835
RWT,2025-09-18,6.070000171661377
RWT,2025-09-19,6.019999980926514
RWT,2025-09-22,5.880000114440918
RWT,2025-09-23,5.800000190734863
RWT,2025-09-24,5.860000133514404
RWT,2025-09-25,5.800000190734863
RWT,2025-09-26,5.75
RWT,2025-09-29,5.760000228881836
RWT,2025-09-30,5.789999961853027
RWT,2025-10-01,5.889999866485596
RWT,2025-10-02,5.840000152587891
RWT,2025-10-03,5.909999847412109
RWT,2025-10-06,5.789999961853027
RWT,2025-10-07,5.75
RWT,2025-10-08,5.800000190734863
RWT,2025-10-09,5.590000152587891
RWT,2025-10-10,5.550000190734863
RWT,2025-10-13,5.630000114440918
RWT,2025-10-14,5.710000038146973
RWT,2025-10-15,5.679999828338623
RWT,2025-10-16,5.489999771118164
RWT,2025-10-17,5.489999771118164
RWT,2025-10-20,5.610000133514404
RWT,2025-10-21,5.579999923706055
RWT,2025-10-22,5.690000057220459
RWT,2025-10-23,5.650000095367432
RWT,2025-10-24,5.639999866485596
RWT,2025-10-27,5.619999885559082
RWT,2025-10-28,5.599999904632568
RWT,2025-10-29,5.489999771118164
RWT,2025-10-30,5.340000152587891
RWT,2025-10-31,5.309999942779541
RWT,2025-11-03,5.130000114440918
RWT,2025-11-04,5.25
RWT,2025-11-05,5.25
RWT,2025-11-06,5.119999885559082
RWT,2025-11-07,5.179999828338623
RWT,2025-11-10,5.239999771118164
RWT,2025-11-11,5.340000152587891
RWT,2025-11-12,5.239999771118164
RWT,2025-11-13,5.199999809265137
RWT,2025-11-14,5.150000095367432
RWT,2025-11-17,5.03000020980835
RWT,2025-11-18,5.070000171661377
RWT,2025-11-19,5.079999923706055
RWT,2025-11-20,5.010000228881836
RWT,2025-11-21,5.110000133514404
RWT,2025-11-24,5.130000114440918
RWT,2025-11-25,5.389999866485596
RWT,2025-11-26,5.46999979019165
RWT,2025-11-28,5.510000228881836
RWT,2025-12-01,5.579999923706055
RWT,2025-12-02,5.539999961853027
RWT,2025-12-03,5.659999847412109
RWT,2025-12-04,5.610000133514404
RWT,2025-12-05,5.650000095367432
RWT,2025-12-08,5.510000228881836
RWT,2025-12-09,5.5
RWT,2025-12-10,5.590000152587891
RWT,2025-12-11,5.630000114440918
RWT,2025-12-12,5.599999904632568
RWT,2025-12-15,5.619999885559082
RWT,2025-12-16,5.630000114440918
RWT,2025-12-17,5.630000114440918
RWT,2025-12-18,5.809999942779541
RWT,2025-12-19,5.789999961853027
RWT,2025-12-22,5.730000019073486
RWT,2025-12-23,5.489999771118164
RWT,2025-12-24,5.550000190734863
RWT,2025-12-26,5.53000020980835
RWT,2025-12-29,5.5
RWT,2025-12-30,5.53000020980835
RWT,2025-12-31,5.53000020980835
RWT,2026-01-02,5.650000095367432
RWT,2026-01-05,5.590000152587891
RWT,2026-01-06,5.510000228881836
RWT,2026-01-07,5.360000133514404
RWT,2026-01-08,5.519999980926514
RWT,2026-01-09,5.699999809265137
RWT,2026-01-12,5.650000095367432
RWT,2026-01-13,5.679999828338623
RWT,2026-01-14,5.650000095367432
RWT,2026-01-15,5.800000190734863
RWT,2026-01-16,5.960000038146973
RWT,2026-01-20,5.739999771118164
RWT,2026-01-21,5.699999809265137
RWT,2026-01-22,5.630000114440918
RWT,2026-01-23,5.820000171661377
RWT,2026-01-26,5.78000020980835
RWT,2026-01-27,5.920000076293945
RWT,2026-01-28,5.860000133514404
RWT,2026-01-29,5.869999885559082
RWT,2026-01-30,5.480000019073486
RWT,2026-02-02,5.440000057220459
RWT,2026-02-03,5.46999979019165
RWT,2026-02-04,5.630000114440918
RWT,2026-02-05,5.559999942779541
RWT,2026-02-06,5.659999847412109
RWT,2026-02-09,5.480000019073486
RWT,2026-02-10,5.619999885559082
RWT,2026-02-11,5.539999961853027
RWT,2026-02-12,6.679999828338623
RWT,2026-02-13,6.590000152587891
RWT,2026-02-17,6.489999771118164
RWT,2026-02-18,6.440000057220459
RWT,2026-02-19,6.260000228881836
RWT,2026-02-20,6.159999847412109
RWT,2026-02-23,5.989999771118164
RWT,2026-02-24,5.980000019073486
RWT,2026-02-25,5.929999828338623
RWT,2026-02-26,6.019999980926514
RWT,2026-02-27,6.050000190734863
RWT,2026-03-02,6.090000152587891
RWT,2026-03-03,6.0
RWT,2026-03-04,6.119999885559082
RWT,2026-03-05,6.059999942779541
RWT,2026-03-06,6.010000228881836
RWT,2026-03-09,5.989999771118164
RWT,2026-03-10,6.099999904632568
RWT,2026-03-11,6.039999961853027
RWT,2026-03-12,5.909999847412109
RWT,2026-03-13,5.829999923706055
RWT,2026-03-16,5.820000171661377
RWT,2026-03-17,5.880000114440918
RWT,2026-03-18,5.849999904632568
RWT,2026-03-19,5.869999885559082
RWT,2026-03-20,5.349999904632568
RWT,2026-03-23,5.489999771118164
RWT,2026-03-24,5.289999961853027
RWT,2026-03-25,5.460000038146973
RWT,2026-03-26,5.360000133514404
RWT,2026-03-27,5.289999961853027
RWT,2026-03-30,5.380000114440918
RWT,2026-03-31,5.610000133514404
RWT,2026-04-01,5.639999866485596
RWT,2026-04-02,5.659999847412109
RWT,2026-04-06,5.71999979019165
RWT,2026-04-07,5.690000057220459
RWT,2026-04-08,5.860000133514404
RWT,2026-04-09,5.909999847412109
RWT,2026-04-10,5.929999828338623
RWT,2026-04-13,5.96999979019165
RWT,2026-04-14,6.050000190734863
RWT,2026-04-15,6.059999942779541
RWT,2026-04-16,5.920000076293945
RWT,2026-04-17,6.0
RWT,2026-04-20,5.960000038146973
RWT,2026-04-21,5.78000020980835
RWT,2026-04-22,5.840000152587891
RWT,2026-04-23,5.699999809265137
RWT,2026-04-24,5.710000038146973
RWT,2026-04-27,5.75
RWT,2026-04-28,5.75
RWT,2026-04-29,5.610000133514404
RWT,2026-04-30,5.559999942779541
RWT,2026-05-01,5.730000019073486
RWT,2026-05-04,5.599999904632568
RWT,2026-05-05,5.570000171661377
RWT,2026-05-06,5.570000171661377
RWT,2026-05-07,5.579999923706055
RWT,2026-05-08,5.570000171661377
RWT,2026-05-11,5.329999923706055
RWT,2026-05-12,5.309999942779541
RWT,2026-05-13,5.239999771118164
RWT,2026-05-14,5.260000228881836
RWT,2026-05-15,5.179999828338623
RWT,2026-05-18,5.25
RWT,2026-05-19,5.239999771118164
RWT,2026-05-20,5.289999961853027
RWT,2026-05-21,5.289999961853027
RWT,2026-05-22,5.28000020980835
RWT,2026-05-26,5.309999942779541
RWT,2026-05-27,5.340000152587891
RWT,2026-05-28,5.360000133514404
RWT,2026-05-29,5.420000076293945
RWT,2026-06-01,5.320000171661377
RWT,2026-06-02,5.369999885559082
RWT,2026-06-03,5.21999979019165
RWT,2026-06-04,5.329999923706055
RWT,2026-06-05,5.329999923706055
RWT,2026-06-08,5.090000152587891
RWT,2026-06-09,5.190000057220459
RWT,2026-06-10,5.110000133514404
RWT,2026-06-11,5.179999828338623
RWT,2026-06-12,5.25
RWT,2026-06-15,5.230000019073486
RWT,2026-06-16,5.269999980926514
RWT,2026-06-17,5.130000114440918
RWT,2026-06-18,5.159999847412109
RWT,2026-06-22,4.980000019073486
RWT,2026-06-23,4.809999942779541
RWT,2026-06-24,4.809999942779541
RWT,2026-06-25,4.730000019073486
RWT,2026-06-26,4.809999942779541
RWT,2026-06-29,4.869999885559082
RWT,2026-06-30,4.739999771118164
RWT,2026-07-01,4.670000076293945
RWT,2026-07-02,4.480000019073486
RWT,2026-07-06,4.550000190734863
RWT,2026-07-07,4.71999979019165
RWT,2026-07-08,4.75
RWT,2026-07-09,5.079999923706055
RWT,2026-07-10,5.099999904632568
RWT,2026-07-13,5.070000171661377
RWT,2026-07-14,5.090000152587891
RWT,2026-07-15,5.059999942779541
RWT,2026-07-16,5.210000038146973
RWT,2026-07-17,5.119999885559082
RWT,2026-07-20,5.0
RWT,2026-07-21,5.03000020980835
RWT,2026-07-23,4.900000095367432
RWT,2026-07-24,4.920000076293945
RWT,2026-07-27,4.940000057220459
RWT,2026-07-28,4.670000076293945
RWT,2026-07-29,4.679999828338623
RWT,2026-07-30,4.659999847412109
RWT,2026-08-03,4.619999885559082
RWT,2026-08-04,4.690000057220459
RWT,2026-08-05,4.570000171661377
RWT,2026-08-06,4.559999942779541
RWT,2026-08-07,4.730000019073486
RWT,2026-08-10,4.570000171661377
RWT,2026-08-11,4.679999828338623
RWT,2026-08-12,4.710000038146973
RWT,2026-08-13,4.769999980926514
RWT,2026-08-14,4.809999942779541
RWT,2026-08-17,4.800000190734863
RWT,2026-08-18,4.730000019073486
RWT,2026-08-19,4.829999923706055
